case_id,recording_id,input_edf_path,input_sampling_rate_hz,output_sampling_rate_hz,input_n_times,output_n_times,input_duration_seconds,output_duration_seconds,input_channel_count,output_channel_count,output_channel_order,filter_applied,l_freq_hz,h_freq_hz,notch_applied,resampling_applied,rereferencing_applied,normalization_applied,before_expected_ictal_annotation_count,before_observed_ictal_annotation_count,before_ictal_annotation_count_match,before_all_ictal_annotations_inside_raw,after_expected_ictal_annotation_count,after_observed_ictal_annotation_count,after_ictal_annotation_count_match,after_all_ictal_annotations_inside_raw,output_fif_path,output_file_size_bytes,output_sha256,preprocessing_version,harmonization_policy_version,channel_set_name,mne_version,git_commit,run_timestamp_utc,processing_status
chb01,chb01_01,E:/My_Github/epilepsy-eeg-hybrid-ai/data/raw/chbmit/chb01/chb01_01.edf,256.0,256.0,921600,921600,3600.0,3600.0,23,17,FP1-F7|F7-T7|T7-P7|P7-O1|FP1-F3|F3-C3|C3-P3|P3-O1|FZ-CZ|CZ-PZ|FP2-F4|F4-C4|C4-P4|P4-O2|FP2-F8|F8-T8|P8-O2,True,0.5,45.0,False,False,False,False,0,0,True,True,0,0,True,True,data\interim\chbmit\preprocessing_v1\chb01\chb01_01_preproc-v1_raw.fif,62728717,dc682569cdf405272205f67b9cb4e8ef8930751ee96cb7d3bf8087de59c2f678,preprocessing_v1,harmonization_v1,primary_17,1.12.1,3e33b1dcc42f16cd9604ba3aedc514ffa9e8bb93,2026-07-31T13:41:19.402535+00:00,success
chb01,chb01_02,E:/My_Github/epilepsy-eeg-hybrid-ai/data/raw/chbmit/chb01/chb01_02.edf,256.0,256.0,921600,921600,3600.0,3600.0,23,17,FP1-F7|F7-T7|T7-P7|P7-O1|FP1-F3|F3-C3|C3-P3|P3-O1|FZ-CZ|CZ-PZ|FP2-F4|F4-C4|C4-P4|P4-O2|FP2-F8|F8-T8|P8-O2,True,0.5,45.0,False,False,False,False,0,0,True,True,0,0,True,True,data\interim\chbmit\preprocessing_v1\chb01\chb01_02_preproc-v1_raw.fif,62728717,bb42678543e5e405e0a6caaa918ffc5dfad50332049c4372f75f4485bfaa23d1,preprocessing_v1,harmonization_v1,primary_17,1.12.1,3e33b1dcc42f16cd9604ba3aedc514ffa9e8bb93,2026-07-31T13:41:19.402535+00:00,success
chb01,chb01_03,E:/My_Github/epilepsy-eeg-hybrid-ai/data/raw/chbmit/chb01/chb01_03.edf,256.0,256.0,921600,921600,3600.0,3600.0,23,17,FP1-F7|F7-T7|T7-P7|P7-O1|FP1-F3|F3-C3|C3-P3|P3-O1|FZ-CZ|CZ-PZ|FP2-F4|F4-C4|C4-P4|P4-O2|FP2-F8|F8-T8|P8-O2,True,0.5,45.0,False,False,False,False,1,1,True,True,1,1,True,True,data\interim\chbmit\preprocessing_v1\chb01\chb01_03_preproc-v1_raw.fif,62728838,b9fa732c0f58521c4f1ecdfefd43fa316cc722251c045844f946b4b5557fc126,preprocessing_v1,harmonization_v1,primary_17,1.12.1,3e33b1dcc42f16cd9604ba3aedc514ffa9e8bb93,2026-07-31T13:41:19.402535+00:00,success
chb01,chb01_04,E:/My_Github/epilepsy-eeg-hybrid-ai/data/raw/chbmit/chb01/chb01_04.edf,256.0,256.0,921600,921600,3600.0,3600.0,23,17,FP1-F7|F7-T7|T7-P7|P7-O1|FP1-F3|F3-C3|C3-P3|P3-O1|FZ-CZ|CZ-PZ|FP2-F4|F4-C4|C4-P4|P4-O2|FP2-F8|F8-T8|P8-O2,True,0.5,45.0,False,False,False,False,1,1,True,True,1,1,True,True,data\interim\chbmit\preprocessing_v1\chb01\chb01_04_preproc-v1_raw.fif,62728838,deb1b9545103563e1e94e1227d8edd0b302b44edb746c0849cd73b966b637e67,preprocessing_v1,harmonization_v1,primary_17,1.12.1,3e33b1dcc42f16cd9604ba3aedc514ffa9e8bb93,2026-07-31T13:41:19.402535+00:00,success
chb01,chb01_05,E:/My_Github/epilepsy-eeg-hybrid-ai/data/raw/chbmit/chb01/chb01_05.edf,256.0,256.0,921600,921600,3600.0,3600.0,23,17,FP1-F7|F7-T7|T7-P7|P7-O1|FP1-F3|F3-C3|C3-P3|P3-O1|FZ-CZ|CZ-PZ|FP2-F4|F4-C4|C4-P4|P4-O2|FP2-F8|F8-T8|P8-O2,True,0.5,45.0,False,False,False,False,0,0,True,True,0,0,True,True,data\interim\chbmit\preprocessing_v1\chb01\chb01_05_preproc-v1_raw.fif,62728717,597e0a23c7e9f54f31dfeb61f333b6bc449b731cf52c213cdf23277f83c022d2,preprocessing_v1,harmonization_v1,primary_17,1.12.1,3e33b1dcc42f16cd9604ba3aedc514ffa9e8bb93,2026-07-31T13:41:19.402535+00:00,success
chb01,chb01_06,E:/My_Github/epilepsy-eeg-hybrid-ai/data/raw/chbmit/chb01/chb01_06.edf,256.0,256.0,921600,921600,3600.0,3600.0,23,17,FP1-F7|F7-T7|T7-P7|P7-O1|FP1-F3|F3-C3|C3-P3|P3-O1|FZ-CZ|CZ-PZ|FP2-F4|F4-C4|C4-P4|P4-O2|FP2-F8|F8-T8|P8-O2,True,0.5,45.0,False,False,False,False,0,0,True,True,0,0,True,True,data\interim\chbmit\preprocessing_v1\chb01\chb01_06_preproc-v1_raw.fif,62728717,fcad2fe9173865a010cc13e0a15126db6025d105882deb5848320c5edeb55e41,preprocessing_v1,harmonization_v1,primary_17,1.12.1,3e33b1dcc42f16cd9604ba3aedc514ffa9e8bb93,2026-07-31T13:41:19.402535+00:00,success
chb01,chb01_07,E:/My_Github/epilepsy-eeg-hybrid-ai/data/raw/chbmit/chb01/chb01_07.edf,256.0,256.0,921600,921600,3600.0,3600.0,23,17,FP1-F7|F7-T7|T7-P7|P7-O1|FP1-F3|F3-C3|C3-P3|P3-O1|FZ-CZ|CZ-PZ|FP2-F4|F4-C4|C4-P4|P4-O2|FP2-F8|F8-T8|P8-O2,True,0.5,45.0,False,False,False,False,0,0,True,True,0,0,True,True,data\interim\chbmit\preprocessing_v1\chb01\chb01_07_preproc-v1_raw.fif,62728717,4a47cc6baa76e2f8485f003f8f130796907619035959e19098b7d2af0c22609f,preprocessing_v1,harmonization_v1,primary_17,1.12.1,3e33b1dcc42f16cd9604ba3aedc514ffa9e8bb93,2026-07-31T13:41:19.402535+00:00,success
chb01,chb01_08,E:/My_Github/epilepsy-eeg-hybrid-ai/data/raw/chbmit/chb01/chb01_08.edf,256.0,256.0,921600,921600,3600.0,3600.0,23,17,FP1-F7|F7-T7|T7-P7|P7-O1|FP1-F3|F3-C3|C3-P3|P3-O1|FZ-CZ|CZ-PZ|FP2-F4|F4-C4|C4-P4|P4-O2|FP2-F8|F8-T8|P8-O2,True,0.5,45.0,False,False,False,False,0,0,True,True,0,0,True,True,data\interim\chbmit\preprocessing_v1\chb01\chb01_08_preproc-v1_raw.fif,62728717,d926616dcd228a5adc3b6a68a9b10315394e1687b126971f3729f187cffba5c6,preprocessing_v1,harmonization_v1,primary_17,1.12.1,3e33b1dcc42f16cd9604ba3aedc514ffa9e8bb93,2026-07-31T13:41:19.402535+00:00,success
chb01,chb01_09,E:/My_Github/epilepsy-eeg-hybrid-ai/data/raw/chbmit/chb01/chb01_09.edf,256.0,256.0,921600,921600,3600.0,3600.0,23,17,FP1-F7|F7-T7|T7-P7|P7-O1|FP1-F3|F3-C3|C3-P3|P3-O1|FZ-CZ|CZ-PZ|FP2-F4|F4-C4|C4-P4|P4-O2|FP2-F8|F8-T8|P8-O2,True,0.5,45.0,False,False,False,False,0,0,True,True,0,0,True,True,data\interim\chbmit\preprocessing_v1\chb01\chb01_09_preproc-v1_raw.fif,62728717,94d21dfcb4950d163d90a8cd25dd379871166be41108e10dc53615462076e9e4,preprocessing_v1,harmonization_v1,primary_17,1.12.1,3e33b1dcc42f16cd9604ba3aedc514ffa9e8bb93,2026-07-31T13:41:19.402535+00:00,success
chb01,chb01_10,E:/My_Github/epilepsy-eeg-hybrid-ai/data/raw/chbmit/chb01/chb01_10.edf,256.0,256.0,921600,921600,3600.0,3600.0,23,17,FP1-F7|F7-T7|T7-P7|P7-O1|FP1-F3|F3-C3|C3-P3|P3-O1|FZ-CZ|CZ-PZ|FP2-F4|F4-C4|C4-P4|P4-O2|FP2-F8|F8-T8|P8-O2,True,0.5,45.0,False,False,False,False,0,0,True,True,0,0,True,True,data\interim\chbmit\preprocessing_v1\chb01\chb01_10_preproc-v1_raw.fif,62728717,b5e8d5c49b020f71f5ec3f9df6d2a82bf4a846c3b91589ebcb6483fec6575b57,preprocessing_v1,harmonization_v1,primary_17,1.12.1,3e33b1dcc42f16cd9604ba3aedc514ffa9e8bb93,2026-07-31T13:41:19.402535+00:00,success
chb01,chb01_11,E:/My_Github/epilepsy-eeg-hybrid-ai/data/raw/chbmit/chb01/chb01_11.edf,256.0,256.0,921600,921600,3600.0,3600.0,23,17,FP1-F7|F7-T7|T7-P7|P7-O1|FP1-F3|F3-C3|C3-P3|P3-O1|FZ-CZ|CZ-PZ|FP2-F4|F4-C4|C4-P4|P4-O2|FP2-F8|F8-T8|P8-O2,True,0.5,45.0,False,False,False,False,0,0,True,True,0,0,True,True,data\interim\chbmit\preprocessing_v1\chb01\chb01_11_preproc-v1_raw.fif,62728717,8d38085c57c757f09aff21bd4097ad6970213d13d81a50da706dffc344ffd185,preprocessing_v1,harmonization_v1,primary_17,1.12.1,3e33b1dcc42f16cd9604ba3aedc514ffa9e8bb93,2026-07-31T13:41:19.402535+00:00,success
chb01,chb01_12,E:/My_Github/epilepsy-eeg-hybrid-ai/data/raw/chbmit/chb01/chb01_12.edf,256.0,256.0,921600,921600,3600.0,3600.0,23,17,FP1-F7|F7-T7|T7-P7|P7-O1|FP1-F3|F3-C3|C3-P3|P3-O1|FZ-CZ|CZ-PZ|FP2-F4|F4-C4|C4-P4|P4-O2|FP2-F8|F8-T8|P8-O2,True,0.5,45.0,False,False,False,False,0,0,True,True,0,0,True,True,data\interim\chbmit\preprocessing_v1\chb01\chb01_12_preproc-v1_raw.fif,62728717,843eab196550b414322c7e6910e030f18a470b40414ee93d06a5c1832365368e,preprocessing_v1,harmonization_v1,primary_17,1.12.1,3e33b1dcc42f16cd9604ba3aedc514ffa9e8bb93,2026-07-31T13:41:19.402535+00:00,success
chb01,chb01_13,E:/My_Github/epilepsy-eeg-hybrid-ai/data/raw/chbmit/chb01/chb01_13.edf,256.0,256.0,921600,921600,3600.0,3600.0,23,17,FP1-F7|F7-T7|T7-P7|P7-O1|FP1-F3|F3-C3|C3-P3|P3-O1|FZ-CZ|CZ-PZ|FP2-F4|F4-C4|C4-P4|P4-O2|FP2-F8|F8-T8|P8-O2,True,0.5,45.0,False,False,False,False,0,0,True,True,0,0,True,True,data\interim\chbmit\preprocessing_v1\chb01\chb01_13_preproc-v1_raw.fif,62728717,4d5d73f9660620cf05b5203141a59aeba1336e8a81b54da97d00c7e455c26cd9,preprocessing_v1,harmonization_v1,primary_17,1.12.1,3e33b1dcc42f16cd9604ba3aedc514ffa9e8bb93,2026-07-31T13:41:19.402535+00:00,success
chb01,chb01_14,E:/My_Github/epilepsy-eeg-hybrid-ai/data/raw/chbmit/chb01/chb01_14.edf,256.0,256.0,921600,921600,3600.0,3600.0,23,17,FP1-F7|F7-T7|T7-P7|P7-O1|FP1-F3|F3-C3|C3-P3|P3-O1|FZ-CZ|CZ-PZ|FP2-F4|F4-C4|C4-P4|P4-O2|FP2-F8|F8-T8|P8-O2,True,0.5,45.0,False,False,False,False,0,0,True,True,0,0,True,True,data\interim\chbmit\preprocessing_v1\chb01\chb01_14_preproc-v1_raw.fif,62728717,dc28df258da853d19588304debd8313210d7f6fec9cfbefa85273a134c92e29c,preprocessing_v1,harmonization_v1,primary_17,1.12.1,3e33b1dcc42f16cd9604ba3aedc514ffa9e8bb93,2026-07-31T13:41:19.402535+00:00,success
chb01,chb01_15,E:/My_Github/epilepsy-eeg-hybrid-ai/data/raw/chbmit/chb01/chb01_15.edf,256.0,256.0,921600,921600,3600.0,3600.0,23,17,FP1-F7|F7-T7|T7-P7|P7-O1|FP1-F3|F3-C3|C3-P3|P3-O1|FZ-CZ|CZ-PZ|FP2-F4|F4-C4|C4-P4|P4-O2|FP2-F8|F8-T8|P8-O2,True,0.5,45.0,False,False,False,False,1,1,True,True,1,1,True,True,data\interim\chbmit\preprocessing_v1\chb01\chb01_15_preproc-v1_raw.fif,62728838,f328970384252feb22fb21bfc117ee309865ccf702586e241e20d362605edabf,preprocessing_v1,harmonization_v1,primary_17,1.12.1,3e33b1dcc42f16cd9604ba3aedc514ffa9e8bb93,2026-07-31T13:41:19.402535+00:00,success
chb01,chb01_16,E:/My_Github/epilepsy-eeg-hybrid-ai/data/raw/chbmit/chb01/chb01_16.edf,256.0,256.0,921600,921600,3600.0,3600.0,23,17,FP1-F7|F7-T7|T7-P7|P7-O1|FP1-F3|F3-C3|C3-P3|P3-O1|FZ-CZ|CZ-PZ|FP2-F4|F4-C4|C4-P4|P4-O2|FP2-F8|F8-T8|P8-O2,True,0.5,45.0,False,False,False,False,1,1,True,True,1,1,True,True,data\interim\chbmit\preprocessing_v1\chb01\chb01_16_preproc-v1_raw.fif,62728838,6c8f0f37b3538ec952fc01e99611c5ada41517820e6265e88863f39406d3df99,preprocessing_v1,harmonization_v1,primary_17,1.12.1,3e33b1dcc42f16cd9604ba3aedc514ffa9e8bb93,2026-07-31T13:41:19.402535+00:00,success
chb01,chb01_17,E:/My_Github/epilepsy-eeg-hybrid-ai/data/raw/chbmit/chb01/chb01_17.edf,256.0,256.0,921600,921600,3600.0,3600.0,23,17,FP1-F7|F7-T7|T7-P7|P7-O1|FP1-F3|F3-C3|C3-P3|P3-O1|FZ-CZ|CZ-PZ|FP2-F4|F4-C4|C4-P4|P4-O2|FP2-F8|F8-T8|P8-O2,True,0.5,45.0,False,False,False,False,0,0,True,True,0,0,True,True,data\interim\chbmit\preprocessing_v1\chb01\chb01_17_preproc-v1_raw.fif,62728717,a745d42903cb3a9c4630755d4d4b4920074eb7cbe63fd32a9ae6e2a652a38ead,preprocessing_v1,harmonization_v1,primary_17,1.12.1,3e33b1dcc42f16cd9604ba3aedc514ffa9e8bb93,2026-07-31T13:41:19.402535+00:00,success
chb01,chb01_18,E:/My_Github/epilepsy-eeg-hybrid-ai/data/raw/chbmit/chb01/chb01_18.edf,256.0,256.0,921600,921600,3600.0,3600.0,23,17,FP1-F7|F7-T7|T7-P7|P7-O1|FP1-F3|F3-C3|C3-P3|P3-O1|FZ-CZ|CZ-PZ|FP2-F4|F4-C4|C4-P4|P4-O2|FP2-F8|F8-T8|P8-O2,True,0.5,45.0,False,False,False,False,1,1,True,True,1,1,True,True,data\interim\chbmit\preprocessing_v1\chb01\chb01_18_preproc-v1_raw.fif,62728838,68a5c1c07a5156e16470a40ac68f130e562498fb6386f32380bdbfc162f696fa,preprocessing_v1,harmonization_v1,primary_17,1.12.1,3e33b1dcc42f16cd9604ba3aedc514ffa9e8bb93,2026-07-31T13:41:19.402535+00:00,success
chb01,chb01_19,E:/My_Github/epilepsy-eeg-hybrid-ai/data/raw/chbmit/chb01/chb01_19.edf,256.0,256.0,921600,921600,3600.0,3600.0,23,17,FP1-F7|F7-T7|T7-P7|P7-O1|FP1-F3|F3-C3|C3-P3|P3-O1|FZ-CZ|CZ-PZ|FP2-F4|F4-C4|C4-P4|P4-O2|FP2-F8|F8-T8|P8-O2,True,0.5,45.0,False,False,False,False,0,0,True,True,0,0,True,True,data\interim\chbmit\preprocessing_v1\chb01\chb01_19_preproc-v1_raw.fif,62728717,1982b9ecaf621cb05a96e929c9315da190a01dd2690e2982f69d6d42ae5eab63,preprocessing_v1,harmonization_v1,primary_17,1.12.1,3e33b1dcc42f16cd9604ba3aedc514ffa9e8bb93,2026-07-31T13:41:19.402535+00:00,success
chb01,chb01_20,E:/My_Github/epilepsy-eeg-hybrid-ai/data/raw/chbmit/chb01/chb01_20.edf,256.0,256.0,681728,681728,2663.0,2663.0,23,17,FP1-F7|F7-T7|T7-P7|P7-O1|FP1-F3|F3-C3|C3-P3|P3-O1|FZ-CZ|CZ-PZ|FP2-F4|F4-C4|C4-P4|P4-O2|FP2-F8|F8-T8|P8-O2,True,0.5,45.0,False,False,False,False,0,0,True,True,0,0,True,True,data\interim\chbmit\preprocessing_v1\chb01\chb01_20_preproc-v1_raw.fif,46402429,b1b0b0fecaf6487e1a5d4731a14b07cd6927ab29feddac4f8f90cdd851ac0aab,preprocessing_v1,harmonization_v1,primary_17,1.12.1,3e33b1dcc42f16cd9604ba3aedc514ffa9e8bb93,2026-07-31T13:41:19.402535+00:00,success
chb01,chb01_21,E:/My_Github/epilepsy-eeg-hybrid-ai/data/raw/chbmit/chb01/chb01_21.edf,256.0,256.0,921600,921600,3600.0,3600.0,23,17,FP1-F7|F7-T7|T7-P7|P7-O1|FP1-F3|F3-C3|C3-P3|P3-O1|FZ-CZ|CZ-PZ|FP2-F4|F4-C4|C4-P4|P4-O2|FP2-F8|F8-T8|P8-O2,True,0.5,45.0,False,False,False,False,1,1,True,True,1,1,True,True,data\interim\chbmit\preprocessing_v1\chb01\chb01_21_preproc-v1_raw.fif,62728838,35b23909b03b59f2048d82c4e2fa4fef0e68cf8784f28d3f6bd9576999b8a76e,preprocessing_v1,harmonization_v1,primary_17,1.12.1,3e33b1dcc42f16cd9604ba3aedc514ffa9e8bb93,2026-07-31T13:41:19.402535+00:00,success
chb01,chb01_22,E:/My_Github/epilepsy-eeg-hybrid-ai/data/raw/chbmit/chb01/chb01_22.edf,256.0,256.0,921600,921600,3600.0,3600.0,23,17,FP1-F7|F7-T7|T7-P7|P7-O1|FP1-F3|F3-C3|C3-P3|P3-O1|FZ-CZ|CZ-PZ|FP2-F4|F4-C4|C4-P4|P4-O2|FP2-F8|F8-T8|P8-O2,True,0.5,45.0,False,False,False,False,0,0,True,True,0,0,True,True,data\interim\chbmit\preprocessing_v1\chb01\chb01_22_preproc-v1_raw.fif,62728717,bbadb869e62658ffd349d368306681c29ff6846c42ad82145a21e4b055a2395e,preprocessing_v1,harmonization_v1,primary_17,1.12.1,3e33b1dcc42f16cd9604ba3aedc514ffa9e8bb93,2026-07-31T13:41:19.402535+00:00,success
chb01,chb01_23,E:/My_Github/epilepsy-eeg-hybrid-ai/data/raw/chbmit/chb01/chb01_23.edf,256.0,256.0,921600,921600,3600.0,3600.0,23,17,FP1-F7|F7-T7|T7-P7|P7-O1|FP1-F3|F3-C3|C3-P3|P3-O1|FZ-CZ|CZ-PZ|FP2-F4|F4-C4|C4-P4|P4-O2|FP2-F8|F8-T8|P8-O2,True,0.5,45.0,False,False,False,False,0,0,True,True,0,0,True,True,data\interim\chbmit\preprocessing_v1\chb01\chb01_23_preproc-v1_raw.fif,62728717,f8cd22fcd6c3f8f17c0931b03ad732017cae9a5cade8b78f37c6435acec38f06,preprocessing_v1,harmonization_v1,primary_17,1.12.1,3e33b1dcc42f16cd9604ba3aedc514ffa9e8bb93,2026-07-31T13:41:19.402535+00:00,success
chb01,chb01_24,E:/My_Github/epilepsy-eeg-hybrid-ai/data/raw/chbmit/chb01/chb01_24.edf,256.0,256.0,921600,921600,3600.0,3600.0,23,17,FP1-F7|F7-T7|T7-P7|P7-O1|FP1-F3|F3-C3|C3-P3|P3-O1|FZ-CZ|CZ-PZ|FP2-F4|F4-C4|C4-P4|P4-O2|FP2-F8|F8-T8|P8-O2,True,0.5,45.0,False,False,False,False,0,0,True,True,0,0,True,True,data\interim\chbmit\preprocessing_v1\chb01\chb01_24_preproc-v1_raw.fif,62728717,3293482942a11070540a055a76db4be78ca125f998d846f97cf6e1f731a804de,preprocessing_v1,harmonization_v1,primary_17,1.12.1,3e33b1dcc42f16cd9604ba3aedc514ffa9e8bb93,2026-07-31T13:41:19.402535+00:00,success
chb01,chb01_25,E:/My_Github/epilepsy-eeg-hybrid-ai/data/raw/chbmit/chb01/chb01_25.edf,256.0,256.0,921600,921600,3600.0,3600.0,23,17,FP1-F7|F7-T7|T7-P7|P7-O1|FP1-F3|F3-C3|C3-P3|P3-O1|FZ-CZ|CZ-PZ|FP2-F4|F4-C4|C4-P4|P4-O2|FP2-F8|F8-T8|P8-O2,True,0.5,45.0,False,False,False,False,0,0,True,True,0,0,True,True,data\interim\chbmit\preprocessing_v1\chb01\chb01_25_preproc-v1_raw.fif,62728717,36ee00cea99ae33447f7a7663f908d9edf3988ab7ba7e100df637b58b8edbc19,preprocessing_v1,harmonization_v1,primary_17,1.12.1,3e33b1dcc42f16cd9604ba3aedc514ffa9e8bb93,2026-07-31T13:41:19.402535+00:00,success
chb01,chb01_26,E:/My_Github/epilepsy-eeg-hybrid-ai/data/raw/chbmit/chb01/chb01_26.edf,256.0,256.0,595200,595200,2325.0,2325.0,23,17,FP1-F7|F7-T7|T7-P7|P7-O1|FP1-F3|F3-C3|C3-P3|P3-O1|FZ-CZ|CZ-PZ|FP2-F4|F4-C4|C4-P4|P4-O2|FP2-F8|F8-T8|P8-O2,True,0.5,45.0,False,False,False,False,1,1,True,True,1,1,True,True,data\interim\chbmit\preprocessing_v1\chb01\chb01_26_preproc-v1_raw.fif,40513238,d521af7baaf03569bd0691c5c3d927bbebd2f5cb890ead0f0784c658f9f6d22d,preprocessing_v1,harmonization_v1,primary_17,1.12.1,3e33b1dcc42f16cd9604ba3aedc514ffa9e8bb93,2026-07-31T13:41:19.402535+00:00,success
chb01,chb01_27,E:/My_Github/epilepsy-eeg-hybrid-ai/data/raw/chbmit/chb01/chb01_27.edf,256.0,256.0,153600,153600,600.0,600.0,23,17,FP1-F7|F7-T7|T7-P7|P7-O1|FP1-F3|F3-C3|C3-P3|P3-O1|FZ-CZ|CZ-PZ|FP2-F4|F4-C4|C4-P4|P4-O2|FP2-F8|F8-T8|P8-O2,True,0.5,45.0,False,False,False,False,0,0,True,True,0,0,True,True,data\interim\chbmit\preprocessing_v1\chb01\chb01_27_preproc-v1_raw.fif,10456717,f383202725706012a547b83386c2dd957983373fba850282b34ad1bb58fd38ef,preprocessing_v1,harmonization_v1,primary_17,1.12.1,3e33b1dcc42f16cd9604ba3aedc514ffa9e8bb93,2026-07-31T13:41:19.402535+00:00,success
chb01,chb01_29,E:/My_Github/epilepsy-eeg-hybrid-ai/data/raw/chbmit/chb01/chb01_29.edf,256.0,256.0,921600,921600,3600.0,3600.0,23,17,FP1-F7|F7-T7|T7-P7|P7-O1|FP1-F3|F3-C3|C3-P3|P3-O1|FZ-CZ|CZ-PZ|FP2-F4|F4-C4|C4-P4|P4-O2|FP2-F8|F8-T8|P8-O2,True,0.5,45.0,False,False,False,False,0,0,True,True,0,0,True,True,data\interim\chbmit\preprocessing_v1\chb01\chb01_29_preproc-v1_raw.fif,62728717,4a8bef94047366ccf58a2e9f931b966e4185d590abc0d5bdef4632d503a4009e,preprocessing_v1,harmonization_v1,primary_17,1.12.1,3e33b1dcc42f16cd9604ba3aedc514ffa9e8bb93,2026-07-31T13:41:19.402535+00:00,success
chb01,chb01_30,E:/My_Github/epilepsy-eeg-hybrid-ai/data/raw/chbmit/chb01/chb01_30.edf,256.0,256.0,921600,921600,3600.0,3600.0,23,17,FP1-F7|F7-T7|T7-P7|P7-O1|FP1-F3|F3-C3|C3-P3|P3-O1|FZ-CZ|CZ-PZ|FP2-F4|F4-C4|C4-P4|P4-O2|FP2-F8|F8-T8|P8-O2,True,0.5,45.0,False,False,False,False,0,0,True,True,0,0,True,True,data\interim\chbmit\preprocessing_v1\chb01\chb01_30_preproc-v1_raw.fif,62728717,71375105b57cbf82ad97cfea3109d88c1dcf5078beb1e995b816c877e2f892f6,preprocessing_v1,harmonization_v1,primary_17,1.12.1,3e33b1dcc42f16cd9604ba3aedc514ffa9e8bb93,2026-07-31T13:41:19.402535+00:00,success
chb01,chb01_31,E:/My_Github/epilepsy-eeg-hybrid-ai/data/raw/chbmit/chb01/chb01_31.edf,256.0,256.0,921600,921600,3600.0,3600.0,23,17,FP1-F7|F7-T7|T7-P7|P7-O1|FP1-F3|F3-C3|C3-P3|P3-O1|FZ-CZ|CZ-PZ|FP2-F4|F4-C4|C4-P4|P4-O2|FP2-F8|F8-T8|P8-O2,True,0.5,45.0,False,False,False,False,0,0,True,True,0,0,True,True,data\interim\chbmit\preprocessing_v1\chb01\chb01_31_preproc-v1_raw.fif,62728717,7989dc292921e07d33864461337065a2863db27527f81c2a279b05d88717a9f3,preprocessing_v1,harmonization_v1,primary_17,1.12.1,3e33b1dcc42f16cd9604ba3aedc514ffa9e8bb93,2026-07-31T13:41:19.402535+00:00,success
chb01,chb01_32,E:/My_Github/epilepsy-eeg-hybrid-ai/data/raw/chbmit/chb01/chb01_32.edf,256.0,256.0,921600,921600,3600.0,3600.0,23,17,FP1-F7|F7-T7|T7-P7|P7-O1|FP1-F3|F3-C3|C3-P3|P3-O1|FZ-CZ|CZ-PZ|FP2-F4|F4-C4|C4-P4|P4-O2|FP2-F8|F8-T8|P8-O2,True,0.5,45.0,False,False,False,False,0,0,True,True,0,0,True,True,data\interim\chbmit\preprocessing_v1\chb01\chb01_32_preproc-v1_raw.fif,62728717,3773957fbfd71b2190f8fbfdc845354ca951271e3c67cc1c5d21ed8c89ad390b,preprocessing_v1,harmonization_v1,primary_17,1.12.1,3e33b1dcc42f16cd9604ba3aedc514ffa9e8bb93,2026-07-31T13:41:19.402535+00:00,success
chb01,chb01_33,E:/My_Github/epilepsy-eeg-hybrid-ai/data/raw/chbmit/chb01/chb01_33.edf,256.0,256.0,921600,921600,3600.0,3600.0,23,17,FP1-F7|F7-T7|T7-P7|P7-O1|FP1-F3|F3-C3|C3-P3|P3-O1|FZ-CZ|CZ-PZ|FP2-F4|F4-C4|C4-P4|P4-O2|FP2-F8|F8-T8|P8-O2,True,0.5,45.0,False,False,False,False,0,0,True,True,0,0,True,True,data\interim\chbmit\preprocessing_v1\chb01\chb01_33_preproc-v1_raw.fif,62728717,903cefc5391c7cf7ef77dc3faf664f212807b7cb654338de0e641fc2a3a274a1,preprocessing_v1,harmonization_v1,primary_17,1.12.1,3e33b1dcc42f16cd9604ba3aedc514ffa9e8bb93,2026-07-31T13:41:19.402535+00:00,success
chb01,chb01_34,E:/My_Github/epilepsy-eeg-hybrid-ai/data/raw/chbmit/chb01/chb01_34.edf,256.0,256.0,921600,921600,3600.0,3600.0,23,17,FP1-F7|F7-T7|T7-P7|P7-O1|FP1-F3|F3-C3|C3-P3|P3-O1|FZ-CZ|CZ-PZ|FP2-F4|F4-C4|C4-P4|P4-O2|FP2-F8|F8-T8|P8-O2,True,0.5,45.0,False,False,False,False,0,0,True,True,0,0,True,True,data\interim\chbmit\preprocessing_v1\chb01\chb01_34_preproc-v1_raw.fif,62728717,e08fbf590efff319d67b7377d7e8e8c022193b4bbea3d4322a6d53db533e824e,preprocessing_v1,harmonization_v1,primary_17,1.12.1,3e33b1dcc42f16cd9604ba3aedc514ffa9e8bb93,2026-07-31T13:41:19.402535+00:00,success
chb01,chb01_36,E:/My_Github/epilepsy-eeg-hybrid-ai/data/raw/chbmit/chb01/chb01_36.edf,256.0,256.0,921600,921600,3600.0,3600.0,23,17,FP1-F7|F7-T7|T7-P7|P7-O1|FP1-F3|F3-C3|C3-P3|P3-O1|FZ-CZ|CZ-PZ|FP2-F4|F4-C4|C4-P4|P4-O2|FP2-F8|F8-T8|P8-O2,True,0.5,45.0,False,False,False,False,0,0,True,True,0,0,True,True,data\interim\chbmit\preprocessing_v1\chb01\chb01_36_preproc-v1_raw.fif,62728717,d037689b8330795383f005b272a7c4b2eede01148867cd1874256f3990964387,preprocessing_v1,harmonization_v1,primary_17,1.12.1,3e33b1dcc42f16cd9604ba3aedc514ffa9e8bb93,2026-07-31T13:41:19.402535+00:00,success
chb01,chb01_37,E:/My_Github/epilepsy-eeg-hybrid-ai/data/raw/chbmit/chb01/chb01_37.edf,256.0,256.0,921600,921600,3600.0,3600.0,23,17,FP1-F7|F7-T7|T7-P7|P7-O1|FP1-F3|F3-C3|C3-P3|P3-O1|FZ-CZ|CZ-PZ|FP2-F4|F4-C4|C4-P4|P4-O2|FP2-F8|F8-T8|P8-O2,True,0.5,45.0,False,False,False,False,0,0,True,True,0,0,True,True,data\interim\chbmit\preprocessing_v1\chb01\chb01_37_preproc-v1_raw.fif,62728717,bf96865e26662dae05531da38534d0ab75781303ad29cd0f94e7da15e8663064,preprocessing_v1,harmonization_v1,primary_17,1.12.1,3e33b1dcc42f16cd9604ba3aedc514ffa9e8bb93,2026-07-31T13:41:19.402535+00:00,success
chb01,chb01_38,E:/My_Github/epilepsy-eeg-hybrid-ai/data/raw/chbmit/chb01/chb01_38.edf,256.0,256.0,921600,921600,3600.0,3600.0,23,17,FP1-F7|F7-T7|T7-P7|P7-O1|FP1-F3|F3-C3|C3-P3|P3-O1|FZ-CZ|CZ-PZ|FP2-F4|F4-C4|C4-P4|P4-O2|FP2-F8|F8-T8|P8-O2,True,0.5,45.0,False,False,False,False,0,0,True,True,0,0,True,True,data\interim\chbmit\preprocessing_v1\chb01\chb01_38_preproc-v1_raw.fif,62728717,ae73d87f8b0e66cc43437a51b36dbbf83fd390a45c559f44bc847266f77a1bc3,preprocessing_v1,harmonization_v1,primary_17,1.12.1,3e33b1dcc42f16cd9604ba3aedc514ffa9e8bb93,2026-07-31T13:41:19.402535+00:00,success
chb01,chb01_39,E:/My_Github/epilepsy-eeg-hybrid-ai/data/raw/chbmit/chb01/chb01_39.edf,256.0,256.0,921600,921600,3600.0,3600.0,23,17,FP1-F7|F7-T7|T7-P7|P7-O1|FP1-F3|F3-C3|C3-P3|P3-O1|FZ-CZ|CZ-PZ|FP2-F4|F4-C4|C4-P4|P4-O2|FP2-F8|F8-T8|P8-O2,True,0.5,45.0,False,False,False,False,0,0,True,True,0,0,True,True,data\interim\chbmit\preprocessing_v1\chb01\chb01_39_preproc-v1_raw.fif,62728717,368d75fdcbbb258a6921d6f7dea74761daf5ae359914403aee153764ad7618c0,preprocessing_v1,harmonization_v1,primary_17,1.12.1,3e33b1dcc42f16cd9604ba3aedc514ffa9e8bb93,2026-07-31T13:41:19.402535+00:00,success
chb01,chb01_40,E:/My_Github/epilepsy-eeg-hybrid-ai/data/raw/chbmit/chb01/chb01_40.edf,256.0,256.0,921600,921600,3600.0,3600.0,23,17,FP1-F7|F7-T7|T7-P7|P7-O1|FP1-F3|F3-C3|C3-P3|P3-O1|FZ-CZ|CZ-PZ|FP2-F4|F4-C4|C4-P4|P4-O2|FP2-F8|F8-T8|P8-O2,True,0.5,45.0,False,False,False,False,0,0,True,True,0,0,True,True,data\interim\chbmit\preprocessing_v1\chb01\chb01_40_preproc-v1_raw.fif,62728717,7a3139f0a59744837a047454e8581743773d7880791247ca2f5aafb816419103,preprocessing_v1,harmonization_v1,primary_17,1.12.1,3e33b1dcc42f16cd9604ba3aedc514ffa9e8bb93,2026-07-31T13:41:19.402535+00:00,success
chb01,chb01_41,E:/My_Github/epilepsy-eeg-hybrid-ai/data/raw/chbmit/chb01/chb01_41.edf,256.0,256.0,921600,921600,3600.0,3600.0,23,17,FP1-F7|F7-T7|T7-P7|P7-O1|FP1-F3|F3-C3|C3-P3|P3-O1|FZ-CZ|CZ-PZ|FP2-F4|F4-C4|C4-P4|P4-O2|FP2-F8|F8-T8|P8-O2,True,0.5,45.0,False,False,False,False,0,0,True,True,0,0,True,True,data\interim\chbmit\preprocessing_v1\chb01\chb01_41_preproc-v1_raw.fif,62728717,b6a5ac882a4b9cfaa0d794e4f8a4a1a4ca73ece05fc276ccadc13d832a1c5b86,preprocessing_v1,harmonization_v1,primary_17,1.12.1,3e33b1dcc42f16cd9604ba3aedc514ffa9e8bb93,2026-07-31T13:41:19.402535+00:00,success
chb01,chb01_42,E:/My_Github/epilepsy-eeg-hybrid-ai/data/raw/chbmit/chb01/chb01_42.edf,256.0,256.0,921600,921600,3600.0,3600.0,23,17,FP1-F7|F7-T7|T7-P7|P7-O1|FP1-F3|F3-C3|C3-P3|P3-O1|FZ-CZ|CZ-PZ|FP2-F4|F4-C4|C4-P4|P4-O2|FP2-F8|F8-T8|P8-O2,True,0.5,45.0,False,False,False,False,0,0,True,True,0,0,True,True,data\interim\chbmit\preprocessing_v1\chb01\chb01_42_preproc-v1_raw.fif,62728717,c7031f318e14fb8f9caee05f6bfd9b836b8cdd99d73cf5fc0e313ba5620b1ef7,preprocessing_v1,harmonization_v1,primary_17,1.12.1,3e33b1dcc42f16cd9604ba3aedc514ffa9e8bb93,2026-07-31T13:41:19.402535+00:00,success
chb01,chb01_43,E:/My_Github/epilepsy-eeg-hybrid-ai/data/raw/chbmit/chb01/chb01_43.edf,256.0,256.0,921600,921600,3600.0,3600.0,23,17,FP1-F7|F7-T7|T7-P7|P7-O1|FP1-F3|F3-C3|C3-P3|P3-O1|FZ-CZ|CZ-PZ|FP2-F4|F4-C4|C4-P4|P4-O2|FP2-F8|F8-T8|P8-O2,True,0.5,45.0,False,False,False,False,0,0,True,True,0,0,True,True,data\interim\chbmit\preprocessing_v1\chb01\chb01_43_preproc-v1_raw.fif,62728717,9cfcfca15b94731b7f00ddce100cadcf7603af93160406302de22a7c3c42d847,preprocessing_v1,harmonization_v1,primary_17,1.12.1,3e33b1dcc42f16cd9604ba3aedc514ffa9e8bb93,2026-07-31T13:41:19.402535+00:00,success
chb01,chb01_46,E:/My_Github/epilepsy-eeg-hybrid-ai/data/raw/chbmit/chb01/chb01_46.edf,256.0,256.0,921600,921600,3600.0,3600.0,23,17,FP1-F7|F7-T7|T7-P7|P7-O1|FP1-F3|F3-C3|C3-P3|P3-O1|FZ-CZ|CZ-PZ|FP2-F4|F4-C4|C4-P4|P4-O2|FP2-F8|F8-T8|P8-O2,True,0.5,45.0,False,False,False,False,0,0,True,True,0,0,True,True,data\interim\chbmit\preprocessing_v1\chb01\chb01_46_preproc-v1_raw.fif,62728717,3c608a9249d693b4db9136b9349d47adbc47725917afb8400dbd6e943690d198,preprocessing_v1,harmonization_v1,primary_17,1.12.1,3e33b1dcc42f16cd9604ba3aedc514ffa9e8bb93,2026-07-31T13:41:19.402535+00:00,success
chb02,chb02_01,E:/My_Github/epilepsy-eeg-hybrid-ai/data/raw/chbmit/chb02/chb02_01.edf,256.0,256.0,921600,921600,3600.0,3600.0,23,17,FP1-F7|F7-T7|T7-P7|P7-O1|FP1-F3|F3-C3|C3-P3|P3-O1|FZ-CZ|CZ-PZ|FP2-F4|F4-C4|C4-P4|P4-O2|FP2-F8|F8-T8|P8-O2,True,0.5,45.0,False,False,False,False,0,0,True,True,0,0,True,True,data\interim\chbmit\preprocessing_v1\chb02\chb02_01_preproc-v1_raw.fif,62728717,dd723f02af277c42344912764304ce31b64bb92a204d225b3cebb963b62cc388,preprocessing_v1,harmonization_v1,primary_17,1.12.1,3e33b1dcc42f16cd9604ba3aedc514ffa9e8bb93,2026-07-31T13:41:19.402535+00:00,success
chb02,chb02_02,E:/My_Github/epilepsy-eeg-hybrid-ai/data/raw/chbmit/chb02/chb02_02.edf,256.0,256.0,921600,921600,3600.0,3600.0,23,17,FP1-F7|F7-T7|T7-P7|P7-O1|FP1-F3|F3-C3|C3-P3|P3-O1|FZ-CZ|CZ-PZ|FP2-F4|F4-C4|C4-P4|P4-O2|FP2-F8|F8-T8|P8-O2,True,0.5,45.0,False,False,False,False,0,0,True,True,0,0,True,True,data\interim\chbmit\preprocessing_v1\chb02\chb02_02_preproc-v1_raw.fif,62728717,85024aac72ee89551ec97d1f2c77d8f23ecb26a26561590fe7e9f7d52b0e6b13,preprocessing_v1,harmonization_v1,primary_17,1.12.1,3e33b1dcc42f16cd9604ba3aedc514ffa9e8bb93,2026-07-31T13:41:19.402535+00:00,success
chb02,chb02_03,E:/My_Github/epilepsy-eeg-hybrid-ai/data/raw/chbmit/chb02/chb02_03.edf,256.0,256.0,921600,921600,3600.0,3600.0,23,17,FP1-F7|F7-T7|T7-P7|P7-O1|FP1-F3|F3-C3|C3-P3|P3-O1|FZ-CZ|CZ-PZ|FP2-F4|F4-C4|C4-P4|P4-O2|FP2-F8|F8-T8|P8-O2,True,0.5,45.0,False,False,False,False,0,0,True,True,0,0,True,True,data\interim\chbmit\preprocessing_v1\chb02\chb02_03_preproc-v1_raw.fif,62728717,768c39abf97b29a9ed04aabb0376a36c1ab8ff7bf6541b9059674e6f50ea9edd,preprocessing_v1,harmonization_v1,primary_17,1.12.1,3e33b1dcc42f16cd9604ba3aedc514ffa9e8bb93,2026-07-31T13:41:19.402535+00:00,success
chb02,chb02_04,E:/My_Github/epilepsy-eeg-hybrid-ai/data/raw/chbmit/chb02/chb02_04.edf,256.0,256.0,921600,921600,3600.0,3600.0,23,17,FP1-F7|F7-T7|T7-P7|P7-O1|FP1-F3|F3-C3|C3-P3|P3-O1|FZ-CZ|CZ-PZ|FP2-F4|F4-C4|C4-P4|P4-O2|FP2-F8|F8-T8|P8-O2,True,0.5,45.0,False,False,False,False,0,0,True,True,0,0,True,True,data\interim\chbmit\preprocessing_v1\chb02\chb02_04_preproc-v1_raw.fif,62728717,3dcf2fe981dec3e23ce946ba0f54abac546f8fe4455e640cca9ecddd143125f2,preprocessing_v1,harmonization_v1,primary_17,1.12.1,3e33b1dcc42f16cd9604ba3aedc514ffa9e8bb93,2026-07-31T13:41:19.402535+00:00,success
chb02,chb02_05,E:/My_Github/epilepsy-eeg-hybrid-ai/data/raw/chbmit/chb02/chb02_05.edf,256.0,256.0,921600,921600,3600.0,3600.0,23,17,FP1-F7|F7-T7|T7-P7|P7-O1|FP1-F3|F3-C3|C3-P3|P3-O1|FZ-CZ|CZ-PZ|FP2-F4|F4-C4|C4-P4|P4-O2|FP2-F8|F8-T8|P8-O2,True,0.5,45.0,False,False,False,False,0,0,True,True,0,0,True,True,data\interim\chbmit\preprocessing_v1\chb02\chb02_05_preproc-v1_raw.fif,62728717,9ba899387c8cc500bcc66fcc24c14d29fc8ece722183a84332be083e9bd907c7,preprocessing_v1,harmonization_v1,primary_17,1.12.1,3e33b1dcc42f16cd9604ba3aedc514ffa9e8bb93,2026-07-31T13:41:19.402535+00:00,success
chb02,chb02_06,E:/My_Github/epilepsy-eeg-hybrid-ai/data/raw/chbmit/chb02/chb02_06.edf,256.0,256.0,921600,921600,3600.0,3600.0,23,17,FP1-F7|F7-T7|T7-P7|P7-O1|FP1-F3|F3-C3|C3-P3|P3-O1|FZ-CZ|CZ-PZ|FP2-F4|F4-C4|C4-P4|P4-O2|FP2-F8|F8-T8|P8-O2,True,0.5,45.0,False,False,False,False,0,0,True,True,0,0,True,True,data\interim\chbmit\preprocessing_v1\chb02\chb02_06_preproc-v1_raw.fif,62728717,2be6ba86bdab1bfb196426610a8016146eb17ae503cc3be0056717024d11b317,preprocessing_v1,harmonization_v1,primary_17,1.12.1,3e33b1dcc42f16cd9604ba3aedc514ffa9e8bb93,2026-07-31T13:41:19.402535+00:00,success
chb02,chb02_07,E:/My_Github/epilepsy-eeg-hybrid-ai/data/raw/chbmit/chb02/chb02_07.edf,256.0,256.0,921600,921600,3600.0,3600.0,23,17,FP1-F7|F7-T7|T7-P7|P7-O1|FP1-F3|F3-C3|C3-P3|P3-O1|FZ-CZ|CZ-PZ|FP2-F4|F4-C4|C4-P4|P4-O2|FP2-F8|F8-T8|P8-O2,True,0.5,45.0,False,False,False,False,0,0,True,True,0,0,True,True,data\interim\chbmit\preprocessing_v1\chb02\chb02_07_preproc-v1_raw.fif,62728717,66dda36ec548c89bc8cce7d131c14bb55789204f9522d440f32b39f5b3051274,preprocessing_v1,harmonization_v1,primary_17,1.12.1,3e33b1dcc42f16cd9604ba3aedc514ffa9e8bb93,2026-07-31T13:41:19.402535+00:00,success
chb02,chb02_08,E:/My_Github/epilepsy-eeg-hybrid-ai/data/raw/chbmit/chb02/chb02_08.edf,256.0,256.0,921600,921600,3600.0,3600.0,23,17,FP1-F7|F7-T7|T7-P7|P7-O1|FP1-F3|F3-C3|C3-P3|P3-O1|FZ-CZ|CZ-PZ|FP2-F4|F4-C4|C4-P4|P4-O2|FP2-F8|F8-T8|P8-O2,True,0.5,45.0,False,False,False,False,0,0,True,True,0,0,True,True,data\interim\chbmit\preprocessing_v1\chb02\chb02_08_preproc-v1_raw.fif,62728717,953f2fbc03c7f2dd345611a9329fec38ef98a6910c60f33b1de0cf5c458b7fb9,preprocessing_v1,harmonization_v1,primary_17,1.12.1,3e33b1dcc42f16cd9604ba3aedc514ffa9e8bb93,2026-07-31T13:41:19.402535+00:00,success
chb02,chb02_09,E:/My_Github/epilepsy-eeg-hybrid-ai/data/raw/chbmit/chb02/chb02_09.edf,256.0,256.0,921600,921600,3600.0,3600.0,23,17,FP1-F7|F7-T7|T7-P7|P7-O1|FP1-F3|F3-C3|C3-P3|P3-O1|FZ-CZ|CZ-PZ|FP2-F4|F4-C4|C4-P4|P4-O2|FP2-F8|F8-T8|P8-O2,True,0.5,45.0,False,False,False,False,0,0,True,True,0,0,True,True,data\interim\chbmit\preprocessing_v1\chb02\chb02_09_preproc-v1_raw.fif,62728717,749cadab02f16f60d07e079d4f6a4ced0421d16a0ba08c190ec88b3075d91ded,preprocessing_v1,harmonization_v1,primary_17,1.12.1,3e33b1dcc42f16cd9604ba3aedc514ffa9e8bb93,2026-07-31T13:41:19.402535+00:00,success
chb02,chb02_10,E:/My_Github/epilepsy-eeg-hybrid-ai/data/raw/chbmit/chb02/chb02_10.edf,256.0,256.0,921600,921600,3600.0,3600.0,23,17,FP1-F7|F7-T7|T7-P7|P7-O1|FP1-F3|F3-C3|C3-P3|P3-O1|FZ-CZ|CZ-PZ|FP2-F4|F4-C4|C4-P4|P4-O2|FP2-F8|F8-T8|P8-O2,True,0.5,45.0,False,False,False,False,0,0,True,True,0,0,True,True,data\interim\chbmit\preprocessing_v1\chb02\chb02_10_preproc-v1_raw.fif,62728717,2f2d7c5f275dbbcde7f7ddd804a4273f8f94d0ae483ab236c12384e0d7bc0bda,preprocessing_v1,harmonization_v1,primary_17,1.12.1,3e33b1dcc42f16cd9604ba3aedc514ffa9e8bb93,2026-07-31T13:41:19.402535+00:00,success
chb02,chb02_11,E:/My_Github/epilepsy-eeg-hybrid-ai/data/raw/chbmit/chb02/chb02_11.edf,256.0,256.0,921600,921600,3600.0,3600.0,23,17,FP1-F7|F7-T7|T7-P7|P7-O1|FP1-F3|F3-C3|C3-P3|P3-O1|FZ-CZ|CZ-PZ|FP2-F4|F4-C4|C4-P4|P4-O2|FP2-F8|F8-T8|P8-O2,True,0.5,45.0,False,False,False,False,0,0,True,True,0,0,True,True,data\interim\chbmit\preprocessing_v1\chb02\chb02_11_preproc-v1_raw.fif,62728717,edfdb7c8b0d648618560233780cac05be99afd2182e3ea54e5dda231810dc4ed,preprocessing_v1,harmonization_v1,primary_17,1.12.1,3e33b1dcc42f16cd9604ba3aedc514ffa9e8bb93,2026-07-31T13:41:19.402535+00:00,success
chb02,chb02_12,E:/My_Github/epilepsy-eeg-hybrid-ai/data/raw/chbmit/chb02/chb02_12.edf,256.0,256.0,921600,921600,3600.0,3600.0,23,17,FP1-F7|F7-T7|T7-P7|P7-O1|FP1-F3|F3-C3|C3-P3|P3-O1|FZ-CZ|CZ-PZ|FP2-F4|F4-C4|C4-P4|P4-O2|FP2-F8|F8-T8|P8-O2,True,0.5,45.0,False,False,False,False,0,0,True,True,0,0,True,True,data\interim\chbmit\preprocessing_v1\chb02\chb02_12_preproc-v1_raw.fif,62728717,ebe7fa4efd89bc32dad62aaf18f88ac657bee7912515477ac45a1d6096fa160f,preprocessing_v1,harmonization_v1,primary_17,1.12.1,3e33b1dcc42f16cd9604ba3aedc514ffa9e8bb93,2026-07-31T13:41:19.402535+00:00,success
chb02,chb02_13,E:/My_Github/epilepsy-eeg-hybrid-ai/data/raw/chbmit/chb02/chb02_13.edf,256.0,256.0,921600,921600,3600.0,3600.0,23,17,FP1-F7|F7-T7|T7-P7|P7-O1|FP1-F3|F3-C3|C3-P3|P3-O1|FZ-CZ|CZ-PZ|FP2-F4|F4-C4|C4-P4|P4-O2|FP2-F8|F8-T8|P8-O2,True,0.5,45.0,False,False,False,False,0,0,True,True,0,0,True,True,data\interim\chbmit\preprocessing_v1\chb02\chb02_13_preproc-v1_raw.fif,62728717,0e2bd9270f14f0b186f478e0f7bf445bee832f79cf0b19998c7802c7fb76172d,preprocessing_v1,harmonization_v1,primary_17,1.12.1,3e33b1dcc42f16cd9604ba3aedc514ffa9e8bb93,2026-07-31T13:41:19.402535+00:00,success
chb02,chb02_14,E:/My_Github/epilepsy-eeg-hybrid-ai/data/raw/chbmit/chb02/chb02_14.edf,256.0,256.0,921600,921600,3600.0,3600.0,23,17,FP1-F7|F7-T7|T7-P7|P7-O1|FP1-F3|F3-C3|C3-P3|P3-O1|FZ-CZ|CZ-PZ|FP2-F4|F4-C4|C4-P4|P4-O2|FP2-F8|F8-T8|P8-O2,True,0.5,45.0,False,False,False,False,0,0,True,True,0,0,True,True,data\interim\chbmit\preprocessing_v1\chb02\chb02_14_preproc-v1_raw.fif,62728717,11696911a4766e1c0a49d6f60c32b0200be56e73fc2c85318bd2a3e0c5b6d4c1,preprocessing_v1,harmonization_v1,primary_17,1.12.1,3e33b1dcc42f16cd9604ba3aedc514ffa9e8bb93,2026-07-31T13:41:19.402535+00:00,success
chb02,chb02_15,E:/My_Github/epilepsy-eeg-hybrid-ai/data/raw/chbmit/chb02/chb02_15.edf,256.0,256.0,921600,921600,3600.0,3600.0,23,17,FP1-F7|F7-T7|T7-P7|P7-O1|FP1-F3|F3-C3|C3-P3|P3-O1|FZ-CZ|CZ-PZ|FP2-F4|F4-C4|C4-P4|P4-O2|FP2-F8|F8-T8|P8-O2,True,0.5,45.0,False,False,False,False,0,0,True,True,0,0,True,True,data\interim\chbmit\preprocessing_v1\chb02\chb02_15_preproc-v1_raw.fif,62728717,32a2d6adc2e6d776a753a403b6eb70d2723756905ca6a8eb5bcaf7587f53b3d0,preprocessing_v1,harmonization_v1,primary_17,1.12.1,3e33b1dcc42f16cd9604ba3aedc514ffa9e8bb93,2026-07-31T13:41:19.402535+00:00,success
chb02,chb02_16,E:/My_Github/epilepsy-eeg-hybrid-ai/data/raw/chbmit/chb02/chb02_16.edf,256.0,256.0,245504,245504,959.0,959.0,23,17,FP1-F7|F7-T7|T7-P7|P7-O1|FP1-F3|F3-C3|C3-P3|P3-O1|FZ-CZ|CZ-PZ|FP2-F4|F4-C4|C4-P4|P4-O2|FP2-F8|F8-T8|P8-O2,True,0.5,45.0,False,False,False,False,1,1,True,True,1,1,True,True,data\interim\chbmit\preprocessing_v1\chb02\chb02_16_preproc-v1_raw.fif,16712054,e41ee1e0566e6b31b4763bed5ec0eae73eee4415c59e15c8e6dcb886aa53a261,preprocessing_v1,harmonization_v1,primary_17,1.12.1,3e33b1dcc42f16cd9604ba3aedc514ffa9e8bb93,2026-07-31T13:41:19.402535+00:00,success
chb02,chb02_16+,E:/My_Github/epilepsy-eeg-hybrid-ai/data/raw/chbmit/chb02/chb02_16+.edf,256.0,256.0,921600,921600,3600.0,3600.0,23,17,FP1-F7|F7-T7|T7-P7|P7-O1|FP1-F3|F3-C3|C3-P3|P3-O1|FZ-CZ|CZ-PZ|FP2-F4|F4-C4|C4-P4|P4-O2|FP2-F8|F8-T8|P8-O2,True,0.5,45.0,False,False,False,False,1,1,True,True,1,1,True,True,data\interim\chbmit\preprocessing_v1\chb02\chb02_16+_preproc-v1_raw.fif,62728838,e861286fec8cb1e597391a7205f7ed6853f7bc862e8738c8e09a836be6a7a08c,preprocessing_v1,harmonization_v1,primary_17,1.12.1,3e33b1dcc42f16cd9604ba3aedc514ffa9e8bb93,2026-07-31T13:41:19.402535+00:00,success
chb02,chb02_17,E:/My_Github/epilepsy-eeg-hybrid-ai/data/raw/chbmit/chb02/chb02_17.edf,256.0,256.0,921600,921600,3600.0,3600.0,23,17,FP1-F7|F7-T7|T7-P7|P7-O1|FP1-F3|F3-C3|C3-P3|P3-O1|FZ-CZ|CZ-PZ|FP2-F4|F4-C4|C4-P4|P4-O2|FP2-F8|F8-T8|P8-O2,True,0.5,45.0,False,False,False,False,0,0,True,True,0,0,True,True,data\interim\chbmit\preprocessing_v1\chb02\chb02_17_preproc-v1_raw.fif,62728717,9a58664308694133039a33cb126c3413628e471579a5a81da8763bf23b145009,preprocessing_v1,harmonization_v1,primary_17,1.12.1,3e33b1dcc42f16cd9604ba3aedc514ffa9e8bb93,2026-07-31T13:41:19.402535+00:00,success
chb02,chb02_18,E:/My_Github/epilepsy-eeg-hybrid-ai/data/raw/chbmit/chb02/chb02_18.edf,256.0,256.0,921600,921600,3600.0,3600.0,23,17,FP1-F7|F7-T7|T7-P7|P7-O1|FP1-F3|F3-C3|C3-P3|P3-O1|FZ-CZ|CZ-PZ|FP2-F4|F4-C4|C4-P4|P4-O2|FP2-F8|F8-T8|P8-O2,True,0.5,45.0,False,False,False,False,0,0,True,True,0,0,True,True,data\interim\chbmit\preprocessing_v1\chb02\chb02_18_preproc-v1_raw.fif,62728717,87bbd9c9cc1d49b70a85ea1ce1c581b5effdc5a1fa3a5fe8c3641fac35ef5706,preprocessing_v1,harmonization_v1,primary_17,1.12.1,3e33b1dcc42f16cd9604ba3aedc514ffa9e8bb93,2026-07-31T13:41:19.402535+00:00,success
chb02,chb02_19,E:/My_Github/epilepsy-eeg-hybrid-ai/data/raw/chbmit/chb02/chb02_19.edf,256.0,256.0,921600,921600,3600.0,3600.0,23,17,FP1-F7|F7-T7|T7-P7|P7-O1|FP1-F3|F3-C3|C3-P3|P3-O1|FZ-CZ|CZ-PZ|FP2-F4|F4-C4|C4-P4|P4-O2|FP2-F8|F8-T8|P8-O2,True,0.5,45.0,False,False,False,False,1,1,True,True,1,1,True,True,data\interim\chbmit\preprocessing_v1\chb02\chb02_19_preproc-v1_raw.fif,62728838,c6b72ca1da5c57af765f1538f01e4b644a4f2fda7550eb722fe0f6f55a5ed209,preprocessing_v1,harmonization_v1,primary_17,1.12.1,3e33b1dcc42f16cd9604ba3aedc514ffa9e8bb93,2026-07-31T13:41:19.402535+00:00,success
chb02,chb02_20,E:/My_Github/epilepsy-eeg-hybrid-ai/data/raw/chbmit/chb02/chb02_20.edf,256.0,256.0,921600,921600,3600.0,3600.0,23,17,FP1-F7|F7-T7|T7-P7|P7-O1|FP1-F3|F3-C3|C3-P3|P3-O1|FZ-CZ|CZ-PZ|FP2-F4|F4-C4|C4-P4|P4-O2|FP2-F8|F8-T8|P8-O2,True,0.5,45.0,False,False,False,False,0,0,True,True,0,0,True,True,data\interim\chbmit\preprocessing_v1\chb02\chb02_20_preproc-v1_raw.fif,62728717,bf53449aef3f7f059062a780f3369fe2da4099fa5b228e3ba656fe4c1def0e18,preprocessing_v1,harmonization_v1,primary_17,1.12.1,3e33b1dcc42f16cd9604ba3aedc514ffa9e8bb93,2026-07-31T13:41:19.402535+00:00,success
chb02,chb02_21,E:/My_Github/epilepsy-eeg-hybrid-ai/data/raw/chbmit/chb02/chb02_21.edf,256.0,256.0,921600,921600,3600.0,3600.0,23,17,FP1-F7|F7-T7|T7-P7|P7-O1|FP1-F3|F3-C3|C3-P3|P3-O1|FZ-CZ|CZ-PZ|FP2-F4|F4-C4|C4-P4|P4-O2|FP2-F8|F8-T8|P8-O2,True,0.5,45.0,False,False,False,False,0,0,True,True,0,0,True,True,data\interim\chbmit\preprocessing_v1\chb02\chb02_21_preproc-v1_raw.fif,62728717,daa2be4192cd964617c6b1c51f553c7e73a6ca93c1c7c3b5c684d9c84307cfd9,preprocessing_v1,harmonization_v1,primary_17,1.12.1,3e33b1dcc42f16cd9604ba3aedc514ffa9e8bb93,2026-07-31T13:41:19.402535+00:00,success
chb02,chb02_22,E:/My_Github/epilepsy-eeg-hybrid-ai/data/raw/chbmit/chb02/chb02_22.edf,256.0,256.0,921600,921600,3600.0,3600.0,23,17,FP1-F7|F7-T7|T7-P7|P7-O1|FP1-F3|F3-C3|C3-P3|P3-O1|FZ-CZ|CZ-PZ|FP2-F4|F4-C4|C4-P4|P4-O2|FP2-F8|F8-T8|P8-O2,True,0.5,45.0,False,False,False,False,0,0,True,True,0,0,True,True,data\interim\chbmit\preprocessing_v1\chb02\chb02_22_preproc-v1_raw.fif,62728717,d10ec6fd8f95f4219b0868354ea9601b5bebd3c2d8cd9bb801389e67a5b50f62,preprocessing_v1,harmonization_v1,primary_17,1.12.1,3e33b1dcc42f16cd9604ba3aedc514ffa9e8bb93,2026-07-31T13:41:19.402535+00:00,success
chb02,chb02_23,E:/My_Github/epilepsy-eeg-hybrid-ai/data/raw/chbmit/chb02/chb02_23.edf,256.0,256.0,921600,921600,3600.0,3600.0,23,17,FP1-F7|F7-T7|T7-P7|P7-O1|FP1-F3|F3-C3|C3-P3|P3-O1|FZ-CZ|CZ-PZ|FP2-F4|F4-C4|C4-P4|P4-O2|FP2-F8|F8-T8|P8-O2,True,0.5,45.0,False,False,False,False,0,0,True,True,0,0,True,True,data\interim\chbmit\preprocessing_v1\chb02\chb02_23_preproc-v1_raw.fif,62728717,609b08a4428e095c2702a62eb52083bd85b3c0181119b9c85877cdb7a1735719,preprocessing_v1,harmonization_v1,primary_17,1.12.1,3e33b1dcc42f16cd9604ba3aedc514ffa9e8bb93,2026-07-31T13:41:19.402535+00:00,success
chb02,chb02_24,E:/My_Github/epilepsy-eeg-hybrid-ai/data/raw/chbmit/chb02/chb02_24.edf,256.0,256.0,921600,921600,3600.0,3600.0,23,17,FP1-F7|F7-T7|T7-P7|P7-O1|FP1-F3|F3-C3|C3-P3|P3-O1|FZ-CZ|CZ-PZ|FP2-F4|F4-C4|C4-P4|P4-O2|FP2-F8|F8-T8|P8-O2,True,0.5,45.0,False,False,False,False,0,0,True,True,0,0,True,True,data\interim\chbmit\preprocessing_v1\chb02\chb02_24_preproc-v1_raw.fif,62728717,5c3c4687172242aa5871ba2cf402f0ab255fc9ce4d6e397ebb7a10a325161f48,preprocessing_v1,harmonization_v1,primary_17,1.12.1,3e33b1dcc42f16cd9604ba3aedc514ffa9e8bb93,2026-07-31T13:41:19.402535+00:00,success
chb02,chb02_25,E:/My_Github/epilepsy-eeg-hybrid-ai/data/raw/chbmit/chb02/chb02_25.edf,256.0,256.0,921600,921600,3600.0,3600.0,23,17,FP1-F7|F7-T7|T7-P7|P7-O1|FP1-F3|F3-C3|C3-P3|P3-O1|FZ-CZ|CZ-PZ|FP2-F4|F4-C4|C4-P4|P4-O2|FP2-F8|F8-T8|P8-O2,True,0.5,45.0,False,False,False,False,0,0,True,True,0,0,True,True,data\interim\chbmit\preprocessing_v1\chb02\chb02_25_preproc-v1_raw.fif,62728717,670482f45cc16c6aa534bf2bb9f1b121e328a6228807f9dc5f67f2bd784cb7d1,preprocessing_v1,harmonization_v1,primary_17,1.12.1,3e33b1dcc42f16cd9604ba3aedc514ffa9e8bb93,2026-07-31T13:41:19.402535+00:00,success
chb02,chb02_26,E:/My_Github/epilepsy-eeg-hybrid-ai/data/raw/chbmit/chb02/chb02_26.edf,256.0,256.0,921600,921600,3600.0,3600.0,23,17,FP1-F7|F7-T7|T7-P7|P7-O1|FP1-F3|F3-C3|C3-P3|P3-O1|FZ-CZ|CZ-PZ|FP2-F4|F4-C4|C4-P4|P4-O2|FP2-F8|F8-T8|P8-O2,True,0.5,45.0,False,False,False,False,0,0,True,True,0,0,True,True,data\interim\chbmit\preprocessing_v1\chb02\chb02_26_preproc-v1_raw.fif,62728717,8c9bed4e78ec867719ffe408ee524ee7ded11ba6cfd95ee7235d14ac50a54ce7,preprocessing_v1,harmonization_v1,primary_17,1.12.1,3e33b1dcc42f16cd9604ba3aedc514ffa9e8bb93,2026-07-31T13:41:19.402535+00:00,success
chb02,chb02_27,E:/My_Github/epilepsy-eeg-hybrid-ai/data/raw/chbmit/chb02/chb02_27.edf,256.0,256.0,921600,921600,3600.0,3600.0,23,17,FP1-F7|F7-T7|T7-P7|P7-O1|FP1-F3|F3-C3|C3-P3|P3-O1|FZ-CZ|CZ-PZ|FP2-F4|F4-C4|C4-P4|P4-O2|FP2-F8|F8-T8|P8-O2,True,0.5,45.0,False,False,False,False,0,0,True,True,0,0,True,True,data\interim\chbmit\preprocessing_v1\chb02\chb02_27_preproc-v1_raw.fif,62728717,181ac55e640b0b457de26bf529bcd1c72493f0a8cd1202299d54d1aa49c848c9,preprocessing_v1,harmonization_v1,primary_17,1.12.1,3e33b1dcc42f16cd9604ba3aedc514ffa9e8bb93,2026-07-31T13:41:19.402535+00:00,success
chb02,chb02_28,E:/My_Github/epilepsy-eeg-hybrid-ai/data/raw/chbmit/chb02/chb02_28.edf,256.0,256.0,921600,921600,3600.0,3600.0,23,17,FP1-F7|F7-T7|T7-P7|P7-O1|FP1-F3|F3-C3|C3-P3|P3-O1|FZ-CZ|CZ-PZ|FP2-F4|F4-C4|C4-P4|P4-O2|FP2-F8|F8-T8|P8-O2,True,0.5,45.0,False,False,False,False,0,0,True,True,0,0,True,True,data\interim\chbmit\preprocessing_v1\chb02\chb02_28_preproc-v1_raw.fif,62728717,282bab28d7b3fe1d13f257922ca91e7ff894b63861bcebc28e6328467eab5e61,preprocessing_v1,harmonization_v1,primary_17,1.12.1,3e33b1dcc42f16cd9604ba3aedc514ffa9e8bb93,2026-07-31T13:41:19.402535+00:00,success
chb02,chb02_29,E:/My_Github/epilepsy-eeg-hybrid-ai/data/raw/chbmit/chb02/chb02_29.edf,256.0,256.0,921600,921600,3600.0,3600.0,23,17,FP1-F7|F7-T7|T7-P7|P7-O1|FP1-F3|F3-C3|C3-P3|P3-O1|FZ-CZ|CZ-PZ|FP2-F4|F4-C4|C4-P4|P4-O2|FP2-F8|F8-T8|P8-O2,True,0.5,45.0,False,False,False,False,0,0,True,True,0,0,True,True,data\interim\chbmit\preprocessing_v1\chb02\chb02_29_preproc-v1_raw.fif,62728717,743122bba84d2cfc0367da1e5e1f62b9a2b41fa7ff62ed027ef3ae3635ff736d,preprocessing_v1,harmonization_v1,primary_17,1.12.1,3e33b1dcc42f16cd9604ba3aedc514ffa9e8bb93,2026-07-31T13:41:19.402535+00:00,success
chb02,chb02_30,E:/My_Github/epilepsy-eeg-hybrid-ai/data/raw/chbmit/chb02/chb02_30.edf,256.0,256.0,921600,921600,3600.0,3600.0,23,17,FP1-F7|F7-T7|T7-P7|P7-O1|FP1-F3|F3-C3|C3-P3|P3-O1|FZ-CZ|CZ-PZ|FP2-F4|F4-C4|C4-P4|P4-O2|FP2-F8|F8-T8|P8-O2,True,0.5,45.0,False,False,False,False,0,0,True,True,0,0,True,True,data\interim\chbmit\preprocessing_v1\chb02\chb02_30_preproc-v1_raw.fif,62728717,c2c3008e327ca8151f490bc1f0724d4a9b03bf64921b0d3789a679cc25f083bc,preprocessing_v1,harmonization_v1,primary_17,1.12.1,3e33b1dcc42f16cd9604ba3aedc514ffa9e8bb93,2026-07-31T13:41:19.402535+00:00,success
chb02,chb02_31,E:/My_Github/epilepsy-eeg-hybrid-ai/data/raw/chbmit/chb02/chb02_31.edf,256.0,256.0,921600,921600,3600.0,3600.0,23,17,FP1-F7|F7-T7|T7-P7|P7-O1|FP1-F3|F3-C3|C3-P3|P3-O1|FZ-CZ|CZ-PZ|FP2-F4|F4-C4|C4-P4|P4-O2|FP2-F8|F8-T8|P8-O2,True,0.5,45.0,False,False,False,False,0,0,True,True,0,0,True,True,data\interim\chbmit\preprocessing_v1\chb02\chb02_31_preproc-v1_raw.fif,62728717,45c66bf5fea6b96d3ab1e6ff52c9e697b7b67a44dc1ad7ada3abf08cbf1c8e16,preprocessing_v1,harmonization_v1,primary_17,1.12.1,3e33b1dcc42f16cd9604ba3aedc514ffa9e8bb93,2026-07-31T13:41:19.402535+00:00,success
chb02,chb02_32,E:/My_Github/epilepsy-eeg-hybrid-ai/data/raw/chbmit/chb02/chb02_32.edf,256.0,256.0,921600,921600,3600.0,3600.0,23,17,FP1-F7|F7-T7|T7-P7|P7-O1|FP1-F3|F3-C3|C3-P3|P3-O1|FZ-CZ|CZ-PZ|FP2-F4|F4-C4|C4-P4|P4-O2|FP2-F8|F8-T8|P8-O2,True,0.5,45.0,False,False,False,False,0,0,True,True,0,0,True,True,data\interim\chbmit\preprocessing_v1\chb02\chb02_32_preproc-v1_raw.fif,62728717,cc17641dc0176ecf3591955571b2002b30637886a838cba63903604bbf1f9725,preprocessing_v1,harmonization_v1,primary_17,1.12.1,3e33b1dcc42f16cd9604ba3aedc514ffa9e8bb93,2026-07-31T13:41:19.402535+00:00,success
chb02,chb02_33,E:/My_Github/epilepsy-eeg-hybrid-ai/data/raw/chbmit/chb02/chb02_33.edf,256.0,256.0,921600,921600,3600.0,3600.0,23,17,FP1-F7|F7-T7|T7-P7|P7-O1|FP1-F3|F3-C3|C3-P3|P3-O1|FZ-CZ|CZ-PZ|FP2-F4|F4-C4|C4-P4|P4-O2|FP2-F8|F8-T8|P8-O2,True,0.5,45.0,False,False,False,False,0,0,True,True,0,0,True,True,data\interim\chbmit\preprocessing_v1\chb02\chb02_33_preproc-v1_raw.fif,62728717,5be057a542234b0c0ef9d2a5e1863ccf0cdbbaeeed3ce040dab177fff0d9ddb9,preprocessing_v1,harmonization_v1,primary_17,1.12.1,3e33b1dcc42f16cd9604ba3aedc514ffa9e8bb93,2026-07-31T13:41:19.402535+00:00,success
chb02,chb02_34,E:/My_Github/epilepsy-eeg-hybrid-ai/data/raw/chbmit/chb02/chb02_34.edf,256.0,256.0,921600,921600,3600.0,3600.0,23,17,FP1-F7|F7-T7|T7-P7|P7-O1|FP1-F3|F3-C3|C3-P3|P3-O1|FZ-CZ|CZ-PZ|FP2-F4|F4-C4|C4-P4|P4-O2|FP2-F8|F8-T8|P8-O2,True,0.5,45.0,False,False,False,False,0,0,True,True,0,0,True,True,data\interim\chbmit\preprocessing_v1\chb02\chb02_34_preproc-v1_raw.fif,62728717,752efcdf7823a2a4ad61f84db317177aba0b76fc40c699087c27887363a76572,preprocessing_v1,harmonization_v1,primary_17,1.12.1,3e33b1dcc42f16cd9604ba3aedc514ffa9e8bb93,2026-07-31T13:41:19.402535+00:00,success
chb02,chb02_35,E:/My_Github/epilepsy-eeg-hybrid-ai/data/raw/chbmit/chb02/chb02_35.edf,256.0,256.0,921600,921600,3600.0,3600.0,23,17,FP1-F7|F7-T7|T7-P7|P7-O1|FP1-F3|F3-C3|C3-P3|P3-O1|FZ-CZ|CZ-PZ|FP2-F4|F4-C4|C4-P4|P4-O2|FP2-F8|F8-T8|P8-O2,True,0.5,45.0,False,False,False,False,0,0,True,True,0,0,True,True,data\interim\chbmit\preprocessing_v1\chb02\chb02_35_preproc-v1_raw.fif,62728717,a2544dc37410bbddac2ffdfa776bea6bc163882f84744a4e42e1520ff745fffa,preprocessing_v1,harmonization_v1,primary_17,1.12.1,3e33b1dcc42f16cd9604ba3aedc514ffa9e8bb93,2026-07-31T13:41:19.402535+00:00,success
chb03,chb03_01,E:/My_Github/epilepsy-eeg-hybrid-ai/data/raw/chbmit/chb03/chb03_01.edf,256.0,256.0,921600,921600,3600.0,3600.0,23,17,FP1-F7|F7-T7|T7-P7|P7-O1|FP1-F3|F3-C3|C3-P3|P3-O1|FZ-CZ|CZ-PZ|FP2-F4|F4-C4|C4-P4|P4-O2|FP2-F8|F8-T8|P8-O2,True,0.5,45.0,False,False,False,False,1,1,True,True,1,1,True,True,data\interim\chbmit\preprocessing_v1\chb03\chb03_01_preproc-v1_raw.fif,62728838,46f1e3ef6e7aea262c7f4cae68ab6a666f6c1b46385eda66d8d8ee22cfa2edf6,preprocessing_v1,harmonization_v1,primary_17,1.12.1,3e33b1dcc42f16cd9604ba3aedc514ffa9e8bb93,2026-07-31T13:41:19.402535+00:00,success
chb03,chb03_02,E:/My_Github/epilepsy-eeg-hybrid-ai/data/raw/chbmit/chb03/chb03_02.edf,256.0,256.0,921600,921600,3600.0,3600.0,23,17,FP1-F7|F7-T7|T7-P7|P7-O1|FP1-F3|F3-C3|C3-P3|P3-O1|FZ-CZ|CZ-PZ|FP2-F4|F4-C4|C4-P4|P4-O2|FP2-F8|F8-T8|P8-O2,True,0.5,45.0,False,False,False,False,1,1,True,True,1,1,True,True,data\interim\chbmit\preprocessing_v1\chb03\chb03_02_preproc-v1_raw.fif,62728838,3e00058df5fb9ed9950619272a02aa41ab92cfcb0329aaac35fd4298ee6c9d1a,preprocessing_v1,harmonization_v1,primary_17,1.12.1,3e33b1dcc42f16cd9604ba3aedc514ffa9e8bb93,2026-07-31T13:41:19.402535+00:00,success
chb03,chb03_03,E:/My_Github/epilepsy-eeg-hybrid-ai/data/raw/chbmit/chb03/chb03_03.edf,256.0,256.0,921600,921600,3600.0,3600.0,23,17,FP1-F7|F7-T7|T7-P7|P7-O1|FP1-F3|F3-C3|C3-P3|P3-O1|FZ-CZ|CZ-PZ|FP2-F4|F4-C4|C4-P4|P4-O2|FP2-F8|F8-T8|P8-O2,True,0.5,45.0,False,False,False,False,1,1,True,True,1,1,True,True,data\interim\chbmit\preprocessing_v1\chb03\chb03_03_preproc-v1_raw.fif,62728838,5453f0a0dc203d75cbcd0fa8c394959ac8b291a358afbea1bbfc0bcfd9626fc7,preprocessing_v1,harmonization_v1,primary_17,1.12.1,3e33b1dcc42f16cd9604ba3aedc514ffa9e8bb93,2026-07-31T13:41:19.402535+00:00,success
chb03,chb03_04,E:/My_Github/epilepsy-eeg-hybrid-ai/data/raw/chbmit/chb03/chb03_04.edf,256.0,256.0,921600,921600,3600.0,3600.0,23,17,FP1-F7|F7-T7|T7-P7|P7-O1|FP1-F3|F3-C3|C3-P3|P3-O1|FZ-CZ|CZ-PZ|FP2-F4|F4-C4|C4-P4|P4-O2|FP2-F8|F8-T8|P8-O2,True,0.5,45.0,False,False,False,False,1,1,True,True,1,1,True,True,data\interim\chbmit\preprocessing_v1\chb03\chb03_04_preproc-v1_raw.fif,62728838,0a7cbe4bb37ce489bec0d1b934c8ccddf0905f2e8970946c042dde5072d0f6b4,preprocessing_v1,harmonization_v1,primary_17,1.12.1,3e33b1dcc42f16cd9604ba3aedc514ffa9e8bb93,2026-07-31T13:41:19.402535+00:00,success
chb03,chb03_05,E:/My_Github/epilepsy-eeg-hybrid-ai/data/raw/chbmit/chb03/chb03_05.edf,256.0,256.0,921600,921600,3600.0,3600.0,23,17,FP1-F7|F7-T7|T7-P7|P7-O1|FP1-F3|F3-C3|C3-P3|P3-O1|FZ-CZ|CZ-PZ|FP2-F4|F4-C4|C4-P4|P4-O2|FP2-F8|F8-T8|P8-O2,True,0.5,45.0,False,False,False,False,0,0,True,True,0,0,True,True,data\interim\chbmit\preprocessing_v1\chb03\chb03_05_preproc-v1_raw.fif,62728717,edeb5a46c60e1b2bf4d3760d062474d38fe223fdafacf7261d24118e8670d97e,preprocessing_v1,harmonization_v1,primary_17,1.12.1,3e33b1dcc42f16cd9604ba3aedc514ffa9e8bb93,2026-07-31T13:41:19.402535+00:00,success
chb03,chb03_06,E:/My_Github/epilepsy-eeg-hybrid-ai/data/raw/chbmit/chb03/chb03_06.edf,256.0,256.0,921600,921600,3600.0,3600.0,23,17,FP1-F7|F7-T7|T7-P7|P7-O1|FP1-F3|F3-C3|C3-P3|P3-O1|FZ-CZ|CZ-PZ|FP2-F4|F4-C4|C4-P4|P4-O2|FP2-F8|F8-T8|P8-O2,True,0.5,45.0,False,False,False,False,0,0,True,True,0,0,True,True,data\interim\chbmit\preprocessing_v1\chb03\chb03_06_preproc-v1_raw.fif,62728717,9f1e4266882e4d5154d1b15542399eaf163f526a7b21ff8bea4834498ecb4779,preprocessing_v1,harmonization_v1,primary_17,1.12.1,3e33b1dcc42f16cd9604ba3aedc514ffa9e8bb93,2026-07-31T13:41:19.402535+00:00,success
chb03,chb03_07,E:/My_Github/epilepsy-eeg-hybrid-ai/data/raw/chbmit/chb03/chb03_07.edf,256.0,256.0,921600,921600,3600.0,3600.0,23,17,FP1-F7|F7-T7|T7-P7|P7-O1|FP1-F3|F3-C3|C3-P3|P3-O1|FZ-CZ|CZ-PZ|FP2-F4|F4-C4|C4-P4|P4-O2|FP2-F8|F8-T8|P8-O2,True,0.5,45.0,False,False,False,False,0,0,True,True,0,0,True,True,data\interim\chbmit\preprocessing_v1\chb03\chb03_07_preproc-v1_raw.fif,62728717,18239003652d4dd98e77b29c419210fed072de184f5ed472fae1fb3b3c8a800b,preprocessing_v1,harmonization_v1,primary_17,1.12.1,3e33b1dcc42f16cd9604ba3aedc514ffa9e8bb93,2026-07-31T13:41:19.402535+00:00,success
chb03,chb03_08,E:/My_Github/epilepsy-eeg-hybrid-ai/data/raw/chbmit/chb03/chb03_08.edf,256.0,256.0,921600,921600,3600.0,3600.0,23,17,FP1-F7|F7-T7|T7-P7|P7-O1|FP1-F3|F3-C3|C3-P3|P3-O1|FZ-CZ|CZ-PZ|FP2-F4|F4-C4|C4-P4|P4-O2|FP2-F8|F8-T8|P8-O2,True,0.5,45.0,False,False,False,False,0,0,True,True,0,0,True,True,data\interim\chbmit\preprocessing_v1\chb03\chb03_08_preproc-v1_raw.fif,62728717,38fdcaeedc22ba999dc1c0bcb28ec18465556d494c3ed30f8141f4cd317a84aa,preprocessing_v1,harmonization_v1,primary_17,1.12.1,3e33b1dcc42f16cd9604ba3aedc514ffa9e8bb93,2026-07-31T13:41:19.402535+00:00,success
chb03,chb03_09,E:/My_Github/epilepsy-eeg-hybrid-ai/data/raw/chbmit/chb03/chb03_09.edf,256.0,256.0,921600,921600,3600.0,3600.0,23,17,FP1-F7|F7-T7|T7-P7|P7-O1|FP1-F3|F3-C3|C3-P3|P3-O1|FZ-CZ|CZ-PZ|FP2-F4|F4-C4|C4-P4|P4-O2|FP2-F8|F8-T8|P8-O2,True,0.5,45.0,False,False,False,False,0,0,True,True,0,0,True,True,data\interim\chbmit\preprocessing_v1\chb03\chb03_09_preproc-v1_raw.fif,62728717,f722da80249a517b03f6186806466b2eb9cddc269e943d4f2d90e013879e9007,preprocessing_v1,harmonization_v1,primary_17,1.12.1,3e33b1dcc42f16cd9604ba3aedc514ffa9e8bb93,2026-07-31T13:41:19.402535+00:00,success
chb03,chb03_10,E:/My_Github/epilepsy-eeg-hybrid-ai/data/raw/chbmit/chb03/chb03_10.edf,256.0,256.0,921600,921600,3600.0,3600.0,23,17,FP1-F7|F7-T7|T7-P7|P7-O1|FP1-F3|F3-C3|C3-P3|P3-O1|FZ-CZ|CZ-PZ|FP2-F4|F4-C4|C4-P4|P4-O2|FP2-F8|F8-T8|P8-O2,True,0.5,45.0,False,False,False,False,0,0,True,True,0,0,True,True,data\interim\chbmit\preprocessing_v1\chb03\chb03_10_preproc-v1_raw.fif,62728717,05123cb403e6325aade13927614daac8db28bd6998e6404ea316f41bfca071fb,preprocessing_v1,harmonization_v1,primary_17,1.12.1,3e33b1dcc42f16cd9604ba3aedc514ffa9e8bb93,2026-07-31T13:41:19.402535+00:00,success
chb03,chb03_11,E:/My_Github/epilepsy-eeg-hybrid-ai/data/raw/chbmit/chb03/chb03_11.edf,256.0,256.0,921600,921600,3600.0,3600.0,23,17,FP1-F7|F7-T7|T7-P7|P7-O1|FP1-F3|F3-C3|C3-P3|P3-O1|FZ-CZ|CZ-PZ|FP2-F4|F4-C4|C4-P4|P4-O2|FP2-F8|F8-T8|P8-O2,True,0.5,45.0,False,False,False,False,0,0,True,True,0,0,True,True,data\interim\chbmit\preprocessing_v1\chb03\chb03_11_preproc-v1_raw.fif,62728717,cead268a74d1dfd3b77757d94ae4889b2c13f21ff3b624e83f8e3fd491bfd88f,preprocessing_v1,harmonization_v1,primary_17,1.12.1,3e33b1dcc42f16cd9604ba3aedc514ffa9e8bb93,2026-07-31T13:41:19.402535+00:00,success
chb03,chb03_12,E:/My_Github/epilepsy-eeg-hybrid-ai/data/raw/chbmit/chb03/chb03_12.edf,256.0,256.0,921600,921600,3600.0,3600.0,23,17,FP1-F7|F7-T7|T7-P7|P7-O1|FP1-F3|F3-C3|C3-P3|P3-O1|FZ-CZ|CZ-PZ|FP2-F4|F4-C4|C4-P4|P4-O2|FP2-F8|F8-T8|P8-O2,True,0.5,45.0,False,False,False,False,0,0,True,True,0,0,True,True,data\interim\chbmit\preprocessing_v1\chb03\chb03_12_preproc-v1_raw.fif,62728717,2f591482c29af26b454c3c6bcb4722574c35992425649a6dd70eeb2232ddaa55,preprocessing_v1,harmonization_v1,primary_17,1.12.1,3e33b1dcc42f16cd9604ba3aedc514ffa9e8bb93,2026-07-31T13:41:19.402535+00:00,success
chb03,chb03_13,E:/My_Github/epilepsy-eeg-hybrid-ai/data/raw/chbmit/chb03/chb03_13.edf,256.0,256.0,921600,921600,3600.0,3600.0,23,17,FP1-F7|F7-T7|T7-P7|P7-O1|FP1-F3|F3-C3|C3-P3|P3-O1|FZ-CZ|CZ-PZ|FP2-F4|F4-C4|C4-P4|P4-O2|FP2-F8|F8-T8|P8-O2,True,0.5,45.0,False,False,False,False,0,0,True,True,0,0,True,True,data\interim\chbmit\preprocessing_v1\chb03\chb03_13_preproc-v1_raw.fif,62728717,1b63a4638cd3e9ededd62518f7d9f15fdead340d8d895649f97dbd423d420b4b,preprocessing_v1,harmonization_v1,primary_17,1.12.1,3e33b1dcc42f16cd9604ba3aedc514ffa9e8bb93,2026-07-31T13:41:19.402535+00:00,success
chb03,chb03_14,E:/My_Github/epilepsy-eeg-hybrid-ai/data/raw/chbmit/chb03/chb03_14.edf,256.0,256.0,921600,921600,3600.0,3600.0,23,17,FP1-F7|F7-T7|T7-P7|P7-O1|FP1-F3|F3-C3|C3-P3|P3-O1|FZ-CZ|CZ-PZ|FP2-F4|F4-C4|C4-P4|P4-O2|FP2-F8|F8-T8|P8-O2,True,0.5,45.0,False,False,False,False,0,0,True,True,0,0,True,True,data\interim\chbmit\preprocessing_v1\chb03\chb03_14_preproc-v1_raw.fif,62728717,f97c21bdee6e040554427d9904445e2f3f49bb3119541feb2173bea1f6c4d096,preprocessing_v1,harmonization_v1,primary_17,1.12.1,3e33b1dcc42f16cd9604ba3aedc514ffa9e8bb93,2026-07-31T13:41:19.402535+00:00,success
chb03,chb03_15,E:/My_Github/epilepsy-eeg-hybrid-ai/data/raw/chbmit/chb03/chb03_15.edf,256.0,256.0,921600,921600,3600.0,3600.0,23,17,FP1-F7|F7-T7|T7-P7|P7-O1|FP1-F3|F3-C3|C3-P3|P3-O1|FZ-CZ|CZ-PZ|FP2-F4|F4-C4|C4-P4|P4-O2|FP2-F8|F8-T8|P8-O2,True,0.5,45.0,False,False,False,False,0,0,True,True,0,0,True,True,data\interim\chbmit\preprocessing_v1\chb03\chb03_15_preproc-v1_raw.fif,62728717,9cb591bf829704e75e8cc72d821fbf7f7b11ef40eaf70c4464dbfd8b38709f77,preprocessing_v1,harmonization_v1,primary_17,1.12.1,3e33b1dcc42f16cd9604ba3aedc514ffa9e8bb93,2026-07-31T13:41:19.402535+00:00,success
chb03,chb03_16,E:/My_Github/epilepsy-eeg-hybrid-ai/data/raw/chbmit/chb03/chb03_16.edf,256.0,256.0,921600,921600,3600.0,3600.0,23,17,FP1-F7|F7-T7|T7-P7|P7-O1|FP1-F3|F3-C3|C3-P3|P3-O1|FZ-CZ|CZ-PZ|FP2-F4|F4-C4|C4-P4|P4-O2|FP2-F8|F8-T8|P8-O2,True,0.5,45.0,False,False,False,False,0,0,True,True,0,0,True,True,data\interim\chbmit\preprocessing_v1\chb03\chb03_16_preproc-v1_raw.fif,62728717,b094c7a741c069178f07ab01e43931f1b1441c2daf03590056de78f4596b0c01,preprocessing_v1,harmonization_v1,primary_17,1.12.1,3e33b1dcc42f16cd9604ba3aedc514ffa9e8bb93,2026-07-31T13:41:19.402535+00:00,success
chb03,chb03_17,E:/My_Github/epilepsy-eeg-hybrid-ai/data/raw/chbmit/chb03/chb03_17.edf,256.0,256.0,921600,921600,3600.0,3600.0,23,17,FP1-F7|F7-T7|T7-P7|P7-O1|FP1-F3|F3-C3|C3-P3|P3-O1|FZ-CZ|CZ-PZ|FP2-F4|F4-C4|C4-P4|P4-O2|FP2-F8|F8-T8|P8-O2,True,0.5,45.0,False,False,False,False,0,0,True,True,0,0,True,True,data\interim\chbmit\preprocessing_v1\chb03\chb03_17_preproc-v1_raw.fif,62728717,dfc23ebe7e09cec6717b549908bda2c64143b241d170611e1a517f135225ed0c,preprocessing_v1,harmonization_v1,primary_17,1.12.1,3e33b1dcc42f16cd9604ba3aedc514ffa9e8bb93,2026-07-31T13:41:19.402535+00:00,success
chb03,chb03_18,E:/My_Github/epilepsy-eeg-hybrid-ai/data/raw/chbmit/chb03/chb03_18.edf,256.0,256.0,921600,921600,3600.0,3600.0,23,17,FP1-F7|F7-T7|T7-P7|P7-O1|FP1-F3|F3-C3|C3-P3|P3-O1|FZ-CZ|CZ-PZ|FP2-F4|F4-C4|C4-P4|P4-O2|FP2-F8|F8-T8|P8-O2,True,0.5,45.0,False,False,False,False,0,0,True,True,0,0,True,True,data\interim\chbmit\preprocessing_v1\chb03\chb03_18_preproc-v1_raw.fif,62728717,cd5a67b1982c63a4aae49705714b9a75970542e6a3d4939ba2a5673c14c9c4b7,preprocessing_v1,harmonization_v1,primary_17,1.12.1,3e33b1dcc42f16cd9604ba3aedc514ffa9e8bb93,2026-07-31T13:41:19.402535+00:00,success
chb03,chb03_19,E:/My_Github/epilepsy-eeg-hybrid-ai/data/raw/chbmit/chb03/chb03_19.edf,256.0,256.0,921600,921600,3600.0,3600.0,23,17,FP1-F7|F7-T7|T7-P7|P7-O1|FP1-F3|F3-C3|C3-P3|P3-O1|FZ-CZ|CZ-PZ|FP2-F4|F4-C4|C4-P4|P4-O2|FP2-F8|F8-T8|P8-O2,True,0.5,45.0,False,False,False,False,0,0,True,True,0,0,True,True,data\interim\chbmit\preprocessing_v1\chb03\chb03_19_preproc-v1_raw.fif,62728717,9e0a6149889c6f328df9e81852c3b9ed4814ecba3f85941b6d68a61166c689db,preprocessing_v1,harmonization_v1,primary_17,1.12.1,3e33b1dcc42f16cd9604ba3aedc514ffa9e8bb93,2026-07-31T13:41:19.402535+00:00,success
chb03,chb03_20,E:/My_Github/epilepsy-eeg-hybrid-ai/data/raw/chbmit/chb03/chb03_20.edf,256.0,256.0,923136,923136,3606.0,3606.0,23,17,FP1-F7|F7-T7|T7-P7|P7-O1|FP1-F3|F3-C3|C3-P3|P3-O1|FZ-CZ|CZ-PZ|FP2-F4|F4-C4|C4-P4|P4-O2|FP2-F8|F8-T8|P8-O2,True,0.5,45.0,False,False,False,False,0,0,True,True,0,0,True,True,data\interim\chbmit\preprocessing_v1\chb03\chb03_20_preproc-v1_raw.fif,62833261,4f751b6864bad951da57ab6a53f273194619acbc79c109db62e3d1c82228da0d,preprocessing_v1,harmonization_v1,primary_17,1.12.1,3e33b1dcc42f16cd9604ba3aedc514ffa9e8bb93,2026-07-31T13:41:19.402535+00:00,success
chb03,chb03_21,E:/My_Github/epilepsy-eeg-hybrid-ai/data/raw/chbmit/chb03/chb03_21.edf,256.0,256.0,921600,921600,3600.0,3600.0,23,17,FP1-F7|F7-T7|T7-P7|P7-O1|FP1-F3|F3-C3|C3-P3|P3-O1|FZ-CZ|CZ-PZ|FP2-F4|F4-C4|C4-P4|P4-O2|FP2-F8|F8-T8|P8-O2,True,0.5,45.0,False,False,False,False,0,0,True,True,0,0,True,True,data\interim\chbmit\preprocessing_v1\chb03\chb03_21_preproc-v1_raw.fif,62728717,0191df9b31d943116a666718663fe676e784e7e567d739efd7670960277e3477,preprocessing_v1,harmonization_v1,primary_17,1.12.1,3e33b1dcc42f16cd9604ba3aedc514ffa9e8bb93,2026-07-31T13:41:19.402535+00:00,success
chb03,chb03_22,E:/My_Github/epilepsy-eeg-hybrid-ai/data/raw/chbmit/chb03/chb03_22.edf,256.0,256.0,921600,921600,3600.0,3600.0,23,17,FP1-F7|F7-T7|T7-P7|P7-O1|FP1-F3|F3-C3|C3-P3|P3-O1|FZ-CZ|CZ-PZ|FP2-F4|F4-C4|C4-P4|P4-O2|FP2-F8|F8-T8|P8-O2,True,0.5,45.0,False,False,False,False,0,0,True,True,0,0,True,True,data\interim\chbmit\preprocessing_v1\chb03\chb03_22_preproc-v1_raw.fif,62728717,eb5966c0ffac2e0198e334bb7999118b152b74ac6010ca61cf08683d85fb55d5,preprocessing_v1,harmonization_v1,primary_17,1.12.1,3e33b1dcc42f16cd9604ba3aedc514ffa9e8bb93,2026-07-31T13:41:19.402535+00:00,success
chb03,chb03_23,E:/My_Github/epilepsy-eeg-hybrid-ai/data/raw/chbmit/chb03/chb03_23.edf,256.0,256.0,921600,921600,3600.0,3600.0,23,17,FP1-F7|F7-T7|T7-P7|P7-O1|FP1-F3|F3-C3|C3-P3|P3-O1|FZ-CZ|CZ-PZ|FP2-F4|F4-C4|C4-P4|P4-O2|FP2-F8|F8-T8|P8-O2,True,0.5,45.0,False,False,False,False,0,0,True,True,0,0,True,True,data\interim\chbmit\preprocessing_v1\chb03\chb03_23_preproc-v1_raw.fif,62728717,013ca026520bcae94ba30db4fc6a9450d2167f537334af92e732e7a10c54c25e,preprocessing_v1,harmonization_v1,primary_17,1.12.1,3e33b1dcc42f16cd9604ba3aedc514ffa9e8bb93,2026-07-31T13:41:19.402535+00:00,success
chb03,chb03_24,E:/My_Github/epilepsy-eeg-hybrid-ai/data/raw/chbmit/chb03/chb03_24.edf,256.0,256.0,921600,921600,3600.0,3600.0,23,17,FP1-F7|F7-T7|T7-P7|P7-O1|FP1-F3|F3-C3|C3-P3|P3-O1|FZ-CZ|CZ-PZ|FP2-F4|F4-C4|C4-P4|P4-O2|FP2-F8|F8-T8|P8-O2,True,0.5,45.0,False,False,False,False,0,0,True,True,0,0,True,True,data\interim\chbmit\preprocessing_v1\chb03\chb03_24_preproc-v1_raw.fif,62728717,faa87a7f3022e52ea36937940a80cb0b8c2f9c34ef15a3ef33768165752ebd53,preprocessing_v1,harmonization_v1,primary_17,1.12.1,3e33b1dcc42f16cd9604ba3aedc514ffa9e8bb93,2026-07-31T13:41:19.402535+00:00,success
chb03,chb03_25,E:/My_Github/epilepsy-eeg-hybrid-ai/data/raw/chbmit/chb03/chb03_25.edf,256.0,256.0,921600,921600,3600.0,3600.0,23,17,FP1-F7|F7-T7|T7-P7|P7-O1|FP1-F3|F3-C3|C3-P3|P3-O1|FZ-CZ|CZ-PZ|FP2-F4|F4-C4|C4-P4|P4-O2|FP2-F8|F8-T8|P8-O2,True,0.5,45.0,False,False,False,False,0,0,True,True,0,0,True,True,data\interim\chbmit\preprocessing_v1\chb03\chb03_25_preproc-v1_raw.fif,62728717,d38665232d4a1e6e771d8d27174b6bcf98e173fbe77c72e4a0698be6c85dd37a,preprocessing_v1,harmonization_v1,primary_17,1.12.1,3e33b1dcc42f16cd9604ba3aedc514ffa9e8bb93,2026-07-31T13:41:19.402535+00:00,success
chb03,chb03_26,E:/My_Github/epilepsy-eeg-hybrid-ai/data/raw/chbmit/chb03/chb03_26.edf,256.0,256.0,921600,921600,3600.0,3600.0,23,17,FP1-F7|F7-T7|T7-P7|P7-O1|FP1-F3|F3-C3|C3-P3|P3-O1|FZ-CZ|CZ-PZ|FP2-F4|F4-C4|C4-P4|P4-O2|FP2-F8|F8-T8|P8-O2,True,0.5,45.0,False,False,False,False,0,0,True,True,0,0,True,True,data\interim\chbmit\preprocessing_v1\chb03\chb03_26_preproc-v1_raw.fif,62728717,784f6f9eba79c867431f62b5d3094a4a0bd4e84235b1878b9a07a09be651e5b6,preprocessing_v1,harmonization_v1,primary_17,1.12.1,3e33b1dcc42f16cd9604ba3aedc514ffa9e8bb93,2026-07-31T13:41:19.402535+00:00,success
chb03,chb03_27,E:/My_Github/epilepsy-eeg-hybrid-ai/data/raw/chbmit/chb03/chb03_27.edf,256.0,256.0,921600,921600,3600.0,3600.0,23,17,FP1-F7|F7-T7|T7-P7|P7-O1|FP1-F3|F3-C3|C3-P3|P3-O1|FZ-CZ|CZ-PZ|FP2-F4|F4-C4|C4-P4|P4-O2|FP2-F8|F8-T8|P8-O2,True,0.5,45.0,False,False,False,False,0,0,True,True,0,0,True,True,data\interim\chbmit\preprocessing_v1\chb03\chb03_27_preproc-v1_raw.fif,62728717,9cf1d3daebe3a0c59935b047c4541648675e66bb463f5fb94871b73b81ca874f,preprocessing_v1,harmonization_v1,primary_17,1.12.1,3e33b1dcc42f16cd9604ba3aedc514ffa9e8bb93,2026-07-31T13:41:19.402535+00:00,success
chb03,chb03_28,E:/My_Github/epilepsy-eeg-hybrid-ai/data/raw/chbmit/chb03/chb03_28.edf,256.0,256.0,921600,921600,3600.0,3600.0,23,17,FP1-F7|F7-T7|T7-P7|P7-O1|FP1-F3|F3-C3|C3-P3|P3-O1|FZ-CZ|CZ-PZ|FP2-F4|F4-C4|C4-P4|P4-O2|FP2-F8|F8-T8|P8-O2,True,0.5,45.0,False,False,False,False,0,0,True,True,0,0,True,True,data\interim\chbmit\preprocessing_v1\chb03\chb03_28_preproc-v1_raw.fif,62728717,4fcdf3eb9ce9ea2c95eab89315fbfa7647d4a51176cccaba0e9ea7037ab67c51,preprocessing_v1,harmonization_v1,primary_17,1.12.1,3e33b1dcc42f16cd9604ba3aedc514ffa9e8bb93,2026-07-31T13:41:19.402535+00:00,success
chb03,chb03_29,E:/My_Github/epilepsy-eeg-hybrid-ai/data/raw/chbmit/chb03/chb03_29.edf,256.0,256.0,921600,921600,3600.0,3600.0,23,17,FP1-F7|F7-T7|T7-P7|P7-O1|FP1-F3|F3-C3|C3-P3|P3-O1|FZ-CZ|CZ-PZ|FP2-F4|F4-C4|C4-P4|P4-O2|FP2-F8|F8-T8|P8-O2,True,0.5,45.0,False,False,False,False,0,0,True,True,0,0,True,True,data\interim\chbmit\preprocessing_v1\chb03\chb03_29_preproc-v1_raw.fif,62728717,c916191a6978752f7a0e18a15a49afe4f77f2b8c13d079b7f549f5e1a643cf27,preprocessing_v1,harmonization_v1,primary_17,1.12.1,3e33b1dcc42f16cd9604ba3aedc514ffa9e8bb93,2026-07-31T13:41:19.402535+00:00,success
chb03,chb03_30,E:/My_Github/epilepsy-eeg-hybrid-ai/data/raw/chbmit/chb03/chb03_30.edf,256.0,256.0,921600,921600,3600.0,3600.0,23,17,FP1-F7|F7-T7|T7-P7|P7-O1|FP1-F3|F3-C3|C3-P3|P3-O1|FZ-CZ|CZ-PZ|FP2-F4|F4-C4|C4-P4|P4-O2|FP2-F8|F8-T8|P8-O2,True,0.5,45.0,False,False,False,False,0,0,True,True,0,0,True,True,data\interim\chbmit\preprocessing_v1\chb03\chb03_30_preproc-v1_raw.fif,62728717,f087d677948c55c9f1f3d993c045695fa2975df15f62dbed5fdea45633db6291,preprocessing_v1,harmonization_v1,primary_17,1.12.1,3e33b1dcc42f16cd9604ba3aedc514ffa9e8bb93,2026-07-31T13:41:19.402535+00:00,success
chb03,chb03_31,E:/My_Github/epilepsy-eeg-hybrid-ai/data/raw/chbmit/chb03/chb03_31.edf,256.0,256.0,921600,921600,3600.0,3600.0,23,17,FP1-F7|F7-T7|T7-P7|P7-O1|FP1-F3|F3-C3|C3-P3|P3-O1|FZ-CZ|CZ-PZ|FP2-F4|F4-C4|C4-P4|P4-O2|FP2-F8|F8-T8|P8-O2,True,0.5,45.0,False,False,False,False,0,0,True,True,0,0,True,True,data\interim\chbmit\preprocessing_v1\chb03\chb03_31_preproc-v1_raw.fif,62728717,20c475ed00dbee920bbce6bdb7c90b2a304b5a953d80f8a73655b516eaeb5f14,preprocessing_v1,harmonization_v1,primary_17,1.12.1,3e33b1dcc42f16cd9604ba3aedc514ffa9e8bb93,2026-07-31T13:41:19.402535+00:00,success
chb03,chb03_32,E:/My_Github/epilepsy-eeg-hybrid-ai/data/raw/chbmit/chb03/chb03_32.edf,256.0,256.0,921600,921600,3600.0,3600.0,23,17,FP1-F7|F7-T7|T7-P7|P7-O1|FP1-F3|F3-C3|C3-P3|P3-O1|FZ-CZ|CZ-PZ|FP2-F4|F4-C4|C4-P4|P4-O2|FP2-F8|F8-T8|P8-O2,True,0.5,45.0,False,False,False,False,0,0,True,True,0,0,True,True,data\interim\chbmit\preprocessing_v1\chb03\chb03_32_preproc-v1_raw.fif,62728717,12d2bdc4ef09c203b4d5e261e75fdb9ec8c693ced126a6b40af05b4b2e82aa78,preprocessing_v1,harmonization_v1,primary_17,1.12.1,3e33b1dcc42f16cd9604ba3aedc514ffa9e8bb93,2026-07-31T13:41:19.402535+00:00,success
chb03,chb03_33,E:/My_Github/epilepsy-eeg-hybrid-ai/data/raw/chbmit/chb03/chb03_33.edf,256.0,256.0,921600,921600,3600.0,3600.0,23,17,FP1-F7|F7-T7|T7-P7|P7-O1|FP1-F3|F3-C3|C3-P3|P3-O1|FZ-CZ|CZ-PZ|FP2-F4|F4-C4|C4-P4|P4-O2|FP2-F8|F8-T8|P8-O2,True,0.5,45.0,False,False,False,False,0,0,True,True,0,0,True,True,data\interim\chbmit\preprocessing_v1\chb03\chb03_33_preproc-v1_raw.fif,62728717,ace17e2d9726eeb7795a71339f49cce5b482132cee6ec542ac09016036d40c30,preprocessing_v1,harmonization_v1,primary_17,1.12.1,3e33b1dcc42f16cd9604ba3aedc514ffa9e8bb93,2026-07-31T13:41:19.402535+00:00,success
chb03,chb03_34,E:/My_Github/epilepsy-eeg-hybrid-ai/data/raw/chbmit/chb03/chb03_34.edf,256.0,256.0,921600,921600,3600.0,3600.0,23,17,FP1-F7|F7-T7|T7-P7|P7-O1|FP1-F3|F3-C3|C3-P3|P3-O1|FZ-CZ|CZ-PZ|FP2-F4|F4-C4|C4-P4|P4-O2|FP2-F8|F8-T8|P8-O2,True,0.5,45.0,False,False,False,False,1,1,True,True,1,1,True,True,data\interim\chbmit\preprocessing_v1\chb03\chb03_34_preproc-v1_raw.fif,62728838,7a4a7993d5c34efed5a42533949fa25406921372c48eb1e094a2a6d3c6f9daa1,preprocessing_v1,harmonization_v1,primary_17,1.12.1,3e33b1dcc42f16cd9604ba3aedc514ffa9e8bb93,2026-07-31T13:41:19.402535+00:00,success
chb03,chb03_35,E:/My_Github/epilepsy-eeg-hybrid-ai/data/raw/chbmit/chb03/chb03_35.edf,256.0,256.0,921600,921600,3600.0,3600.0,23,17,FP1-F7|F7-T7|T7-P7|P7-O1|FP1-F3|F3-C3|C3-P3|P3-O1|FZ-CZ|CZ-PZ|FP2-F4|F4-C4|C4-P4|P4-O2|FP2-F8|F8-T8|P8-O2,True,0.5,45.0,False,False,False,False,1,1,True,True,1,1,True,True,data\interim\chbmit\preprocessing_v1\chb03\chb03_35_preproc-v1_raw.fif,62728838,cd8152753d8976e513b0a61127acab86be191fce4d054e92c16f7b54baf3ff15,preprocessing_v1,harmonization_v1,primary_17,1.12.1,3e33b1dcc42f16cd9604ba3aedc514ffa9e8bb93,2026-07-31T13:41:19.402535+00:00,success
chb03,chb03_36,E:/My_Github/epilepsy-eeg-hybrid-ai/data/raw/chbmit/chb03/chb03_36.edf,256.0,256.0,921600,921600,3600.0,3600.0,23,17,FP1-F7|F7-T7|T7-P7|P7-O1|FP1-F3|F3-C3|C3-P3|P3-O1|FZ-CZ|CZ-PZ|FP2-F4|F4-C4|C4-P4|P4-O2|FP2-F8|F8-T8|P8-O2,True,0.5,45.0,False,False,False,False,1,1,True,True,1,1,True,True,data\interim\chbmit\preprocessing_v1\chb03\chb03_36_preproc-v1_raw.fif,62728838,aa84ed2c9a6f3cbc3cf823e7d6f264104966d6ac80737ec209c1979028f1637b,preprocessing_v1,harmonization_v1,primary_17,1.12.1,3e33b1dcc42f16cd9604ba3aedc514ffa9e8bb93,2026-07-31T13:41:19.402535+00:00,success
chb03,chb03_37,E:/My_Github/epilepsy-eeg-hybrid-ai/data/raw/chbmit/chb03/chb03_37.edf,256.0,256.0,921600,921600,3600.0,3600.0,23,17,FP1-F7|F7-T7|T7-P7|P7-O1|FP1-F3|F3-C3|C3-P3|P3-O1|FZ-CZ|CZ-PZ|FP2-F4|F4-C4|C4-P4|P4-O2|FP2-F8|F8-T8|P8-O2,True,0.5,45.0,False,False,False,False,0,0,True,True,0,0,True,True,data\interim\chbmit\preprocessing_v1\chb03\chb03_37_preproc-v1_raw.fif,62728717,4e9b9f2f71b48b8802101e66cb3b4b29a815ddc49549407eff117f13aa89abaa,preprocessing_v1,harmonization_v1,primary_17,1.12.1,3e33b1dcc42f16cd9604ba3aedc514ffa9e8bb93,2026-07-31T13:41:19.402535+00:00,success
chb03,chb03_38,E:/My_Github/epilepsy-eeg-hybrid-ai/data/raw/chbmit/chb03/chb03_38.edf,256.0,256.0,921600,921600,3600.0,3600.0,23,17,FP1-F7|F7-T7|T7-P7|P7-O1|FP1-F3|F3-C3|C3-P3|P3-O1|FZ-CZ|CZ-PZ|FP2-F4|F4-C4|C4-P4|P4-O2|FP2-F8|F8-T8|P8-O2,True,0.5,45.0,False,False,False,False,0,0,True,True,0,0,True,True,data\interim\chbmit\preprocessing_v1\chb03\chb03_38_preproc-v1_raw.fif,62728717,d9ef0fe9264d0fc5f536594ca6919a7d19ceec5a52562a6f632bece9638e1d9f,preprocessing_v1,harmonization_v1,primary_17,1.12.1,3e33b1dcc42f16cd9604ba3aedc514ffa9e8bb93,2026-07-31T13:41:19.402535+00:00,success
chb04,chb04_01,E:/My_Github/epilepsy-eeg-hybrid-ai/data/raw/chbmit/chb04/chb04_01.edf,256.0,256.0,3685888,3685888,14398.0,14398.0,23,17,FP1-F7|F7-T7|T7-P7|P7-O1|FP1-F3|F3-C3|C3-P3|P3-O1|FZ-CZ|CZ-PZ|FP2-F4|F4-C4|C4-P4|P4-O2|FP2-F8|F8-T8|P8-O2,True,0.5,45.0,False,False,False,False,0,0,True,True,0,0,True,True,data\interim\chbmit\preprocessing_v1\chb04\chb04_01_preproc-v1_raw.fif,250873069,bfec647ef2ce8ad26b47530336257dc8d2dae747e621a0ac81970441b9d57ede,preprocessing_v1,harmonization_v1,primary_17,1.12.1,3e33b1dcc42f16cd9604ba3aedc514ffa9e8bb93,2026-07-31T13:41:19.402535+00:00,success
chb04,chb04_02,E:/My_Github/epilepsy-eeg-hybrid-ai/data/raw/chbmit/chb04/chb04_02.edf,256.0,256.0,3686400,3686400,14400.0,14400.0,23,17,FP1-F7|F7-T7|T7-P7|P7-O1|FP1-F3|F3-C3|C3-P3|P3-O1|FZ-CZ|CZ-PZ|FP2-F4|F4-C4|C4-P4|P4-O2|FP2-F8|F8-T8|P8-O2,True,0.5,45.0,False,False,False,False,0,0,True,True,0,0,True,True,data\interim\chbmit\preprocessing_v1\chb04\chb04_02_preproc-v1_raw.fif,250907917,ec5f1e69993434929f80aaa4e87587e2e8e2730424390c708901479c8045bae7,preprocessing_v1,harmonization_v1,primary_17,1.12.1,3e33b1dcc42f16cd9604ba3aedc514ffa9e8bb93,2026-07-31T13:41:19.402535+00:00,success
chb04,chb04_03,E:/My_Github/epilepsy-eeg-hybrid-ai/data/raw/chbmit/chb04/chb04_03.edf,256.0,256.0,3686400,3686400,14400.0,14400.0,23,17,FP1-F7|F7-T7|T7-P7|P7-O1|FP1-F3|F3-C3|C3-P3|P3-O1|FZ-CZ|CZ-PZ|FP2-F4|F4-C4|C4-P4|P4-O2|FP2-F8|F8-T8|P8-O2,True,0.5,45.0,False,False,False,False,0,0,True,True,0,0,True,True,data\interim\chbmit\preprocessing_v1\chb04\chb04_03_preproc-v1_raw.fif,250907917,1e18afd9c54321733617c1f5e955e0afdc2a060ac2186805ae68f7c90214ac0c,preprocessing_v1,harmonization_v1,primary_17,1.12.1,3e33b1dcc42f16cd9604ba3aedc514ffa9e8bb93,2026-07-31T13:41:19.402535+00:00,success
chb04,chb04_04,E:/My_Github/epilepsy-eeg-hybrid-ai/data/raw/chbmit/chb04/chb04_04.edf,256.0,256.0,3686400,3686400,14400.0,14400.0,23,17,FP1-F7|F7-T7|T7-P7|P7-O1|FP1-F3|F3-C3|C3-P3|P3-O1|FZ-CZ|CZ-PZ|FP2-F4|F4-C4|C4-P4|P4-O2|FP2-F8|F8-T8|P8-O2,True,0.5,45.0,False,False,False,False,0,0,True,True,0,0,True,True,data\interim\chbmit\preprocessing_v1\chb04\chb04_04_preproc-v1_raw.fif,250907917,dedad363019fb934e37d09e5027a68036f94e31d3a249c52bc087b59af8a7711,preprocessing_v1,harmonization_v1,primary_17,1.12.1,3e33b1dcc42f16cd9604ba3aedc514ffa9e8bb93,2026-07-31T13:41:19.402535+00:00,success
chb04,chb04_05,E:/My_Github/epilepsy-eeg-hybrid-ai/data/raw/chbmit/chb04/chb04_05.edf,256.0,256.0,2441216,2441216,9536.0,9536.0,23,17,FP1-F7|F7-T7|T7-P7|P7-O1|FP1-F3|F3-C3|C3-P3|P3-O1|FZ-CZ|CZ-PZ|FP2-F4|F4-C4|C4-P4|P4-O2|FP2-F8|F8-T8|P8-O2,True,0.5,45.0,False,False,False,False,1,1,True,True,1,1,True,True,data\interim\chbmit\preprocessing_v1\chb04\chb04_05_preproc-v1_raw.fif,166157702,fb3e35184a1a605df15c7ed9b1a093ab8bce31d207153e78364129325aec7c62,preprocessing_v1,harmonization_v1,primary_17,1.12.1,3e33b1dcc42f16cd9604ba3aedc514ffa9e8bb93,2026-07-31T13:41:19.402535+00:00,success
chb04,chb04_06,E:/My_Github/epilepsy-eeg-hybrid-ai/data/raw/chbmit/chb04/chb04_06.edf,256.0,256.0,3686400,3686400,14400.0,14400.0,23,17,FP1-F7|F7-T7|T7-P7|P7-O1|FP1-F3|F3-C3|C3-P3|P3-O1|FZ-CZ|CZ-PZ|FP2-F4|F4-C4|C4-P4|P4-O2|FP2-F8|F8-T8|P8-O2,True,0.5,45.0,False,False,False,False,0,0,True,True,0,0,True,True,data\interim\chbmit\preprocessing_v1\chb04\chb04_06_preproc-v1_raw.fif,250907917,e1c1c37e6e91e88215fb02ce6b3cf163fa6807b2fec800a38ce2125b2db5e856,preprocessing_v1,harmonization_v1,primary_17,1.12.1,3e33b1dcc42f16cd9604ba3aedc514ffa9e8bb93,2026-07-31T13:41:19.402535+00:00,success
chb04,chb04_07,E:/My_Github/epilepsy-eeg-hybrid-ai/data/raw/chbmit/chb04/chb04_07.edf,256.0,256.0,1918976,1918976,7496.0,7496.0,24,17,FP1-F7|F7-T7|T7-P7|P7-O1|FP1-F3|F3-C3|C3-P3|P3-O1|FZ-CZ|CZ-PZ|FP2-F4|F4-C4|C4-P4|P4-O2|FP2-F8|F8-T8|P8-O2,True,0.5,45.0,False,False,False,False,0,0,True,True,0,0,True,True,data\interim\chbmit\preprocessing_v1\chb04\chb04_07_preproc-v1_raw.fif,130612621,e512ec1eaca8e49a1388eda644887ca93e21319bbcba3612d68e5c92338aa02f,preprocessing_v1,harmonization_v1,primary_17,1.12.1,3e33b1dcc42f16cd9604ba3aedc514ffa9e8bb93,2026-07-31T13:41:19.402535+00:00,success
chb04,chb04_08,E:/My_Github/epilepsy-eeg-hybrid-ai/data/raw/chbmit/chb04/chb04_08.edf,256.0,256.0,3686400,3686400,14400.0,14400.0,24,17,FP1-F7|F7-T7|T7-P7|P7-O1|FP1-F3|F3-C3|C3-P3|P3-O1|FZ-CZ|CZ-PZ|FP2-F4|F4-C4|C4-P4|P4-O2|FP2-F8|F8-T8|P8-O2,True,0.5,45.0,False,False,False,False,1,1,True,True,1,1,True,True,data\interim\chbmit\preprocessing_v1\chb04\chb04_08_preproc-v1_raw.fif,250908038,d6ed0c2c6fef69818b9917d64a320949b57f070057bad27603eba901f873549b,preprocessing_v1,harmonization_v1,primary_17,1.12.1,3e33b1dcc42f16cd9604ba3aedc514ffa9e8bb93,2026-07-31T13:41:19.402535+00:00,success
chb04,chb04_09,E:/My_Github/epilepsy-eeg-hybrid-ai/data/raw/chbmit/chb04/chb04_09.edf,256.0,256.0,3686400,3686400,14400.0,14400.0,24,17,FP1-F7|F7-T7|T7-P7|P7-O1|FP1-F3|F3-C3|C3-P3|P3-O1|FZ-CZ|CZ-PZ|FP2-F4|F4-C4|C4-P4|P4-O2|FP2-F8|F8-T8|P8-O2,True,0.5,45.0,False,False,False,False,0,0,True,True,0,0,True,True,data\interim\chbmit\preprocessing_v1\chb04\chb04_09_preproc-v1_raw.fif,250907917,1e234903fdb66a892676dda1ad0a6b7ceaa97e6eae45ee6d96f8c1d08cc1ff09,preprocessing_v1,harmonization_v1,primary_17,1.12.1,3e33b1dcc42f16cd9604ba3aedc514ffa9e8bb93,2026-07-31T13:41:19.402535+00:00,success
chb04,chb04_10,E:/My_Github/epilepsy-eeg-hybrid-ai/data/raw/chbmit/chb04/chb04_10.edf,256.0,256.0,3686400,3686400,14400.0,14400.0,24,17,FP1-F7|F7-T7|T7-P7|P7-O1|FP1-F3|F3-C3|C3-P3|P3-O1|FZ-CZ|CZ-PZ|FP2-F4|F4-C4|C4-P4|P4-O2|FP2-F8|F8-T8|P8-O2,True,0.5,45.0,False,False,False,False,0,0,True,True,0,0,True,True,data\interim\chbmit\preprocessing_v1\chb04\chb04_10_preproc-v1_raw.fif,250907917,b8fd65f625cf725bab6cce7a8631a89862bc97f5b09949941c45886aa13a6a75,preprocessing_v1,harmonization_v1,primary_17,1.12.1,3e33b1dcc42f16cd9604ba3aedc514ffa9e8bb93,2026-07-31T13:41:19.402535+00:00,success
chb04,chb04_11,E:/My_Github/epilepsy-eeg-hybrid-ai/data/raw/chbmit/chb04/chb04_11.edf,256.0,256.0,1236992,1236992,4832.0,4832.0,24,17,FP1-F7|F7-T7|T7-P7|P7-O1|FP1-F3|F3-C3|C3-P3|P3-O1|FZ-CZ|CZ-PZ|FP2-F4|F4-C4|C4-P4|P4-O2|FP2-F8|F8-T8|P8-O2,True,0.5,45.0,False,False,False,False,0,0,True,True,0,0,True,True,data\interim\chbmit\preprocessing_v1\chb04\chb04_11_preproc-v1_raw.fif,84195085,d6e29a758ded4949f21a494ad5279991ab039b14b72551595d7fd29d1c741889,preprocessing_v1,harmonization_v1,primary_17,1.12.1,3e33b1dcc42f16cd9604ba3aedc514ffa9e8bb93,2026-07-31T13:41:19.402535+00:00,success
chb04,chb04_12,E:/My_Github/epilepsy-eeg-hybrid-ai/data/raw/chbmit/chb04/chb04_12.edf,256.0,256.0,3691520,3691520,14420.0,14420.0,24,17,FP1-F7|F7-T7|T7-P7|P7-O1|FP1-F3|F3-C3|C3-P3|P3-O1|FZ-CZ|CZ-PZ|FP2-F4|F4-C4|C4-P4|P4-O2|FP2-F8|F8-T8|P8-O2,True,0.5,45.0,False,False,False,False,0,0,True,True,0,0,True,True,data\interim\chbmit\preprocessing_v1\chb04\chb04_12_preproc-v1_raw.fif,251256397,532032558da7650fd44c2c6b8295f5d540f342647ac6e948a307e355329176ee,preprocessing_v1,harmonization_v1,primary_17,1.12.1,3e33b1dcc42f16cd9604ba3aedc514ffa9e8bb93,2026-07-31T13:41:19.402535+00:00,success
chb04,chb04_13,E:/My_Github/epilepsy-eeg-hybrid-ai/data/raw/chbmit/chb04/chb04_13.edf,256.0,256.0,3685888,3685888,14398.0,14398.0,24,17,FP1-F7|F7-T7|T7-P7|P7-O1|FP1-F3|F3-C3|C3-P3|P3-O1|FZ-CZ|CZ-PZ|FP2-F4|F4-C4|C4-P4|P4-O2|FP2-F8|F8-T8|P8-O2,True,0.5,45.0,False,False,False,False,0,0,True,True,0,0,True,True,data\interim\chbmit\preprocessing_v1\chb04\chb04_13_preproc-v1_raw.fif,250873069,075abb2b1ca4082f646fce2c8e6ff0e3a483baf7bc3571d25a2ceecaadc5ccb8,preprocessing_v1,harmonization_v1,primary_17,1.12.1,3e33b1dcc42f16cd9604ba3aedc514ffa9e8bb93,2026-07-31T13:41:19.402535+00:00,success
chb04,chb04_14,E:/My_Github/epilepsy-eeg-hybrid-ai/data/raw/chbmit/chb04/chb04_14.edf,256.0,256.0,3691008,3691008,14418.0,14418.0,24,17,FP1-F7|F7-T7|T7-P7|P7-O1|FP1-F3|F3-C3|C3-P3|P3-O1|FZ-CZ|CZ-PZ|FP2-F4|F4-C4|C4-P4|P4-O2|FP2-F8|F8-T8|P8-O2,True,0.5,45.0,False,False,False,False,0,0,True,True,0,0,True,True,data\interim\chbmit\preprocessing_v1\chb04\chb04_14_preproc-v1_raw.fif,251221549,3ddf6da93c17902a5b09baf9b64e308092dae9a17d060962ae004f8fe992b480,preprocessing_v1,harmonization_v1,primary_17,1.12.1,3e33b1dcc42f16cd9604ba3aedc514ffa9e8bb93,2026-07-31T13:41:19.402535+00:00,success
chb04,chb04_15,E:/My_Github/epilepsy-eeg-hybrid-ai/data/raw/chbmit/chb04/chb04_15.edf,256.0,256.0,3686400,3686400,14400.0,14400.0,24,17,FP1-F7|F7-T7|T7-P7|P7-O1|FP1-F3|F3-C3|C3-P3|P3-O1|FZ-CZ|CZ-PZ|FP2-F4|F4-C4|C4-P4|P4-O2|FP2-F8|F8-T8|P8-O2,True,0.5,45.0,False,False,False,False,0,0,True,True,0,0,True,True,data\interim\chbmit\preprocessing_v1\chb04\chb04_15_preproc-v1_raw.fif,250907917,405c5c7931dd4978b00bbee3a54e56f984f3985f17c57633998c4c3e4a2e6c55,preprocessing_v1,harmonization_v1,primary_17,1.12.1,3e33b1dcc42f16cd9604ba3aedc514ffa9e8bb93,2026-07-31T13:41:19.402535+00:00,success
chb04,chb04_16,E:/My_Github/epilepsy-eeg-hybrid-ai/data/raw/chbmit/chb04/chb04_16.edf,256.0,256.0,3686400,3686400,14400.0,14400.0,24,17,FP1-F7|F7-T7|T7-P7|P7-O1|FP1-F3|F3-C3|C3-P3|P3-O1|FZ-CZ|CZ-PZ|FP2-F4|F4-C4|C4-P4|P4-O2|FP2-F8|F8-T8|P8-O2,True,0.5,45.0,False,False,False,False,0,0,True,True,0,0,True,True,data\interim\chbmit\preprocessing_v1\chb04\chb04_16_preproc-v1_raw.fif,250907917,41d0d050ed434523f60bae98d741f6e32d23a13b98d38ce645938c46390a79fd,preprocessing_v1,harmonization_v1,primary_17,1.12.1,3e33b1dcc42f16cd9604ba3aedc514ffa9e8bb93,2026-07-31T13:41:19.402535+00:00,success
chb04,chb04_17,E:/My_Github/epilepsy-eeg-hybrid-ai/data/raw/chbmit/chb04/chb04_17.edf,256.0,256.0,3515392,3515392,13732.0,13732.0,24,17,FP1-F7|F7-T7|T7-P7|P7-O1|FP1-F3|F3-C3|C3-P3|P3-O1|FZ-CZ|CZ-PZ|FP2-F4|F4-C4|C4-P4|P4-O2|FP2-F8|F8-T8|P8-O2,True,0.5,45.0,False,False,False,False,0,0,True,True,0,0,True,True,data\interim\chbmit\preprocessing_v1\chb04\chb04_17_preproc-v1_raw.fif,239268685,268666fe164802a2ded9ff29a759cbd536fc4ab4c311991c19f533e875ad133f,preprocessing_v1,harmonization_v1,primary_17,1.12.1,3e33b1dcc42f16cd9604ba3aedc514ffa9e8bb93,2026-07-31T13:41:19.402535+00:00,success
chb04,chb04_18,E:/My_Github/epilepsy-eeg-hybrid-ai/data/raw/chbmit/chb04/chb04_18.edf,256.0,256.0,3692800,3692800,14425.0,14425.0,24,17,FP1-F7|F7-T7|T7-P7|P7-O1|FP1-F3|F3-C3|C3-P3|P3-O1|FZ-CZ|CZ-PZ|FP2-F4|F4-C4|C4-P4|P4-O2|FP2-F8|F8-T8|P8-O2,True,0.5,45.0,False,False,False,False,0,0,True,True,0,0,True,True,data\interim\chbmit\preprocessing_v1\chb04\chb04_18_preproc-v1_raw.fif,251343517,cd0caf0697554617dc32af4bcd27e7a375f739be962d021bd345593433c3210c,preprocessing_v1,harmonization_v1,primary_17,1.12.1,3e33b1dcc42f16cd9604ba3aedc514ffa9e8bb93,2026-07-31T13:41:19.402535+00:00,success
chb04,chb04_19,E:/My_Github/epilepsy-eeg-hybrid-ai/data/raw/chbmit/chb04/chb04_19.edf,256.0,256.0,3686400,3686400,14400.0,14400.0,24,17,FP1-F7|F7-T7|T7-P7|P7-O1|FP1-F3|F3-C3|C3-P3|P3-O1|FZ-CZ|CZ-PZ|FP2-F4|F4-C4|C4-P4|P4-O2|FP2-F8|F8-T8|P8-O2,True,0.5,45.0,False,False,False,False,0,0,True,True,0,0,True,True,data\interim\chbmit\preprocessing_v1\chb04\chb04_19_preproc-v1_raw.fif,250907917,62699e69f022d797a854243a8dde17cd6dc15a23515e2813559a650768a47a5e,preprocessing_v1,harmonization_v1,primary_17,1.12.1,3e33b1dcc42f16cd9604ba3aedc514ffa9e8bb93,2026-07-31T13:41:19.402535+00:00,success
chb04,chb04_21,E:/My_Github/epilepsy-eeg-hybrid-ai/data/raw/chbmit/chb04/chb04_21.edf,256.0,256.0,3686400,3686400,14400.0,14400.0,24,17,FP1-F7|F7-T7|T7-P7|P7-O1|FP1-F3|F3-C3|C3-P3|P3-O1|FZ-CZ|CZ-PZ|FP2-F4|F4-C4|C4-P4|P4-O2|FP2-F8|F8-T8|P8-O2,True,0.5,45.0,False,False,False,False,0,0,True,True,0,0,True,True,data\interim\chbmit\preprocessing_v1\chb04\chb04_21_preproc-v1_raw.fif,250907917,ce7a1827b137a1d3ca8f5fa526205195b197b9b34f50475b74d07e91fec77088,preprocessing_v1,harmonization_v1,primary_17,1.12.1,3e33b1dcc42f16cd9604ba3aedc514ffa9e8bb93,2026-07-31T13:41:19.402535+00:00,success
chb04,chb04_22,E:/My_Github/epilepsy-eeg-hybrid-ai/data/raw/chbmit/chb04/chb04_22.edf,256.0,256.0,3686400,3686400,14400.0,14400.0,24,17,FP1-F7|F7-T7|T7-P7|P7-O1|FP1-F3|F3-C3|C3-P3|P3-O1|FZ-CZ|CZ-PZ|FP2-F4|F4-C4|C4-P4|P4-O2|FP2-F8|F8-T8|P8-O2,True,0.5,45.0,False,False,False,False,0,0,True,True,0,0,True,True,data\interim\chbmit\preprocessing_v1\chb04\chb04_22_preproc-v1_raw.fif,250907917,cc62b91cbac059590a56f88a8da14ecadea8d81471c86df4032e74e37f026806,preprocessing_v1,harmonization_v1,primary_17,1.12.1,3e33b1dcc42f16cd9604ba3aedc514ffa9e8bb93,2026-07-31T13:41:19.402535+00:00,success
chb04,chb04_23,E:/My_Github/epilepsy-eeg-hybrid-ai/data/raw/chbmit/chb04/chb04_23.edf,256.0,256.0,2735104,2735104,10684.0,10684.0,24,17,FP1-F7|F7-T7|T7-P7|P7-O1|FP1-F3|F3-C3|C3-P3|P3-O1|FZ-CZ|CZ-PZ|FP2-F4|F4-C4|C4-P4|P4-O2|FP2-F8|F8-T8|P8-O2,True,0.5,45.0,False,False,False,False,0,0,True,True,0,0,True,True,data\interim\chbmit\preprocessing_v1\chb04\chb04_23_preproc-v1_raw.fif,186160333,691d120dfdc8f338e676dc535856e63cdc40a25c95a6f57c3ee36acd20e0ce3a,preprocessing_v1,harmonization_v1,primary_17,1.12.1,3e33b1dcc42f16cd9604ba3aedc514ffa9e8bb93,2026-07-31T13:41:19.402535+00:00,success
chb04,chb04_24,E:/My_Github/epilepsy-eeg-hybrid-ai/data/raw/chbmit/chb04/chb04_24.edf,256.0,256.0,3687936,3687936,14406.0,14406.0,24,17,FP1-F7|F7-T7|T7-P7|P7-O1|FP1-F3|F3-C3|C3-P3|P3-O1|FZ-CZ|CZ-PZ|FP2-F4|F4-C4|C4-P4|P4-O2|FP2-F8|F8-T8|P8-O2,True,0.5,45.0,False,False,False,False,0,0,True,True,0,0,True,True,data\interim\chbmit\preprocessing_v1\chb04\chb04_24_preproc-v1_raw.fif,251012461,625baf850549841c28c1c3ba31bac5c38c8458dd69def71847c15e918c375837,preprocessing_v1,harmonization_v1,primary_17,1.12.1,3e33b1dcc42f16cd9604ba3aedc514ffa9e8bb93,2026-07-31T13:41:19.402535+00:00,success
chb04,chb04_25,E:/My_Github/epilepsy-eeg-hybrid-ai/data/raw/chbmit/chb04/chb04_25.edf,256.0,256.0,3686400,3686400,14400.0,14400.0,24,17,FP1-F7|F7-T7|T7-P7|P7-O1|FP1-F3|F3-C3|C3-P3|P3-O1|FZ-CZ|CZ-PZ|FP2-F4|F4-C4|C4-P4|P4-O2|FP2-F8|F8-T8|P8-O2,True,0.5,45.0,False,False,False,False,0,0,True,True,0,0,True,True,data\interim\chbmit\preprocessing_v1\chb04\chb04_25_preproc-v1_raw.fif,250907917,df26a4313bf90ca56c6999619605782555cbe6a9ff6108301a0aadf26e129d04,preprocessing_v1,harmonization_v1,primary_17,1.12.1,3e33b1dcc42f16cd9604ba3aedc514ffa9e8bb93,2026-07-31T13:41:19.402535+00:00,success
chb04,chb04_26,E:/My_Github/epilepsy-eeg-hybrid-ai/data/raw/chbmit/chb04/chb04_26.edf,256.0,256.0,3686400,3686400,14400.0,14400.0,24,17,FP1-F7|F7-T7|T7-P7|P7-O1|FP1-F3|F3-C3|C3-P3|P3-O1|FZ-CZ|CZ-PZ|FP2-F4|F4-C4|C4-P4|P4-O2|FP2-F8|F8-T8|P8-O2,True,0.5,45.0,False,False,False,False,0,0,True,True,0,0,True,True,data\interim\chbmit\preprocessing_v1\chb04\chb04_26_preproc-v1_raw.fif,250907917,e8be325335042276bac8334a4794993133fc5bc44589b617f04216646a24d2a3,preprocessing_v1,harmonization_v1,primary_17,1.12.1,3e33b1dcc42f16cd9604ba3aedc514ffa9e8bb93,2026-07-31T13:41:19.402535+00:00,success
chb04,chb04_27,E:/My_Github/epilepsy-eeg-hybrid-ai/data/raw/chbmit/chb04/chb04_27.edf,256.0,256.0,3693312,3693312,14427.0,14427.0,24,17,FP1-F7|F7-T7|T7-P7|P7-O1|FP1-F3|F3-C3|C3-P3|P3-O1|FZ-CZ|CZ-PZ|FP2-F4|F4-C4|C4-P4|P4-O2|FP2-F8|F8-T8|P8-O2,True,0.5,45.0,False,False,False,False,0,0,True,True,0,0,True,True,data\interim\chbmit\preprocessing_v1\chb04\chb04_27_preproc-v1_raw.fif,251378365,e11a2727fa1f551e3fce8407ba30ef78e2ff8f8e7020a17e72add201836a8710,preprocessing_v1,harmonization_v1,primary_17,1.12.1,3e33b1dcc42f16cd9604ba3aedc514ffa9e8bb93,2026-07-31T13:41:19.402535+00:00,success
chb04,chb04_28,E:/My_Github/epilepsy-eeg-hybrid-ai/data/raw/chbmit/chb04/chb04_28.edf,256.0,256.0,3692288,3692288,14423.0,14423.0,24,17,FP1-F7|F7-T7|T7-P7|P7-O1|FP1-F3|F3-C3|C3-P3|P3-O1|FZ-CZ|CZ-PZ|FP2-F4|F4-C4|C4-P4|P4-O2|FP2-F8|F8-T8|P8-O2,True,0.5,45.0,False,False,False,False,2,2,True,True,2,2,True,True,data\interim\chbmit\preprocessing_v1\chb04\chb04_28_preproc-v1_raw.fif,251308808,b1b581aa25d9dea120d940a851060091b0c78b133fa660c13021bf88517d9b95,preprocessing_v1,harmonization_v1,primary_17,1.12.1,3e33b1dcc42f16cd9604ba3aedc514ffa9e8bb93,2026-07-31T13:41:19.402535+00:00,success
chb04,chb04_29,E:/My_Github/epilepsy-eeg-hybrid-ai/data/raw/chbmit/chb04/chb04_29.edf,256.0,256.0,3687168,3687168,14403.0,14403.0,24,17,FP1-F7|F7-T7|T7-P7|P7-O1|FP1-F3|F3-C3|C3-P3|P3-O1|FZ-CZ|CZ-PZ|FP2-F4|F4-C4|C4-P4|P4-O2|FP2-F8|F8-T8|P8-O2,True,0.5,45.0,False,False,False,False,0,0,True,True,0,0,True,True,data\interim\chbmit\preprocessing_v1\chb04\chb04_29_preproc-v1_raw.fif,250960189,d3d34355a466b243160ca20207401c635b87d53067e89557bf2f6b0124cda389,preprocessing_v1,harmonization_v1,primary_17,1.12.1,3e33b1dcc42f16cd9604ba3aedc514ffa9e8bb93,2026-07-31T13:41:19.402535+00:00,success
chb04,chb04_30,E:/My_Github/epilepsy-eeg-hybrid-ai/data/raw/chbmit/chb04/chb04_30.edf,256.0,256.0,3686400,3686400,14400.0,14400.0,24,17,FP1-F7|F7-T7|T7-P7|P7-O1|FP1-F3|F3-C3|C3-P3|P3-O1|FZ-CZ|CZ-PZ|FP2-F4|F4-C4|C4-P4|P4-O2|FP2-F8|F8-T8|P8-O2,True,0.5,45.0,False,False,False,False,0,0,True,True,0,0,True,True,data\interim\chbmit\preprocessing_v1\chb04\chb04_30_preproc-v1_raw.fif,250907917,f696564f1ff1cdc4e146b6f881beccbd93b2bfe484a19028b8d52b368fbbc519,preprocessing_v1,harmonization_v1,primary_17,1.12.1,3e33b1dcc42f16cd9604ba3aedc514ffa9e8bb93,2026-07-31T13:41:19.402535+00:00,success
chb04,chb04_31,E:/My_Github/epilepsy-eeg-hybrid-ai/data/raw/chbmit/chb04/chb04_31.edf,256.0,256.0,3686400,3686400,14400.0,14400.0,24,17,FP1-F7|F7-T7|T7-P7|P7-O1|FP1-F3|F3-C3|C3-P3|P3-O1|FZ-CZ|CZ-PZ|FP2-F4|F4-C4|C4-P4|P4-O2|FP2-F8|F8-T8|P8-O2,True,0.5,45.0,False,False,False,False,0,0,True,True,0,0,True,True,data\interim\chbmit\preprocessing_v1\chb04\chb04_31_preproc-v1_raw.fif,250907917,7e555648c65e7ba680afd53a52f68819b6ef0aeb2f88b13459bcfb95f38f7229,preprocessing_v1,harmonization_v1,primary_17,1.12.1,3e33b1dcc42f16cd9604ba3aedc514ffa9e8bb93,2026-07-31T13:41:19.402535+00:00,success
chb04,chb04_32,E:/My_Github/epilepsy-eeg-hybrid-ai/data/raw/chbmit/chb04/chb04_32.edf,256.0,256.0,3686400,3686400,14400.0,14400.0,24,17,FP1-F7|F7-T7|T7-P7|P7-O1|FP1-F3|F3-C3|C3-P3|P3-O1|FZ-CZ|CZ-PZ|FP2-F4|F4-C4|C4-P4|P4-O2|FP2-F8|F8-T8|P8-O2,True,0.5,45.0,False,False,False,False,0,0,True,True,0,0,True,True,data\interim\chbmit\preprocessing_v1\chb04\chb04_32_preproc-v1_raw.fif,250907917,784c72cc5b31a4b1c9abccc15e8a3b0ce1061b03406671795223a4c867f66832,preprocessing_v1,harmonization_v1,primary_17,1.12.1,3e33b1dcc42f16cd9604ba3aedc514ffa9e8bb93,2026-07-31T13:41:19.402535+00:00,success
chb04,chb04_33,E:/My_Github/epilepsy-eeg-hybrid-ai/data/raw/chbmit/chb04/chb04_33.edf,256.0,256.0,3686400,3686400,14400.0,14400.0,24,17,FP1-F7|F7-T7|T7-P7|P7-O1|FP1-F3|F3-C3|C3-P3|P3-O1|FZ-CZ|CZ-PZ|FP2-F4|F4-C4|C4-P4|P4-O2|FP2-F8|F8-T8|P8-O2,True,0.5,45.0,False,False,False,False,0,0,True,True,0,0,True,True,data\interim\chbmit\preprocessing_v1\chb04\chb04_33_preproc-v1_raw.fif,250907917,f258698ef9bc4ff9e18bf5966c5c5861affd572e3d3582cac10582513301ea98,preprocessing_v1,harmonization_v1,primary_17,1.12.1,3e33b1dcc42f16cd9604ba3aedc514ffa9e8bb93,2026-07-31T13:41:19.402535+00:00,success
chb04,chb04_34,E:/My_Github/epilepsy-eeg-hybrid-ai/data/raw/chbmit/chb04/chb04_34.edf,256.0,256.0,3686400,3686400,14400.0,14400.0,24,17,FP1-F7|F7-T7|T7-P7|P7-O1|FP1-F3|F3-C3|C3-P3|P3-O1|FZ-CZ|CZ-PZ|FP2-F4|F4-C4|C4-P4|P4-O2|FP2-F8|F8-T8|P8-O2,True,0.5,45.0,False,False,False,False,0,0,True,True,0,0,True,True,data\interim\chbmit\preprocessing_v1\chb04\chb04_34_preproc-v1_raw.fif,250907917,1d8b3b1fc05b0687921760e6df32caf8417309a061a55064de1b8995819d453e,preprocessing_v1,harmonization_v1,primary_17,1.12.1,3e33b1dcc42f16cd9604ba3aedc514ffa9e8bb93,2026-07-31T13:41:19.402535+00:00,success
chb04,chb04_35,E:/My_Github/epilepsy-eeg-hybrid-ai/data/raw/chbmit/chb04/chb04_35.edf,256.0,256.0,3686400,3686400,14400.0,14400.0,24,17,FP1-F7|F7-T7|T7-P7|P7-O1|FP1-F3|F3-C3|C3-P3|P3-O1|FZ-CZ|CZ-PZ|FP2-F4|F4-C4|C4-P4|P4-O2|FP2-F8|F8-T8|P8-O2,True,0.5,45.0,False,False,False,False,0,0,True,True,0,0,True,True,data\interim\chbmit\preprocessing_v1\chb04\chb04_35_preproc-v1_raw.fif,250907917,7f1f1a0ba153ae6ac32c69668621584ff21270904516a626745b27247b675685,preprocessing_v1,harmonization_v1,primary_17,1.12.1,3e33b1dcc42f16cd9604ba3aedc514ffa9e8bb93,2026-07-31T13:41:19.402535+00:00,success
chb04,chb04_36,E:/My_Github/epilepsy-eeg-hybrid-ai/data/raw/chbmit/chb04/chb04_36.edf,256.0,256.0,3686400,3686400,14400.0,14400.0,24,17,FP1-F7|F7-T7|T7-P7|P7-O1|FP1-F3|F3-C3|C3-P3|P3-O1|FZ-CZ|CZ-PZ|FP2-F4|F4-C4|C4-P4|P4-O2|FP2-F8|F8-T8|P8-O2,True,0.5,45.0,False,False,False,False,0,0,True,True,0,0,True,True,data\interim\chbmit\preprocessing_v1\chb04\chb04_36_preproc-v1_raw.fif,250907917,ad859f530563e0231c2347479c1523f693732a38e83958fbc75bce2abfcfea14,preprocessing_v1,harmonization_v1,primary_17,1.12.1,3e33b1dcc42f16cd9604ba3aedc514ffa9e8bb93,2026-07-31T13:41:19.402535+00:00,success
chb04,chb04_37,E:/My_Github/epilepsy-eeg-hybrid-ai/data/raw/chbmit/chb04/chb04_37.edf,256.0,256.0,1436928,1436928,5613.0,5613.0,24,17,FP1-F7|F7-T7|T7-P7|P7-O1|FP1-F3|F3-C3|C3-P3|P3-O1|FZ-CZ|CZ-PZ|FP2-F4|F4-C4|C4-P4|P4-O2|FP2-F8|F8-T8|P8-O2,True,0.5,45.0,False,False,False,False,0,0,True,True,0,0,True,True,data\interim\chbmit\preprocessing_v1\chb04\chb04_37_preproc-v1_raw.fif,97803229,2710f046515e5f170402875bec4145dbf07818906941dfb9d13736cefa517c86,preprocessing_v1,harmonization_v1,primary_17,1.12.1,3e33b1dcc42f16cd9604ba3aedc514ffa9e8bb93,2026-07-31T13:41:19.402535+00:00,success
chb04,chb04_38,E:/My_Github/epilepsy-eeg-hybrid-ai/data/raw/chbmit/chb04/chb04_38.edf,256.0,256.0,3686400,3686400,14400.0,14400.0,24,17,FP1-F7|F7-T7|T7-P7|P7-O1|FP1-F3|F3-C3|C3-P3|P3-O1|FZ-CZ|CZ-PZ|FP2-F4|F4-C4|C4-P4|P4-O2|FP2-F8|F8-T8|P8-O2,True,0.5,45.0,False,False,False,False,0,0,True,True,0,0,True,True,data\interim\chbmit\preprocessing_v1\chb04\chb04_38_preproc-v1_raw.fif,250907917,30959380f7d47288810410844450f5dba5702e8afaca2ca90abfdb32998bcfaf,preprocessing_v1,harmonization_v1,primary_17,1.12.1,3e33b1dcc42f16cd9604ba3aedc514ffa9e8bb93,2026-07-31T13:41:19.402535+00:00,success
chb04,chb04_39,E:/My_Github/epilepsy-eeg-hybrid-ai/data/raw/chbmit/chb04/chb04_39.edf,256.0,256.0,3686400,3686400,14400.0,14400.0,24,17,FP1-F7|F7-T7|T7-P7|P7-O1|FP1-F3|F3-C3|C3-P3|P3-O1|FZ-CZ|CZ-PZ|FP2-F4|F4-C4|C4-P4|P4-O2|FP2-F8|F8-T8|P8-O2,True,0.5,45.0,False,False,False,False,0,0,True,True,0,0,True,True,data\interim\chbmit\preprocessing_v1\chb04\chb04_39_preproc-v1_raw.fif,250907917,ceb4f203ac0af9f8e82d949190f6e1ce79884d4a65d3f000ebdac37ff4fde3c9,preprocessing_v1,harmonization_v1,primary_17,1.12.1,3e33b1dcc42f16cd9604ba3aedc514ffa9e8bb93,2026-07-31T13:41:19.402535+00:00,success
chb04,chb04_40,E:/My_Github/epilepsy-eeg-hybrid-ai/data/raw/chbmit/chb04/chb04_40.edf,256.0,256.0,3686400,3686400,14400.0,14400.0,24,17,FP1-F7|F7-T7|T7-P7|P7-O1|FP1-F3|F3-C3|C3-P3|P3-O1|FZ-CZ|CZ-PZ|FP2-F4|F4-C4|C4-P4|P4-O2|FP2-F8|F8-T8|P8-O2,True,0.5,45.0,False,False,False,False,0,0,True,True,0,0,True,True,data\interim\chbmit\preprocessing_v1\chb04\chb04_40_preproc-v1_raw.fif,250907917,277dd8fb496bb901afdb51b90c6daef0a8a80cc8dbf14e9a9df33e3d6de8b6b8,preprocessing_v1,harmonization_v1,primary_17,1.12.1,3e33b1dcc42f16cd9604ba3aedc514ffa9e8bb93,2026-07-31T13:41:19.402535+00:00,success
chb04,chb04_41,E:/My_Github/epilepsy-eeg-hybrid-ai/data/raw/chbmit/chb04/chb04_41.edf,256.0,256.0,3686400,3686400,14400.0,14400.0,24,17,FP1-F7|F7-T7|T7-P7|P7-O1|FP1-F3|F3-C3|C3-P3|P3-O1|FZ-CZ|CZ-PZ|FP2-F4|F4-C4|C4-P4|P4-O2|FP2-F8|F8-T8|P8-O2,True,0.5,45.0,False,False,False,False,0,0,True,True,0,0,True,True,data\interim\chbmit\preprocessing_v1\chb04\chb04_41_preproc-v1_raw.fif,250907917,718df5352877c0bdb571013310a9380132b6f31fb4b2c23854b27edac02bb7c5,preprocessing_v1,harmonization_v1,primary_17,1.12.1,3e33b1dcc42f16cd9604ba3aedc514ffa9e8bb93,2026-07-31T13:41:19.402535+00:00,success
chb04,chb04_42,E:/My_Github/epilepsy-eeg-hybrid-ai/data/raw/chbmit/chb04/chb04_42.edf,256.0,256.0,1490688,1490688,5823.0,5823.0,24,17,FP1-F7|F7-T7|T7-P7|P7-O1|FP1-F3|F3-C3|C3-P3|P3-O1|FZ-CZ|CZ-PZ|FP2-F4|F4-C4|C4-P4|P4-O2|FP2-F8|F8-T8|P8-O2,True,0.5,45.0,False,False,False,False,0,0,True,True,0,0,True,True,data\interim\chbmit\preprocessing_v1\chb04\chb04_42_preproc-v1_raw.fif,101462269,ac449b904952e30b674c7898d0211345b7c07828f0d110001e8c32e8e516a73f,preprocessing_v1,harmonization_v1,primary_17,1.12.1,3e33b1dcc42f16cd9604ba3aedc514ffa9e8bb93,2026-07-31T13:41:19.402535+00:00,success
chb04,chb04_43,E:/My_Github/epilepsy-eeg-hybrid-ai/data/raw/chbmit/chb04/chb04_43.edf,256.0,256.0,3686400,3686400,14400.0,14400.0,24,17,FP1-F7|F7-T7|T7-P7|P7-O1|FP1-F3|F3-C3|C3-P3|P3-O1|FZ-CZ|CZ-PZ|FP2-F4|F4-C4|C4-P4|P4-O2|FP2-F8|F8-T8|P8-O2,True,0.5,45.0,False,False,False,False,0,0,True,True,0,0,True,True,data\interim\chbmit\preprocessing_v1\chb04\chb04_43_preproc-v1_raw.fif,250907917,8b7cde107de1147e886b6f67044b5ce03e1a4e903c155b799405d4639fdb709b,preprocessing_v1,harmonization_v1,primary_17,1.12.1,3e33b1dcc42f16cd9604ba3aedc514ffa9e8bb93,2026-07-31T13:41:19.402535+00:00,success
chb05,chb05_01,E:/My_Github/epilepsy-eeg-hybrid-ai/data/raw/chbmit/chb05/chb05_01.edf,256.0,256.0,924160,924160,3610.0,3610.0,23,17,FP1-F7|F7-T7|T7-P7|P7-O1|FP1-F3|F3-C3|C3-P3|P3-O1|FZ-CZ|CZ-PZ|FP2-F4|F4-C4|C4-P4|P4-O2|FP2-F8|F8-T8|P8-O2,True,0.5,45.0,False,False,False,False,0,0,True,True,0,0,True,True,data\interim\chbmit\preprocessing_v1\chb05\chb05_01_preproc-v1_raw.fif,62902957,1b19e6d992fea6ddb8c816d6e2bb90a0e16d3f1b4938e1e4a1f508968939236c,preprocessing_v1,harmonization_v1,primary_17,1.12.1,3e33b1dcc42f16cd9604ba3aedc514ffa9e8bb93,2026-07-31T13:41:19.402535+00:00,success
chb05,chb05_02,E:/My_Github/epilepsy-eeg-hybrid-ai/data/raw/chbmit/chb05/chb05_02.edf,256.0,256.0,921600,921600,3600.0,3600.0,23,17,FP1-F7|F7-T7|T7-P7|P7-O1|FP1-F3|F3-C3|C3-P3|P3-O1|FZ-CZ|CZ-PZ|FP2-F4|F4-C4|C4-P4|P4-O2|FP2-F8|F8-T8|P8-O2,True,0.5,45.0,False,False,False,False,0,0,True,True,0,0,True,True,data\interim\chbmit\preprocessing_v1\chb05\chb05_02_preproc-v1_raw.fif,62728717,63ccada0c05ee6a1a12649960a1a6c8d50066cc532b096d53ca1818f3fd0c8e1,preprocessing_v1,harmonization_v1,primary_17,1.12.1,3e33b1dcc42f16cd9604ba3aedc514ffa9e8bb93,2026-07-31T13:41:19.402535+00:00,success
chb05,chb05_03,E:/My_Github/epilepsy-eeg-hybrid-ai/data/raw/chbmit/chb05/chb05_03.edf,256.0,256.0,921600,921600,3600.0,3600.0,23,17,FP1-F7|F7-T7|T7-P7|P7-O1|FP1-F3|F3-C3|C3-P3|P3-O1|FZ-CZ|CZ-PZ|FP2-F4|F4-C4|C4-P4|P4-O2|FP2-F8|F8-T8|P8-O2,True,0.5,45.0,False,False,False,False,0,0,True,True,0,0,True,True,data\interim\chbmit\preprocessing_v1\chb05\chb05_03_preproc-v1_raw.fif,62728717,b31f81732d84a433ddccaaa804df807545be607e59ea4f909920397da92c7f5e,preprocessing_v1,harmonization_v1,primary_17,1.12.1,3e33b1dcc42f16cd9604ba3aedc514ffa9e8bb93,2026-07-31T13:41:19.402535+00:00,success
chb05,chb05_04,E:/My_Github/epilepsy-eeg-hybrid-ai/data/raw/chbmit/chb05/chb05_04.edf,256.0,256.0,921600,921600,3600.0,3600.0,23,17,FP1-F7|F7-T7|T7-P7|P7-O1|FP1-F3|F3-C3|C3-P3|P3-O1|FZ-CZ|CZ-PZ|FP2-F4|F4-C4|C4-P4|P4-O2|FP2-F8|F8-T8|P8-O2,True,0.5,45.0,False,False,False,False,0,0,True,True,0,0,True,True,data\interim\chbmit\preprocessing_v1\chb05\chb05_04_preproc-v1_raw.fif,62728717,578e788f085836a48a9d8cc26f2f5c957f73b3e59d3238dba8f57206fbde699a,preprocessing_v1,harmonization_v1,primary_17,1.12.1,3e33b1dcc42f16cd9604ba3aedc514ffa9e8bb93,2026-07-31T13:41:19.402535+00:00,success
chb05,chb05_05,E:/My_Github/epilepsy-eeg-hybrid-ai/data/raw/chbmit/chb05/chb05_05.edf,256.0,256.0,921600,921600,3600.0,3600.0,23,17,FP1-F7|F7-T7|T7-P7|P7-O1|FP1-F3|F3-C3|C3-P3|P3-O1|FZ-CZ|CZ-PZ|FP2-F4|F4-C4|C4-P4|P4-O2|FP2-F8|F8-T8|P8-O2,True,0.5,45.0,False,False,False,False,0,0,True,True,0,0,True,True,data\interim\chbmit\preprocessing_v1\chb05\chb05_05_preproc-v1_raw.fif,62728717,2c63a4b8cd124384e4b8201012c5bfd4abcb13744612a71ce3c7a78b3fbece87,preprocessing_v1,harmonization_v1,primary_17,1.12.1,3e33b1dcc42f16cd9604ba3aedc514ffa9e8bb93,2026-07-31T13:41:19.402535+00:00,success
chb05,chb05_06,E:/My_Github/epilepsy-eeg-hybrid-ai/data/raw/chbmit/chb05/chb05_06.edf,256.0,256.0,921600,921600,3600.0,3600.0,23,17,FP1-F7|F7-T7|T7-P7|P7-O1|FP1-F3|F3-C3|C3-P3|P3-O1|FZ-CZ|CZ-PZ|FP2-F4|F4-C4|C4-P4|P4-O2|FP2-F8|F8-T8|P8-O2,True,0.5,45.0,False,False,False,False,1,1,True,True,1,1,True,True,data\interim\chbmit\preprocessing_v1\chb05\chb05_06_preproc-v1_raw.fif,62728838,7a118d7b9ce39b0606c03c4dafa3376d2c23ec0615b25962162461ee70450435,preprocessing_v1,harmonization_v1,primary_17,1.12.1,3e33b1dcc42f16cd9604ba3aedc514ffa9e8bb93,2026-07-31T13:41:19.402535+00:00,success
chb05,chb05_07,E:/My_Github/epilepsy-eeg-hybrid-ai/data/raw/chbmit/chb05/chb05_07.edf,256.0,256.0,921600,921600,3600.0,3600.0,23,17,FP1-F7|F7-T7|T7-P7|P7-O1|FP1-F3|F3-C3|C3-P3|P3-O1|FZ-CZ|CZ-PZ|FP2-F4|F4-C4|C4-P4|P4-O2|FP2-F8|F8-T8|P8-O2,True,0.5,45.0,False,False,False,False,0,0,True,True,0,0,True,True,data\interim\chbmit\preprocessing_v1\chb05\chb05_07_preproc-v1_raw.fif,62728717,a51639b979f3083ed69552c917d6023a1a8308d1299e10a98e714158086ff88f,preprocessing_v1,harmonization_v1,primary_17,1.12.1,3e33b1dcc42f16cd9604ba3aedc514ffa9e8bb93,2026-07-31T13:41:19.402535+00:00,success
chb05,chb05_08,E:/My_Github/epilepsy-eeg-hybrid-ai/data/raw/chbmit/chb05/chb05_08.edf,256.0,256.0,921600,921600,3600.0,3600.0,23,17,FP1-F7|F7-T7|T7-P7|P7-O1|FP1-F3|F3-C3|C3-P3|P3-O1|FZ-CZ|CZ-PZ|FP2-F4|F4-C4|C4-P4|P4-O2|FP2-F8|F8-T8|P8-O2,True,0.5,45.0,False,False,False,False,0,0,True,True,0,0,True,True,data\interim\chbmit\preprocessing_v1\chb05\chb05_08_preproc-v1_raw.fif,62728717,11967b216f9bc8a80bf08498c15b1695bd263c3e059e2abc0bfe0567ef3e3556,preprocessing_v1,harmonization_v1,primary_17,1.12.1,3e33b1dcc42f16cd9604ba3aedc514ffa9e8bb93,2026-07-31T13:41:19.402535+00:00,success
chb05,chb05_09,E:/My_Github/epilepsy-eeg-hybrid-ai/data/raw/chbmit/chb05/chb05_09.edf,256.0,256.0,921600,921600,3600.0,3600.0,23,17,FP1-F7|F7-T7|T7-P7|P7-O1|FP1-F3|F3-C3|C3-P3|P3-O1|FZ-CZ|CZ-PZ|FP2-F4|F4-C4|C4-P4|P4-O2|FP2-F8|F8-T8|P8-O2,True,0.5,45.0,False,False,False,False,0,0,True,True,0,0,True,True,data\interim\chbmit\preprocessing_v1\chb05\chb05_09_preproc-v1_raw.fif,62728717,9431edd1b2df3427fe674c222a8e07b8711ae63ddb9744a49fe9c409424f333a,preprocessing_v1,harmonization_v1,primary_17,1.12.1,3e33b1dcc42f16cd9604ba3aedc514ffa9e8bb93,2026-07-31T13:41:19.402535+00:00,success
chb05,chb05_10,E:/My_Github/epilepsy-eeg-hybrid-ai/data/raw/chbmit/chb05/chb05_10.edf,256.0,256.0,921600,921600,3600.0,3600.0,23,17,FP1-F7|F7-T7|T7-P7|P7-O1|FP1-F3|F3-C3|C3-P3|P3-O1|FZ-CZ|CZ-PZ|FP2-F4|F4-C4|C4-P4|P4-O2|FP2-F8|F8-T8|P8-O2,True,0.5,45.0,False,False,False,False,0,0,True,True,0,0,True,True,data\interim\chbmit\preprocessing_v1\chb05\chb05_10_preproc-v1_raw.fif,62728717,eb05bbe47bf22cf62ea159027c8d55b3188af76f8259314e7a276fb5f3ed0f9d,preprocessing_v1,harmonization_v1,primary_17,1.12.1,3e33b1dcc42f16cd9604ba3aedc514ffa9e8bb93,2026-07-31T13:41:19.402535+00:00,success
chb05,chb05_11,E:/My_Github/epilepsy-eeg-hybrid-ai/data/raw/chbmit/chb05/chb05_11.edf,256.0,256.0,921600,921600,3600.0,3600.0,23,17,FP1-F7|F7-T7|T7-P7|P7-O1|FP1-F3|F3-C3|C3-P3|P3-O1|FZ-CZ|CZ-PZ|FP2-F4|F4-C4|C4-P4|P4-O2|FP2-F8|F8-T8|P8-O2,True,0.5,45.0,False,False,False,False,0,0,True,True,0,0,True,True,data\interim\chbmit\preprocessing_v1\chb05\chb05_11_preproc-v1_raw.fif,62728717,dc13d6bb7790a5a447c01069474cf00bd0753b48b01ead71caa7202010d5c172,preprocessing_v1,harmonization_v1,primary_17,1.12.1,3e33b1dcc42f16cd9604ba3aedc514ffa9e8bb93,2026-07-31T13:41:19.402535+00:00,success
chb05,chb05_12,E:/My_Github/epilepsy-eeg-hybrid-ai/data/raw/chbmit/chb05/chb05_12.edf,256.0,256.0,921600,921600,3600.0,3600.0,23,17,FP1-F7|F7-T7|T7-P7|P7-O1|FP1-F3|F3-C3|C3-P3|P3-O1|FZ-CZ|CZ-PZ|FP2-F4|F4-C4|C4-P4|P4-O2|FP2-F8|F8-T8|P8-O2,True,0.5,45.0,False,False,False,False,0,0,True,True,0,0,True,True,data\interim\chbmit\preprocessing_v1\chb05\chb05_12_preproc-v1_raw.fif,62728717,eff072451dc541e34d2dd3609ae7f38a1dfa85d51dfe151675c461a6251a8838,preprocessing_v1,harmonization_v1,primary_17,1.12.1,3e33b1dcc42f16cd9604ba3aedc514ffa9e8bb93,2026-07-31T13:41:19.402535+00:00,success
chb05,chb05_13,E:/My_Github/epilepsy-eeg-hybrid-ai/data/raw/chbmit/chb05/chb05_13.edf,256.0,256.0,921600,921600,3600.0,3600.0,23,17,FP1-F7|F7-T7|T7-P7|P7-O1|FP1-F3|F3-C3|C3-P3|P3-O1|FZ-CZ|CZ-PZ|FP2-F4|F4-C4|C4-P4|P4-O2|FP2-F8|F8-T8|P8-O2,True,0.5,45.0,False,False,False,False,1,1,True,True,1,1,True,True,data\interim\chbmit\preprocessing_v1\chb05\chb05_13_preproc-v1_raw.fif,62728838,2176b67566834f76490013a48cb399ab2378412379defa50d0d1cf9eee3223ee,preprocessing_v1,harmonization_v1,primary_17,1.12.1,3e33b1dcc42f16cd9604ba3aedc514ffa9e8bb93,2026-07-31T13:41:19.402535+00:00,success
chb05,chb05_14,E:/My_Github/epilepsy-eeg-hybrid-ai/data/raw/chbmit/chb05/chb05_14.edf,256.0,256.0,921600,921600,3600.0,3600.0,23,17,FP1-F7|F7-T7|T7-P7|P7-O1|FP1-F3|F3-C3|C3-P3|P3-O1|FZ-CZ|CZ-PZ|FP2-F4|F4-C4|C4-P4|P4-O2|FP2-F8|F8-T8|P8-O2,True,0.5,45.0,False,False,False,False,0,0,True,True,0,0,True,True,data\interim\chbmit\preprocessing_v1\chb05\chb05_14_preproc-v1_raw.fif,62728717,8453480f410b5d5af2703ecd749230e5fb3c63acb5bf7f0330890823037762b0,preprocessing_v1,harmonization_v1,primary_17,1.12.1,3e33b1dcc42f16cd9604ba3aedc514ffa9e8bb93,2026-07-31T13:41:19.402535+00:00,success
chb05,chb05_15,E:/My_Github/epilepsy-eeg-hybrid-ai/data/raw/chbmit/chb05/chb05_15.edf,256.0,256.0,921600,921600,3600.0,3600.0,23,17,FP1-F7|F7-T7|T7-P7|P7-O1|FP1-F3|F3-C3|C3-P3|P3-O1|FZ-CZ|CZ-PZ|FP2-F4|F4-C4|C4-P4|P4-O2|FP2-F8|F8-T8|P8-O2,True,0.5,45.0,False,False,False,False,0,0,True,True,0,0,True,True,data\interim\chbmit\preprocessing_v1\chb05\chb05_15_preproc-v1_raw.fif,62728717,c5d9614263c215b8adc8c3afd5b2e782b2b30c0d0335c8334bc29b09f4feb413,preprocessing_v1,harmonization_v1,primary_17,1.12.1,3e33b1dcc42f16cd9604ba3aedc514ffa9e8bb93,2026-07-31T13:41:19.402535+00:00,success
chb05,chb05_16,E:/My_Github/epilepsy-eeg-hybrid-ai/data/raw/chbmit/chb05/chb05_16.edf,256.0,256.0,921600,921600,3600.0,3600.0,23,17,FP1-F7|F7-T7|T7-P7|P7-O1|FP1-F3|F3-C3|C3-P3|P3-O1|FZ-CZ|CZ-PZ|FP2-F4|F4-C4|C4-P4|P4-O2|FP2-F8|F8-T8|P8-O2,True,0.5,45.0,False,False,False,False,1,1,True,True,1,1,True,True,data\interim\chbmit\preprocessing_v1\chb05\chb05_16_preproc-v1_raw.fif,62728838,abc0c516d444fded157a152e806d0071dc8d08380bd8c16325d8f8aeb896b674,preprocessing_v1,harmonization_v1,primary_17,1.12.1,3e33b1dcc42f16cd9604ba3aedc514ffa9e8bb93,2026-07-31T13:41:19.402535+00:00,success
chb05,chb05_17,E:/My_Github/epilepsy-eeg-hybrid-ai/data/raw/chbmit/chb05/chb05_17.edf,256.0,256.0,921600,921600,3600.0,3600.0,23,17,FP1-F7|F7-T7|T7-P7|P7-O1|FP1-F3|F3-C3|C3-P3|P3-O1|FZ-CZ|CZ-PZ|FP2-F4|F4-C4|C4-P4|P4-O2|FP2-F8|F8-T8|P8-O2,True,0.5,45.0,False,False,False,False,1,1,True,True,1,1,True,True,data\interim\chbmit\preprocessing_v1\chb05\chb05_17_preproc-v1_raw.fif,62728838,899d3679d9f2dbd0bf25c1bcb27876155cafd678e67587e8ad48b27469c62679,preprocessing_v1,harmonization_v1,primary_17,1.12.1,3e33b1dcc42f16cd9604ba3aedc514ffa9e8bb93,2026-07-31T13:41:19.402535+00:00,success
chb05,chb05_18,E:/My_Github/epilepsy-eeg-hybrid-ai/data/raw/chbmit/chb05/chb05_18.edf,256.0,256.0,921600,921600,3600.0,3600.0,23,17,FP1-F7|F7-T7|T7-P7|P7-O1|FP1-F3|F3-C3|C3-P3|P3-O1|FZ-CZ|CZ-PZ|FP2-F4|F4-C4|C4-P4|P4-O2|FP2-F8|F8-T8|P8-O2,True,0.5,45.0,False,False,False,False,0,0,True,True,0,0,True,True,data\interim\chbmit\preprocessing_v1\chb05\chb05_18_preproc-v1_raw.fif,62728717,e34978370f6f008c380973b959eb4d2a64f64060988c93c9454a28ecb73e3c38,preprocessing_v1,harmonization_v1,primary_17,1.12.1,3e33b1dcc42f16cd9604ba3aedc514ffa9e8bb93,2026-07-31T13:41:19.402535+00:00,success
chb05,chb05_19,E:/My_Github/epilepsy-eeg-hybrid-ai/data/raw/chbmit/chb05/chb05_19.edf,256.0,256.0,921600,921600,3600.0,3600.0,23,17,FP1-F7|F7-T7|T7-P7|P7-O1|FP1-F3|F3-C3|C3-P3|P3-O1|FZ-CZ|CZ-PZ|FP2-F4|F4-C4|C4-P4|P4-O2|FP2-F8|F8-T8|P8-O2,True,0.5,45.0,False,False,False,False,0,0,True,True,0,0,True,True,data\interim\chbmit\preprocessing_v1\chb05\chb05_19_preproc-v1_raw.fif,62728717,4a833bf1e4f482f124f0bc8f1cbb7a0d15ff9eaf5fc407ab530b363cbc9ba60f,preprocessing_v1,harmonization_v1,primary_17,1.12.1,3e33b1dcc42f16cd9604ba3aedc514ffa9e8bb93,2026-07-31T13:41:19.402535+00:00,success
chb05,chb05_20,E:/My_Github/epilepsy-eeg-hybrid-ai/data/raw/chbmit/chb05/chb05_20.edf,256.0,256.0,921600,921600,3600.0,3600.0,23,17,FP1-F7|F7-T7|T7-P7|P7-O1|FP1-F3|F3-C3|C3-P3|P3-O1|FZ-CZ|CZ-PZ|FP2-F4|F4-C4|C4-P4|P4-O2|FP2-F8|F8-T8|P8-O2,True,0.5,45.0,False,False,False,False,0,0,True,True,0,0,True,True,data\interim\chbmit\preprocessing_v1\chb05\chb05_20_preproc-v1_raw.fif,62728717,e2fc0a53d40c679e4a5996844fa791abbebad0662d2d247ec9c79b3743330c97,preprocessing_v1,harmonization_v1,primary_17,1.12.1,3e33b1dcc42f16cd9604ba3aedc514ffa9e8bb93,2026-07-31T13:41:19.402535+00:00,success
chb05,chb05_21,E:/My_Github/epilepsy-eeg-hybrid-ai/data/raw/chbmit/chb05/chb05_21.edf,256.0,256.0,921600,921600,3600.0,3600.0,23,17,FP1-F7|F7-T7|T7-P7|P7-O1|FP1-F3|F3-C3|C3-P3|P3-O1|FZ-CZ|CZ-PZ|FP2-F4|F4-C4|C4-P4|P4-O2|FP2-F8|F8-T8|P8-O2,True,0.5,45.0,False,False,False,False,0,0,True,True,0,0,True,True,data\interim\chbmit\preprocessing_v1\chb05\chb05_21_preproc-v1_raw.fif,62728717,6f0edc3cf854dead6563048674e6d4b5956934e52d5e8a99c9b7419d5a1e194f,preprocessing_v1,harmonization_v1,primary_17,1.12.1,3e33b1dcc42f16cd9604ba3aedc514ffa9e8bb93,2026-07-31T13:41:19.402535+00:00,success
chb05,chb05_22,E:/My_Github/epilepsy-eeg-hybrid-ai/data/raw/chbmit/chb05/chb05_22.edf,256.0,256.0,921600,921600,3600.0,3600.0,23,17,FP1-F7|F7-T7|T7-P7|P7-O1|FP1-F3|F3-C3|C3-P3|P3-O1|FZ-CZ|CZ-PZ|FP2-F4|F4-C4|C4-P4|P4-O2|FP2-F8|F8-T8|P8-O2,True,0.5,45.0,False,False,False,False,1,1,True,True,1,1,True,True,data\interim\chbmit\preprocessing_v1\chb05\chb05_22_preproc-v1_raw.fif,62728838,ccae0ff3556b540d89db33018195c464e684eb2603915ca1f7a3cebf00c24fff,preprocessing_v1,harmonization_v1,primary_17,1.12.1,3e33b1dcc42f16cd9604ba3aedc514ffa9e8bb93,2026-07-31T13:41:19.402535+00:00,success
chb05,chb05_23,E:/My_Github/epilepsy-eeg-hybrid-ai/data/raw/chbmit/chb05/chb05_23.edf,256.0,256.0,921600,921600,3600.0,3600.0,23,17,FP1-F7|F7-T7|T7-P7|P7-O1|FP1-F3|F3-C3|C3-P3|P3-O1|FZ-CZ|CZ-PZ|FP2-F4|F4-C4|C4-P4|P4-O2|FP2-F8|F8-T8|P8-O2,True,0.5,45.0,False,False,False,False,0,0,True,True,0,0,True,True,data\interim\chbmit\preprocessing_v1\chb05\chb05_23_preproc-v1_raw.fif,62728717,e576f20c1307a0b2598f85a994a35c0536f3b9f8615f82f5368e79d318c7b89c,preprocessing_v1,harmonization_v1,primary_17,1.12.1,3e33b1dcc42f16cd9604ba3aedc514ffa9e8bb93,2026-07-31T13:41:19.402535+00:00,success
chb05,chb05_24,E:/My_Github/epilepsy-eeg-hybrid-ai/data/raw/chbmit/chb05/chb05_24.edf,256.0,256.0,921600,921600,3600.0,3600.0,23,17,FP1-F7|F7-T7|T7-P7|P7-O1|FP1-F3|F3-C3|C3-P3|P3-O1|FZ-CZ|CZ-PZ|FP2-F4|F4-C4|C4-P4|P4-O2|FP2-F8|F8-T8|P8-O2,True,0.5,45.0,False,False,False,False,0,0,True,True,0,0,True,True,data\interim\chbmit\preprocessing_v1\chb05\chb05_24_preproc-v1_raw.fif,62728717,c6ae5e626488fcba4bf4aa7bfc040263b234bc884cf69a22e530b28f0aaa116d,preprocessing_v1,harmonization_v1,primary_17,1.12.1,3e33b1dcc42f16cd9604ba3aedc514ffa9e8bb93,2026-07-31T13:41:19.402535+00:00,success
chb05,chb05_25,E:/My_Github/epilepsy-eeg-hybrid-ai/data/raw/chbmit/chb05/chb05_25.edf,256.0,256.0,921600,921600,3600.0,3600.0,23,17,FP1-F7|F7-T7|T7-P7|P7-O1|FP1-F3|F3-C3|C3-P3|P3-O1|FZ-CZ|CZ-PZ|FP2-F4|F4-C4|C4-P4|P4-O2|FP2-F8|F8-T8|P8-O2,True,0.5,45.0,False,False,False,False,0,0,True,True,0,0,True,True,data\interim\chbmit\preprocessing_v1\chb05\chb05_25_preproc-v1_raw.fif,62728717,1eb746da96dd3f79a630631b9584dbdeeacecce2beab965c5c303c3b9168ef55,preprocessing_v1,harmonization_v1,primary_17,1.12.1,3e33b1dcc42f16cd9604ba3aedc514ffa9e8bb93,2026-07-31T13:41:19.402535+00:00,success
chb05,chb05_26,E:/My_Github/epilepsy-eeg-hybrid-ai/data/raw/chbmit/chb05/chb05_26.edf,256.0,256.0,921600,921600,3600.0,3600.0,23,17,FP1-F7|F7-T7|T7-P7|P7-O1|FP1-F3|F3-C3|C3-P3|P3-O1|FZ-CZ|CZ-PZ|FP2-F4|F4-C4|C4-P4|P4-O2|FP2-F8|F8-T8|P8-O2,True,0.5,45.0,False,False,False,False,0,0,True,True,0,0,True,True,data\interim\chbmit\preprocessing_v1\chb05\chb05_26_preproc-v1_raw.fif,62728717,759d292dd86b493800dbbe38b50af41e28e1fbdd4a492408cdd0b3c6bd2e76e4,preprocessing_v1,harmonization_v1,primary_17,1.12.1,3e33b1dcc42f16cd9604ba3aedc514ffa9e8bb93,2026-07-31T13:41:19.402535+00:00,success
chb05,chb05_27,E:/My_Github/epilepsy-eeg-hybrid-ai/data/raw/chbmit/chb05/chb05_27.edf,256.0,256.0,921600,921600,3600.0,3600.0,23,17,FP1-F7|F7-T7|T7-P7|P7-O1|FP1-F3|F3-C3|C3-P3|P3-O1|FZ-CZ|CZ-PZ|FP2-F4|F4-C4|C4-P4|P4-O2|FP2-F8|F8-T8|P8-O2,True,0.5,45.0,False,False,False,False,0,0,True,True,0,0,True,True,data\interim\chbmit\preprocessing_v1\chb05\chb05_27_preproc-v1_raw.fif,62728717,bf74366f7e976120885505617a8522394a9dd04dda20d6891afb24f6d664c3b3,preprocessing_v1,harmonization_v1,primary_17,1.12.1,3e33b1dcc42f16cd9604ba3aedc514ffa9e8bb93,2026-07-31T13:41:19.402535+00:00,success
chb05,chb05_28,E:/My_Github/epilepsy-eeg-hybrid-ai/data/raw/chbmit/chb05/chb05_28.edf,256.0,256.0,921600,921600,3600.0,3600.0,23,17,FP1-F7|F7-T7|T7-P7|P7-O1|FP1-F3|F3-C3|C3-P3|P3-O1|FZ-CZ|CZ-PZ|FP2-F4|F4-C4|C4-P4|P4-O2|FP2-F8|F8-T8|P8-O2,True,0.5,45.0,False,False,False,False,0,0,True,True,0,0,True,True,data\interim\chbmit\preprocessing_v1\chb05\chb05_28_preproc-v1_raw.fif,62728717,bacb334faa78050e5c2fd4ceea3e13816ce2c3bce0b6675670d74876f6baa67b,preprocessing_v1,harmonization_v1,primary_17,1.12.1,3e33b1dcc42f16cd9604ba3aedc514ffa9e8bb93,2026-07-31T13:41:19.402535+00:00,success
chb05,chb05_29,E:/My_Github/epilepsy-eeg-hybrid-ai/data/raw/chbmit/chb05/chb05_29.edf,256.0,256.0,921600,921600,3600.0,3600.0,23,17,FP1-F7|F7-T7|T7-P7|P7-O1|FP1-F3|F3-C3|C3-P3|P3-O1|FZ-CZ|CZ-PZ|FP2-F4|F4-C4|C4-P4|P4-O2|FP2-F8|F8-T8|P8-O2,True,0.5,45.0,False,False,False,False,0,0,True,True,0,0,True,True,data\interim\chbmit\preprocessing_v1\chb05\chb05_29_preproc-v1_raw.fif,62728717,db60aa734c18f95b374ace5e18701993594a8174ed42b11d0db93be70dd522ae,preprocessing_v1,harmonization_v1,primary_17,1.12.1,3e33b1dcc42f16cd9604ba3aedc514ffa9e8bb93,2026-07-31T13:41:19.402535+00:00,success
chb05,chb05_30,E:/My_Github/epilepsy-eeg-hybrid-ai/data/raw/chbmit/chb05/chb05_30.edf,256.0,256.0,921600,921600,3600.0,3600.0,23,17,FP1-F7|F7-T7|T7-P7|P7-O1|FP1-F3|F3-C3|C3-P3|P3-O1|FZ-CZ|CZ-PZ|FP2-F4|F4-C4|C4-P4|P4-O2|FP2-F8|F8-T8|P8-O2,True,0.5,45.0,False,False,False,False,0,0,True,True,0,0,True,True,data\interim\chbmit\preprocessing_v1\chb05\chb05_30_preproc-v1_raw.fif,62728717,941d7d9e6ddc6d8839c1a0a048848b06ae57f9f6fb4b5e0411280a334fed66d5,preprocessing_v1,harmonization_v1,primary_17,1.12.1,3e33b1dcc42f16cd9604ba3aedc514ffa9e8bb93,2026-07-31T13:41:19.402535+00:00,success
chb05,chb05_31,E:/My_Github/epilepsy-eeg-hybrid-ai/data/raw/chbmit/chb05/chb05_31.edf,256.0,256.0,921600,921600,3600.0,3600.0,23,17,FP1-F7|F7-T7|T7-P7|P7-O1|FP1-F3|F3-C3|C3-P3|P3-O1|FZ-CZ|CZ-PZ|FP2-F4|F4-C4|C4-P4|P4-O2|FP2-F8|F8-T8|P8-O2,True,0.5,45.0,False,False,False,False,0,0,True,True,0,0,True,True,data\interim\chbmit\preprocessing_v1\chb05\chb05_31_preproc-v1_raw.fif,62728717,8a4cfbbd7d95ad4b61640275ba66299323af5a7015e309a4116e8c597ef99963,preprocessing_v1,harmonization_v1,primary_17,1.12.1,3e33b1dcc42f16cd9604ba3aedc514ffa9e8bb93,2026-07-31T13:41:19.402535+00:00,success
chb05,chb05_32,E:/My_Github/epilepsy-eeg-hybrid-ai/data/raw/chbmit/chb05/chb05_32.edf,256.0,256.0,921600,921600,3600.0,3600.0,23,17,FP1-F7|F7-T7|T7-P7|P7-O1|FP1-F3|F3-C3|C3-P3|P3-O1|FZ-CZ|CZ-PZ|FP2-F4|F4-C4|C4-P4|P4-O2|FP2-F8|F8-T8|P8-O2,True,0.5,45.0,False,False,False,False,0,0,True,True,0,0,True,True,data\interim\chbmit\preprocessing_v1\chb05\chb05_32_preproc-v1_raw.fif,62728717,d523a629dab522e621d26d7d09c575f5de0c1f7ad7c64329309886e026e82d0f,preprocessing_v1,harmonization_v1,primary_17,1.12.1,3e33b1dcc42f16cd9604ba3aedc514ffa9e8bb93,2026-07-31T13:41:19.402535+00:00,success
chb05,chb05_33,E:/My_Github/epilepsy-eeg-hybrid-ai/data/raw/chbmit/chb05/chb05_33.edf,256.0,256.0,921600,921600,3600.0,3600.0,23,17,FP1-F7|F7-T7|T7-P7|P7-O1|FP1-F3|F3-C3|C3-P3|P3-O1|FZ-CZ|CZ-PZ|FP2-F4|F4-C4|C4-P4|P4-O2|FP2-F8|F8-T8|P8-O2,True,0.5,45.0,False,False,False,False,0,0,True,True,0,0,True,True,data\interim\chbmit\preprocessing_v1\chb05\chb05_33_preproc-v1_raw.fif,62728717,9d28ec836837914071ef3b35bc695320302825edf9030a7c9ee94e9ff4a54863,preprocessing_v1,harmonization_v1,primary_17,1.12.1,3e33b1dcc42f16cd9604ba3aedc514ffa9e8bb93,2026-07-31T13:41:19.402535+00:00,success
chb05,chb05_34,E:/My_Github/epilepsy-eeg-hybrid-ai/data/raw/chbmit/chb05/chb05_34.edf,256.0,256.0,921600,921600,3600.0,3600.0,23,17,FP1-F7|F7-T7|T7-P7|P7-O1|FP1-F3|F3-C3|C3-P3|P3-O1|FZ-CZ|CZ-PZ|FP2-F4|F4-C4|C4-P4|P4-O2|FP2-F8|F8-T8|P8-O2,True,0.5,45.0,False,False,False,False,0,0,True,True,0,0,True,True,data\interim\chbmit\preprocessing_v1\chb05\chb05_34_preproc-v1_raw.fif,62728717,800fb57291d8595b854ee12df4bcff0f76dc37373651129726ed26a3923b6a83,preprocessing_v1,harmonization_v1,primary_17,1.12.1,3e33b1dcc42f16cd9604ba3aedc514ffa9e8bb93,2026-07-31T13:41:19.402535+00:00,success
chb05,chb05_35,E:/My_Github/epilepsy-eeg-hybrid-ai/data/raw/chbmit/chb05/chb05_35.edf,256.0,256.0,921600,921600,3600.0,3600.0,23,17,FP1-F7|F7-T7|T7-P7|P7-O1|FP1-F3|F3-C3|C3-P3|P3-O1|FZ-CZ|CZ-PZ|FP2-F4|F4-C4|C4-P4|P4-O2|FP2-F8|F8-T8|P8-O2,True,0.5,45.0,False,False,False,False,0,0,True,True,0,0,True,True,data\interim\chbmit\preprocessing_v1\chb05\chb05_35_preproc-v1_raw.fif,62728717,564e482918e2da465907d03d8dc149ae1055546ccf62fa547c8171c157ae7f8e,preprocessing_v1,harmonization_v1,primary_17,1.12.1,3e33b1dcc42f16cd9604ba3aedc514ffa9e8bb93,2026-07-31T13:41:19.402535+00:00,success
chb05,chb05_36,E:/My_Github/epilepsy-eeg-hybrid-ai/data/raw/chbmit/chb05/chb05_36.edf,256.0,256.0,921600,921600,3600.0,3600.0,23,17,FP1-F7|F7-T7|T7-P7|P7-O1|FP1-F3|F3-C3|C3-P3|P3-O1|FZ-CZ|CZ-PZ|FP2-F4|F4-C4|C4-P4|P4-O2|FP2-F8|F8-T8|P8-O2,True,0.5,45.0,False,False,False,False,0,0,True,True,0,0,True,True,data\interim\chbmit\preprocessing_v1\chb05\chb05_36_preproc-v1_raw.fif,62728717,1a6a6ff55813bdcea0c3bec0e4e765ee5e57638373310a1bad6baeef6015b70a,preprocessing_v1,harmonization_v1,primary_17,1.12.1,3e33b1dcc42f16cd9604ba3aedc514ffa9e8bb93,2026-07-31T13:41:19.402535+00:00,success
chb05,chb05_37,E:/My_Github/epilepsy-eeg-hybrid-ai/data/raw/chbmit/chb05/chb05_37.edf,256.0,256.0,921600,921600,3600.0,3600.0,23,17,FP1-F7|F7-T7|T7-P7|P7-O1|FP1-F3|F3-C3|C3-P3|P3-O1|FZ-CZ|CZ-PZ|FP2-F4|F4-C4|C4-P4|P4-O2|FP2-F8|F8-T8|P8-O2,True,0.5,45.0,False,False,False,False,0,0,True,True,0,0,True,True,data\interim\chbmit\preprocessing_v1\chb05\chb05_37_preproc-v1_raw.fif,62728717,49e8df7df04f8cba2a8a829b60f518234ab89e111f6c65cb43074132f1c596ea,preprocessing_v1,harmonization_v1,primary_17,1.12.1,3e33b1dcc42f16cd9604ba3aedc514ffa9e8bb93,2026-07-31T13:41:19.402535+00:00,success
chb05,chb05_38,E:/My_Github/epilepsy-eeg-hybrid-ai/data/raw/chbmit/chb05/chb05_38.edf,256.0,256.0,921600,921600,3600.0,3600.0,23,17,FP1-F7|F7-T7|T7-P7|P7-O1|FP1-F3|F3-C3|C3-P3|P3-O1|FZ-CZ|CZ-PZ|FP2-F4|F4-C4|C4-P4|P4-O2|FP2-F8|F8-T8|P8-O2,True,0.5,45.0,False,False,False,False,0,0,True,True,0,0,True,True,data\interim\chbmit\preprocessing_v1\chb05\chb05_38_preproc-v1_raw.fif,62728717,7f4ecc22ea198e5fd7e057c38ea8dd6dc4e4315dda489da28720e3c6b8ab1913,preprocessing_v1,harmonization_v1,primary_17,1.12.1,3e33b1dcc42f16cd9604ba3aedc514ffa9e8bb93,2026-07-31T13:41:19.402535+00:00,success
chb05,chb05_39,E:/My_Github/epilepsy-eeg-hybrid-ai/data/raw/chbmit/chb05/chb05_39.edf,256.0,256.0,921600,921600,3600.0,3600.0,23,17,FP1-F7|F7-T7|T7-P7|P7-O1|FP1-F3|F3-C3|C3-P3|P3-O1|FZ-CZ|CZ-PZ|FP2-F4|F4-C4|C4-P4|P4-O2|FP2-F8|F8-T8|P8-O2,True,0.5,45.0,False,False,False,False,0,0,True,True,0,0,True,True,data\interim\chbmit\preprocessing_v1\chb05\chb05_39_preproc-v1_raw.fif,62728717,7057b6a79db22ec8201c2f2e2efd561927797b7f58aa7da71255bf4e115dd19a,preprocessing_v1,harmonization_v1,primary_17,1.12.1,3e33b1dcc42f16cd9604ba3aedc514ffa9e8bb93,2026-07-31T13:41:19.402535+00:00,success
chb06,chb06_01,E:/My_Github/epilepsy-eeg-hybrid-ai/data/raw/chbmit/chb06/chb06_01.edf,256.0,256.0,3693312,3693312,14427.0,14427.0,23,17,FP1-F7|F7-T7|T7-P7|P7-O1|FP1-F3|F3-C3|C3-P3|P3-O1|FZ-CZ|CZ-PZ|FP2-F4|F4-C4|C4-P4|P4-O2|FP2-F8|F8-T8|P8-O2,True,0.5,45.0,False,False,False,False,3,3,True,True,3,3,True,True,data\interim\chbmit\preprocessing_v1\chb06\chb06_01_preproc-v1_raw.fif,251378522,5004f565c1b0d17816925c93b43fe69bdd1230c88fc6be707572ea0b984e3e63,preprocessing_v1,harmonization_v1,primary_17,1.12.1,3e33b1dcc42f16cd9604ba3aedc514ffa9e8bb93,2026-07-31T13:41:19.402535+00:00,success
chb06,chb06_02,E:/My_Github/epilepsy-eeg-hybrid-ai/data/raw/chbmit/chb06/chb06_02.edf,256.0,256.0,3686400,3686400,14400.0,14400.0,23,17,FP1-F7|F7-T7|T7-P7|P7-O1|FP1-F3|F3-C3|C3-P3|P3-O1|FZ-CZ|CZ-PZ|FP2-F4|F4-C4|C4-P4|P4-O2|FP2-F8|F8-T8|P8-O2,True,0.5,45.0,False,False,False,False,0,0,True,True,0,0,True,True,data\interim\chbmit\preprocessing_v1\chb06\chb06_02_preproc-v1_raw.fif,250907917,458f4a7e805712b7b8bd69378b749b0b2ecef6b0bc05638bfc3168efe816e4ae,preprocessing_v1,harmonization_v1,primary_17,1.12.1,3e33b1dcc42f16cd9604ba3aedc514ffa9e8bb93,2026-07-31T13:41:19.402535+00:00,success
chb06,chb06_03,E:/My_Github/epilepsy-eeg-hybrid-ai/data/raw/chbmit/chb06/chb06_03.edf,256.0,256.0,3686400,3686400,14400.0,14400.0,23,17,FP1-F7|F7-T7|T7-P7|P7-O1|FP1-F3|F3-C3|C3-P3|P3-O1|FZ-CZ|CZ-PZ|FP2-F4|F4-C4|C4-P4|P4-O2|FP2-F8|F8-T8|P8-O2,True,0.5,45.0,False,False,False,False,0,0,True,True,0,0,True,True,data\interim\chbmit\preprocessing_v1\chb06\chb06_03_preproc-v1_raw.fif,250907917,27e4f79eba3161accc1b026fe5c0d1e9b42a5a5140378a1629219b641d7cc371,preprocessing_v1,harmonization_v1,primary_17,1.12.1,3e33b1dcc42f16cd9604ba3aedc514ffa9e8bb93,2026-07-31T13:41:19.402535+00:00,success
chb06,chb06_04,E:/My_Github/epilepsy-eeg-hybrid-ai/data/raw/chbmit/chb06/chb06_04.edf,256.0,256.0,3394816,3394816,13261.0,13261.0,23,17,FP1-F7|F7-T7|T7-P7|P7-O1|FP1-F3|F3-C3|C3-P3|P3-O1|FZ-CZ|CZ-PZ|FP2-F4|F4-C4|C4-P4|P4-O2|FP2-F8|F8-T8|P8-O2,True,0.5,45.0,False,False,False,False,2,2,True,True,2,2,True,True,data\interim\chbmit\preprocessing_v1\chb06\chb06_04_preproc-v1_raw.fif,231062120,734bf0b2062f2c2b94f8a28c534d247b654f80dd24933ef1d77a94b34c157838,preprocessing_v1,harmonization_v1,primary_17,1.12.1,3e33b1dcc42f16cd9604ba3aedc514ffa9e8bb93,2026-07-31T13:41:19.402535+00:00,success
chb06,chb06_05,E:/My_Github/epilepsy-eeg-hybrid-ai/data/raw/chbmit/chb06/chb06_05.edf,256.0,256.0,3686400,3686400,14400.0,14400.0,23,17,FP1-F7|F7-T7|T7-P7|P7-O1|FP1-F3|F3-C3|C3-P3|P3-O1|FZ-CZ|CZ-PZ|FP2-F4|F4-C4|C4-P4|P4-O2|FP2-F8|F8-T8|P8-O2,True,0.5,45.0,False,False,False,False,0,0,True,True,0,0,True,True,data\interim\chbmit\preprocessing_v1\chb06\chb06_05_preproc-v1_raw.fif,250907917,3b8e3b3bad76ed56d6e97c1d0c13d33e2516b88c4fe94a7b1712ee74bb30e718,preprocessing_v1,harmonization_v1,primary_17,1.12.1,3e33b1dcc42f16cd9604ba3aedc514ffa9e8bb93,2026-07-31T13:41:19.402535+00:00,success
chb06,chb06_06,E:/My_Github/epilepsy-eeg-hybrid-ai/data/raw/chbmit/chb06/chb06_06.edf,256.0,256.0,3686400,3686400,14400.0,14400.0,23,17,FP1-F7|F7-T7|T7-P7|P7-O1|FP1-F3|F3-C3|C3-P3|P3-O1|FZ-CZ|CZ-PZ|FP2-F4|F4-C4|C4-P4|P4-O2|FP2-F8|F8-T8|P8-O2,True,0.5,45.0,False,False,False,False,0,0,True,True,0,0,True,True,data\interim\chbmit\preprocessing_v1\chb06\chb06_06_preproc-v1_raw.fif,250907917,e8cfa8b4a017e2a190e350c52bae145d2beb5b9ede8a081f588b4f660647f2f9,preprocessing_v1,harmonization_v1,primary_17,1.12.1,3e33b1dcc42f16cd9604ba3aedc514ffa9e8bb93,2026-07-31T13:41:19.402535+00:00,success
chb06,chb06_07,E:/My_Github/epilepsy-eeg-hybrid-ai/data/raw/chbmit/chb06/chb06_07.edf,256.0,256.0,3686400,3686400,14400.0,14400.0,23,17,FP1-F7|F7-T7|T7-P7|P7-O1|FP1-F3|F3-C3|C3-P3|P3-O1|FZ-CZ|CZ-PZ|FP2-F4|F4-C4|C4-P4|P4-O2|FP2-F8|F8-T8|P8-O2,True,0.5,45.0,False,False,False,False,0,0,True,True,0,0,True,True,data\interim\chbmit\preprocessing_v1\chb06\chb06_07_preproc-v1_raw.fif,250907917,3c7ac758970b907a169d125ebb2ed449442943b30aaf44dbafa2d04d0848ef83,preprocessing_v1,harmonization_v1,primary_17,1.12.1,3e33b1dcc42f16cd9604ba3aedc514ffa9e8bb93,2026-07-31T13:41:19.402535+00:00,success
chb06,chb06_08,E:/My_Github/epilepsy-eeg-hybrid-ai/data/raw/chbmit/chb06/chb06_08.edf,256.0,256.0,3686400,3686400,14400.0,14400.0,23,17,FP1-F7|F7-T7|T7-P7|P7-O1|FP1-F3|F3-C3|C3-P3|P3-O1|FZ-CZ|CZ-PZ|FP2-F4|F4-C4|C4-P4|P4-O2|FP2-F8|F8-T8|P8-O2,True,0.5,45.0,False,False,False,False,0,0,True,True,0,0,True,True,data\interim\chbmit\preprocessing_v1\chb06\chb06_08_preproc-v1_raw.fif,250907917,3d4442c1301bffafac77ee6614e8ec5a357cf0f9f107a5e0e86f665437692967,preprocessing_v1,harmonization_v1,primary_17,1.12.1,3e33b1dcc42f16cd9604ba3aedc514ffa9e8bb93,2026-07-31T13:41:19.402535+00:00,success
chb06,chb06_09,E:/My_Github/epilepsy-eeg-hybrid-ai/data/raw/chbmit/chb06/chb06_09.edf,256.0,256.0,3686400,3686400,14400.0,14400.0,23,17,FP1-F7|F7-T7|T7-P7|P7-O1|FP1-F3|F3-C3|C3-P3|P3-O1|FZ-CZ|CZ-PZ|FP2-F4|F4-C4|C4-P4|P4-O2|FP2-F8|F8-T8|P8-O2,True,0.5,45.0,False,False,False,False,1,1,True,True,1,1,True,True,data\interim\chbmit\preprocessing_v1\chb06\chb06_09_preproc-v1_raw.fif,250908038,721518e4fc3f087acbfc6a4c1653940c612f4d29eb8c5f35a91449200d06446c,preprocessing_v1,harmonization_v1,primary_17,1.12.1,3e33b1dcc42f16cd9604ba3aedc514ffa9e8bb93,2026-07-31T13:41:19.402535+00:00,success
chb06,chb06_10,E:/My_Github/epilepsy-eeg-hybrid-ai/data/raw/chbmit/chb06/chb06_10.edf,256.0,256.0,3686400,3686400,14400.0,14400.0,23,17,FP1-F7|F7-T7|T7-P7|P7-O1|FP1-F3|F3-C3|C3-P3|P3-O1|FZ-CZ|CZ-PZ|FP2-F4|F4-C4|C4-P4|P4-O2|FP2-F8|F8-T8|P8-O2,True,0.5,45.0,False,False,False,False,1,1,True,True,1,1,True,True,data\interim\chbmit\preprocessing_v1\chb06\chb06_10_preproc-v1_raw.fif,250908038,93a98336fecc415ebc908f481ec5f53b8636c900ac10acbf20320e3dda4ceb98,preprocessing_v1,harmonization_v1,primary_17,1.12.1,3e33b1dcc42f16cd9604ba3aedc514ffa9e8bb93,2026-07-31T13:41:19.402535+00:00,success
chb06,chb06_12,E:/My_Github/epilepsy-eeg-hybrid-ai/data/raw/chbmit/chb06/chb06_12.edf,256.0,256.0,3686400,3686400,14400.0,14400.0,23,17,FP1-F7|F7-T7|T7-P7|P7-O1|FP1-F3|F3-C3|C3-P3|P3-O1|FZ-CZ|CZ-PZ|FP2-F4|F4-C4|C4-P4|P4-O2|FP2-F8|F8-T8|P8-O2,True,0.5,45.0,False,False,False,False,0,0,True,True,0,0,True,True,data\interim\chbmit\preprocessing_v1\chb06\chb06_12_preproc-v1_raw.fif,250907917,4211e08213f52b8e90995402267331e7c758ac3fd1a649de0f32c72289eed562,preprocessing_v1,harmonization_v1,primary_17,1.12.1,3e33b1dcc42f16cd9604ba3aedc514ffa9e8bb93,2026-07-31T13:41:19.402535+00:00,success
chb06,chb06_13,E:/My_Github/epilepsy-eeg-hybrid-ai/data/raw/chbmit/chb06/chb06_13.edf,256.0,256.0,3686400,3686400,14400.0,14400.0,23,17,FP1-F7|F7-T7|T7-P7|P7-O1|FP1-F3|F3-C3|C3-P3|P3-O1|FZ-CZ|CZ-PZ|FP2-F4|F4-C4|C4-P4|P4-O2|FP2-F8|F8-T8|P8-O2,True,0.5,45.0,False,False,False,False,1,1,True,True,1,1,True,True,data\interim\chbmit\preprocessing_v1\chb06\chb06_13_preproc-v1_raw.fif,250908038,496d2f38d1eb4769015b97505eff94af0c802047eb5487a8fbb0627143cad543,preprocessing_v1,harmonization_v1,primary_17,1.12.1,3e33b1dcc42f16cd9604ba3aedc514ffa9e8bb93,2026-07-31T13:41:19.402535+00:00,success
chb06,chb06_14,E:/My_Github/epilepsy-eeg-hybrid-ai/data/raw/chbmit/chb06/chb06_14.edf,256.0,256.0,3686400,3686400,14400.0,14400.0,23,17,FP1-F7|F7-T7|T7-P7|P7-O1|FP1-F3|F3-C3|C3-P3|P3-O1|FZ-CZ|CZ-PZ|FP2-F4|F4-C4|C4-P4|P4-O2|FP2-F8|F8-T8|P8-O2,True,0.5,45.0,False,False,False,False,0,0,True,True,0,0,True,True,data\interim\chbmit\preprocessing_v1\chb06\chb06_14_preproc-v1_raw.fif,250907917,4fc5b5a9bfe0d4502aa3989e0084620619da6ae121f7c0997714267bdb1e1d74,preprocessing_v1,harmonization_v1,primary_17,1.12.1,3e33b1dcc42f16cd9604ba3aedc514ffa9e8bb93,2026-07-31T13:41:19.402535+00:00,success
chb06,chb06_15,E:/My_Github/epilepsy-eeg-hybrid-ai/data/raw/chbmit/chb06/chb06_15.edf,256.0,256.0,3686400,3686400,14400.0,14400.0,23,17,FP1-F7|F7-T7|T7-P7|P7-O1|FP1-F3|F3-C3|C3-P3|P3-O1|FZ-CZ|CZ-PZ|FP2-F4|F4-C4|C4-P4|P4-O2|FP2-F8|F8-T8|P8-O2,True,0.5,45.0,False,False,False,False,0,0,True,True,0,0,True,True,data\interim\chbmit\preprocessing_v1\chb06\chb06_15_preproc-v1_raw.fif,250907917,05d0210ac15ef2c98fb14ab2f3ed52a697d781e3d1a5a67fb6dad82f7720d39e,preprocessing_v1,harmonization_v1,primary_17,1.12.1,3e33b1dcc42f16cd9604ba3aedc514ffa9e8bb93,2026-07-31T13:41:19.402535+00:00,success
chb06,chb06_16,E:/My_Github/epilepsy-eeg-hybrid-ai/data/raw/chbmit/chb06/chb06_16.edf,256.0,256.0,775680,775680,3030.0,3030.0,23,17,FP1-F7|F7-T7|T7-P7|P7-O1|FP1-F3|F3-C3|C3-P3|P3-O1|FZ-CZ|CZ-PZ|FP2-F4|F4-C4|C4-P4|P4-O2|FP2-F8|F8-T8|P8-O2,True,0.5,45.0,False,False,False,False,0,0,True,True,0,0,True,True,data\interim\chbmit\preprocessing_v1\chb06\chb06_16_preproc-v1_raw.fif,52797037,1866717223e6215982f34606956d9387db18d750c70ac0369ca24ed9d4143076,preprocessing_v1,harmonization_v1,primary_17,1.12.1,3e33b1dcc42f16cd9604ba3aedc514ffa9e8bb93,2026-07-31T13:41:19.402535+00:00,success
chb06,chb06_17,E:/My_Github/epilepsy-eeg-hybrid-ai/data/raw/chbmit/chb06/chb06_17.edf,256.0,256.0,3686400,3686400,14400.0,14400.0,23,17,FP1-F7|F7-T7|T7-P7|P7-O1|FP1-F3|F3-C3|C3-P3|P3-O1|FZ-CZ|CZ-PZ|FP2-F4|F4-C4|C4-P4|P4-O2|FP2-F8|F8-T8|P8-O2,True,0.5,45.0,False,False,False,False,0,0,True,True,0,0,True,True,data\interim\chbmit\preprocessing_v1\chb06\chb06_17_preproc-v1_raw.fif,250907917,b7e575d75b3fd766d092616c0db715513813882a20abd79567cf06a73702d5fc,preprocessing_v1,harmonization_v1,primary_17,1.12.1,3e33b1dcc42f16cd9604ba3aedc514ffa9e8bb93,2026-07-31T13:41:19.402535+00:00,success
chb06,chb06_18,E:/My_Github/epilepsy-eeg-hybrid-ai/data/raw/chbmit/chb06/chb06_18.edf,256.0,256.0,2029568,2029568,7928.0,7928.0,23,17,FP1-F7|F7-T7|T7-P7|P7-O1|FP1-F3|F3-C3|C3-P3|P3-O1|FZ-CZ|CZ-PZ|FP2-F4|F4-C4|C4-P4|P4-O2|FP2-F8|F8-T8|P8-O2,True,0.5,45.0,False,False,False,False,1,1,True,True,1,1,True,True,data\interim\chbmit\preprocessing_v1\chb06\chb06_18_preproc-v1_raw.fif,138139910,130e172bace74ddba0a494462bcea7e6f76c5d0d66b67537cf1a3f60e9686f73,preprocessing_v1,harmonization_v1,primary_17,1.12.1,3e33b1dcc42f16cd9604ba3aedc514ffa9e8bb93,2026-07-31T13:41:19.402535+00:00,success
chb06,chb06_24,E:/My_Github/epilepsy-eeg-hybrid-ai/data/raw/chbmit/chb06/chb06_24.edf,256.0,256.0,3686400,3686400,14400.0,14400.0,23,17,FP1-F7|F7-T7|T7-P7|P7-O1|FP1-F3|F3-C3|C3-P3|P3-O1|FZ-CZ|CZ-PZ|FP2-F4|F4-C4|C4-P4|P4-O2|FP2-F8|F8-T8|P8-O2,True,0.5,45.0,False,False,False,False,1,1,True,True,1,1,True,True,data\interim\chbmit\preprocessing_v1\chb06\chb06_24_preproc-v1_raw.fif,250908038,b8b4481634a4186e302c564c0a050cbd4a9a03be14544e28e5e3e5778665cadd,preprocessing_v1,harmonization_v1,primary_17,1.12.1,3e33b1dcc42f16cd9604ba3aedc514ffa9e8bb93,2026-07-31T13:41:19.402535+00:00,success
chb07,chb07_01,E:/My_Github/epilepsy-eeg-hybrid-ai/data/raw/chbmit/chb07/chb07_01.edf,256.0,256.0,3689216,3689216,14411.0,14411.0,23,17,FP1-F7|F7-T7|T7-P7|P7-O1|FP1-F3|F3-C3|C3-P3|P3-O1|FZ-CZ|CZ-PZ|FP2-F4|F4-C4|C4-P4|P4-O2|FP2-F8|F8-T8|P8-O2,True,0.5,45.0,False,False,False,False,0,0,True,True,0,0,True,True,data\interim\chbmit\preprocessing_v1\chb07\chb07_01_preproc-v1_raw.fif,251099581,4b612c4db062122b9dfc7894935da37b5944f0e81df1b7c929902b899750d590,preprocessing_v1,harmonization_v1,primary_17,1.12.1,3e33b1dcc42f16cd9604ba3aedc514ffa9e8bb93,2026-07-31T13:41:19.402535+00:00,success
chb07,chb07_02,E:/My_Github/epilepsy-eeg-hybrid-ai/data/raw/chbmit/chb07/chb07_02.edf,256.0,256.0,3686400,3686400,14400.0,14400.0,23,17,FP1-F7|F7-T7|T7-P7|P7-O1|FP1-F3|F3-C3|C3-P3|P3-O1|FZ-CZ|CZ-PZ|FP2-F4|F4-C4|C4-P4|P4-O2|FP2-F8|F8-T8|P8-O2,True,0.5,45.0,False,False,False,False,0,0,True,True,0,0,True,True,data\interim\chbmit\preprocessing_v1\chb07\chb07_02_preproc-v1_raw.fif,250907917,d10dbed27b25e82646e4c697fa18fc497cff66d0651370265f787e1a32a20264,preprocessing_v1,harmonization_v1,primary_17,1.12.1,3e33b1dcc42f16cd9604ba3aedc514ffa9e8bb93,2026-07-31T13:41:19.402535+00:00,success
chb07,chb07_03,E:/My_Github/epilepsy-eeg-hybrid-ai/data/raw/chbmit/chb07/chb07_03.edf,256.0,256.0,3686400,3686400,14400.0,14400.0,23,17,FP1-F7|F7-T7|T7-P7|P7-O1|FP1-F3|F3-C3|C3-P3|P3-O1|FZ-CZ|CZ-PZ|FP2-F4|F4-C4|C4-P4|P4-O2|FP2-F8|F8-T8|P8-O2,True,0.5,45.0,False,False,False,False,0,0,True,True,0,0,True,True,data\interim\chbmit\preprocessing_v1\chb07\chb07_03_preproc-v1_raw.fif,250907917,9ad27818fdd9759b31d706262ba4ab05cb8a5b9a785d9f69272d4d1dd9cde7f5,preprocessing_v1,harmonization_v1,primary_17,1.12.1,3e33b1dcc42f16cd9604ba3aedc514ffa9e8bb93,2026-07-31T13:41:19.402535+00:00,success
chb07,chb07_04,E:/My_Github/epilepsy-eeg-hybrid-ai/data/raw/chbmit/chb07/chb07_04.edf,256.0,256.0,3686400,3686400,14400.0,14400.0,23,17,FP1-F7|F7-T7|T7-P7|P7-O1|FP1-F3|F3-C3|C3-P3|P3-O1|FZ-CZ|CZ-PZ|FP2-F4|F4-C4|C4-P4|P4-O2|FP2-F8|F8-T8|P8-O2,True,0.5,45.0,False,False,False,False,0,0,True,True,0,0,True,True,data\interim\chbmit\preprocessing_v1\chb07\chb07_04_preproc-v1_raw.fif,250907917,b6cf8d2ce4bd37b87da886759a6ab6fad4f50a0a1eac34e313ebed00bbbe0b04,preprocessing_v1,harmonization_v1,primary_17,1.12.1,3e33b1dcc42f16cd9604ba3aedc514ffa9e8bb93,2026-07-31T13:41:19.402535+00:00,success
chb07,chb07_05,E:/My_Github/epilepsy-eeg-hybrid-ai/data/raw/chbmit/chb07/chb07_05.edf,256.0,256.0,3686400,3686400,14400.0,14400.0,23,17,FP1-F7|F7-T7|T7-P7|P7-O1|FP1-F3|F3-C3|C3-P3|P3-O1|FZ-CZ|CZ-PZ|FP2-F4|F4-C4|C4-P4|P4-O2|FP2-F8|F8-T8|P8-O2,True,0.5,45.0,False,False,False,False,0,0,True,True,0,0,True,True,data\interim\chbmit\preprocessing_v1\chb07\chb07_05_preproc-v1_raw.fif,250907917,63ccadc40e35b1e65d9d14671d1150f957a8f37a1079860c21df5df5255406b4,preprocessing_v1,harmonization_v1,primary_17,1.12.1,3e33b1dcc42f16cd9604ba3aedc514ffa9e8bb93,2026-07-31T13:41:19.402535+00:00,success
chb07,chb07_06,E:/My_Github/epilepsy-eeg-hybrid-ai/data/raw/chbmit/chb07/chb07_06.edf,256.0,256.0,1259520,1259520,4920.0,4920.0,23,17,FP1-F7|F7-T7|T7-P7|P7-O1|FP1-F3|F3-C3|C3-P3|P3-O1|FZ-CZ|CZ-PZ|FP2-F4|F4-C4|C4-P4|P4-O2|FP2-F8|F8-T8|P8-O2,True,0.5,45.0,False,False,False,False,0,0,True,True,0,0,True,True,data\interim\chbmit\preprocessing_v1\chb07\chb07_06_preproc-v1_raw.fif,85728397,39f1b44b36726261e0167cc8523fc619486558dcff68dae45fb71140002b25fd,preprocessing_v1,harmonization_v1,primary_17,1.12.1,3e33b1dcc42f16cd9604ba3aedc514ffa9e8bb93,2026-07-31T13:41:19.402535+00:00,success
chb07,chb07_07,E:/My_Github/epilepsy-eeg-hybrid-ai/data/raw/chbmit/chb07/chb07_07.edf,256.0,256.0,1192960,1192960,4660.0,4660.0,23,17,FP1-F7|F7-T7|T7-P7|P7-O1|FP1-F3|F3-C3|C3-P3|P3-O1|FZ-CZ|CZ-PZ|FP2-F4|F4-C4|C4-P4|P4-O2|FP2-F8|F8-T8|P8-O2,True,0.5,45.0,False,False,False,False,0,0,True,True,0,0,True,True,data\interim\chbmit\preprocessing_v1\chb07\chb07_07_preproc-v1_raw.fif,81198157,23c38b5996410abb7c4087d84d6f07f78ecbad97e3a00c00959793198a18b1ae,preprocessing_v1,harmonization_v1,primary_17,1.12.1,3e33b1dcc42f16cd9604ba3aedc514ffa9e8bb93,2026-07-31T13:41:19.402535+00:00,success
chb07,chb07_08,E:/My_Github/epilepsy-eeg-hybrid-ai/data/raw/chbmit/chb07/chb07_08.edf,256.0,256.0,3686400,3686400,14400.0,14400.0,23,17,FP1-F7|F7-T7|T7-P7|P7-O1|FP1-F3|F3-C3|C3-P3|P3-O1|FZ-CZ|CZ-PZ|FP2-F4|F4-C4|C4-P4|P4-O2|FP2-F8|F8-T8|P8-O2,True,0.5,45.0,False,False,False,False,0,0,True,True,0,0,True,True,data\interim\chbmit\preprocessing_v1\chb07\chb07_08_preproc-v1_raw.fif,250907917,c9f42968040fd68a7e4d558acc03c14965ba099c2f2e584f4a09ab94a3e18d29,preprocessing_v1,harmonization_v1,primary_17,1.12.1,3e33b1dcc42f16cd9604ba3aedc514ffa9e8bb93,2026-07-31T13:41:19.402535+00:00,success
chb07,chb07_09,E:/My_Github/epilepsy-eeg-hybrid-ai/data/raw/chbmit/chb07/chb07_09.edf,256.0,256.0,3686400,3686400,14400.0,14400.0,23,17,FP1-F7|F7-T7|T7-P7|P7-O1|FP1-F3|F3-C3|C3-P3|P3-O1|FZ-CZ|CZ-PZ|FP2-F4|F4-C4|C4-P4|P4-O2|FP2-F8|F8-T8|P8-O2,True,0.5,45.0,False,False,False,False,0,0,True,True,0,0,True,True,data\interim\chbmit\preprocessing_v1\chb07\chb07_09_preproc-v1_raw.fif,250907917,c74cff8aade1eb01e61a1026b57b98fa85cf9a849169c3fa59a69e17be95f3d8,preprocessing_v1,harmonization_v1,primary_17,1.12.1,3e33b1dcc42f16cd9604ba3aedc514ffa9e8bb93,2026-07-31T13:41:19.402535+00:00,success
chb07,chb07_10,E:/My_Github/epilepsy-eeg-hybrid-ai/data/raw/chbmit/chb07/chb07_10.edf,256.0,256.0,3686400,3686400,14400.0,14400.0,23,17,FP1-F7|F7-T7|T7-P7|P7-O1|FP1-F3|F3-C3|C3-P3|P3-O1|FZ-CZ|CZ-PZ|FP2-F4|F4-C4|C4-P4|P4-O2|FP2-F8|F8-T8|P8-O2,True,0.5,45.0,False,False,False,False,0,0,True,True,0,0,True,True,data\interim\chbmit\preprocessing_v1\chb07\chb07_10_preproc-v1_raw.fif,250907917,b6d80b2f5a83a81e0acaa9262ed75e29ea43d5d61fb17af7f046471f62db0d86,preprocessing_v1,harmonization_v1,primary_17,1.12.1,3e33b1dcc42f16cd9604ba3aedc514ffa9e8bb93,2026-07-31T13:41:19.402535+00:00,success
chb07,chb07_11,E:/My_Github/epilepsy-eeg-hybrid-ai/data/raw/chbmit/chb07/chb07_11.edf,256.0,256.0,3686400,3686400,14400.0,14400.0,23,17,FP1-F7|F7-T7|T7-P7|P7-O1|FP1-F3|F3-C3|C3-P3|P3-O1|FZ-CZ|CZ-PZ|FP2-F4|F4-C4|C4-P4|P4-O2|FP2-F8|F8-T8|P8-O2,True,0.5,45.0,False,False,False,False,0,0,True,True,0,0,True,True,data\interim\chbmit\preprocessing_v1\chb07\chb07_11_preproc-v1_raw.fif,250907917,b5e38a612b8bfc613d35e4904b9b1a83e091c22a7d50502b66b84e3e81f00a68,preprocessing_v1,harmonization_v1,primary_17,1.12.1,3e33b1dcc42f16cd9604ba3aedc514ffa9e8bb93,2026-07-31T13:41:19.402535+00:00,success
chb07,chb07_12,E:/My_Github/epilepsy-eeg-hybrid-ai/data/raw/chbmit/chb07/chb07_12.edf,256.0,256.0,3686400,3686400,14400.0,14400.0,23,17,FP1-F7|F7-T7|T7-P7|P7-O1|FP1-F3|F3-C3|C3-P3|P3-O1|FZ-CZ|CZ-PZ|FP2-F4|F4-C4|C4-P4|P4-O2|FP2-F8|F8-T8|P8-O2,True,0.5,45.0,False,False,False,False,1,1,True,True,1,1,True,True,data\interim\chbmit\preprocessing_v1\chb07\chb07_12_preproc-v1_raw.fif,250908038,0e659806eef0ace514f1897120bc1fedd5a675fd51090a9f5460ca0618fa9e6c,preprocessing_v1,harmonization_v1,primary_17,1.12.1,3e33b1dcc42f16cd9604ba3aedc514ffa9e8bb93,2026-07-31T13:41:19.402535+00:00,success
chb07,chb07_13,E:/My_Github/epilepsy-eeg-hybrid-ai/data/raw/chbmit/chb07/chb07_13.edf,256.0,256.0,953856,953856,3726.0,3726.0,23,17,FP1-F7|F7-T7|T7-P7|P7-O1|FP1-F3|F3-C3|C3-P3|P3-O1|FZ-CZ|CZ-PZ|FP2-F4|F4-C4|C4-P4|P4-O2|FP2-F8|F8-T8|P8-O2,True,0.5,45.0,False,False,False,False,1,1,True,True,1,1,True,True,data\interim\chbmit\preprocessing_v1\chb07\chb07_13_preproc-v1_raw.fif,64924262,414914b8d837741de7a056c7e07cd16a389ac356b99468222ddecdd7930aab40,preprocessing_v1,harmonization_v1,primary_17,1.12.1,3e33b1dcc42f16cd9604ba3aedc514ffa9e8bb93,2026-07-31T13:41:19.402535+00:00,success
chb07,chb07_14,E:/My_Github/epilepsy-eeg-hybrid-ai/data/raw/chbmit/chb07/chb07_14.edf,256.0,256.0,3686400,3686400,14400.0,14400.0,23,17,FP1-F7|F7-T7|T7-P7|P7-O1|FP1-F3|F3-C3|C3-P3|P3-O1|FZ-CZ|CZ-PZ|FP2-F4|F4-C4|C4-P4|P4-O2|FP2-F8|F8-T8|P8-O2,True,0.5,45.0,False,False,False,False,0,0,True,True,0,0,True,True,data\interim\chbmit\preprocessing_v1\chb07\chb07_14_preproc-v1_raw.fif,250907917,509eedfc523ca76d6c03df301aaf80cf5d1dda9eaa474277d1c58bce905f2746,preprocessing_v1,harmonization_v1,primary_17,1.12.1,3e33b1dcc42f16cd9604ba3aedc514ffa9e8bb93,2026-07-31T13:41:19.402535+00:00,success
chb07,chb07_15,E:/My_Github/epilepsy-eeg-hybrid-ai/data/raw/chbmit/chb07/chb07_15.edf,256.0,256.0,3686400,3686400,14400.0,14400.0,23,17,FP1-F7|F7-T7|T7-P7|P7-O1|FP1-F3|F3-C3|C3-P3|P3-O1|FZ-CZ|CZ-PZ|FP2-F4|F4-C4|C4-P4|P4-O2|FP2-F8|F8-T8|P8-O2,True,0.5,45.0,False,False,False,False,0,0,True,True,0,0,True,True,data\interim\chbmit\preprocessing_v1\chb07\chb07_15_preproc-v1_raw.fif,250907917,eb6cd8152230a27e7ce14157073171edc38b65bd125d81812581be95c4d84802,preprocessing_v1,harmonization_v1,primary_17,1.12.1,3e33b1dcc42f16cd9604ba3aedc514ffa9e8bb93,2026-07-31T13:41:19.402535+00:00,success
chb07,chb07_16,E:/My_Github/epilepsy-eeg-hybrid-ai/data/raw/chbmit/chb07/chb07_16.edf,256.0,256.0,3686400,3686400,14400.0,14400.0,23,17,FP1-F7|F7-T7|T7-P7|P7-O1|FP1-F3|F3-C3|C3-P3|P3-O1|FZ-CZ|CZ-PZ|FP2-F4|F4-C4|C4-P4|P4-O2|FP2-F8|F8-T8|P8-O2,True,0.5,45.0,False,False,False,False,0,0,True,True,0,0,True,True,data\interim\chbmit\preprocessing_v1\chb07\chb07_16_preproc-v1_raw.fif,250907917,cf39ad60df2791508a046344501bb7ebc20c8bedf25fd253cc89abaa33a050f3,preprocessing_v1,harmonization_v1,primary_17,1.12.1,3e33b1dcc42f16cd9604ba3aedc514ffa9e8bb93,2026-07-31T13:41:19.402535+00:00,success
chb07,chb07_17,E:/My_Github/epilepsy-eeg-hybrid-ai/data/raw/chbmit/chb07/chb07_17.edf,256.0,256.0,3686400,3686400,14400.0,14400.0,23,17,FP1-F7|F7-T7|T7-P7|P7-O1|FP1-F3|F3-C3|C3-P3|P3-O1|FZ-CZ|CZ-PZ|FP2-F4|F4-C4|C4-P4|P4-O2|FP2-F8|F8-T8|P8-O2,True,0.5,45.0,False,False,False,False,0,0,True,True,0,0,True,True,data\interim\chbmit\preprocessing_v1\chb07\chb07_17_preproc-v1_raw.fif,250907917,7eea95e2cb924d63bc4444f02357239335edf50fe348914ce362f539cd3bab06,preprocessing_v1,harmonization_v1,primary_17,1.12.1,3e33b1dcc42f16cd9604ba3aedc514ffa9e8bb93,2026-07-31T13:41:19.402535+00:00,success
chb07,chb07_18,E:/My_Github/epilepsy-eeg-hybrid-ai/data/raw/chbmit/chb07/chb07_18.edf,256.0,256.0,3087360,3087360,12060.0,12060.0,23,17,FP1-F7|F7-T7|T7-P7|P7-O1|FP1-F3|F3-C3|C3-P3|P3-O1|FZ-CZ|CZ-PZ|FP2-F4|F4-C4|C4-P4|P4-O2|FP2-F8|F8-T8|P8-O2,True,0.5,45.0,False,False,False,False,0,0,True,True,0,0,True,True,data\interim\chbmit\preprocessing_v1\chb07\chb07_18_preproc-v1_raw.fif,210135757,842acb60e34a3cb6b8d1070b7d4dba2a9019fab8b57f160e9889164e85ce276e,preprocessing_v1,harmonization_v1,primary_17,1.12.1,3e33b1dcc42f16cd9604ba3aedc514ffa9e8bb93,2026-07-31T13:41:19.402535+00:00,success
chb07,chb07_19,E:/My_Github/epilepsy-eeg-hybrid-ai/data/raw/chbmit/chb07/chb07_19.edf,256.0,256.0,3689216,3689216,14411.0,14411.0,23,17,FP1-F7|F7-T7|T7-P7|P7-O1|FP1-F3|F3-C3|C3-P3|P3-O1|FZ-CZ|CZ-PZ|FP2-F4|F4-C4|C4-P4|P4-O2|FP2-F8|F8-T8|P8-O2,True,0.5,45.0,False,False,False,False,1,1,True,True,1,1,True,True,data\interim\chbmit\preprocessing_v1\chb07\chb07_19_preproc-v1_raw.fif,251099702,8d1064b562d01244cceff1ba990f0a40705c893c359c2ccd26dab6e686b9b41f,preprocessing_v1,harmonization_v1,primary_17,1.12.1,3e33b1dcc42f16cd9604ba3aedc514ffa9e8bb93,2026-07-31T13:41:19.402535+00:00,success
chb08,chb08_02,E:/My_Github/epilepsy-eeg-hybrid-ai/data/raw/chbmit/chb08/chb08_02.edf,256.0,256.0,921600,921600,3600.0,3600.0,23,17,FP1-F7|F7-T7|T7-P7|P7-O1|FP1-F3|F3-C3|C3-P3|P3-O1|FZ-CZ|CZ-PZ|FP2-F4|F4-C4|C4-P4|P4-O2|FP2-F8|F8-T8|P8-O2,True,0.5,45.0,False,False,False,False,1,1,True,True,1,1,True,True,data\interim\chbmit\preprocessing_v1\chb08\chb08_02_preproc-v1_raw.fif,62728838,770dee5dc5de12add6c45d62cd32361cfefd830e4f8da967d0f155fe9ee20ac3,preprocessing_v1,harmonization_v1,primary_17,1.12.1,3e33b1dcc42f16cd9604ba3aedc514ffa9e8bb93,2026-07-31T13:41:19.402535+00:00,success
chb08,chb08_03,E:/My_Github/epilepsy-eeg-hybrid-ai/data/raw/chbmit/chb08/chb08_03.edf,256.0,256.0,921600,921600,3600.0,3600.0,23,17,FP1-F7|F7-T7|T7-P7|P7-O1|FP1-F3|F3-C3|C3-P3|P3-O1|FZ-CZ|CZ-PZ|FP2-F4|F4-C4|C4-P4|P4-O2|FP2-F8|F8-T8|P8-O2,True,0.5,45.0,False,False,False,False,0,0,True,True,0,0,True,True,data\interim\chbmit\preprocessing_v1\chb08\chb08_03_preproc-v1_raw.fif,62728717,6702b0c4070485f8e686875feefdbba0fe65599742cb85f5cac84a0a46475e4b,preprocessing_v1,harmonization_v1,primary_17,1.12.1,3e33b1dcc42f16cd9604ba3aedc514ffa9e8bb93,2026-07-31T13:41:19.402535+00:00,success
chb08,chb08_04,E:/My_Github/epilepsy-eeg-hybrid-ai/data/raw/chbmit/chb08/chb08_04.edf,256.0,256.0,921600,921600,3600.0,3600.0,23,17,FP1-F7|F7-T7|T7-P7|P7-O1|FP1-F3|F3-C3|C3-P3|P3-O1|FZ-CZ|CZ-PZ|FP2-F4|F4-C4|C4-P4|P4-O2|FP2-F8|F8-T8|P8-O2,True,0.5,45.0,False,False,False,False,0,0,True,True,0,0,True,True,data\interim\chbmit\preprocessing_v1\chb08\chb08_04_preproc-v1_raw.fif,62728717,b36283f1f60428a6eb87be589720d684fb43ea1bae9caf056e16efd8ae7d044b,preprocessing_v1,harmonization_v1,primary_17,1.12.1,3e33b1dcc42f16cd9604ba3aedc514ffa9e8bb93,2026-07-31T13:41:19.402535+00:00,success
chb08,chb08_05,E:/My_Github/epilepsy-eeg-hybrid-ai/data/raw/chbmit/chb08/chb08_05.edf,256.0,256.0,921600,921600,3600.0,3600.0,23,17,FP1-F7|F7-T7|T7-P7|P7-O1|FP1-F3|F3-C3|C3-P3|P3-O1|FZ-CZ|CZ-PZ|FP2-F4|F4-C4|C4-P4|P4-O2|FP2-F8|F8-T8|P8-O2,True,0.5,45.0,False,False,False,False,1,1,True,True,1,1,True,True,data\interim\chbmit\preprocessing_v1\chb08\chb08_05_preproc-v1_raw.fif,62728838,a0680d831408f315c3584653ffac9121ec2b95ed77d9498e307648f8fa68ee99,preprocessing_v1,harmonization_v1,primary_17,1.12.1,3e33b1dcc42f16cd9604ba3aedc514ffa9e8bb93,2026-07-31T13:41:19.402535+00:00,success
chb08,chb08_10,E:/My_Github/epilepsy-eeg-hybrid-ai/data/raw/chbmit/chb08/chb08_10.edf,256.0,256.0,921600,921600,3600.0,3600.0,23,17,FP1-F7|F7-T7|T7-P7|P7-O1|FP1-F3|F3-C3|C3-P3|P3-O1|FZ-CZ|CZ-PZ|FP2-F4|F4-C4|C4-P4|P4-O2|FP2-F8|F8-T8|P8-O2,True,0.5,45.0,False,False,False,False,0,0,True,True,0,0,True,True,data\interim\chbmit\preprocessing_v1\chb08\chb08_10_preproc-v1_raw.fif,62728717,2bd04b2079b6f1cd01acf54c94d39de6a3975f76ef6d004c1c10a43de41890cf,preprocessing_v1,harmonization_v1,primary_17,1.12.1,3e33b1dcc42f16cd9604ba3aedc514ffa9e8bb93,2026-07-31T13:41:19.402535+00:00,success
chb08,chb08_11,E:/My_Github/epilepsy-eeg-hybrid-ai/data/raw/chbmit/chb08/chb08_11.edf,256.0,256.0,921600,921600,3600.0,3600.0,23,17,FP1-F7|F7-T7|T7-P7|P7-O1|FP1-F3|F3-C3|C3-P3|P3-O1|FZ-CZ|CZ-PZ|FP2-F4|F4-C4|C4-P4|P4-O2|FP2-F8|F8-T8|P8-O2,True,0.5,45.0,False,False,False,False,1,1,True,True,1,1,True,True,data\interim\chbmit\preprocessing_v1\chb08\chb08_11_preproc-v1_raw.fif,62728838,fc4037d5209746a820184fa62d3f78d20625579210dc9186994624738e04f636,preprocessing_v1,harmonization_v1,primary_17,1.12.1,3e33b1dcc42f16cd9604ba3aedc514ffa9e8bb93,2026-07-31T13:41:19.402535+00:00,success
chb08,chb08_12,E:/My_Github/epilepsy-eeg-hybrid-ai/data/raw/chbmit/chb08/chb08_12.edf,256.0,256.0,921600,921600,3600.0,3600.0,23,17,FP1-F7|F7-T7|T7-P7|P7-O1|FP1-F3|F3-C3|C3-P3|P3-O1|FZ-CZ|CZ-PZ|FP2-F4|F4-C4|C4-P4|P4-O2|FP2-F8|F8-T8|P8-O2,True,0.5,45.0,False,False,False,False,0,0,True,True,0,0,True,True,data\interim\chbmit\preprocessing_v1\chb08\chb08_12_preproc-v1_raw.fif,62728717,66343b061b26169c7247ea2c9129edc8b3bce3cade22bcc2195373488d8ef547,preprocessing_v1,harmonization_v1,primary_17,1.12.1,3e33b1dcc42f16cd9604ba3aedc514ffa9e8bb93,2026-07-31T13:41:19.402535+00:00,success
chb08,chb08_13,E:/My_Github/epilepsy-eeg-hybrid-ai/data/raw/chbmit/chb08/chb08_13.edf,256.0,256.0,921600,921600,3600.0,3600.0,23,17,FP1-F7|F7-T7|T7-P7|P7-O1|FP1-F3|F3-C3|C3-P3|P3-O1|FZ-CZ|CZ-PZ|FP2-F4|F4-C4|C4-P4|P4-O2|FP2-F8|F8-T8|P8-O2,True,0.5,45.0,False,False,False,False,1,1,True,True,1,1,True,True,data\interim\chbmit\preprocessing_v1\chb08\chb08_13_preproc-v1_raw.fif,62728838,3b4731178276cfaf10370d7db7508b244de57b95cb3c1afc492aeb4f2943c219,preprocessing_v1,harmonization_v1,primary_17,1.12.1,3e33b1dcc42f16cd9604ba3aedc514ffa9e8bb93,2026-07-31T13:41:19.402535+00:00,success
chb08,chb08_14,E:/My_Github/epilepsy-eeg-hybrid-ai/data/raw/chbmit/chb08/chb08_14.edf,256.0,256.0,921600,921600,3600.0,3600.0,23,17,FP1-F7|F7-T7|T7-P7|P7-O1|FP1-F3|F3-C3|C3-P3|P3-O1|FZ-CZ|CZ-PZ|FP2-F4|F4-C4|C4-P4|P4-O2|FP2-F8|F8-T8|P8-O2,True,0.5,45.0,False,False,False,False,0,0,True,True,0,0,True,True,data\interim\chbmit\preprocessing_v1\chb08\chb08_14_preproc-v1_raw.fif,62728717,ee7f71b1f20786f0249e38213718d592f4e0a776f175be98029f0d519857de7c,preprocessing_v1,harmonization_v1,primary_17,1.12.1,3e33b1dcc42f16cd9604ba3aedc514ffa9e8bb93,2026-07-31T13:41:19.402535+00:00,success
chb08,chb08_15,E:/My_Github/epilepsy-eeg-hybrid-ai/data/raw/chbmit/chb08/chb08_15.edf,256.0,256.0,921600,921600,3600.0,3600.0,23,17,FP1-F7|F7-T7|T7-P7|P7-O1|FP1-F3|F3-C3|C3-P3|P3-O1|FZ-CZ|CZ-PZ|FP2-F4|F4-C4|C4-P4|P4-O2|FP2-F8|F8-T8|P8-O2,True,0.5,45.0,False,False,False,False,0,0,True,True,0,0,True,True,data\interim\chbmit\preprocessing_v1\chb08\chb08_15_preproc-v1_raw.fif,62728717,ac929a2fff3b149b2ee209744707c7654cb56d6fd6eb6417023330d485707370,preprocessing_v1,harmonization_v1,primary_17,1.12.1,3e33b1dcc42f16cd9604ba3aedc514ffa9e8bb93,2026-07-31T13:41:19.402535+00:00,success
chb08,chb08_16,E:/My_Github/epilepsy-eeg-hybrid-ai/data/raw/chbmit/chb08/chb08_16.edf,256.0,256.0,921600,921600,3600.0,3600.0,23,17,FP1-F7|F7-T7|T7-P7|P7-O1|FP1-F3|F3-C3|C3-P3|P3-O1|FZ-CZ|CZ-PZ|FP2-F4|F4-C4|C4-P4|P4-O2|FP2-F8|F8-T8|P8-O2,True,0.5,45.0,False,False,False,False,0,0,True,True,0,0,True,True,data\interim\chbmit\preprocessing_v1\chb08\chb08_16_preproc-v1_raw.fif,62728717,80117a507bf538654e664d0620ed01514e030b47116e8c081cdcce914bde6ae6,preprocessing_v1,harmonization_v1,primary_17,1.12.1,3e33b1dcc42f16cd9604ba3aedc514ffa9e8bb93,2026-07-31T13:41:19.402535+00:00,success
chb08,chb08_17,E:/My_Github/epilepsy-eeg-hybrid-ai/data/raw/chbmit/chb08/chb08_17.edf,256.0,256.0,921600,921600,3600.0,3600.0,23,17,FP1-F7|F7-T7|T7-P7|P7-O1|FP1-F3|F3-C3|C3-P3|P3-O1|FZ-CZ|CZ-PZ|FP2-F4|F4-C4|C4-P4|P4-O2|FP2-F8|F8-T8|P8-O2,True,0.5,45.0,False,False,False,False,0,0,True,True,0,0,True,True,data\interim\chbmit\preprocessing_v1\chb08\chb08_17_preproc-v1_raw.fif,62728717,1b041bbb6ef513108e4dbe50bc127751a24d139203c576ec2b1d021d7bd38d29,preprocessing_v1,harmonization_v1,primary_17,1.12.1,3e33b1dcc42f16cd9604ba3aedc514ffa9e8bb93,2026-07-31T13:41:19.402535+00:00,success
chb08,chb08_18,E:/My_Github/epilepsy-eeg-hybrid-ai/data/raw/chbmit/chb08/chb08_18.edf,256.0,256.0,921600,921600,3600.0,3600.0,23,17,FP1-F7|F7-T7|T7-P7|P7-O1|FP1-F3|F3-C3|C3-P3|P3-O1|FZ-CZ|CZ-PZ|FP2-F4|F4-C4|C4-P4|P4-O2|FP2-F8|F8-T8|P8-O2,True,0.5,45.0,False,False,False,False,0,0,True,True,0,0,True,True,data\interim\chbmit\preprocessing_v1\chb08\chb08_18_preproc-v1_raw.fif,62728717,f3f407f92e5c4f77cff80a96af1b8cc8822fa7eebd1a772db4dc17601efa17c9,preprocessing_v1,harmonization_v1,primary_17,1.12.1,3e33b1dcc42f16cd9604ba3aedc514ffa9e8bb93,2026-07-31T13:41:19.402535+00:00,success
chb08,chb08_19,E:/My_Github/epilepsy-eeg-hybrid-ai/data/raw/chbmit/chb08/chb08_19.edf,256.0,256.0,921600,921600,3600.0,3600.0,23,17,FP1-F7|F7-T7|T7-P7|P7-O1|FP1-F3|F3-C3|C3-P3|P3-O1|FZ-CZ|CZ-PZ|FP2-F4|F4-C4|C4-P4|P4-O2|FP2-F8|F8-T8|P8-O2,True,0.5,45.0,False,False,False,False,0,0,True,True,0,0,True,True,data\interim\chbmit\preprocessing_v1\chb08\chb08_19_preproc-v1_raw.fif,62728717,86d001872309b33a3e61af015887ceabb223800ac1dca3cb488d2afbc57ae042,preprocessing_v1,harmonization_v1,primary_17,1.12.1,3e33b1dcc42f16cd9604ba3aedc514ffa9e8bb93,2026-07-31T13:41:19.402535+00:00,success
chb08,chb08_20,E:/My_Github/epilepsy-eeg-hybrid-ai/data/raw/chbmit/chb08/chb08_20.edf,256.0,256.0,921600,921600,3600.0,3600.0,23,17,FP1-F7|F7-T7|T7-P7|P7-O1|FP1-F3|F3-C3|C3-P3|P3-O1|FZ-CZ|CZ-PZ|FP2-F4|F4-C4|C4-P4|P4-O2|FP2-F8|F8-T8|P8-O2,True,0.5,45.0,False,False,False,False,0,0,True,True,0,0,True,True,data\interim\chbmit\preprocessing_v1\chb08\chb08_20_preproc-v1_raw.fif,62728717,89d5a7621bcb4720585d380d4bf0409edfe312876ef19dd6c36af7c1cc74e064,preprocessing_v1,harmonization_v1,primary_17,1.12.1,3e33b1dcc42f16cd9604ba3aedc514ffa9e8bb93,2026-07-31T13:41:19.402535+00:00,success
chb08,chb08_21,E:/My_Github/epilepsy-eeg-hybrid-ai/data/raw/chbmit/chb08/chb08_21.edf,256.0,256.0,921600,921600,3600.0,3600.0,23,17,FP1-F7|F7-T7|T7-P7|P7-O1|FP1-F3|F3-C3|C3-P3|P3-O1|FZ-CZ|CZ-PZ|FP2-F4|F4-C4|C4-P4|P4-O2|FP2-F8|F8-T8|P8-O2,True,0.5,45.0,False,False,False,False,1,1,True,True,1,1,True,True,data\interim\chbmit\preprocessing_v1\chb08\chb08_21_preproc-v1_raw.fif,62728838,70e6d0035786d20ea6a121819462bbff816fa40f5859b13b567eac88360576df,preprocessing_v1,harmonization_v1,primary_17,1.12.1,3e33b1dcc42f16cd9604ba3aedc514ffa9e8bb93,2026-07-31T13:41:19.402535+00:00,success
chb08,chb08_22,E:/My_Github/epilepsy-eeg-hybrid-ai/data/raw/chbmit/chb08/chb08_22.edf,256.0,256.0,921600,921600,3600.0,3600.0,23,17,FP1-F7|F7-T7|T7-P7|P7-O1|FP1-F3|F3-C3|C3-P3|P3-O1|FZ-CZ|CZ-PZ|FP2-F4|F4-C4|C4-P4|P4-O2|FP2-F8|F8-T8|P8-O2,True,0.5,45.0,False,False,False,False,0,0,True,True,0,0,True,True,data\interim\chbmit\preprocessing_v1\chb08\chb08_22_preproc-v1_raw.fif,62728717,d80a4a56c1908294b85ca636deb36967f0dde44352abe325b34b79d4c8a769b9,preprocessing_v1,harmonization_v1,primary_17,1.12.1,3e33b1dcc42f16cd9604ba3aedc514ffa9e8bb93,2026-07-31T13:41:19.402535+00:00,success
chb08,chb08_23,E:/My_Github/epilepsy-eeg-hybrid-ai/data/raw/chbmit/chb08/chb08_23.edf,256.0,256.0,921600,921600,3600.0,3600.0,23,17,FP1-F7|F7-T7|T7-P7|P7-O1|FP1-F3|F3-C3|C3-P3|P3-O1|FZ-CZ|CZ-PZ|FP2-F4|F4-C4|C4-P4|P4-O2|FP2-F8|F8-T8|P8-O2,True,0.5,45.0,False,False,False,False,0,0,True,True,0,0,True,True,data\interim\chbmit\preprocessing_v1\chb08\chb08_23_preproc-v1_raw.fif,62728717,43b8cb7797ba6c49a8386a30e37d4a8f9d86016971a4e215e2e6a47fb50124f9,preprocessing_v1,harmonization_v1,primary_17,1.12.1,3e33b1dcc42f16cd9604ba3aedc514ffa9e8bb93,2026-07-31T13:41:19.402535+00:00,success
chb08,chb08_24,E:/My_Github/epilepsy-eeg-hybrid-ai/data/raw/chbmit/chb08/chb08_24.edf,256.0,256.0,921600,921600,3600.0,3600.0,23,17,FP1-F7|F7-T7|T7-P7|P7-O1|FP1-F3|F3-C3|C3-P3|P3-O1|FZ-CZ|CZ-PZ|FP2-F4|F4-C4|C4-P4|P4-O2|FP2-F8|F8-T8|P8-O2,True,0.5,45.0,False,False,False,False,0,0,True,True,0,0,True,True,data\interim\chbmit\preprocessing_v1\chb08\chb08_24_preproc-v1_raw.fif,62728717,a5b6bc0e8842930080d90b910943d0ff55c11b2ef6d3316732125ac896a0de24,preprocessing_v1,harmonization_v1,primary_17,1.12.1,3e33b1dcc42f16cd9604ba3aedc514ffa9e8bb93,2026-07-31T13:41:19.402535+00:00,success
chb08,chb08_29,E:/My_Github/epilepsy-eeg-hybrid-ai/data/raw/chbmit/chb08/chb08_29.edf,256.0,256.0,927488,927488,3623.0,3623.0,23,17,FP1-F7|F7-T7|T7-P7|P7-O1|FP1-F3|F3-C3|C3-P3|P3-O1|FZ-CZ|CZ-PZ|FP2-F4|F4-C4|C4-P4|P4-O2|FP2-F8|F8-T8|P8-O2,True,0.5,45.0,False,False,False,False,0,0,True,True,0,0,True,True,data\interim\chbmit\preprocessing_v1\chb08\chb08_29_preproc-v1_raw.fif,63129469,7082e34dbb3a7ba456d864a2944b65386996f4838bf4f429a1b045d528bc8b8f,preprocessing_v1,harmonization_v1,primary_17,1.12.1,3e33b1dcc42f16cd9604ba3aedc514ffa9e8bb93,2026-07-31T13:41:19.402535+00:00,success
chb10,chb10_01,E:/My_Github/epilepsy-eeg-hybrid-ai/data/raw/chbmit/chb10/chb10_01.edf,256.0,256.0,1848320,1848320,7220.0,7220.0,23,17,FP1-F7|F7-T7|T7-P7|P7-O1|FP1-F3|F3-C3|C3-P3|P3-O1|FZ-CZ|CZ-PZ|FP2-F4|F4-C4|C4-P4|P4-O2|FP2-F8|F8-T8|P8-O2,True,0.5,45.0,False,False,False,False,0,0,True,True,0,0,True,True,data\interim\chbmit\preprocessing_v1\chb10\chb10_01_preproc-v1_raw.fif,125803597,39986a098c663b03b46ebd54b77135c05edbe3f8c2793e0ec9703223360471b2,preprocessing_v1,harmonization_v1,primary_17,1.12.1,3e33b1dcc42f16cd9604ba3aedc514ffa9e8bb93,2026-07-31T13:41:19.402535+00:00,success
chb10,chb10_02,E:/My_Github/epilepsy-eeg-hybrid-ai/data/raw/chbmit/chb10/chb10_02.edf,256.0,256.0,1843200,1843200,7200.0,7200.0,23,17,FP1-F7|F7-T7|T7-P7|P7-O1|FP1-F3|F3-C3|C3-P3|P3-O1|FZ-CZ|CZ-PZ|FP2-F4|F4-C4|C4-P4|P4-O2|FP2-F8|F8-T8|P8-O2,True,0.5,45.0,False,False,False,False,0,0,True,True,0,0,True,True,data\interim\chbmit\preprocessing_v1\chb10\chb10_02_preproc-v1_raw.fif,125455117,44ae4dd9e528c7455acb649b5957eb6115a449134f409f138cb94994f5af21b8,preprocessing_v1,harmonization_v1,primary_17,1.12.1,3e33b1dcc42f16cd9604ba3aedc514ffa9e8bb93,2026-07-31T13:41:19.402535+00:00,success
chb10,chb10_03,E:/My_Github/epilepsy-eeg-hybrid-ai/data/raw/chbmit/chb10/chb10_03.edf,256.0,256.0,1843200,1843200,7200.0,7200.0,23,17,FP1-F7|F7-T7|T7-P7|P7-O1|FP1-F3|F3-C3|C3-P3|P3-O1|FZ-CZ|CZ-PZ|FP2-F4|F4-C4|C4-P4|P4-O2|FP2-F8|F8-T8|P8-O2,True,0.5,45.0,False,False,False,False,0,0,True,True,0,0,True,True,data\interim\chbmit\preprocessing_v1\chb10\chb10_03_preproc-v1_raw.fif,125455117,b6365c4678aeb500857f1cd441c36514c7499f1dde50fd755e24c80e7683b82b,preprocessing_v1,harmonization_v1,primary_17,1.12.1,3e33b1dcc42f16cd9604ba3aedc514ffa9e8bb93,2026-07-31T13:41:19.402535+00:00,success
chb10,chb10_04,E:/My_Github/epilepsy-eeg-hybrid-ai/data/raw/chbmit/chb10/chb10_04.edf,256.0,256.0,1843200,1843200,7200.0,7200.0,23,17,FP1-F7|F7-T7|T7-P7|P7-O1|FP1-F3|F3-C3|C3-P3|P3-O1|FZ-CZ|CZ-PZ|FP2-F4|F4-C4|C4-P4|P4-O2|FP2-F8|F8-T8|P8-O2,True,0.5,45.0,False,False,False,False,0,0,True,True,0,0,True,True,data\interim\chbmit\preprocessing_v1\chb10\chb10_04_preproc-v1_raw.fif,125455117,7d9c9df1fa3d3274a286cd968a607bc92eef77506266f5e306ceebc824119782,preprocessing_v1,harmonization_v1,primary_17,1.12.1,3e33b1dcc42f16cd9604ba3aedc514ffa9e8bb93,2026-07-31T13:41:19.402535+00:00,success
chb10,chb10_05,E:/My_Github/epilepsy-eeg-hybrid-ai/data/raw/chbmit/chb10/chb10_05.edf,256.0,256.0,1843200,1843200,7200.0,7200.0,23,17,FP1-F7|F7-T7|T7-P7|P7-O1|FP1-F3|F3-C3|C3-P3|P3-O1|FZ-CZ|CZ-PZ|FP2-F4|F4-C4|C4-P4|P4-O2|FP2-F8|F8-T8|P8-O2,True,0.5,45.0,False,False,False,False,0,0,True,True,0,0,True,True,data\interim\chbmit\preprocessing_v1\chb10\chb10_05_preproc-v1_raw.fif,125455117,791936a068ad610069a7c6307792450636d49cd17052872a46e54b47f9e1c184,preprocessing_v1,harmonization_v1,primary_17,1.12.1,3e33b1dcc42f16cd9604ba3aedc514ffa9e8bb93,2026-07-31T13:41:19.402535+00:00,success
chb10,chb10_06,E:/My_Github/epilepsy-eeg-hybrid-ai/data/raw/chbmit/chb10/chb10_06.edf,256.0,256.0,1843200,1843200,7200.0,7200.0,23,17,FP1-F7|F7-T7|T7-P7|P7-O1|FP1-F3|F3-C3|C3-P3|P3-O1|FZ-CZ|CZ-PZ|FP2-F4|F4-C4|C4-P4|P4-O2|FP2-F8|F8-T8|P8-O2,True,0.5,45.0,False,False,False,False,0,0,True,True,0,0,True,True,data\interim\chbmit\preprocessing_v1\chb10\chb10_06_preproc-v1_raw.fif,125455117,2a367d19ab5ca5f1d9c48d3d496fda33cbd70ffaec406fce58c5081061fc9faf,preprocessing_v1,harmonization_v1,primary_17,1.12.1,3e33b1dcc42f16cd9604ba3aedc514ffa9e8bb93,2026-07-31T13:41:19.402535+00:00,success
chb10,chb10_07,E:/My_Github/epilepsy-eeg-hybrid-ai/data/raw/chbmit/chb10/chb10_07.edf,256.0,256.0,1843200,1843200,7200.0,7200.0,23,17,FP1-F7|F7-T7|T7-P7|P7-O1|FP1-F3|F3-C3|C3-P3|P3-O1|FZ-CZ|CZ-PZ|FP2-F4|F4-C4|C4-P4|P4-O2|FP2-F8|F8-T8|P8-O2,True,0.5,45.0,False,False,False,False,0,0,True,True,0,0,True,True,data\interim\chbmit\preprocessing_v1\chb10\chb10_07_preproc-v1_raw.fif,125455117,d7883ad4e3d49cf5d42f241f879f42693c2529aaf08a69cada7f45c7ec3efc63,preprocessing_v1,harmonization_v1,primary_17,1.12.1,3e33b1dcc42f16cd9604ba3aedc514ffa9e8bb93,2026-07-31T13:41:19.402535+00:00,success
chb10,chb10_08,E:/My_Github/epilepsy-eeg-hybrid-ai/data/raw/chbmit/chb10/chb10_08.edf,256.0,256.0,1843200,1843200,7200.0,7200.0,23,17,FP1-F7|F7-T7|T7-P7|P7-O1|FP1-F3|F3-C3|C3-P3|P3-O1|FZ-CZ|CZ-PZ|FP2-F4|F4-C4|C4-P4|P4-O2|FP2-F8|F8-T8|P8-O2,True,0.5,45.0,False,False,False,False,0,0,True,True,0,0,True,True,data\interim\chbmit\preprocessing_v1\chb10\chb10_08_preproc-v1_raw.fif,125455117,0bf952969c9782a52ed32ea9bfec7fbb860b9b971c854c432ef6ec0b3113e96f,preprocessing_v1,harmonization_v1,primary_17,1.12.1,3e33b1dcc42f16cd9604ba3aedc514ffa9e8bb93,2026-07-31T13:41:19.402535+00:00,success
chb10,chb10_12,E:/My_Github/epilepsy-eeg-hybrid-ai/data/raw/chbmit/chb10/chb10_12.edf,256.0,256.0,1843200,1843200,7200.0,7200.0,23,17,FP1-F7|F7-T7|T7-P7|P7-O1|FP1-F3|F3-C3|C3-P3|P3-O1|FZ-CZ|CZ-PZ|FP2-F4|F4-C4|C4-P4|P4-O2|FP2-F8|F8-T8|P8-O2,True,0.5,45.0,False,False,False,False,1,1,True,True,1,1,True,True,data\interim\chbmit\preprocessing_v1\chb10\chb10_12_preproc-v1_raw.fif,125455238,e6321d39b330231c25d70a5753b7c8df52b7b90b78c7bd16135e7193342b1b92,preprocessing_v1,harmonization_v1,primary_17,1.12.1,3e33b1dcc42f16cd9604ba3aedc514ffa9e8bb93,2026-07-31T13:41:19.402535+00:00,success
chb10,chb10_13,E:/My_Github/epilepsy-eeg-hybrid-ai/data/raw/chbmit/chb10/chb10_13.edf,256.0,256.0,1843200,1843200,7200.0,7200.0,23,17,FP1-F7|F7-T7|T7-P7|P7-O1|FP1-F3|F3-C3|C3-P3|P3-O1|FZ-CZ|CZ-PZ|FP2-F4|F4-C4|C4-P4|P4-O2|FP2-F8|F8-T8|P8-O2,True,0.5,45.0,False,False,False,False,0,0,True,True,0,0,True,True,data\interim\chbmit\preprocessing_v1\chb10\chb10_13_preproc-v1_raw.fif,125455117,7c69621b9797e1c1ac18c6ab9faac636e276817b79d494c38584d565f1ecd422,preprocessing_v1,harmonization_v1,primary_17,1.12.1,3e33b1dcc42f16cd9604ba3aedc514ffa9e8bb93,2026-07-31T13:41:19.402535+00:00,success
chb10,chb10_14,E:/My_Github/epilepsy-eeg-hybrid-ai/data/raw/chbmit/chb10/chb10_14.edf,256.0,256.0,1843200,1843200,7200.0,7200.0,23,17,FP1-F7|F7-T7|T7-P7|P7-O1|FP1-F3|F3-C3|C3-P3|P3-O1|FZ-CZ|CZ-PZ|FP2-F4|F4-C4|C4-P4|P4-O2|FP2-F8|F8-T8|P8-O2,True,0.5,45.0,False,False,False,False,0,0,True,True,0,0,True,True,data\interim\chbmit\preprocessing_v1\chb10\chb10_14_preproc-v1_raw.fif,125455117,ba5fe4566b962b38398e369abf5cc4aa7b54f1ecea00349730a5139ecaa5fc53,preprocessing_v1,harmonization_v1,primary_17,1.12.1,3e33b1dcc42f16cd9604ba3aedc514ffa9e8bb93,2026-07-31T13:41:19.402535+00:00,success
chb10,chb10_15,E:/My_Github/epilepsy-eeg-hybrid-ai/data/raw/chbmit/chb10/chb10_15.edf,256.0,256.0,1843200,1843200,7200.0,7200.0,23,17,FP1-F7|F7-T7|T7-P7|P7-O1|FP1-F3|F3-C3|C3-P3|P3-O1|FZ-CZ|CZ-PZ|FP2-F4|F4-C4|C4-P4|P4-O2|FP2-F8|F8-T8|P8-O2,True,0.5,45.0,False,False,False,False,0,0,True,True,0,0,True,True,data\interim\chbmit\preprocessing_v1\chb10\chb10_15_preproc-v1_raw.fif,125455117,79eb173029845a94436332a995f6087cce31bb482accc807388a136877c58d62,preprocessing_v1,harmonization_v1,primary_17,1.12.1,3e33b1dcc42f16cd9604ba3aedc514ffa9e8bb93,2026-07-31T13:41:19.402535+00:00,success
chb10,chb10_16,E:/My_Github/epilepsy-eeg-hybrid-ai/data/raw/chbmit/chb10/chb10_16.edf,256.0,256.0,1843200,1843200,7200.0,7200.0,23,17,FP1-F7|F7-T7|T7-P7|P7-O1|FP1-F3|F3-C3|C3-P3|P3-O1|FZ-CZ|CZ-PZ|FP2-F4|F4-C4|C4-P4|P4-O2|FP2-F8|F8-T8|P8-O2,True,0.5,45.0,False,False,False,False,0,0,True,True,0,0,True,True,data\interim\chbmit\preprocessing_v1\chb10\chb10_16_preproc-v1_raw.fif,125455117,f32087655de777ca147ae0ec32020b7735a55f3ac80c02e1bbaf50d762ccc9bf,preprocessing_v1,harmonization_v1,primary_17,1.12.1,3e33b1dcc42f16cd9604ba3aedc514ffa9e8bb93,2026-07-31T13:41:19.402535+00:00,success
chb10,chb10_17,E:/My_Github/epilepsy-eeg-hybrid-ai/data/raw/chbmit/chb10/chb10_17.edf,256.0,256.0,1843200,1843200,7200.0,7200.0,23,17,FP1-F7|F7-T7|T7-P7|P7-O1|FP1-F3|F3-C3|C3-P3|P3-O1|FZ-CZ|CZ-PZ|FP2-F4|F4-C4|C4-P4|P4-O2|FP2-F8|F8-T8|P8-O2,True,0.5,45.0,False,False,False,False,0,0,True,True,0,0,True,True,data\interim\chbmit\preprocessing_v1\chb10\chb10_17_preproc-v1_raw.fif,125455117,bc8b7abc42197dd48d2c323fa4bd9cf9d0dbec4bd1b21c11b314db0c74a8c347,preprocessing_v1,harmonization_v1,primary_17,1.12.1,3e33b1dcc42f16cd9604ba3aedc514ffa9e8bb93,2026-07-31T13:41:19.402535+00:00,success
chb10,chb10_18,E:/My_Github/epilepsy-eeg-hybrid-ai/data/raw/chbmit/chb10/chb10_18.edf,256.0,256.0,1843200,1843200,7200.0,7200.0,23,17,FP1-F7|F7-T7|T7-P7|P7-O1|FP1-F3|F3-C3|C3-P3|P3-O1|FZ-CZ|CZ-PZ|FP2-F4|F4-C4|C4-P4|P4-O2|FP2-F8|F8-T8|P8-O2,True,0.5,45.0,False,False,False,False,0,0,True,True,0,0,True,True,data\interim\chbmit\preprocessing_v1\chb10\chb10_18_preproc-v1_raw.fif,125455117,0298c9cd6881a35d54366f91c8d3e8cbb2412d1c9d4e003646a0a75cda681b8f,preprocessing_v1,harmonization_v1,primary_17,1.12.1,3e33b1dcc42f16cd9604ba3aedc514ffa9e8bb93,2026-07-31T13:41:19.402535+00:00,success
chb10,chb10_19,E:/My_Github/epilepsy-eeg-hybrid-ai/data/raw/chbmit/chb10/chb10_19.edf,256.0,256.0,1843200,1843200,7200.0,7200.0,23,17,FP1-F7|F7-T7|T7-P7|P7-O1|FP1-F3|F3-C3|C3-P3|P3-O1|FZ-CZ|CZ-PZ|FP2-F4|F4-C4|C4-P4|P4-O2|FP2-F8|F8-T8|P8-O2,True,0.5,45.0,False,False,False,False,0,0,True,True,0,0,True,True,data\interim\chbmit\preprocessing_v1\chb10\chb10_19_preproc-v1_raw.fif,125455117,4356698ed07b1d666914cdf85d1facd6767ac4659d231bf71f84513bef34fafa,preprocessing_v1,harmonization_v1,primary_17,1.12.1,3e33b1dcc42f16cd9604ba3aedc514ffa9e8bb93,2026-07-31T13:41:19.402535+00:00,success
chb10,chb10_20,E:/My_Github/epilepsy-eeg-hybrid-ai/data/raw/chbmit/chb10/chb10_20.edf,256.0,256.0,1846272,1846272,7212.0,7212.0,23,17,FP1-F7|F7-T7|T7-P7|P7-O1|FP1-F3|F3-C3|C3-P3|P3-O1|FZ-CZ|CZ-PZ|FP2-F4|F4-C4|C4-P4|P4-O2|FP2-F8|F8-T8|P8-O2,True,0.5,45.0,False,False,False,False,1,1,True,True,1,1,True,True,data\interim\chbmit\preprocessing_v1\chb10\chb10_20_preproc-v1_raw.fif,125664326,e99d7dc44f337628725561804ef635d2bfb0984c0807b9757d1bcfeaae84f039,preprocessing_v1,harmonization_v1,primary_17,1.12.1,3e33b1dcc42f16cd9604ba3aedc514ffa9e8bb93,2026-07-31T13:41:19.402535+00:00,success
chb10,chb10_21,E:/My_Github/epilepsy-eeg-hybrid-ai/data/raw/chbmit/chb10/chb10_21.edf,256.0,256.0,1843200,1843200,7200.0,7200.0,23,17,FP1-F7|F7-T7|T7-P7|P7-O1|FP1-F3|F3-C3|C3-P3|P3-O1|FZ-CZ|CZ-PZ|FP2-F4|F4-C4|C4-P4|P4-O2|FP2-F8|F8-T8|P8-O2,True,0.5,45.0,False,False,False,False,0,0,True,True,0,0,True,True,data\interim\chbmit\preprocessing_v1\chb10\chb10_21_preproc-v1_raw.fif,125455117,e17795b941602caaf2dc4eee7c9e5d0eca467885000467a4acdef6b3cc59231f,preprocessing_v1,harmonization_v1,primary_17,1.12.1,3e33b1dcc42f16cd9604ba3aedc514ffa9e8bb93,2026-07-31T13:41:19.402535+00:00,success
chb10,chb10_22,E:/My_Github/epilepsy-eeg-hybrid-ai/data/raw/chbmit/chb10/chb10_22.edf,256.0,256.0,1843200,1843200,7200.0,7200.0,23,17,FP1-F7|F7-T7|T7-P7|P7-O1|FP1-F3|F3-C3|C3-P3|P3-O1|FZ-CZ|CZ-PZ|FP2-F4|F4-C4|C4-P4|P4-O2|FP2-F8|F8-T8|P8-O2,True,0.5,45.0,False,False,False,False,0,0,True,True,0,0,True,True,data\interim\chbmit\preprocessing_v1\chb10\chb10_22_preproc-v1_raw.fif,125455117,d40b597b0b88e3a6859787a13229e28d3a74aec31bf42ea1d806216f322b22c4,preprocessing_v1,harmonization_v1,primary_17,1.12.1,3e33b1dcc42f16cd9604ba3aedc514ffa9e8bb93,2026-07-31T13:41:19.402535+00:00,success
chb10,chb10_27,E:/My_Github/epilepsy-eeg-hybrid-ai/data/raw/chbmit/chb10/chb10_27.edf,256.0,256.0,1847808,1847808,7218.0,7218.0,23,17,FP1-F7|F7-T7|T7-P7|P7-O1|FP1-F3|F3-C3|C3-P3|P3-O1|FZ-CZ|CZ-PZ|FP2-F4|F4-C4|C4-P4|P4-O2|FP2-F8|F8-T8|P8-O2,True,0.5,45.0,False,False,False,False,1,1,True,True,1,1,True,True,data\interim\chbmit\preprocessing_v1\chb10\chb10_27_preproc-v1_raw.fif,125768870,b9d579ea4e04a506cefadbd1dbfa8b44e36ac4c28c1a3c4f0ae5a29bb1c334cd,preprocessing_v1,harmonization_v1,primary_17,1.12.1,3e33b1dcc42f16cd9604ba3aedc514ffa9e8bb93,2026-07-31T13:41:19.402535+00:00,success
chb10,chb10_28,E:/My_Github/epilepsy-eeg-hybrid-ai/data/raw/chbmit/chb10/chb10_28.edf,256.0,256.0,1843200,1843200,7200.0,7200.0,23,17,FP1-F7|F7-T7|T7-P7|P7-O1|FP1-F3|F3-C3|C3-P3|P3-O1|FZ-CZ|CZ-PZ|FP2-F4|F4-C4|C4-P4|P4-O2|FP2-F8|F8-T8|P8-O2,True,0.5,45.0,False,False,False,False,0,0,True,True,0,0,True,True,data\interim\chbmit\preprocessing_v1\chb10\chb10_28_preproc-v1_raw.fif,125455117,7e1353ca36c2b5ab792531328c1fc7616c1b3b6bed07e5f7e7b66b48accd1a77,preprocessing_v1,harmonization_v1,primary_17,1.12.1,3e33b1dcc42f16cd9604ba3aedc514ffa9e8bb93,2026-07-31T13:41:19.402535+00:00,success
chb10,chb10_30,E:/My_Github/epilepsy-eeg-hybrid-ai/data/raw/chbmit/chb10/chb10_30.edf,256.0,256.0,1846528,1846528,7213.0,7213.0,23,17,FP1-F7|F7-T7|T7-P7|P7-O1|FP1-F3|F3-C3|C3-P3|P3-O1|FZ-CZ|CZ-PZ|FP2-F4|F4-C4|C4-P4|P4-O2|FP2-F8|F8-T8|P8-O2,True,0.5,45.0,False,False,False,False,1,1,True,True,1,1,True,True,data\interim\chbmit\preprocessing_v1\chb10\chb10_30_preproc-v1_raw.fif,125681750,61ef5135d5874aced8107840e5d8a515e121726dee1ffb29738684d7d7ea3eea,preprocessing_v1,harmonization_v1,primary_17,1.12.1,3e33b1dcc42f16cd9604ba3aedc514ffa9e8bb93,2026-07-31T13:41:19.402535+00:00,success
chb10,chb10_31,E:/My_Github/epilepsy-eeg-hybrid-ai/data/raw/chbmit/chb10/chb10_31.edf,256.0,256.0,1848576,1848576,7221.0,7221.0,23,17,FP1-F7|F7-T7|T7-P7|P7-O1|FP1-F3|F3-C3|C3-P3|P3-O1|FZ-CZ|CZ-PZ|FP2-F4|F4-C4|C4-P4|P4-O2|FP2-F8|F8-T8|P8-O2,True,0.5,45.0,False,False,False,False,1,1,True,True,1,1,True,True,data\interim\chbmit\preprocessing_v1\chb10\chb10_31_preproc-v1_raw.fif,125821142,f09ba6696cd45b5838a6fdea078952bee4a55b46df9e1e90109b0a3b4a05ba81,preprocessing_v1,harmonization_v1,primary_17,1.12.1,3e33b1dcc42f16cd9604ba3aedc514ffa9e8bb93,2026-07-31T13:41:19.402535+00:00,success
chb10,chb10_38,E:/My_Github/epilepsy-eeg-hybrid-ai/data/raw/chbmit/chb10/chb10_38.edf,256.0,256.0,1843200,1843200,7200.0,7200.0,23,17,FP1-F7|F7-T7|T7-P7|P7-O1|FP1-F3|F3-C3|C3-P3|P3-O1|FZ-CZ|CZ-PZ|FP2-F4|F4-C4|C4-P4|P4-O2|FP2-F8|F8-T8|P8-O2,True,0.5,45.0,False,False,False,False,1,1,True,True,1,1,True,True,data\interim\chbmit\preprocessing_v1\chb10\chb10_38_preproc-v1_raw.fif,125455238,80307b0a107145c5c86f4958e2390700b530ead838b6ee358ca6a3ead8bd4444,preprocessing_v1,harmonization_v1,primary_17,1.12.1,3e33b1dcc42f16cd9604ba3aedc514ffa9e8bb93,2026-07-31T13:41:19.402535+00:00,success
chb10,chb10_89,E:/My_Github/epilepsy-eeg-hybrid-ai/data/raw/chbmit/chb10/chb10_89.edf,256.0,256.0,1843200,1843200,7200.0,7200.0,23,17,FP1-F7|F7-T7|T7-P7|P7-O1|FP1-F3|F3-C3|C3-P3|P3-O1|FZ-CZ|CZ-PZ|FP2-F4|F4-C4|C4-P4|P4-O2|FP2-F8|F8-T8|P8-O2,True,0.5,45.0,False,False,False,False,1,1,True,True,1,1,True,True,data\interim\chbmit\preprocessing_v1\chb10\chb10_89_preproc-v1_raw.fif,125455238,33f82dedeab7ca665ab4540aaf3b7c723ff9d0f2b97816cbbe90aefc20616bdd,preprocessing_v1,harmonization_v1,primary_17,1.12.1,3e33b1dcc42f16cd9604ba3aedc514ffa9e8bb93,2026-07-31T13:41:19.402535+00:00,success
chb11,chb11_01,E:/My_Github/epilepsy-eeg-hybrid-ai/data/raw/chbmit/chb11/chb11_01.edf,256.0,256.0,921088,921088,3598.0,3598.0,23,17,FP1-F7|F7-T7|T7-P7|P7-O1|FP1-F3|F3-C3|C3-P3|P3-O1|FZ-CZ|CZ-PZ|FP2-F4|F4-C4|C4-P4|P4-O2|FP2-F8|F8-T8|P8-O2,True,0.5,45.0,False,False,False,False,0,0,True,True,0,0,True,True,data\interim\chbmit\preprocessing_v1\chb11\chb11_01_preproc-v1_raw.fif,62693869,b552f1cbb43717475f5ff138b21ce75329380439de4a66e646911cf820f3dca4,preprocessing_v1,harmonization_v1,primary_17,1.12.1,3e33b1dcc42f16cd9604ba3aedc514ffa9e8bb93,2026-07-31T13:41:19.402535+00:00,success
chb11,chb11_02,E:/My_Github/epilepsy-eeg-hybrid-ai/data/raw/chbmit/chb11/chb11_02.edf,256.0,256.0,921600,921600,3600.0,3600.0,28,17,FP1-F7|F7-T7|T7-P7|P7-O1|FP1-F3|F3-C3|C3-P3|P3-O1|FZ-CZ|CZ-PZ|FP2-F4|F4-C4|C4-P4|P4-O2|FP2-F8|F8-T8|P8-O2,True,0.5,45.0,False,False,False,False,0,0,True,True,0,0,True,True,data\interim\chbmit\preprocessing_v1\chb11\chb11_02_preproc-v1_raw.fif,62728717,d36cb50714872036fdf553dacde472d2b2311a83f1d85ef50d4047d21d09a69f,preprocessing_v1,harmonization_v1,primary_17,1.12.1,3e33b1dcc42f16cd9604ba3aedc514ffa9e8bb93,2026-07-31T13:41:19.402535+00:00,success
chb11,chb11_03,E:/My_Github/epilepsy-eeg-hybrid-ai/data/raw/chbmit/chb11/chb11_03.edf,256.0,256.0,921600,921600,3600.0,3600.0,28,17,FP1-F7|F7-T7|T7-P7|P7-O1|FP1-F3|F3-C3|C3-P3|P3-O1|FZ-CZ|CZ-PZ|FP2-F4|F4-C4|C4-P4|P4-O2|FP2-F8|F8-T8|P8-O2,True,0.5,45.0,False,False,False,False,0,0,True,True,0,0,True,True,data\interim\chbmit\preprocessing_v1\chb11\chb11_03_preproc-v1_raw.fif,62728717,219fbc8b25b4eb5c6c406dc673622627763ba7cd89b86386fbe7180765da776b,preprocessing_v1,harmonization_v1,primary_17,1.12.1,3e33b1dcc42f16cd9604ba3aedc514ffa9e8bb93,2026-07-31T13:41:19.402535+00:00,success
chb11,chb11_04,E:/My_Github/epilepsy-eeg-hybrid-ai/data/raw/chbmit/chb11/chb11_04.edf,256.0,256.0,921600,921600,3600.0,3600.0,28,17,FP1-F7|F7-T7|T7-P7|P7-O1|FP1-F3|F3-C3|C3-P3|P3-O1|FZ-CZ|CZ-PZ|FP2-F4|F4-C4|C4-P4|P4-O2|FP2-F8|F8-T8|P8-O2,True,0.5,45.0,False,False,False,False,0,0,True,True,0,0,True,True,data\interim\chbmit\preprocessing_v1\chb11\chb11_04_preproc-v1_raw.fif,62728717,54c63737206a3413c4754b21a505226eaaac1667dc01725a8b81987bfdaa688d,preprocessing_v1,harmonization_v1,primary_17,1.12.1,3e33b1dcc42f16cd9604ba3aedc514ffa9e8bb93,2026-07-31T13:41:19.402535+00:00,success
chb11,chb11_05,E:/My_Github/epilepsy-eeg-hybrid-ai/data/raw/chbmit/chb11/chb11_05.edf,256.0,256.0,921600,921600,3600.0,3600.0,28,17,FP1-F7|F7-T7|T7-P7|P7-O1|FP1-F3|F3-C3|C3-P3|P3-O1|FZ-CZ|CZ-PZ|FP2-F4|F4-C4|C4-P4|P4-O2|FP2-F8|F8-T8|P8-O2,True,0.5,45.0,False,False,False,False,0,0,True,True,0,0,True,True,data\interim\chbmit\preprocessing_v1\chb11\chb11_05_preproc-v1_raw.fif,62728717,370cb88cec2e9924c90eba091bb3879a7d49d821205fe4ac65b56b64536925b9,preprocessing_v1,harmonization_v1,primary_17,1.12.1,3e33b1dcc42f16cd9604ba3aedc514ffa9e8bb93,2026-07-31T13:41:19.402535+00:00,success
chb11,chb11_06,E:/My_Github/epilepsy-eeg-hybrid-ai/data/raw/chbmit/chb11/chb11_06.edf,256.0,256.0,921600,921600,3600.0,3600.0,28,17,FP1-F7|F7-T7|T7-P7|P7-O1|FP1-F3|F3-C3|C3-P3|P3-O1|FZ-CZ|CZ-PZ|FP2-F4|F4-C4|C4-P4|P4-O2|FP2-F8|F8-T8|P8-O2,True,0.5,45.0,False,False,False,False,0,0,True,True,0,0,True,True,data\interim\chbmit\preprocessing_v1\chb11\chb11_06_preproc-v1_raw.fif,62728717,d9dc574b2b45fd4e763ba38f6bc7eca30065b729ac26c7040e4dde74064d16aa,preprocessing_v1,harmonization_v1,primary_17,1.12.1,3e33b1dcc42f16cd9604ba3aedc514ffa9e8bb93,2026-07-31T13:41:19.402535+00:00,success
chb11,chb11_07,E:/My_Github/epilepsy-eeg-hybrid-ai/data/raw/chbmit/chb11/chb11_07.edf,256.0,256.0,921600,921600,3600.0,3600.0,28,17,FP1-F7|F7-T7|T7-P7|P7-O1|FP1-F3|F3-C3|C3-P3|P3-O1|FZ-CZ|CZ-PZ|FP2-F4|F4-C4|C4-P4|P4-O2|FP2-F8|F8-T8|P8-O2,True,0.5,45.0,False,False,False,False,0,0,True,True,0,0,True,True,data\interim\chbmit\preprocessing_v1\chb11\chb11_07_preproc-v1_raw.fif,62728717,97aacfc75ff611f2088b4446bc213391b0c15bef7eb7344486fb22923676d7c3,preprocessing_v1,harmonization_v1,primary_17,1.12.1,3e33b1dcc42f16cd9604ba3aedc514ffa9e8bb93,2026-07-31T13:41:19.402535+00:00,success
chb11,chb11_08,E:/My_Github/epilepsy-eeg-hybrid-ai/data/raw/chbmit/chb11/chb11_08.edf,256.0,256.0,921600,921600,3600.0,3600.0,28,17,FP1-F7|F7-T7|T7-P7|P7-O1|FP1-F3|F3-C3|C3-P3|P3-O1|FZ-CZ|CZ-PZ|FP2-F4|F4-C4|C4-P4|P4-O2|FP2-F8|F8-T8|P8-O2,True,0.5,45.0,False,False,False,False,0,0,True,True,0,0,True,True,data\interim\chbmit\preprocessing_v1\chb11\chb11_08_preproc-v1_raw.fif,62728717,5cb70cd306b350eeb0d30f54471ee808ebf5272c54d873edab54eb1f6721d33e,preprocessing_v1,harmonization_v1,primary_17,1.12.1,3e33b1dcc42f16cd9604ba3aedc514ffa9e8bb93,2026-07-31T13:41:19.402535+00:00,success
chb11,chb11_09,E:/My_Github/epilepsy-eeg-hybrid-ai/data/raw/chbmit/chb11/chb11_09.edf,256.0,256.0,921600,921600,3600.0,3600.0,28,17,FP1-F7|F7-T7|T7-P7|P7-O1|FP1-F3|F3-C3|C3-P3|P3-O1|FZ-CZ|CZ-PZ|FP2-F4|F4-C4|C4-P4|P4-O2|FP2-F8|F8-T8|P8-O2,True,0.5,45.0,False,False,False,False,0,0,True,True,0,0,True,True,data\interim\chbmit\preprocessing_v1\chb11\chb11_09_preproc-v1_raw.fif,62728717,f810f1cd257ea1bb1920c2eb973450830928f30e20b041285be1bb0fbb43a13d,preprocessing_v1,harmonization_v1,primary_17,1.12.1,3e33b1dcc42f16cd9604ba3aedc514ffa9e8bb93,2026-07-31T13:41:19.402535+00:00,success
chb11,chb11_10,E:/My_Github/epilepsy-eeg-hybrid-ai/data/raw/chbmit/chb11/chb11_10.edf,256.0,256.0,921600,921600,3600.0,3600.0,28,17,FP1-F7|F7-T7|T7-P7|P7-O1|FP1-F3|F3-C3|C3-P3|P3-O1|FZ-CZ|CZ-PZ|FP2-F4|F4-C4|C4-P4|P4-O2|FP2-F8|F8-T8|P8-O2,True,0.5,45.0,False,False,False,False,0,0,True,True,0,0,True,True,data\interim\chbmit\preprocessing_v1\chb11\chb11_10_preproc-v1_raw.fif,62728717,dd349f42671986d7dc458289ed67af2c8ed461c3a7ca5d3df998cc759eca54de,preprocessing_v1,harmonization_v1,primary_17,1.12.1,3e33b1dcc42f16cd9604ba3aedc514ffa9e8bb93,2026-07-31T13:41:19.402535+00:00,success
chb11,chb11_11,E:/My_Github/epilepsy-eeg-hybrid-ai/data/raw/chbmit/chb11/chb11_11.edf,256.0,256.0,921600,921600,3600.0,3600.0,28,17,FP1-F7|F7-T7|T7-P7|P7-O1|FP1-F3|F3-C3|C3-P3|P3-O1|FZ-CZ|CZ-PZ|FP2-F4|F4-C4|C4-P4|P4-O2|FP2-F8|F8-T8|P8-O2,True,0.5,45.0,False,False,False,False,0,0,True,True,0,0,True,True,data\interim\chbmit\preprocessing_v1\chb11\chb11_11_preproc-v1_raw.fif,62728717,7d72d794fc2835d34b118b2167ce07b9963befc04794936edf0bd75f3c364df5,preprocessing_v1,harmonization_v1,primary_17,1.12.1,3e33b1dcc42f16cd9604ba3aedc514ffa9e8bb93,2026-07-31T13:41:19.402535+00:00,success
chb11,chb11_12,E:/My_Github/epilepsy-eeg-hybrid-ai/data/raw/chbmit/chb11/chb11_12.edf,256.0,256.0,921600,921600,3600.0,3600.0,28,17,FP1-F7|F7-T7|T7-P7|P7-O1|FP1-F3|F3-C3|C3-P3|P3-O1|FZ-CZ|CZ-PZ|FP2-F4|F4-C4|C4-P4|P4-O2|FP2-F8|F8-T8|P8-O2,True,0.5,45.0,False,False,False,False,0,0,True,True,0,0,True,True,data\interim\chbmit\preprocessing_v1\chb11\chb11_12_preproc-v1_raw.fif,62728717,ee583c48875c72a85a8ec25404ba71e043db14c203cbf9cbcb38a75a0686cad6,preprocessing_v1,harmonization_v1,primary_17,1.12.1,3e33b1dcc42f16cd9604ba3aedc514ffa9e8bb93,2026-07-31T13:41:19.402535+00:00,success
chb11,chb11_13,E:/My_Github/epilepsy-eeg-hybrid-ai/data/raw/chbmit/chb11/chb11_13.edf,256.0,256.0,921600,921600,3600.0,3600.0,28,17,FP1-F7|F7-T7|T7-P7|P7-O1|FP1-F3|F3-C3|C3-P3|P3-O1|FZ-CZ|CZ-PZ|FP2-F4|F4-C4|C4-P4|P4-O2|FP2-F8|F8-T8|P8-O2,True,0.5,45.0,False,False,False,False,0,0,True,True,0,0,True,True,data\interim\chbmit\preprocessing_v1\chb11\chb11_13_preproc-v1_raw.fif,62728717,138af696d10cda51280287858d251a1fbcfc00bf88eb6f98d17ac3d7f1a67989,preprocessing_v1,harmonization_v1,primary_17,1.12.1,3e33b1dcc42f16cd9604ba3aedc514ffa9e8bb93,2026-07-31T13:41:19.402535+00:00,success
chb11,chb11_14,E:/My_Github/epilepsy-eeg-hybrid-ai/data/raw/chbmit/chb11/chb11_14.edf,256.0,256.0,921600,921600,3600.0,3600.0,28,17,FP1-F7|F7-T7|T7-P7|P7-O1|FP1-F3|F3-C3|C3-P3|P3-O1|FZ-CZ|CZ-PZ|FP2-F4|F4-C4|C4-P4|P4-O2|FP2-F8|F8-T8|P8-O2,True,0.5,45.0,False,False,False,False,0,0,True,True,0,0,True,True,data\interim\chbmit\preprocessing_v1\chb11\chb11_14_preproc-v1_raw.fif,62728717,f591a6f6447b791d974a2532302aaacdee3015582ffa49b3033f12927ca22071,preprocessing_v1,harmonization_v1,primary_17,1.12.1,3e33b1dcc42f16cd9604ba3aedc514ffa9e8bb93,2026-07-31T13:41:19.402535+00:00,success
chb11,chb11_15,E:/My_Github/epilepsy-eeg-hybrid-ai/data/raw/chbmit/chb11/chb11_15.edf,256.0,256.0,921600,921600,3600.0,3600.0,28,17,FP1-F7|F7-T7|T7-P7|P7-O1|FP1-F3|F3-C3|C3-P3|P3-O1|FZ-CZ|CZ-PZ|FP2-F4|F4-C4|C4-P4|P4-O2|FP2-F8|F8-T8|P8-O2,True,0.5,45.0,False,False,False,False,0,0,True,True,0,0,True,True,data\interim\chbmit\preprocessing_v1\chb11\chb11_15_preproc-v1_raw.fif,62728717,1886884d356c12ed40b1a6b0c27538f224336e3ebb305efa29bde3b44d457e55,preprocessing_v1,harmonization_v1,primary_17,1.12.1,3e33b1dcc42f16cd9604ba3aedc514ffa9e8bb93,2026-07-31T13:41:19.402535+00:00,success
chb11,chb11_16,E:/My_Github/epilepsy-eeg-hybrid-ai/data/raw/chbmit/chb11/chb11_16.edf,256.0,256.0,921600,921600,3600.0,3600.0,28,17,FP1-F7|F7-T7|T7-P7|P7-O1|FP1-F3|F3-C3|C3-P3|P3-O1|FZ-CZ|CZ-PZ|FP2-F4|F4-C4|C4-P4|P4-O2|FP2-F8|F8-T8|P8-O2,True,0.5,45.0,False,False,False,False,0,0,True,True,0,0,True,True,data\interim\chbmit\preprocessing_v1\chb11\chb11_16_preproc-v1_raw.fif,62728717,678e75e94fa743380eebbe86e31654b837a24aa10c0c7ad260f7311461bf2a4a,preprocessing_v1,harmonization_v1,primary_17,1.12.1,3e33b1dcc42f16cd9604ba3aedc514ffa9e8bb93,2026-07-31T13:41:19.402535+00:00,success
chb11,chb11_17,E:/My_Github/epilepsy-eeg-hybrid-ai/data/raw/chbmit/chb11/chb11_17.edf,256.0,256.0,921600,921600,3600.0,3600.0,28,17,FP1-F7|F7-T7|T7-P7|P7-O1|FP1-F3|F3-C3|C3-P3|P3-O1|FZ-CZ|CZ-PZ|FP2-F4|F4-C4|C4-P4|P4-O2|FP2-F8|F8-T8|P8-O2,True,0.5,45.0,False,False,False,False,0,0,True,True,0,0,True,True,data\interim\chbmit\preprocessing_v1\chb11\chb11_17_preproc-v1_raw.fif,62728717,79574213e9b4b1842a2389d0d6765adc9e723ecfd077034ab2fb0a180e85b252,preprocessing_v1,harmonization_v1,primary_17,1.12.1,3e33b1dcc42f16cd9604ba3aedc514ffa9e8bb93,2026-07-31T13:41:19.402535+00:00,success
chb11,chb11_18,E:/My_Github/epilepsy-eeg-hybrid-ai/data/raw/chbmit/chb11/chb11_18.edf,256.0,256.0,921600,921600,3600.0,3600.0,28,17,FP1-F7|F7-T7|T7-P7|P7-O1|FP1-F3|F3-C3|C3-P3|P3-O1|FZ-CZ|CZ-PZ|FP2-F4|F4-C4|C4-P4|P4-O2|FP2-F8|F8-T8|P8-O2,True,0.5,45.0,False,False,False,False,0,0,True,True,0,0,True,True,data\interim\chbmit\preprocessing_v1\chb11\chb11_18_preproc-v1_raw.fif,62728717,9f608189712001645eea8dad7354e543aecb742968022aae27558e177d4578bd,preprocessing_v1,harmonization_v1,primary_17,1.12.1,3e33b1dcc42f16cd9604ba3aedc514ffa9e8bb93,2026-07-31T13:41:19.402535+00:00,success
chb11,chb11_19,E:/My_Github/epilepsy-eeg-hybrid-ai/data/raw/chbmit/chb11/chb11_19.edf,256.0,256.0,921600,921600,3600.0,3600.0,28,17,FP1-F7|F7-T7|T7-P7|P7-O1|FP1-F3|F3-C3|C3-P3|P3-O1|FZ-CZ|CZ-PZ|FP2-F4|F4-C4|C4-P4|P4-O2|FP2-F8|F8-T8|P8-O2,True,0.5,45.0,False,False,False,False,0,0,True,True,0,0,True,True,data\interim\chbmit\preprocessing_v1\chb11\chb11_19_preproc-v1_raw.fif,62728717,bccacc3414a6dd545115df06ada6c249235c0549b4295b8264728102e65c2454,preprocessing_v1,harmonization_v1,primary_17,1.12.1,3e33b1dcc42f16cd9604ba3aedc514ffa9e8bb93,2026-07-31T13:41:19.402535+00:00,success
chb11,chb11_24,E:/My_Github/epilepsy-eeg-hybrid-ai/data/raw/chbmit/chb11/chb11_24.edf,256.0,256.0,921600,921600,3600.0,3600.0,28,17,FP1-F7|F7-T7|T7-P7|P7-O1|FP1-F3|F3-C3|C3-P3|P3-O1|FZ-CZ|CZ-PZ|FP2-F4|F4-C4|C4-P4|P4-O2|FP2-F8|F8-T8|P8-O2,True,0.5,45.0,False,False,False,False,0,0,True,True,0,0,True,True,data\interim\chbmit\preprocessing_v1\chb11\chb11_24_preproc-v1_raw.fif,62728717,1a6ca0e74489b25cd95a1ec47be3c87a2970afaf160e22e455df0c2667975d59,preprocessing_v1,harmonization_v1,primary_17,1.12.1,3e33b1dcc42f16cd9604ba3aedc514ffa9e8bb93,2026-07-31T13:41:19.402535+00:00,success
chb11,chb11_25,E:/My_Github/epilepsy-eeg-hybrid-ai/data/raw/chbmit/chb11/chb11_25.edf,256.0,256.0,921600,921600,3600.0,3600.0,28,17,FP1-F7|F7-T7|T7-P7|P7-O1|FP1-F3|F3-C3|C3-P3|P3-O1|FZ-CZ|CZ-PZ|FP2-F4|F4-C4|C4-P4|P4-O2|FP2-F8|F8-T8|P8-O2,True,0.5,45.0,False,False,False,False,0,0,True,True,0,0,True,True,data\interim\chbmit\preprocessing_v1\chb11\chb11_25_preproc-v1_raw.fif,62728717,df0ff1abfb824cad0b6e612661f450053c99d7050ae33ce090767005cc0840fe,preprocessing_v1,harmonization_v1,primary_17,1.12.1,3e33b1dcc42f16cd9604ba3aedc514ffa9e8bb93,2026-07-31T13:41:19.402535+00:00,success
chb11,chb11_26,E:/My_Github/epilepsy-eeg-hybrid-ai/data/raw/chbmit/chb11/chb11_26.edf,256.0,256.0,921600,921600,3600.0,3600.0,28,17,FP1-F7|F7-T7|T7-P7|P7-O1|FP1-F3|F3-C3|C3-P3|P3-O1|FZ-CZ|CZ-PZ|FP2-F4|F4-C4|C4-P4|P4-O2|FP2-F8|F8-T8|P8-O2,True,0.5,45.0,False,False,False,False,0,0,True,True,0,0,True,True,data\interim\chbmit\preprocessing_v1\chb11\chb11_26_preproc-v1_raw.fif,62728717,9ec5e2c2fedc0678e110b457060cbdf340daa4baeb77ef4dc7960dbad2af6f82,preprocessing_v1,harmonization_v1,primary_17,1.12.1,3e33b1dcc42f16cd9604ba3aedc514ffa9e8bb93,2026-07-31T13:41:19.402535+00:00,success
chb11,chb11_27,E:/My_Github/epilepsy-eeg-hybrid-ai/data/raw/chbmit/chb11/chb11_27.edf,256.0,256.0,921600,921600,3600.0,3600.0,28,17,FP1-F7|F7-T7|T7-P7|P7-O1|FP1-F3|F3-C3|C3-P3|P3-O1|FZ-CZ|CZ-PZ|FP2-F4|F4-C4|C4-P4|P4-O2|FP2-F8|F8-T8|P8-O2,True,0.5,45.0,False,False,False,False,0,0,True,True,0,0,True,True,data\interim\chbmit\preprocessing_v1\chb11\chb11_27_preproc-v1_raw.fif,62728717,09c989b57132abf2066f15711d7fdd82c447131bbff98e87f8ef173f203013a8,preprocessing_v1,harmonization_v1,primary_17,1.12.1,3e33b1dcc42f16cd9604ba3aedc514ffa9e8bb93,2026-07-31T13:41:19.402535+00:00,success
chb11,chb11_53,E:/My_Github/epilepsy-eeg-hybrid-ai/data/raw/chbmit/chb11/chb11_53.edf,256.0,256.0,921600,921600,3600.0,3600.0,28,17,FP1-F7|F7-T7|T7-P7|P7-O1|FP1-F3|F3-C3|C3-P3|P3-O1|FZ-CZ|CZ-PZ|FP2-F4|F4-C4|C4-P4|P4-O2|FP2-F8|F8-T8|P8-O2,True,0.5,45.0,False,False,False,False,0,0,True,True,0,0,True,True,data\interim\chbmit\preprocessing_v1\chb11\chb11_53_preproc-v1_raw.fif,62728717,8e4daf3dbbd0118f0fa734a0a68ade2955497d20e72109b5361d71ad45853fe5,preprocessing_v1,harmonization_v1,primary_17,1.12.1,3e33b1dcc42f16cd9604ba3aedc514ffa9e8bb93,2026-07-31T13:41:19.402535+00:00,success
chb11,chb11_54,E:/My_Github/epilepsy-eeg-hybrid-ai/data/raw/chbmit/chb11/chb11_54.edf,256.0,256.0,921600,921600,3600.0,3600.0,28,17,FP1-F7|F7-T7|T7-P7|P7-O1|FP1-F3|F3-C3|C3-P3|P3-O1|FZ-CZ|CZ-PZ|FP2-F4|F4-C4|C4-P4|P4-O2|FP2-F8|F8-T8|P8-O2,True,0.5,45.0,False,False,False,False,0,0,True,True,0,0,True,True,data\interim\chbmit\preprocessing_v1\chb11\chb11_54_preproc-v1_raw.fif,62728717,d3dad0bde2e5946aff8c1963d442ab610ceac535f0e21f2649c615221bfa1fd5,preprocessing_v1,harmonization_v1,primary_17,1.12.1,3e33b1dcc42f16cd9604ba3aedc514ffa9e8bb93,2026-07-31T13:41:19.402535+00:00,success
chb11,chb11_55,E:/My_Github/epilepsy-eeg-hybrid-ai/data/raw/chbmit/chb11/chb11_55.edf,256.0,256.0,921600,921600,3600.0,3600.0,28,17,FP1-F7|F7-T7|T7-P7|P7-O1|FP1-F3|F3-C3|C3-P3|P3-O1|FZ-CZ|CZ-PZ|FP2-F4|F4-C4|C4-P4|P4-O2|FP2-F8|F8-T8|P8-O2,True,0.5,45.0,False,False,False,False,0,0,True,True,0,0,True,True,data\interim\chbmit\preprocessing_v1\chb11\chb11_55_preproc-v1_raw.fif,62728717,1e20cd7b29e12d7c292daea1ab50fe47c69f5f0d017e512a217e2ee7b522bcd5,preprocessing_v1,harmonization_v1,primary_17,1.12.1,3e33b1dcc42f16cd9604ba3aedc514ffa9e8bb93,2026-07-31T13:41:19.402535+00:00,success
chb11,chb11_56,E:/My_Github/epilepsy-eeg-hybrid-ai/data/raw/chbmit/chb11/chb11_56.edf,256.0,256.0,921600,921600,3600.0,3600.0,28,17,FP1-F7|F7-T7|T7-P7|P7-O1|FP1-F3|F3-C3|C3-P3|P3-O1|FZ-CZ|CZ-PZ|FP2-F4|F4-C4|C4-P4|P4-O2|FP2-F8|F8-T8|P8-O2,True,0.5,45.0,False,False,False,False,0,0,True,True,0,0,True,True,data\interim\chbmit\preprocessing_v1\chb11\chb11_56_preproc-v1_raw.fif,62728717,08b38aa7902ad39dd8cff4fdd071bc6f890cfc507eb17bbff36035297fadf5c2,preprocessing_v1,harmonization_v1,primary_17,1.12.1,3e33b1dcc42f16cd9604ba3aedc514ffa9e8bb93,2026-07-31T13:41:19.402535+00:00,success
chb11,chb11_58,E:/My_Github/epilepsy-eeg-hybrid-ai/data/raw/chbmit/chb11/chb11_58.edf,256.0,256.0,921600,921600,3600.0,3600.0,28,17,FP1-F7|F7-T7|T7-P7|P7-O1|FP1-F3|F3-C3|C3-P3|P3-O1|FZ-CZ|CZ-PZ|FP2-F4|F4-C4|C4-P4|P4-O2|FP2-F8|F8-T8|P8-O2,True,0.5,45.0,False,False,False,False,0,0,True,True,0,0,True,True,data\interim\chbmit\preprocessing_v1\chb11\chb11_58_preproc-v1_raw.fif,62728717,d86c4ad6b9e091720606dd65edf516113ff3747af4fc1a32f8295873a6f8d293,preprocessing_v1,harmonization_v1,primary_17,1.12.1,3e33b1dcc42f16cd9604ba3aedc514ffa9e8bb93,2026-07-31T13:41:19.402535+00:00,success
chb11,chb11_60,E:/My_Github/epilepsy-eeg-hybrid-ai/data/raw/chbmit/chb11/chb11_60.edf,256.0,256.0,921600,921600,3600.0,3600.0,28,17,FP1-F7|F7-T7|T7-P7|P7-O1|FP1-F3|F3-C3|C3-P3|P3-O1|FZ-CZ|CZ-PZ|FP2-F4|F4-C4|C4-P4|P4-O2|FP2-F8|F8-T8|P8-O2,True,0.5,45.0,False,False,False,False,0,0,True,True,0,0,True,True,data\interim\chbmit\preprocessing_v1\chb11\chb11_60_preproc-v1_raw.fif,62728717,a9ac90591b5dddbf6db50f2c1e3daba10c85183caff134bdb2e538c2624e91c0,preprocessing_v1,harmonization_v1,primary_17,1.12.1,3e33b1dcc42f16cd9604ba3aedc514ffa9e8bb93,2026-07-31T13:41:19.402535+00:00,success
chb11,chb11_61,E:/My_Github/epilepsy-eeg-hybrid-ai/data/raw/chbmit/chb11/chb11_61.edf,256.0,256.0,921600,921600,3600.0,3600.0,28,17,FP1-F7|F7-T7|T7-P7|P7-O1|FP1-F3|F3-C3|C3-P3|P3-O1|FZ-CZ|CZ-PZ|FP2-F4|F4-C4|C4-P4|P4-O2|FP2-F8|F8-T8|P8-O2,True,0.5,45.0,False,False,False,False,0,0,True,True,0,0,True,True,data\interim\chbmit\preprocessing_v1\chb11\chb11_61_preproc-v1_raw.fif,62728717,792aebe69af5363b34b0300a1332fd45907ae6487b3e7ecfde9dc6e08b6c1b91,preprocessing_v1,harmonization_v1,primary_17,1.12.1,3e33b1dcc42f16cd9604ba3aedc514ffa9e8bb93,2026-07-31T13:41:19.402535+00:00,success
chb11,chb11_62,E:/My_Github/epilepsy-eeg-hybrid-ai/data/raw/chbmit/chb11/chb11_62.edf,256.0,256.0,921600,921600,3600.0,3600.0,28,17,FP1-F7|F7-T7|T7-P7|P7-O1|FP1-F3|F3-C3|C3-P3|P3-O1|FZ-CZ|CZ-PZ|FP2-F4|F4-C4|C4-P4|P4-O2|FP2-F8|F8-T8|P8-O2,True,0.5,45.0,False,False,False,False,0,0,True,True,0,0,True,True,data\interim\chbmit\preprocessing_v1\chb11\chb11_62_preproc-v1_raw.fif,62728717,f2b2034b062e30c73386ddf58293fd91f9965706456e70ba3ae88e8048f11927,preprocessing_v1,harmonization_v1,primary_17,1.12.1,3e33b1dcc42f16cd9604ba3aedc514ffa9e8bb93,2026-07-31T13:41:19.402535+00:00,success
chb11,chb11_63,E:/My_Github/epilepsy-eeg-hybrid-ai/data/raw/chbmit/chb11/chb11_63.edf,256.0,256.0,921600,921600,3600.0,3600.0,28,17,FP1-F7|F7-T7|T7-P7|P7-O1|FP1-F3|F3-C3|C3-P3|P3-O1|FZ-CZ|CZ-PZ|FP2-F4|F4-C4|C4-P4|P4-O2|FP2-F8|F8-T8|P8-O2,True,0.5,45.0,False,False,False,False,0,0,True,True,0,0,True,True,data\interim\chbmit\preprocessing_v1\chb11\chb11_63_preproc-v1_raw.fif,62728717,09182c867775a8115fc9e511fb9279096d48de70ff972aa45be2620bc1b65677,preprocessing_v1,harmonization_v1,primary_17,1.12.1,3e33b1dcc42f16cd9604ba3aedc514ffa9e8bb93,2026-07-31T13:41:19.402535+00:00,success
chb11,chb11_82,E:/My_Github/epilepsy-eeg-hybrid-ai/data/raw/chbmit/chb11/chb11_82.edf,256.0,256.0,921600,921600,3600.0,3600.0,28,17,FP1-F7|F7-T7|T7-P7|P7-O1|FP1-F3|F3-C3|C3-P3|P3-O1|FZ-CZ|CZ-PZ|FP2-F4|F4-C4|C4-P4|P4-O2|FP2-F8|F8-T8|P8-O2,True,0.5,45.0,False,False,False,False,1,1,True,True,1,1,True,True,data\interim\chbmit\preprocessing_v1\chb11\chb11_82_preproc-v1_raw.fif,62728838,4f6de302fc9c69cd0555838fd5a5d83fa540545b8015fad233b7493b32448d93,preprocessing_v1,harmonization_v1,primary_17,1.12.1,3e33b1dcc42f16cd9604ba3aedc514ffa9e8bb93,2026-07-31T13:41:19.402535+00:00,success
chb11,chb11_92,E:/My_Github/epilepsy-eeg-hybrid-ai/data/raw/chbmit/chb11/chb11_92.edf,256.0,256.0,921600,921600,3600.0,3600.0,28,17,FP1-F7|F7-T7|T7-P7|P7-O1|FP1-F3|F3-C3|C3-P3|P3-O1|FZ-CZ|CZ-PZ|FP2-F4|F4-C4|C4-P4|P4-O2|FP2-F8|F8-T8|P8-O2,True,0.5,45.0,False,False,False,False,1,1,True,True,1,1,True,True,data\interim\chbmit\preprocessing_v1\chb11\chb11_92_preproc-v1_raw.fif,62728838,70e57dd540ff4d62493fbb55aaf3e4d06fc7cb0e4f492dde99844ba6fd9adb23,preprocessing_v1,harmonization_v1,primary_17,1.12.1,3e33b1dcc42f16cd9604ba3aedc514ffa9e8bb93,2026-07-31T13:41:19.402535+00:00,success
chb11,chb11_99,E:/My_Github/epilepsy-eeg-hybrid-ai/data/raw/chbmit/chb11/chb11_99.edf,256.0,256.0,731904,731904,2859.0,2859.0,28,17,FP1-F7|F7-T7|T7-P7|P7-O1|FP1-F3|F3-C3|C3-P3|P3-O1|FZ-CZ|CZ-PZ|FP2-F4|F4-C4|C4-P4|P4-O2|FP2-F8|F8-T8|P8-O2,True,0.5,45.0,False,False,False,False,1,1,True,True,1,1,True,True,data\interim\chbmit\preprocessing_v1\chb11\chb11_99_preproc-v1_raw.fif,49817654,372ccc3778bd2f26ff3895d7168718d4744840e3b055d60f1ccdb316c8591179,preprocessing_v1,harmonization_v1,primary_17,1.12.1,3e33b1dcc42f16cd9604ba3aedc514ffa9e8bb93,2026-07-31T13:41:19.402535+00:00,success
chb12,chb12_06,E:/My_Github/epilepsy-eeg-hybrid-ai/data/raw/chbmit/chb12/chb12_06.edf,256.0,256.0,923136,923136,3606.0,3606.0,28,17,FP1-F7|F7-T7|T7-P7|P7-O1|FP1-F3|F3-C3|C3-P3|P3-O1|FZ-CZ|CZ-PZ|FP2-F4|F4-C4|C4-P4|P4-O2|FP2-F8|F8-T8|P8-O2,True,0.5,45.0,False,False,False,False,2,2,True,True,2,2,True,True,data\interim\chbmit\preprocessing_v1\chb12\chb12_06_preproc-v1_raw.fif,62833400,1c4cd1362581a9d5e6f65ac7bc90fb12e3262ae91481261565a00116935400e5,preprocessing_v1,harmonization_v1,primary_17,1.12.1,3e33b1dcc42f16cd9604ba3aedc514ffa9e8bb93,2026-07-31T13:41:19.402535+00:00,success
chb12,chb12_08,E:/My_Github/epilepsy-eeg-hybrid-ai/data/raw/chbmit/chb12/chb12_08.edf,256.0,256.0,921600,921600,3600.0,3600.0,28,17,FP1-F7|F7-T7|T7-P7|P7-O1|FP1-F3|F3-C3|C3-P3|P3-O1|FZ-CZ|CZ-PZ|FP2-F4|F4-C4|C4-P4|P4-O2|FP2-F8|F8-T8|P8-O2,True,0.5,45.0,False,False,False,False,4,4,True,True,4,4,True,True,data\interim\chbmit\preprocessing_v1\chb12\chb12_08_preproc-v1_raw.fif,62728892,fd1a1268ee4508bd3ad5765b02178c3731abc4f5786a56780fc0e0da11bc223f,preprocessing_v1,harmonization_v1,primary_17,1.12.1,3e33b1dcc42f16cd9604ba3aedc514ffa9e8bb93,2026-07-31T13:41:19.402535+00:00,success
chb12,chb12_09,E:/My_Github/epilepsy-eeg-hybrid-ai/data/raw/chbmit/chb12/chb12_09.edf,256.0,256.0,924672,924672,3612.0,3612.0,28,17,FP1-F7|F7-T7|T7-P7|P7-O1|FP1-F3|F3-C3|C3-P3|P3-O1|FZ-CZ|CZ-PZ|FP2-F4|F4-C4|C4-P4|P4-O2|FP2-F8|F8-T8|P8-O2,True,0.5,45.0,False,False,False,False,2,2,True,True,2,2,True,True,data\interim\chbmit\preprocessing_v1\chb12\chb12_09_preproc-v1_raw.fif,62937944,f5b24b1c96918b8f84cbfa7ae0388355f61007dbe33a20c385fe29dd64192ec1,preprocessing_v1,harmonization_v1,primary_17,1.12.1,3e33b1dcc42f16cd9604ba3aedc514ffa9e8bb93,2026-07-31T13:41:19.402535+00:00,success
chb12,chb12_10,E:/My_Github/epilepsy-eeg-hybrid-ai/data/raw/chbmit/chb12/chb12_10.edf,256.0,256.0,924416,924416,3611.0,3611.0,28,17,FP1-F7|F7-T7|T7-P7|P7-O1|FP1-F3|F3-C3|C3-P3|P3-O1|FZ-CZ|CZ-PZ|FP2-F4|F4-C4|C4-P4|P4-O2|FP2-F8|F8-T8|P8-O2,True,0.5,45.0,False,False,False,False,2,2,True,True,2,2,True,True,data\interim\chbmit\preprocessing_v1\chb12\chb12_10_preproc-v1_raw.fif,62920520,8988df585741bb774c87ef24bd8ffa67a19929615ccbbeeedd72106f21258407,preprocessing_v1,harmonization_v1,primary_17,1.12.1,3e33b1dcc42f16cd9604ba3aedc514ffa9e8bb93,2026-07-31T13:41:19.402535+00:00,success
chb12,chb12_11,E:/My_Github/epilepsy-eeg-hybrid-ai/data/raw/chbmit/chb12/chb12_11.edf,256.0,256.0,622336,622336,2431.0,2431.0,28,17,FP1-F7|F7-T7|T7-P7|P7-O1|FP1-F3|F3-C3|C3-P3|P3-O1|FZ-CZ|CZ-PZ|FP2-F4|F4-C4|C4-P4|P4-O2|FP2-F8|F8-T8|P8-O2,True,0.5,45.0,False,False,False,False,1,1,True,True,1,1,True,True,data\interim\chbmit\preprocessing_v1\chb12\chb12_11_preproc-v1_raw.fif,42360182,990bf19bc39ad7760e4546e707b0ba0a9ea8d9c6907bd3cf84aec9176e09a49d,preprocessing_v1,harmonization_v1,primary_17,1.12.1,3e33b1dcc42f16cd9604ba3aedc514ffa9e8bb93,2026-07-31T13:41:19.402535+00:00,success
chb12,chb12_19,E:/My_Github/epilepsy-eeg-hybrid-ai/data/raw/chbmit/chb12/chb12_19.edf,256.0,256.0,921600,921600,3600.0,3600.0,28,17,FP1-F7|F7-T7|T7-P7|P7-O1|FP1-F3|F3-C3|C3-P3|P3-O1|FZ-CZ|CZ-PZ|FP2-F4|F4-C4|C4-P4|P4-O2|FP2-F8|F8-T8|P8-O2,True,0.5,45.0,False,False,False,False,0,0,True,True,0,0,True,True,data\interim\chbmit\preprocessing_v1\chb12\chb12_19_preproc-v1_raw.fif,62728717,dda8126aa3c430be84d72c535ddab2ecc840d5a4ca6d675f9773347c67780a33,preprocessing_v1,harmonization_v1,primary_17,1.12.1,3e33b1dcc42f16cd9604ba3aedc514ffa9e8bb93,2026-07-31T13:41:19.402535+00:00,success
chb12,chb12_20,E:/My_Github/epilepsy-eeg-hybrid-ai/data/raw/chbmit/chb12/chb12_20.edf,256.0,256.0,921600,921600,3600.0,3600.0,28,17,FP1-F7|F7-T7|T7-P7|P7-O1|FP1-F3|F3-C3|C3-P3|P3-O1|FZ-CZ|CZ-PZ|FP2-F4|F4-C4|C4-P4|P4-O2|FP2-F8|F8-T8|P8-O2,True,0.5,45.0,False,False,False,False,0,0,True,True,0,0,True,True,data\interim\chbmit\preprocessing_v1\chb12\chb12_20_preproc-v1_raw.fif,62728717,865f2f59e779dd061b191e799421a6e1bb8ce2f317ef3051fc7ecd347d4cbb65,preprocessing_v1,harmonization_v1,primary_17,1.12.1,3e33b1dcc42f16cd9604ba3aedc514ffa9e8bb93,2026-07-31T13:41:19.402535+00:00,success
chb12,chb12_21,E:/My_Github/epilepsy-eeg-hybrid-ai/data/raw/chbmit/chb12/chb12_21.edf,256.0,256.0,921600,921600,3600.0,3600.0,28,17,FP1-F7|F7-T7|T7-P7|P7-O1|FP1-F3|F3-C3|C3-P3|P3-O1|FZ-CZ|CZ-PZ|FP2-F4|F4-C4|C4-P4|P4-O2|FP2-F8|F8-T8|P8-O2,True,0.5,45.0,False,False,False,False,0,0,True,True,0,0,True,True,data\interim\chbmit\preprocessing_v1\chb12\chb12_21_preproc-v1_raw.fif,62728717,3101630ec3a0bdf101b78d014a4be9fc56e885ea907da7f221d7198422f520f6,preprocessing_v1,harmonization_v1,primary_17,1.12.1,3e33b1dcc42f16cd9604ba3aedc514ffa9e8bb93,2026-07-31T13:41:19.402535+00:00,success
chb12,chb12_23,E:/My_Github/epilepsy-eeg-hybrid-ai/data/raw/chbmit/chb12/chb12_23.edf,256.0,256.0,921600,921600,3600.0,3600.0,28,17,FP1-F7|F7-T7|T7-P7|P7-O1|FP1-F3|F3-C3|C3-P3|P3-O1|FZ-CZ|CZ-PZ|FP2-F4|F4-C4|C4-P4|P4-O2|FP2-F8|F8-T8|P8-O2,True,0.5,45.0,False,False,False,False,3,3,True,True,3,3,True,True,data\interim\chbmit\preprocessing_v1\chb12\chb12_23_preproc-v1_raw.fif,62728874,5670b0f36a0a38e7dc7a187848dc5a6286c64576677a9d953ea837c819aca128,preprocessing_v1,harmonization_v1,primary_17,1.12.1,3e33b1dcc42f16cd9604ba3aedc514ffa9e8bb93,2026-07-31T13:41:19.402535+00:00,success
chb12,chb12_24,E:/My_Github/epilepsy-eeg-hybrid-ai/data/raw/chbmit/chb12/chb12_24.edf,256.0,256.0,921600,921600,3600.0,3600.0,28,17,FP1-F7|F7-T7|T7-P7|P7-O1|FP1-F3|F3-C3|C3-P3|P3-O1|FZ-CZ|CZ-PZ|FP2-F4|F4-C4|C4-P4|P4-O2|FP2-F8|F8-T8|P8-O2,True,0.5,45.0,False,False,False,False,0,0,True,True,0,0,True,True,data\interim\chbmit\preprocessing_v1\chb12\chb12_24_preproc-v1_raw.fif,62728717,55484e08f7bd67e2b4c10ae308dbaa5092746fdf2e7ed109164abed7c6d10fc9,preprocessing_v1,harmonization_v1,primary_17,1.12.1,3e33b1dcc42f16cd9604ba3aedc514ffa9e8bb93,2026-07-31T13:41:19.402535+00:00,success
chb12,chb12_32,E:/My_Github/epilepsy-eeg-hybrid-ai/data/raw/chbmit/chb12/chb12_32.edf,256.0,256.0,921600,921600,3600.0,3600.0,29,17,FP1-F7|F7-T7|T7-P7|P7-O1|FP1-F3|F3-C3|C3-P3|P3-O1|FZ-CZ|CZ-PZ|FP2-F4|F4-C4|C4-P4|P4-O2|FP2-F8|F8-T8|P8-O2,True,0.5,45.0,False,False,False,False,0,0,True,True,0,0,True,True,data\interim\chbmit\preprocessing_v1\chb12\chb12_32_preproc-v1_raw.fif,62728717,717ea6db44667031956061e793510c7665fa9839599daa973e122733b0a3ed87,preprocessing_v1,harmonization_v1,primary_17,1.12.1,3e33b1dcc42f16cd9604ba3aedc514ffa9e8bb93,2026-07-31T13:41:19.402535+00:00,success
chb12,chb12_33,E:/My_Github/epilepsy-eeg-hybrid-ai/data/raw/chbmit/chb12/chb12_33.edf,256.0,256.0,921600,921600,3600.0,3600.0,29,17,FP1-F7|F7-T7|T7-P7|P7-O1|FP1-F3|F3-C3|C3-P3|P3-O1|FZ-CZ|CZ-PZ|FP2-F4|F4-C4|C4-P4|P4-O2|FP2-F8|F8-T8|P8-O2,True,0.5,45.0,False,False,False,False,2,2,True,True,2,2,True,True,data\interim\chbmit\preprocessing_v1\chb12\chb12_33_preproc-v1_raw.fif,62728856,0eccc05eef445a59e09a60af15de65c7ee8ae59e7c45c3321310d4f4f8ba627e,preprocessing_v1,harmonization_v1,primary_17,1.12.1,3e33b1dcc42f16cd9604ba3aedc514ffa9e8bb93,2026-07-31T13:41:19.402535+00:00,success
chb12,chb12_34,E:/My_Github/epilepsy-eeg-hybrid-ai/data/raw/chbmit/chb12/chb12_34.edf,256.0,256.0,921600,921600,3600.0,3600.0,29,17,FP1-F7|F7-T7|T7-P7|P7-O1|FP1-F3|F3-C3|C3-P3|P3-O1|FZ-CZ|CZ-PZ|FP2-F4|F4-C4|C4-P4|P4-O2|FP2-F8|F8-T8|P8-O2,True,0.5,45.0,False,False,False,False,0,0,True,True,0,0,True,True,data\interim\chbmit\preprocessing_v1\chb12\chb12_34_preproc-v1_raw.fif,62728717,acbc0802e960b1cf8e1eb1ab081e90db07c467e65c13917236ecb2b7c8989cc5,preprocessing_v1,harmonization_v1,primary_17,1.12.1,3e33b1dcc42f16cd9604ba3aedc514ffa9e8bb93,2026-07-31T13:41:19.402535+00:00,success
chb12,chb12_35,E:/My_Github/epilepsy-eeg-hybrid-ai/data/raw/chbmit/chb12/chb12_35.edf,256.0,256.0,921600,921600,3600.0,3600.0,29,17,FP1-F7|F7-T7|T7-P7|P7-O1|FP1-F3|F3-C3|C3-P3|P3-O1|FZ-CZ|CZ-PZ|FP2-F4|F4-C4|C4-P4|P4-O2|FP2-F8|F8-T8|P8-O2,True,0.5,45.0,False,False,False,False,0,0,True,True,0,0,True,True,data\interim\chbmit\preprocessing_v1\chb12\chb12_35_preproc-v1_raw.fif,62728717,e6916e0f69a78745c7c70fb314b3d306180ce418f1bed159974c935e54de0c26,preprocessing_v1,harmonization_v1,primary_17,1.12.1,3e33b1dcc42f16cd9604ba3aedc514ffa9e8bb93,2026-07-31T13:41:19.402535+00:00,success
chb12,chb12_36,E:/My_Github/epilepsy-eeg-hybrid-ai/data/raw/chbmit/chb12/chb12_36.edf,256.0,256.0,921600,921600,3600.0,3600.0,29,17,FP1-F7|F7-T7|T7-P7|P7-O1|FP1-F3|F3-C3|C3-P3|P3-O1|FZ-CZ|CZ-PZ|FP2-F4|F4-C4|C4-P4|P4-O2|FP2-F8|F8-T8|P8-O2,True,0.5,45.0,False,False,False,False,1,1,True,True,1,1,True,True,data\interim\chbmit\preprocessing_v1\chb12\chb12_36_preproc-v1_raw.fif,62728838,c1ea11c660f5635f64f832ce214bee062a3daf2053fa84ee53be21bc98f3e811,preprocessing_v1,harmonization_v1,primary_17,1.12.1,3e33b1dcc42f16cd9604ba3aedc514ffa9e8bb93,2026-07-31T13:41:19.402535+00:00,success
chb12,chb12_37,E:/My_Github/epilepsy-eeg-hybrid-ai/data/raw/chbmit/chb12/chb12_37.edf,256.0,256.0,925696,925696,3616.0,3616.0,29,17,FP1-F7|F7-T7|T7-P7|P7-O1|FP1-F3|F3-C3|C3-P3|P3-O1|FZ-CZ|CZ-PZ|FP2-F4|F4-C4|C4-P4|P4-O2|FP2-F8|F8-T8|P8-O2,True,0.5,45.0,False,False,False,False,0,0,True,True,0,0,True,True,data\interim\chbmit\preprocessing_v1\chb12\chb12_37_preproc-v1_raw.fif,63007501,579755ad94b70de3645273560b0e58d0abc9676343baa72231ba4c2f0551a104,preprocessing_v1,harmonization_v1,primary_17,1.12.1,3e33b1dcc42f16cd9604ba3aedc514ffa9e8bb93,2026-07-31T13:41:19.402535+00:00,success
chb12,chb12_38,E:/My_Github/epilepsy-eeg-hybrid-ai/data/raw/chbmit/chb12/chb12_38.edf,256.0,256.0,921600,921600,3600.0,3600.0,29,17,FP1-F7|F7-T7|T7-P7|P7-O1|FP1-F3|F3-C3|C3-P3|P3-O1|FZ-CZ|CZ-PZ|FP2-F4|F4-C4|C4-P4|P4-O2|FP2-F8|F8-T8|P8-O2,True,0.5,45.0,False,False,False,False,5,5,True,True,5,5,True,True,data\interim\chbmit\preprocessing_v1\chb12\chb12_38_preproc-v1_raw.fif,62728910,eac58d2cd582dfb27b7e39f7aa7eeb81b5dcd2bf7503e149a37b7f1d00ee809b,preprocessing_v1,harmonization_v1,primary_17,1.12.1,3e33b1dcc42f16cd9604ba3aedc514ffa9e8bb93,2026-07-31T13:41:19.402535+00:00,success
chb12,chb12_39,E:/My_Github/epilepsy-eeg-hybrid-ai/data/raw/chbmit/chb12/chb12_39.edf,256.0,256.0,921600,921600,3600.0,3600.0,29,17,FP1-F7|F7-T7|T7-P7|P7-O1|FP1-F3|F3-C3|C3-P3|P3-O1|FZ-CZ|CZ-PZ|FP2-F4|F4-C4|C4-P4|P4-O2|FP2-F8|F8-T8|P8-O2,True,0.5,45.0,False,False,False,False,0,0,True,True,0,0,True,True,data\interim\chbmit\preprocessing_v1\chb12\chb12_39_preproc-v1_raw.fif,62728717,bb327572bc976e475666004073c30d64fc4137d6e3e5bb2d2baa2e90a3a7ae2f,preprocessing_v1,harmonization_v1,primary_17,1.12.1,3e33b1dcc42f16cd9604ba3aedc514ffa9e8bb93,2026-07-31T13:41:19.402535+00:00,success
chb12,chb12_40,E:/My_Github/epilepsy-eeg-hybrid-ai/data/raw/chbmit/chb12/chb12_40.edf,256.0,256.0,921600,921600,3600.0,3600.0,29,17,FP1-F7|F7-T7|T7-P7|P7-O1|FP1-F3|F3-C3|C3-P3|P3-O1|FZ-CZ|CZ-PZ|FP2-F4|F4-C4|C4-P4|P4-O2|FP2-F8|F8-T8|P8-O2,True,0.5,45.0,False,False,False,False,0,0,True,True,0,0,True,True,data\interim\chbmit\preprocessing_v1\chb12\chb12_40_preproc-v1_raw.fif,62728717,0da008c0036025bf7eca837a2e43a8e7e336fa810fff85f21e595d6681faead4,preprocessing_v1,harmonization_v1,primary_17,1.12.1,3e33b1dcc42f16cd9604ba3aedc514ffa9e8bb93,2026-07-31T13:41:19.402535+00:00,success
chb12,chb12_41,E:/My_Github/epilepsy-eeg-hybrid-ai/data/raw/chbmit/chb12/chb12_41.edf,256.0,256.0,921600,921600,3600.0,3600.0,29,17,FP1-F7|F7-T7|T7-P7|P7-O1|FP1-F3|F3-C3|C3-P3|P3-O1|FZ-CZ|CZ-PZ|FP2-F4|F4-C4|C4-P4|P4-O2|FP2-F8|F8-T8|P8-O2,True,0.5,45.0,False,False,False,False,0,0,True,True,0,0,True,True,data\interim\chbmit\preprocessing_v1\chb12\chb12_41_preproc-v1_raw.fif,62728717,b7044cf1a9fc4d03b488c5dd0750dfb1badb987792fbf1715ef286f43053346e,preprocessing_v1,harmonization_v1,primary_17,1.12.1,3e33b1dcc42f16cd9604ba3aedc514ffa9e8bb93,2026-07-31T13:41:19.402535+00:00,success
chb12,chb12_42,E:/My_Github/epilepsy-eeg-hybrid-ai/data/raw/chbmit/chb12/chb12_42.edf,256.0,256.0,921600,921600,3600.0,3600.0,29,17,FP1-F7|F7-T7|T7-P7|P7-O1|FP1-F3|F3-C3|C3-P3|P3-O1|FZ-CZ|CZ-PZ|FP2-F4|F4-C4|C4-P4|P4-O2|FP2-F8|F8-T8|P8-O2,True,0.5,45.0,False,False,False,False,5,5,True,True,5,5,True,True,data\interim\chbmit\preprocessing_v1\chb12\chb12_42_preproc-v1_raw.fif,62728910,f0e125cf40e5e982bdc9c10b6c55d7dd52ec443ae4eb3c180b96ac7569dd93b4,preprocessing_v1,harmonization_v1,primary_17,1.12.1,3e33b1dcc42f16cd9604ba3aedc514ffa9e8bb93,2026-07-31T13:41:19.402535+00:00,success
chb13,chb13_02,E:/My_Github/epilepsy-eeg-hybrid-ai/data/raw/chbmit/chb13/chb13_02.edf,256.0,256.0,921600,921600,3600.0,3600.0,28,17,FP1-F7|F7-T7|T7-P7|P7-O1|FP1-F3|F3-C3|C3-P3|P3-O1|FZ-CZ|CZ-PZ|FP2-F4|F4-C4|C4-P4|P4-O2|FP2-F8|F8-T8|P8-O2,True,0.5,45.0,False,False,False,False,0,0,True,True,0,0,True,True,data\interim\chbmit\preprocessing_v1\chb13\chb13_02_preproc-v1_raw.fif,62728717,e940eaf9a6d79d55df69d8fea2fec6577d9e9ed171a0faad9adef54859f4c0bd,preprocessing_v1,harmonization_v1,primary_17,1.12.1,3e33b1dcc42f16cd9604ba3aedc514ffa9e8bb93,2026-07-31T13:41:19.402535+00:00,success
chb13,chb13_03,E:/My_Github/epilepsy-eeg-hybrid-ai/data/raw/chbmit/chb13/chb13_03.edf,256.0,256.0,921600,921600,3600.0,3600.0,28,17,FP1-F7|F7-T7|T7-P7|P7-O1|FP1-F3|F3-C3|C3-P3|P3-O1|FZ-CZ|CZ-PZ|FP2-F4|F4-C4|C4-P4|P4-O2|FP2-F8|F8-T8|P8-O2,True,0.5,45.0,False,False,False,False,0,0,True,True,0,0,True,True,data\interim\chbmit\preprocessing_v1\chb13\chb13_03_preproc-v1_raw.fif,62728717,bad530a66394f120bb6fc38334928a2f375058f1ffd9cb8178e9c1db072466a3,preprocessing_v1,harmonization_v1,primary_17,1.12.1,3e33b1dcc42f16cd9604ba3aedc514ffa9e8bb93,2026-07-31T13:41:19.402535+00:00,success
chb13,chb13_04,E:/My_Github/epilepsy-eeg-hybrid-ai/data/raw/chbmit/chb13/chb13_04.edf,256.0,256.0,921600,921600,3600.0,3600.0,25,17,FP1-F7|F7-T7|T7-P7|P7-O1|FP1-F3|F3-C3|C3-P3|P3-O1|FZ-CZ|CZ-PZ|FP2-F4|F4-C4|C4-P4|P4-O2|FP2-F8|F8-T8|P8-O2,True,0.5,45.0,False,False,False,False,0,0,True,True,0,0,True,True,data\interim\chbmit\preprocessing_v1\chb13\chb13_04_preproc-v1_raw.fif,62728717,313408d963e2bd2dc54da28a0488040df9bb8e2984cbeb09287853e1e9f1c2e5,preprocessing_v1,harmonization_v1,primary_17,1.12.1,3e33b1dcc42f16cd9604ba3aedc514ffa9e8bb93,2026-07-31T13:41:19.402535+00:00,success
chb13,chb13_05,E:/My_Github/epilepsy-eeg-hybrid-ai/data/raw/chbmit/chb13/chb13_05.edf,256.0,256.0,921600,921600,3600.0,3600.0,22,17,FP1-F7|F7-T7|T7-P7|P7-O1|FP1-F3|F3-C3|C3-P3|P3-O1|FZ-CZ|CZ-PZ|FP2-F4|F4-C4|C4-P4|P4-O2|FP2-F8|F8-T8|P8-O2,True,0.5,45.0,False,False,False,False,0,0,True,True,0,0,True,True,data\interim\chbmit\preprocessing_v1\chb13\chb13_05_preproc-v1_raw.fif,62728717,f5149e84768994f719fdaf35e3239f4455cb0c2041b9fb6e50e4bc16e351c49d,preprocessing_v1,harmonization_v1,primary_17,1.12.1,3e33b1dcc42f16cd9604ba3aedc514ffa9e8bb93,2026-07-31T13:41:19.402535+00:00,success
chb13,chb13_06,E:/My_Github/epilepsy-eeg-hybrid-ai/data/raw/chbmit/chb13/chb13_06.edf,256.0,256.0,921600,921600,3600.0,3600.0,22,17,FP1-F7|F7-T7|T7-P7|P7-O1|FP1-F3|F3-C3|C3-P3|P3-O1|FZ-CZ|CZ-PZ|FP2-F4|F4-C4|C4-P4|P4-O2|FP2-F8|F8-T8|P8-O2,True,0.5,45.0,False,False,False,False,0,0,True,True,0,0,True,True,data\interim\chbmit\preprocessing_v1\chb13\chb13_06_preproc-v1_raw.fif,62728717,e949e52746c750d07e8b7c60712993faa95aac02021cc8bf47d7069647b84851,preprocessing_v1,harmonization_v1,primary_17,1.12.1,3e33b1dcc42f16cd9604ba3aedc514ffa9e8bb93,2026-07-31T13:41:19.402535+00:00,success
chb13,chb13_07,E:/My_Github/epilepsy-eeg-hybrid-ai/data/raw/chbmit/chb13/chb13_07.edf,256.0,256.0,921600,921600,3600.0,3600.0,22,17,FP1-F7|F7-T7|T7-P7|P7-O1|FP1-F3|F3-C3|C3-P3|P3-O1|FZ-CZ|CZ-PZ|FP2-F4|F4-C4|C4-P4|P4-O2|FP2-F8|F8-T8|P8-O2,True,0.5,45.0,False,False,False,False,0,0,True,True,0,0,True,True,data\interim\chbmit\preprocessing_v1\chb13\chb13_07_preproc-v1_raw.fif,62728717,31d56973efb492ddd8862b936bd86d025c0f435cb9fefc9bc6510cf720ba9782,preprocessing_v1,harmonization_v1,primary_17,1.12.1,3e33b1dcc42f16cd9604ba3aedc514ffa9e8bb93,2026-07-31T13:41:19.402535+00:00,success
chb13,chb13_08,E:/My_Github/epilepsy-eeg-hybrid-ai/data/raw/chbmit/chb13/chb13_08.edf,256.0,256.0,921600,921600,3600.0,3600.0,22,17,FP1-F7|F7-T7|T7-P7|P7-O1|FP1-F3|F3-C3|C3-P3|P3-O1|FZ-CZ|CZ-PZ|FP2-F4|F4-C4|C4-P4|P4-O2|FP2-F8|F8-T8|P8-O2,True,0.5,45.0,False,False,False,False,0,0,True,True,0,0,True,True,data\interim\chbmit\preprocessing_v1\chb13\chb13_08_preproc-v1_raw.fif,62728717,13a748d212b291e2cfc80148d353a01ac5ade5aa2821eeb92297bdd9e6a86a3d,preprocessing_v1,harmonization_v1,primary_17,1.12.1,3e33b1dcc42f16cd9604ba3aedc514ffa9e8bb93,2026-07-31T13:41:19.402535+00:00,success
chb13,chb13_09,E:/My_Github/epilepsy-eeg-hybrid-ai/data/raw/chbmit/chb13/chb13_09.edf,256.0,256.0,921600,921600,3600.0,3600.0,22,17,FP1-F7|F7-T7|T7-P7|P7-O1|FP1-F3|F3-C3|C3-P3|P3-O1|FZ-CZ|CZ-PZ|FP2-F4|F4-C4|C4-P4|P4-O2|FP2-F8|F8-T8|P8-O2,True,0.5,45.0,False,False,False,False,0,0,True,True,0,0,True,True,data\interim\chbmit\preprocessing_v1\chb13\chb13_09_preproc-v1_raw.fif,62728717,b7af7a5455fb8afb8dec58465def0b39a4ddce67440aa41949010550ffb3e876,preprocessing_v1,harmonization_v1,primary_17,1.12.1,3e33b1dcc42f16cd9604ba3aedc514ffa9e8bb93,2026-07-31T13:41:19.402535+00:00,success
chb13,chb13_10,E:/My_Github/epilepsy-eeg-hybrid-ai/data/raw/chbmit/chb13/chb13_10.edf,256.0,256.0,921600,921600,3600.0,3600.0,22,17,FP1-F7|F7-T7|T7-P7|P7-O1|FP1-F3|F3-C3|C3-P3|P3-O1|FZ-CZ|CZ-PZ|FP2-F4|F4-C4|C4-P4|P4-O2|FP2-F8|F8-T8|P8-O2,True,0.5,45.0,False,False,False,False,0,0,True,True,0,0,True,True,data\interim\chbmit\preprocessing_v1\chb13\chb13_10_preproc-v1_raw.fif,62728717,f3baadc6b868dba14b25809fb5e69654c77fb899d64de927a1c8bf8f30430563,preprocessing_v1,harmonization_v1,primary_17,1.12.1,3e33b1dcc42f16cd9604ba3aedc514ffa9e8bb93,2026-07-31T13:41:19.402535+00:00,success
chb13,chb13_11,E:/My_Github/epilepsy-eeg-hybrid-ai/data/raw/chbmit/chb13/chb13_11.edf,256.0,256.0,921600,921600,3600.0,3600.0,22,17,FP1-F7|F7-T7|T7-P7|P7-O1|FP1-F3|F3-C3|C3-P3|P3-O1|FZ-CZ|CZ-PZ|FP2-F4|F4-C4|C4-P4|P4-O2|FP2-F8|F8-T8|P8-O2,True,0.5,45.0,False,False,False,False,0,0,True,True,0,0,True,True,data\interim\chbmit\preprocessing_v1\chb13\chb13_11_preproc-v1_raw.fif,62728717,30c0ffa3a302e4f66aa9874a928c8747bcd0d42e48b25d6428c74f3382183216,preprocessing_v1,harmonization_v1,primary_17,1.12.1,3e33b1dcc42f16cd9604ba3aedc514ffa9e8bb93,2026-07-31T13:41:19.402535+00:00,success
chb13,chb13_12,E:/My_Github/epilepsy-eeg-hybrid-ai/data/raw/chbmit/chb13/chb13_12.edf,256.0,256.0,921600,921600,3600.0,3600.0,22,17,FP1-F7|F7-T7|T7-P7|P7-O1|FP1-F3|F3-C3|C3-P3|P3-O1|FZ-CZ|CZ-PZ|FP2-F4|F4-C4|C4-P4|P4-O2|FP2-F8|F8-T8|P8-O2,True,0.5,45.0,False,False,False,False,0,0,True,True,0,0,True,True,data\interim\chbmit\preprocessing_v1\chb13\chb13_12_preproc-v1_raw.fif,62728717,c04a715245f1ed30195e508cd93fabcf8042cfb71a4a53c8627e9c9ef23aa01f,preprocessing_v1,harmonization_v1,primary_17,1.12.1,3e33b1dcc42f16cd9604ba3aedc514ffa9e8bb93,2026-07-31T13:41:19.402535+00:00,success
chb13,chb13_13,E:/My_Github/epilepsy-eeg-hybrid-ai/data/raw/chbmit/chb13/chb13_13.edf,256.0,256.0,921600,921600,3600.0,3600.0,22,17,FP1-F7|F7-T7|T7-P7|P7-O1|FP1-F3|F3-C3|C3-P3|P3-O1|FZ-CZ|CZ-PZ|FP2-F4|F4-C4|C4-P4|P4-O2|FP2-F8|F8-T8|P8-O2,True,0.5,45.0,False,False,False,False,0,0,True,True,0,0,True,True,data\interim\chbmit\preprocessing_v1\chb13\chb13_13_preproc-v1_raw.fif,62728717,706b282c8a9d7f324df8e8eb68d5a747a1f6757ab8731d2d536a26f814b81870,preprocessing_v1,harmonization_v1,primary_17,1.12.1,3e33b1dcc42f16cd9604ba3aedc514ffa9e8bb93,2026-07-31T13:41:19.402535+00:00,success
chb13,chb13_14,E:/My_Github/epilepsy-eeg-hybrid-ai/data/raw/chbmit/chb13/chb13_14.edf,256.0,256.0,921600,921600,3600.0,3600.0,22,17,FP1-F7|F7-T7|T7-P7|P7-O1|FP1-F3|F3-C3|C3-P3|P3-O1|FZ-CZ|CZ-PZ|FP2-F4|F4-C4|C4-P4|P4-O2|FP2-F8|F8-T8|P8-O2,True,0.5,45.0,False,False,False,False,0,0,True,True,0,0,True,True,data\interim\chbmit\preprocessing_v1\chb13\chb13_14_preproc-v1_raw.fif,62728717,a1a46435eae9608941e07c226d97280c45af9d45dd55d8adda265dd3f00e6de0,preprocessing_v1,harmonization_v1,primary_17,1.12.1,3e33b1dcc42f16cd9604ba3aedc514ffa9e8bb93,2026-07-31T13:41:19.402535+00:00,success
chb13,chb13_15,E:/My_Github/epilepsy-eeg-hybrid-ai/data/raw/chbmit/chb13/chb13_15.edf,256.0,256.0,921600,921600,3600.0,3600.0,22,17,FP1-F7|F7-T7|T7-P7|P7-O1|FP1-F3|F3-C3|C3-P3|P3-O1|FZ-CZ|CZ-PZ|FP2-F4|F4-C4|C4-P4|P4-O2|FP2-F8|F8-T8|P8-O2,True,0.5,45.0,False,False,False,False,0,0,True,True,0,0,True,True,data\interim\chbmit\preprocessing_v1\chb13\chb13_15_preproc-v1_raw.fif,62728717,a94512d3e16ef67baab348d8eb203c94decc475a59e387e1f457b0d5cacdecc0,preprocessing_v1,harmonization_v1,primary_17,1.12.1,3e33b1dcc42f16cd9604ba3aedc514ffa9e8bb93,2026-07-31T13:41:19.402535+00:00,success
chb13,chb13_16,E:/My_Github/epilepsy-eeg-hybrid-ai/data/raw/chbmit/chb13/chb13_16.edf,256.0,256.0,921600,921600,3600.0,3600.0,22,17,FP1-F7|F7-T7|T7-P7|P7-O1|FP1-F3|F3-C3|C3-P3|P3-O1|FZ-CZ|CZ-PZ|FP2-F4|F4-C4|C4-P4|P4-O2|FP2-F8|F8-T8|P8-O2,True,0.5,45.0,False,False,False,False,0,0,True,True,0,0,True,True,data\interim\chbmit\preprocessing_v1\chb13\chb13_16_preproc-v1_raw.fif,62728717,1660f87ea3a24faffd89f5e4bc34584aeac7dd9fbf3eb38ced8185f466fb30e6,preprocessing_v1,harmonization_v1,primary_17,1.12.1,3e33b1dcc42f16cd9604ba3aedc514ffa9e8bb93,2026-07-31T13:41:19.402535+00:00,success
chb13,chb13_18,E:/My_Github/epilepsy-eeg-hybrid-ai/data/raw/chbmit/chb13/chb13_18.edf,256.0,256.0,921600,921600,3600.0,3600.0,22,17,FP1-F7|F7-T7|T7-P7|P7-O1|FP1-F3|F3-C3|C3-P3|P3-O1|FZ-CZ|CZ-PZ|FP2-F4|F4-C4|C4-P4|P4-O2|FP2-F8|F8-T8|P8-O2,True,0.5,45.0,False,False,False,False,0,0,True,True,0,0,True,True,data\interim\chbmit\preprocessing_v1\chb13\chb13_18_preproc-v1_raw.fif,62728717,e223e274c630fb8a236e9196a95b80b70201480395ff5370af4f892a01137d2a,preprocessing_v1,harmonization_v1,primary_17,1.12.1,3e33b1dcc42f16cd9604ba3aedc514ffa9e8bb93,2026-07-31T13:41:19.402535+00:00,success
chb13,chb13_19,E:/My_Github/epilepsy-eeg-hybrid-ai/data/raw/chbmit/chb13/chb13_19.edf,256.0,256.0,921600,921600,3600.0,3600.0,28,17,FP1-F7|F7-T7|T7-P7|P7-O1|FP1-F3|F3-C3|C3-P3|P3-O1|FZ-CZ|CZ-PZ|FP2-F4|F4-C4|C4-P4|P4-O2|FP2-F8|F8-T8|P8-O2,True,0.5,45.0,False,False,False,False,1,1,True,True,1,1,True,True,data\interim\chbmit\preprocessing_v1\chb13\chb13_19_preproc-v1_raw.fif,62728838,1b82d9fa23a1a827079d644b694e24fb738f24a766a92e318a07c52817c380e7,preprocessing_v1,harmonization_v1,primary_17,1.12.1,3e33b1dcc42f16cd9604ba3aedc514ffa9e8bb93,2026-07-31T13:41:19.402535+00:00,success
chb13,chb13_21,E:/My_Github/epilepsy-eeg-hybrid-ai/data/raw/chbmit/chb13/chb13_21.edf,256.0,256.0,921600,921600,3600.0,3600.0,28,17,FP1-F7|F7-T7|T7-P7|P7-O1|FP1-F3|F3-C3|C3-P3|P3-O1|FZ-CZ|CZ-PZ|FP2-F4|F4-C4|C4-P4|P4-O2|FP2-F8|F8-T8|P8-O2,True,0.5,45.0,False,False,False,False,1,1,True,True,1,1,True,True,data\interim\chbmit\preprocessing_v1\chb13\chb13_21_preproc-v1_raw.fif,62728838,700d6c910d88ac57a10860dd7ac8c092e510ce965fcf74c4eef4c1d4ce526c45,preprocessing_v1,harmonization_v1,primary_17,1.12.1,3e33b1dcc42f16cd9604ba3aedc514ffa9e8bb93,2026-07-31T13:41:19.402535+00:00,success
chb13,chb13_22,E:/My_Github/epilepsy-eeg-hybrid-ai/data/raw/chbmit/chb13/chb13_22.edf,256.0,256.0,921600,921600,3600.0,3600.0,28,17,FP1-F7|F7-T7|T7-P7|P7-O1|FP1-F3|F3-C3|C3-P3|P3-O1|FZ-CZ|CZ-PZ|FP2-F4|F4-C4|C4-P4|P4-O2|FP2-F8|F8-T8|P8-O2,True,0.5,45.0,False,False,False,False,0,0,True,True,0,0,True,True,data\interim\chbmit\preprocessing_v1\chb13\chb13_22_preproc-v1_raw.fif,62728717,049aa2035e100d85af9a6c00f1dee3170bdc50ea14c5ad38a167e5b378fe60f3,preprocessing_v1,harmonization_v1,primary_17,1.12.1,3e33b1dcc42f16cd9604ba3aedc514ffa9e8bb93,2026-07-31T13:41:19.402535+00:00,success
chb13,chb13_24,E:/My_Github/epilepsy-eeg-hybrid-ai/data/raw/chbmit/chb13/chb13_24.edf,256.0,256.0,921600,921600,3600.0,3600.0,22,17,FP1-F7|F7-T7|T7-P7|P7-O1|FP1-F3|F3-C3|C3-P3|P3-O1|FZ-CZ|CZ-PZ|FP2-F4|F4-C4|C4-P4|P4-O2|FP2-F8|F8-T8|P8-O2,True,0.5,45.0,False,False,False,False,0,0,True,True,0,0,True,True,data\interim\chbmit\preprocessing_v1\chb13\chb13_24_preproc-v1_raw.fif,62728717,ee38974b85387b47334057c2ad6b649efe3dce367cd297f853c5fbf65043ba01,preprocessing_v1,harmonization_v1,primary_17,1.12.1,3e33b1dcc42f16cd9604ba3aedc514ffa9e8bb93,2026-07-31T13:41:19.402535+00:00,success
chb13,chb13_30,E:/My_Github/epilepsy-eeg-hybrid-ai/data/raw/chbmit/chb13/chb13_30.edf,256.0,256.0,921600,921600,3600.0,3600.0,22,17,FP1-F7|F7-T7|T7-P7|P7-O1|FP1-F3|F3-C3|C3-P3|P3-O1|FZ-CZ|CZ-PZ|FP2-F4|F4-C4|C4-P4|P4-O2|FP2-F8|F8-T8|P8-O2,True,0.5,45.0,False,False,False,False,0,0,True,True,0,0,True,True,data\interim\chbmit\preprocessing_v1\chb13\chb13_30_preproc-v1_raw.fif,62728717,0721552ad67f90f0be6802c95298af94bd98ed1b4891f3cc5af5df29f98b3011,preprocessing_v1,harmonization_v1,primary_17,1.12.1,3e33b1dcc42f16cd9604ba3aedc514ffa9e8bb93,2026-07-31T13:41:19.402535+00:00,success
chb13,chb13_36,E:/My_Github/epilepsy-eeg-hybrid-ai/data/raw/chbmit/chb13/chb13_36.edf,256.0,256.0,921600,921600,3600.0,3600.0,22,17,FP1-F7|F7-T7|T7-P7|P7-O1|FP1-F3|F3-C3|C3-P3|P3-O1|FZ-CZ|CZ-PZ|FP2-F4|F4-C4|C4-P4|P4-O2|FP2-F8|F8-T8|P8-O2,True,0.5,45.0,False,False,False,False,0,0,True,True,0,0,True,True,data\interim\chbmit\preprocessing_v1\chb13\chb13_36_preproc-v1_raw.fif,62728717,2d8b04ffa5f7ebf9af1972574d8c9985b6124203c61a8ff9e5e590227f4ae4b7,preprocessing_v1,harmonization_v1,primary_17,1.12.1,3e33b1dcc42f16cd9604ba3aedc514ffa9e8bb93,2026-07-31T13:41:19.402535+00:00,success
chb13,chb13_37,E:/My_Github/epilepsy-eeg-hybrid-ai/data/raw/chbmit/chb13/chb13_37.edf,256.0,256.0,921600,921600,3600.0,3600.0,22,17,FP1-F7|F7-T7|T7-P7|P7-O1|FP1-F3|F3-C3|C3-P3|P3-O1|FZ-CZ|CZ-PZ|FP2-F4|F4-C4|C4-P4|P4-O2|FP2-F8|F8-T8|P8-O2,True,0.5,45.0,False,False,False,False,0,0,True,True,0,0,True,True,data\interim\chbmit\preprocessing_v1\chb13\chb13_37_preproc-v1_raw.fif,62728717,92b4a1edc43e5abb4059d612bf0e158b1c6b839f73912777b9d9caf216d140e7,preprocessing_v1,harmonization_v1,primary_17,1.12.1,3e33b1dcc42f16cd9604ba3aedc514ffa9e8bb93,2026-07-31T13:41:19.402535+00:00,success
chb13,chb13_38,E:/My_Github/epilepsy-eeg-hybrid-ai/data/raw/chbmit/chb13/chb13_38.edf,256.0,256.0,921600,921600,3600.0,3600.0,22,17,FP1-F7|F7-T7|T7-P7|P7-O1|FP1-F3|F3-C3|C3-P3|P3-O1|FZ-CZ|CZ-PZ|FP2-F4|F4-C4|C4-P4|P4-O2|FP2-F8|F8-T8|P8-O2,True,0.5,45.0,False,False,False,False,0,0,True,True,0,0,True,True,data\interim\chbmit\preprocessing_v1\chb13\chb13_38_preproc-v1_raw.fif,62728717,714f6e0ac7b7d8ccaac57dda121a24baecd3949fed5cb2d8c4211bb121dc796d,preprocessing_v1,harmonization_v1,primary_17,1.12.1,3e33b1dcc42f16cd9604ba3aedc514ffa9e8bb93,2026-07-31T13:41:19.402535+00:00,success
chb13,chb13_39,E:/My_Github/epilepsy-eeg-hybrid-ai/data/raw/chbmit/chb13/chb13_39.edf,256.0,256.0,921600,921600,3600.0,3600.0,22,17,FP1-F7|F7-T7|T7-P7|P7-O1|FP1-F3|F3-C3|C3-P3|P3-O1|FZ-CZ|CZ-PZ|FP2-F4|F4-C4|C4-P4|P4-O2|FP2-F8|F8-T8|P8-O2,True,0.5,45.0,False,False,False,False,0,0,True,True,0,0,True,True,data\interim\chbmit\preprocessing_v1\chb13\chb13_39_preproc-v1_raw.fif,62728717,9413441dcf4e794831401da2927c2facade939a906646a5d8622e5ef9e272826,preprocessing_v1,harmonization_v1,primary_17,1.12.1,3e33b1dcc42f16cd9604ba3aedc514ffa9e8bb93,2026-07-31T13:41:19.402535+00:00,success
chb13,chb13_40,E:/My_Github/epilepsy-eeg-hybrid-ai/data/raw/chbmit/chb13/chb13_40.edf,256.0,256.0,921600,921600,3600.0,3600.0,22,17,FP1-F7|F7-T7|T7-P7|P7-O1|FP1-F3|F3-C3|C3-P3|P3-O1|FZ-CZ|CZ-PZ|FP2-F4|F4-C4|C4-P4|P4-O2|FP2-F8|F8-T8|P8-O2,True,0.5,45.0,False,False,False,False,2,2,True,True,2,2,True,True,data\interim\chbmit\preprocessing_v1\chb13\chb13_40_preproc-v1_raw.fif,62728856,cf9e14be2a866f0574ac26c1609d8cd62a35d9c8bc6f2df5ab9d7fd318f808db,preprocessing_v1,harmonization_v1,primary_17,1.12.1,3e33b1dcc42f16cd9604ba3aedc514ffa9e8bb93,2026-07-31T13:41:19.402535+00:00,success
chb13,chb13_47,E:/My_Github/epilepsy-eeg-hybrid-ai/data/raw/chbmit/chb13/chb13_47.edf,256.0,256.0,921600,921600,3600.0,3600.0,22,17,FP1-F7|F7-T7|T7-P7|P7-O1|FP1-F3|F3-C3|C3-P3|P3-O1|FZ-CZ|CZ-PZ|FP2-F4|F4-C4|C4-P4|P4-O2|FP2-F8|F8-T8|P8-O2,True,0.5,45.0,False,False,False,False,0,0,True,True,0,0,True,True,data\interim\chbmit\preprocessing_v1\chb13\chb13_47_preproc-v1_raw.fif,62728717,b7fc254c1d04a4d5c6d5d26f913df042c2996b4f3100faaa820ce693ced49d84,preprocessing_v1,harmonization_v1,primary_17,1.12.1,3e33b1dcc42f16cd9604ba3aedc514ffa9e8bb93,2026-07-31T13:41:19.402535+00:00,success
chb13,chb13_55,E:/My_Github/epilepsy-eeg-hybrid-ai/data/raw/chbmit/chb13/chb13_55.edf,256.0,256.0,921600,921600,3600.0,3600.0,28,17,FP1-F7|F7-T7|T7-P7|P7-O1|FP1-F3|F3-C3|C3-P3|P3-O1|FZ-CZ|CZ-PZ|FP2-F4|F4-C4|C4-P4|P4-O2|FP2-F8|F8-T8|P8-O2,True,0.5,45.0,False,False,False,False,2,2,True,True,2,2,True,True,data\interim\chbmit\preprocessing_v1\chb13\chb13_55_preproc-v1_raw.fif,62728856,0d0b53d5240b15c599ef9056dce7f8d176d5b4e730ef7b93f1a7dd0ef9b2a9a2,preprocessing_v1,harmonization_v1,primary_17,1.12.1,3e33b1dcc42f16cd9604ba3aedc514ffa9e8bb93,2026-07-31T13:41:19.402535+00:00,success
chb13,chb13_56,E:/My_Github/epilepsy-eeg-hybrid-ai/data/raw/chbmit/chb13/chb13_56.edf,256.0,256.0,921600,921600,3600.0,3600.0,28,17,FP1-F7|F7-T7|T7-P7|P7-O1|FP1-F3|F3-C3|C3-P3|P3-O1|FZ-CZ|CZ-PZ|FP2-F4|F4-C4|C4-P4|P4-O2|FP2-F8|F8-T8|P8-O2,True,0.5,45.0,False,False,False,False,0,0,True,True,0,0,True,True,data\interim\chbmit\preprocessing_v1\chb13\chb13_56_preproc-v1_raw.fif,62728717,fd4124ced2738369a1deabf9c0f9240cca2f4b9c64247e1dac78745a90937f42,preprocessing_v1,harmonization_v1,primary_17,1.12.1,3e33b1dcc42f16cd9604ba3aedc514ffa9e8bb93,2026-07-31T13:41:19.402535+00:00,success
chb13,chb13_58,E:/My_Github/epilepsy-eeg-hybrid-ai/data/raw/chbmit/chb13/chb13_58.edf,256.0,256.0,921600,921600,3600.0,3600.0,28,17,FP1-F7|F7-T7|T7-P7|P7-O1|FP1-F3|F3-C3|C3-P3|P3-O1|FZ-CZ|CZ-PZ|FP2-F4|F4-C4|C4-P4|P4-O2|FP2-F8|F8-T8|P8-O2,True,0.5,45.0,False,False,False,False,1,1,True,True,1,1,True,True,data\interim\chbmit\preprocessing_v1\chb13\chb13_58_preproc-v1_raw.fif,62728838,6febd484577e91d655d1fc52cde17b56dc30773ee3898cd488945ce6a66693fd,preprocessing_v1,harmonization_v1,primary_17,1.12.1,3e33b1dcc42f16cd9604ba3aedc514ffa9e8bb93,2026-07-31T13:41:19.402535+00:00,success
chb13,chb13_59,E:/My_Github/epilepsy-eeg-hybrid-ai/data/raw/chbmit/chb13/chb13_59.edf,256.0,256.0,921600,921600,3600.0,3600.0,28,17,FP1-F7|F7-T7|T7-P7|P7-O1|FP1-F3|F3-C3|C3-P3|P3-O1|FZ-CZ|CZ-PZ|FP2-F4|F4-C4|C4-P4|P4-O2|FP2-F8|F8-T8|P8-O2,True,0.5,45.0,False,False,False,False,1,1,True,True,1,1,True,True,data\interim\chbmit\preprocessing_v1\chb13\chb13_59_preproc-v1_raw.fif,62728838,75b48d5742059049c00a96f7214030b9cc8e425238ef0ec2791fe67045ff5d32,preprocessing_v1,harmonization_v1,primary_17,1.12.1,3e33b1dcc42f16cd9604ba3aedc514ffa9e8bb93,2026-07-31T13:41:19.402535+00:00,success
chb13,chb13_60,E:/My_Github/epilepsy-eeg-hybrid-ai/data/raw/chbmit/chb13/chb13_60.edf,256.0,256.0,921600,921600,3600.0,3600.0,28,17,FP1-F7|F7-T7|T7-P7|P7-O1|FP1-F3|F3-C3|C3-P3|P3-O1|FZ-CZ|CZ-PZ|FP2-F4|F4-C4|C4-P4|P4-O2|FP2-F8|F8-T8|P8-O2,True,0.5,45.0,False,False,False,False,1,1,True,True,1,1,True,True,data\interim\chbmit\preprocessing_v1\chb13\chb13_60_preproc-v1_raw.fif,62728838,b4d643494d2266336e4c8ad555e151e2137e85cd16f5d12b7b5d9f65a5f5f761,preprocessing_v1,harmonization_v1,primary_17,1.12.1,3e33b1dcc42f16cd9604ba3aedc514ffa9e8bb93,2026-07-31T13:41:19.402535+00:00,success
chb13,chb13_62,E:/My_Github/epilepsy-eeg-hybrid-ai/data/raw/chbmit/chb13/chb13_62.edf,256.0,256.0,921600,921600,3600.0,3600.0,28,17,FP1-F7|F7-T7|T7-P7|P7-O1|FP1-F3|F3-C3|C3-P3|P3-O1|FZ-CZ|CZ-PZ|FP2-F4|F4-C4|C4-P4|P4-O2|FP2-F8|F8-T8|P8-O2,True,0.5,45.0,False,False,False,False,3,3,True,True,3,3,True,True,data\interim\chbmit\preprocessing_v1\chb13\chb13_62_preproc-v1_raw.fif,62728874,3da816ebd1f48af9131ad0b6f189a223d22c1700acc61695e73d5d3590153da5,preprocessing_v1,harmonization_v1,primary_17,1.12.1,3e33b1dcc42f16cd9604ba3aedc514ffa9e8bb93,2026-07-31T13:41:19.402535+00:00,success
chb14,chb14_01,E:/My_Github/epilepsy-eeg-hybrid-ai/data/raw/chbmit/chb14/chb14_01.edf,256.0,256.0,921600,921600,3600.0,3600.0,28,17,FP1-F7|F7-T7|T7-P7|P7-O1|FP1-F3|F3-C3|C3-P3|P3-O1|FZ-CZ|CZ-PZ|FP2-F4|F4-C4|C4-P4|P4-O2|FP2-F8|F8-T8|P8-O2,True,0.5,45.0,False,False,False,False,0,0,True,True,0,0,True,True,data\interim\chbmit\preprocessing_v1\chb14\chb14_01_preproc-v1_raw.fif,62728717,a6020f3849ff3efb06a67dd5ebaa19d048fbc0502dbf1f2424168f7119ce8828,preprocessing_v1,harmonization_v1,primary_17,1.12.1,3e33b1dcc42f16cd9604ba3aedc514ffa9e8bb93,2026-07-31T13:41:19.402535+00:00,success
chb14,chb14_02,E:/My_Github/epilepsy-eeg-hybrid-ai/data/raw/chbmit/chb14/chb14_02.edf,256.0,256.0,921600,921600,3600.0,3600.0,28,17,FP1-F7|F7-T7|T7-P7|P7-O1|FP1-F3|F3-C3|C3-P3|P3-O1|FZ-CZ|CZ-PZ|FP2-F4|F4-C4|C4-P4|P4-O2|FP2-F8|F8-T8|P8-O2,True,0.5,45.0,False,False,False,False,0,0,True,True,0,0,True,True,data\interim\chbmit\preprocessing_v1\chb14\chb14_02_preproc-v1_raw.fif,62728717,30683be6e07f481845e68b6885b96a30e1af8b8cd63e096800b04c41d07c56e1,preprocessing_v1,harmonization_v1,primary_17,1.12.1,3e33b1dcc42f16cd9604ba3aedc514ffa9e8bb93,2026-07-31T13:41:19.402535+00:00,success
chb14,chb14_03,E:/My_Github/epilepsy-eeg-hybrid-ai/data/raw/chbmit/chb14/chb14_03.edf,256.0,256.0,921600,921600,3600.0,3600.0,28,17,FP1-F7|F7-T7|T7-P7|P7-O1|FP1-F3|F3-C3|C3-P3|P3-O1|FZ-CZ|CZ-PZ|FP2-F4|F4-C4|C4-P4|P4-O2|FP2-F8|F8-T8|P8-O2,True,0.5,45.0,False,False,False,False,1,1,True,True,1,1,True,True,data\interim\chbmit\preprocessing_v1\chb14\chb14_03_preproc-v1_raw.fif,62728838,778889286c3dea04250318de6d537885e507b88568b168456de2df860c311f3b,preprocessing_v1,harmonization_v1,primary_17,1.12.1,3e33b1dcc42f16cd9604ba3aedc514ffa9e8bb93,2026-07-31T13:41:19.402535+00:00,success
chb14,chb14_04,E:/My_Github/epilepsy-eeg-hybrid-ai/data/raw/chbmit/chb14/chb14_04.edf,256.0,256.0,921600,921600,3600.0,3600.0,28,17,FP1-F7|F7-T7|T7-P7|P7-O1|FP1-F3|F3-C3|C3-P3|P3-O1|FZ-CZ|CZ-PZ|FP2-F4|F4-C4|C4-P4|P4-O2|FP2-F8|F8-T8|P8-O2,True,0.5,45.0,False,False,False,False,2,2,True,True,2,2,True,True,data\interim\chbmit\preprocessing_v1\chb14\chb14_04_preproc-v1_raw.fif,62728856,a0e95891c710c6b79517dc325b39b49614223ddc8d9ce81e83c59566ab88ac62,preprocessing_v1,harmonization_v1,primary_17,1.12.1,3e33b1dcc42f16cd9604ba3aedc514ffa9e8bb93,2026-07-31T13:41:19.402535+00:00,success
chb14,chb14_06,E:/My_Github/epilepsy-eeg-hybrid-ai/data/raw/chbmit/chb14/chb14_06.edf,256.0,256.0,921600,921600,3600.0,3600.0,28,17,FP1-F7|F7-T7|T7-P7|P7-O1|FP1-F3|F3-C3|C3-P3|P3-O1|FZ-CZ|CZ-PZ|FP2-F4|F4-C4|C4-P4|P4-O2|FP2-F8|F8-T8|P8-O2,True,0.5,45.0,False,False,False,False,1,1,True,True,1,1,True,True,data\interim\chbmit\preprocessing_v1\chb14\chb14_06_preproc-v1_raw.fif,62728838,445e3d641f27c9aebfea562666e8ca33f6aa435a7c4bb1e7bb184327675e97dd,preprocessing_v1,harmonization_v1,primary_17,1.12.1,3e33b1dcc42f16cd9604ba3aedc514ffa9e8bb93,2026-07-31T13:41:19.402535+00:00,success
chb14,chb14_07,E:/My_Github/epilepsy-eeg-hybrid-ai/data/raw/chbmit/chb14/chb14_07.edf,256.0,256.0,921600,921600,3600.0,3600.0,28,17,FP1-F7|F7-T7|T7-P7|P7-O1|FP1-F3|F3-C3|C3-P3|P3-O1|FZ-CZ|CZ-PZ|FP2-F4|F4-C4|C4-P4|P4-O2|FP2-F8|F8-T8|P8-O2,True,0.5,45.0,False,False,False,False,0,0,True,True,0,0,True,True,data\interim\chbmit\preprocessing_v1\chb14\chb14_07_preproc-v1_raw.fif,62728717,5813a1d623fd1d97ee41dfbe24f7f20e7bd2d29c64a8161586bc98a4a9d33d4c,preprocessing_v1,harmonization_v1,primary_17,1.12.1,3e33b1dcc42f16cd9604ba3aedc514ffa9e8bb93,2026-07-31T13:41:19.402535+00:00,success
chb14,chb14_11,E:/My_Github/epilepsy-eeg-hybrid-ai/data/raw/chbmit/chb14/chb14_11.edf,256.0,256.0,921600,921600,3600.0,3600.0,28,17,FP1-F7|F7-T7|T7-P7|P7-O1|FP1-F3|F3-C3|C3-P3|P3-O1|FZ-CZ|CZ-PZ|FP2-F4|F4-C4|C4-P4|P4-O2|FP2-F8|F8-T8|P8-O2,True,0.5,45.0,False,False,False,False,1,1,True,True,1,1,True,True,data\interim\chbmit\preprocessing_v1\chb14\chb14_11_preproc-v1_raw.fif,62728838,23a93d66c3d629b7e31d11447ae66c1654fbfc40722b871f1a02aeec2e1b279a,preprocessing_v1,harmonization_v1,primary_17,1.12.1,3e33b1dcc42f16cd9604ba3aedc514ffa9e8bb93,2026-07-31T13:41:19.402535+00:00,success
chb14,chb14_12,E:/My_Github/epilepsy-eeg-hybrid-ai/data/raw/chbmit/chb14/chb14_12.edf,256.0,256.0,921600,921600,3600.0,3600.0,28,17,FP1-F7|F7-T7|T7-P7|P7-O1|FP1-F3|F3-C3|C3-P3|P3-O1|FZ-CZ|CZ-PZ|FP2-F4|F4-C4|C4-P4|P4-O2|FP2-F8|F8-T8|P8-O2,True,0.5,45.0,False,False,False,False,0,0,True,True,0,0,True,True,data\interim\chbmit\preprocessing_v1\chb14\chb14_12_preproc-v1_raw.fif,62728717,833d10dcbc4e8a208e4fa81ad8aa3cad644914b2785e922368eaabcf0702e947,preprocessing_v1,harmonization_v1,primary_17,1.12.1,3e33b1dcc42f16cd9604ba3aedc514ffa9e8bb93,2026-07-31T13:41:19.402535+00:00,success
chb14,chb14_13,E:/My_Github/epilepsy-eeg-hybrid-ai/data/raw/chbmit/chb14/chb14_13.edf,256.0,256.0,921600,921600,3600.0,3600.0,28,17,FP1-F7|F7-T7|T7-P7|P7-O1|FP1-F3|F3-C3|C3-P3|P3-O1|FZ-CZ|CZ-PZ|FP2-F4|F4-C4|C4-P4|P4-O2|FP2-F8|F8-T8|P8-O2,True,0.5,45.0,False,False,False,False,0,0,True,True,0,0,True,True,data\interim\chbmit\preprocessing_v1\chb14\chb14_13_preproc-v1_raw.fif,62728717,5acb0a521922e33a4d5a2b92859740564b8ac4ac9f2d1948b4ddefd4f37aa4fa,preprocessing_v1,harmonization_v1,primary_17,1.12.1,3e33b1dcc42f16cd9604ba3aedc514ffa9e8bb93,2026-07-31T13:41:19.402535+00:00,success
chb14,chb14_14,E:/My_Github/epilepsy-eeg-hybrid-ai/data/raw/chbmit/chb14/chb14_14.edf,256.0,256.0,921600,921600,3600.0,3600.0,28,17,FP1-F7|F7-T7|T7-P7|P7-O1|FP1-F3|F3-C3|C3-P3|P3-O1|FZ-CZ|CZ-PZ|FP2-F4|F4-C4|C4-P4|P4-O2|FP2-F8|F8-T8|P8-O2,True,0.5,45.0,False,False,False,False,0,0,True,True,0,0,True,True,data\interim\chbmit\preprocessing_v1\chb14\chb14_14_preproc-v1_raw.fif,62728717,338a220c12fe76c4817ca71b421cf11c18e8fa73381aa22c9ca7e547d9e963d7,preprocessing_v1,harmonization_v1,primary_17,1.12.1,3e33b1dcc42f16cd9604ba3aedc514ffa9e8bb93,2026-07-31T13:41:19.402535+00:00,success
chb14,chb14_16,E:/My_Github/epilepsy-eeg-hybrid-ai/data/raw/chbmit/chb14/chb14_16.edf,256.0,256.0,921600,921600,3600.0,3600.0,28,17,FP1-F7|F7-T7|T7-P7|P7-O1|FP1-F3|F3-C3|C3-P3|P3-O1|FZ-CZ|CZ-PZ|FP2-F4|F4-C4|C4-P4|P4-O2|FP2-F8|F8-T8|P8-O2,True,0.5,45.0,False,False,False,False,0,0,True,True,0,0,True,True,data\interim\chbmit\preprocessing_v1\chb14\chb14_16_preproc-v1_raw.fif,62728717,c3036f12c1c79f009b03a8ecc743d499257faf6fa30f80ba816b82404a60c857,preprocessing_v1,harmonization_v1,primary_17,1.12.1,3e33b1dcc42f16cd9604ba3aedc514ffa9e8bb93,2026-07-31T13:41:19.402535+00:00,success
chb14,chb14_17,E:/My_Github/epilepsy-eeg-hybrid-ai/data/raw/chbmit/chb14/chb14_17.edf,256.0,256.0,921600,921600,3600.0,3600.0,28,17,FP1-F7|F7-T7|T7-P7|P7-O1|FP1-F3|F3-C3|C3-P3|P3-O1|FZ-CZ|CZ-PZ|FP2-F4|F4-C4|C4-P4|P4-O2|FP2-F8|F8-T8|P8-O2,True,0.5,45.0,False,False,False,False,1,1,True,True,1,1,True,True,data\interim\chbmit\preprocessing_v1\chb14\chb14_17_preproc-v1_raw.fif,62728838,2b41be59a7bd94f4274ae6929c533961a03f684f8c4c6428028d997c08db8878,preprocessing_v1,harmonization_v1,primary_17,1.12.1,3e33b1dcc42f16cd9604ba3aedc514ffa9e8bb93,2026-07-31T13:41:19.402535+00:00,success
chb14,chb14_18,E:/My_Github/epilepsy-eeg-hybrid-ai/data/raw/chbmit/chb14/chb14_18.edf,256.0,256.0,921600,921600,3600.0,3600.0,28,17,FP1-F7|F7-T7|T7-P7|P7-O1|FP1-F3|F3-C3|C3-P3|P3-O1|FZ-CZ|CZ-PZ|FP2-F4|F4-C4|C4-P4|P4-O2|FP2-F8|F8-T8|P8-O2,True,0.5,45.0,False,False,False,False,1,1,True,True,1,1,True,True,data\interim\chbmit\preprocessing_v1\chb14\chb14_18_preproc-v1_raw.fif,62728838,9777d0b694fa82e9c8412f706a5ba2735a655cf50a18a83cdb3f2fcdfbe2432e,preprocessing_v1,harmonization_v1,primary_17,1.12.1,3e33b1dcc42f16cd9604ba3aedc514ffa9e8bb93,2026-07-31T13:41:19.402535+00:00,success
chb14,chb14_19,E:/My_Github/epilepsy-eeg-hybrid-ai/data/raw/chbmit/chb14/chb14_19.edf,256.0,256.0,921600,921600,3600.0,3600.0,28,17,FP1-F7|F7-T7|T7-P7|P7-O1|FP1-F3|F3-C3|C3-P3|P3-O1|FZ-CZ|CZ-PZ|FP2-F4|F4-C4|C4-P4|P4-O2|FP2-F8|F8-T8|P8-O2,True,0.5,45.0,False,False,False,False,0,0,True,True,0,0,True,True,data\interim\chbmit\preprocessing_v1\chb14\chb14_19_preproc-v1_raw.fif,62728717,2aad70532050aecca6460272edb7d6730b3d70de47b1fe54ff5932b16b903aa4,preprocessing_v1,harmonization_v1,primary_17,1.12.1,3e33b1dcc42f16cd9604ba3aedc514ffa9e8bb93,2026-07-31T13:41:19.402535+00:00,success
chb14,chb14_20,E:/My_Github/epilepsy-eeg-hybrid-ai/data/raw/chbmit/chb14/chb14_20.edf,256.0,256.0,921600,921600,3600.0,3600.0,28,17,FP1-F7|F7-T7|T7-P7|P7-O1|FP1-F3|F3-C3|C3-P3|P3-O1|FZ-CZ|CZ-PZ|FP2-F4|F4-C4|C4-P4|P4-O2|FP2-F8|F8-T8|P8-O2,True,0.5,45.0,False,False,False,False,0,0,True,True,0,0,True,True,data\interim\chbmit\preprocessing_v1\chb14\chb14_20_preproc-v1_raw.fif,62728717,6579d60b1d2a8b459e3c58ca95c5b19f03d426b6bab980eb85d35d5a7c3384cb,preprocessing_v1,harmonization_v1,primary_17,1.12.1,3e33b1dcc42f16cd9604ba3aedc514ffa9e8bb93,2026-07-31T13:41:19.402535+00:00,success
chb14,chb14_22,E:/My_Github/epilepsy-eeg-hybrid-ai/data/raw/chbmit/chb14/chb14_22.edf,256.0,256.0,921600,921600,3600.0,3600.0,28,17,FP1-F7|F7-T7|T7-P7|P7-O1|FP1-F3|F3-C3|C3-P3|P3-O1|FZ-CZ|CZ-PZ|FP2-F4|F4-C4|C4-P4|P4-O2|FP2-F8|F8-T8|P8-O2,True,0.5,45.0,False,False,False,False,0,0,True,True,0,0,True,True,data\interim\chbmit\preprocessing_v1\chb14\chb14_22_preproc-v1_raw.fif,62728717,664a8496bfe2edcef1feb9cebaca6208cd9092ff1d35844866d96abd48ff411d,preprocessing_v1,harmonization_v1,primary_17,1.12.1,3e33b1dcc42f16cd9604ba3aedc514ffa9e8bb93,2026-07-31T13:41:19.402535+00:00,success
chb14,chb14_24,E:/My_Github/epilepsy-eeg-hybrid-ai/data/raw/chbmit/chb14/chb14_24.edf,256.0,256.0,921600,921600,3600.0,3600.0,28,17,FP1-F7|F7-T7|T7-P7|P7-O1|FP1-F3|F3-C3|C3-P3|P3-O1|FZ-CZ|CZ-PZ|FP2-F4|F4-C4|C4-P4|P4-O2|FP2-F8|F8-T8|P8-O2,True,0.5,45.0,False,False,False,False,0,0,True,True,0,0,True,True,data\interim\chbmit\preprocessing_v1\chb14\chb14_24_preproc-v1_raw.fif,62728717,96065bbec02d11e626c8dca10f513c744ad25b7cb51a127ab04ca5c697125225,preprocessing_v1,harmonization_v1,primary_17,1.12.1,3e33b1dcc42f16cd9604ba3aedc514ffa9e8bb93,2026-07-31T13:41:19.402535+00:00,success
chb14,chb14_25,E:/My_Github/epilepsy-eeg-hybrid-ai/data/raw/chbmit/chb14/chb14_25.edf,256.0,256.0,921600,921600,3600.0,3600.0,28,17,FP1-F7|F7-T7|T7-P7|P7-O1|FP1-F3|F3-C3|C3-P3|P3-O1|FZ-CZ|CZ-PZ|FP2-F4|F4-C4|C4-P4|P4-O2|FP2-F8|F8-T8|P8-O2,True,0.5,45.0,False,False,False,False,0,0,True,True,0,0,True,True,data\interim\chbmit\preprocessing_v1\chb14\chb14_25_preproc-v1_raw.fif,62728717,71c87756c9ecaed5be781a64f016f9c9d43d8a1ac48023733bb6e9319a1fdca8,preprocessing_v1,harmonization_v1,primary_17,1.12.1,3e33b1dcc42f16cd9604ba3aedc514ffa9e8bb93,2026-07-31T13:41:19.402535+00:00,success
chb14,chb14_26,E:/My_Github/epilepsy-eeg-hybrid-ai/data/raw/chbmit/chb14/chb14_26.edf,256.0,256.0,921600,921600,3600.0,3600.0,28,17,FP1-F7|F7-T7|T7-P7|P7-O1|FP1-F3|F3-C3|C3-P3|P3-O1|FZ-CZ|CZ-PZ|FP2-F4|F4-C4|C4-P4|P4-O2|FP2-F8|F8-T8|P8-O2,True,0.5,45.0,False,False,False,False,0,0,True,True,0,0,True,True,data\interim\chbmit\preprocessing_v1\chb14\chb14_26_preproc-v1_raw.fif,62728717,f8fa63749251c80d4317cce6b655a19f6cb21e78ead4f0661033e297920130e9,preprocessing_v1,harmonization_v1,primary_17,1.12.1,3e33b1dcc42f16cd9604ba3aedc514ffa9e8bb93,2026-07-31T13:41:19.402535+00:00,success
chb14,chb14_27,E:/My_Github/epilepsy-eeg-hybrid-ai/data/raw/chbmit/chb14/chb14_27.edf,256.0,256.0,921600,921600,3600.0,3600.0,28,17,FP1-F7|F7-T7|T7-P7|P7-O1|FP1-F3|F3-C3|C3-P3|P3-O1|FZ-CZ|CZ-PZ|FP2-F4|F4-C4|C4-P4|P4-O2|FP2-F8|F8-T8|P8-O2,True,0.5,45.0,False,False,False,False,1,1,True,True,1,1,True,True,data\interim\chbmit\preprocessing_v1\chb14\chb14_27_preproc-v1_raw.fif,62728838,5e38a3ce7a56db0bc2bc556bb86942c968e1e2fbc640418ad87f922ab286572f,preprocessing_v1,harmonization_v1,primary_17,1.12.1,3e33b1dcc42f16cd9604ba3aedc514ffa9e8bb93,2026-07-31T13:41:19.402535+00:00,success
chb14,chb14_29,E:/My_Github/epilepsy-eeg-hybrid-ai/data/raw/chbmit/chb14/chb14_29.edf,256.0,256.0,921600,921600,3600.0,3600.0,28,17,FP1-F7|F7-T7|T7-P7|P7-O1|FP1-F3|F3-C3|C3-P3|P3-O1|FZ-CZ|CZ-PZ|FP2-F4|F4-C4|C4-P4|P4-O2|FP2-F8|F8-T8|P8-O2,True,0.5,45.0,False,False,False,False,0,0,True,True,0,0,True,True,data\interim\chbmit\preprocessing_v1\chb14\chb14_29_preproc-v1_raw.fif,62728717,c95c099237848924c854a71c3b2a4221a7948d85b3debc81322971af51c38dca,preprocessing_v1,harmonization_v1,primary_17,1.12.1,3e33b1dcc42f16cd9604ba3aedc514ffa9e8bb93,2026-07-31T13:41:19.402535+00:00,success
chb14,chb14_30,E:/My_Github/epilepsy-eeg-hybrid-ai/data/raw/chbmit/chb14/chb14_30.edf,256.0,256.0,921600,921600,3600.0,3600.0,28,17,FP1-F7|F7-T7|T7-P7|P7-O1|FP1-F3|F3-C3|C3-P3|P3-O1|FZ-CZ|CZ-PZ|FP2-F4|F4-C4|C4-P4|P4-O2|FP2-F8|F8-T8|P8-O2,True,0.5,45.0,False,False,False,False,0,0,True,True,0,0,True,True,data\interim\chbmit\preprocessing_v1\chb14\chb14_30_preproc-v1_raw.fif,62728717,64f9942f0c86559211f700a82fa3dfe0aafd2ad882ae51923f93675902229a30,preprocessing_v1,harmonization_v1,primary_17,1.12.1,3e33b1dcc42f16cd9604ba3aedc514ffa9e8bb93,2026-07-31T13:41:19.402535+00:00,success
chb14,chb14_32,E:/My_Github/epilepsy-eeg-hybrid-ai/data/raw/chbmit/chb14/chb14_32.edf,256.0,256.0,921600,921600,3600.0,3600.0,28,17,FP1-F7|F7-T7|T7-P7|P7-O1|FP1-F3|F3-C3|C3-P3|P3-O1|FZ-CZ|CZ-PZ|FP2-F4|F4-C4|C4-P4|P4-O2|FP2-F8|F8-T8|P8-O2,True,0.5,45.0,False,False,False,False,0,0,True,True,0,0,True,True,data\interim\chbmit\preprocessing_v1\chb14\chb14_32_preproc-v1_raw.fif,62728717,8c83e7f4d9886a6dcbc42d6b47fdc9f19c4d90d60bef8e1eae50b6c1709dd6b0,preprocessing_v1,harmonization_v1,primary_17,1.12.1,3e33b1dcc42f16cd9604ba3aedc514ffa9e8bb93,2026-07-31T13:41:19.402535+00:00,success
chb14,chb14_37,E:/My_Github/epilepsy-eeg-hybrid-ai/data/raw/chbmit/chb14/chb14_37.edf,256.0,256.0,921600,921600,3600.0,3600.0,28,17,FP1-F7|F7-T7|T7-P7|P7-O1|FP1-F3|F3-C3|C3-P3|P3-O1|FZ-CZ|CZ-PZ|FP2-F4|F4-C4|C4-P4|P4-O2|FP2-F8|F8-T8|P8-O2,True,0.5,45.0,False,False,False,False,0,0,True,True,0,0,True,True,data\interim\chbmit\preprocessing_v1\chb14\chb14_37_preproc-v1_raw.fif,62728717,2cfb0a0039b578643caf66e5c0437ed9070e4773ec095914c7775ccc60d5546e,preprocessing_v1,harmonization_v1,primary_17,1.12.1,3e33b1dcc42f16cd9604ba3aedc514ffa9e8bb93,2026-07-31T13:41:19.402535+00:00,success
chb14,chb14_39,E:/My_Github/epilepsy-eeg-hybrid-ai/data/raw/chbmit/chb14/chb14_39.edf,256.0,256.0,921600,921600,3600.0,3600.0,28,17,FP1-F7|F7-T7|T7-P7|P7-O1|FP1-F3|F3-C3|C3-P3|P3-O1|FZ-CZ|CZ-PZ|FP2-F4|F4-C4|C4-P4|P4-O2|FP2-F8|F8-T8|P8-O2,True,0.5,45.0,False,False,False,False,0,0,True,True,0,0,True,True,data\interim\chbmit\preprocessing_v1\chb14\chb14_39_preproc-v1_raw.fif,62728717,1a158616489c63e95f50d3a3f73e07720d13b0f5bc5b3f12e62766e86c3d6c34,preprocessing_v1,harmonization_v1,primary_17,1.12.1,3e33b1dcc42f16cd9604ba3aedc514ffa9e8bb93,2026-07-31T13:41:19.402535+00:00,success
chb14,chb14_42,E:/My_Github/epilepsy-eeg-hybrid-ai/data/raw/chbmit/chb14/chb14_42.edf,256.0,256.0,921600,921600,3600.0,3600.0,28,17,FP1-F7|F7-T7|T7-P7|P7-O1|FP1-F3|F3-C3|C3-P3|P3-O1|FZ-CZ|CZ-PZ|FP2-F4|F4-C4|C4-P4|P4-O2|FP2-F8|F8-T8|P8-O2,True,0.5,45.0,False,False,False,False,0,0,True,True,0,0,True,True,data\interim\chbmit\preprocessing_v1\chb14\chb14_42_preproc-v1_raw.fif,62728717,ff4e241c54b83ab4b1ad54e30d0ffe286191340a898daaee4a20e0d7ffffd428,preprocessing_v1,harmonization_v1,primary_17,1.12.1,3e33b1dcc42f16cd9604ba3aedc514ffa9e8bb93,2026-07-31T13:41:19.402535+00:00,success
chb15,chb15_01,E:/My_Github/epilepsy-eeg-hybrid-ai/data/raw/chbmit/chb15/chb15_01.edf,256.0,256.0,922112,922112,3602.0,3602.0,31,17,FP1-F7|F7-T7|T7-P7|P7-O1|FP1-F3|F3-C3|C3-P3|P3-O1|FZ-CZ|CZ-PZ|FP2-F4|F4-C4|C4-P4|P4-O2|FP2-F8|F8-T8|P8-O2,True,0.5,45.0,False,False,False,False,0,0,True,True,0,0,True,True,data\interim\chbmit\preprocessing_v1\chb15\chb15_01_preproc-v1_raw.fif,62763565,e0f78cf539d7dead99d02ac59c7497fb9477a03e0bd0b331a2a8efbf14cba00a,preprocessing_v1,harmonization_v1,primary_17,1.12.1,3e33b1dcc42f16cd9604ba3aedc514ffa9e8bb93,2026-07-31T13:41:19.402535+00:00,success
chb15,chb15_02,E:/My_Github/epilepsy-eeg-hybrid-ai/data/raw/chbmit/chb15/chb15_02.edf,256.0,256.0,921600,921600,3600.0,3600.0,38,17,FP1-F7|F7-T7|T7-P7|P7-O1|FP1-F3|F3-C3|C3-P3|P3-O1|FZ-CZ|CZ-PZ|FP2-F4|F4-C4|C4-P4|P4-O2|FP2-F8|F8-T8|P8-O2,True,0.5,45.0,False,False,False,False,0,0,True,True,0,0,True,True,data\interim\chbmit\preprocessing_v1\chb15\chb15_02_preproc-v1_raw.fif,62728717,e018b9a945ce0f1c73d28cbb08aecf82f61eae33d771ec522363aa7086f712b8,preprocessing_v1,harmonization_v1,primary_17,1.12.1,3e33b1dcc42f16cd9604ba3aedc514ffa9e8bb93,2026-07-31T13:41:19.402535+00:00,success
chb15,chb15_03,E:/My_Github/epilepsy-eeg-hybrid-ai/data/raw/chbmit/chb15/chb15_03.edf,256.0,256.0,921600,921600,3600.0,3600.0,38,17,FP1-F7|F7-T7|T7-P7|P7-O1|FP1-F3|F3-C3|C3-P3|P3-O1|FZ-CZ|CZ-PZ|FP2-F4|F4-C4|C4-P4|P4-O2|FP2-F8|F8-T8|P8-O2,True,0.5,45.0,False,False,False,False,0,0,True,True,0,0,True,True,data\interim\chbmit\preprocessing_v1\chb15\chb15_03_preproc-v1_raw.fif,62728717,7aa7566920e7950f479ced5280d60da1c4ba34f39fa86d9bd5806562aef1a367,preprocessing_v1,harmonization_v1,primary_17,1.12.1,3e33b1dcc42f16cd9604ba3aedc514ffa9e8bb93,2026-07-31T13:41:19.402535+00:00,success
chb15,chb15_04,E:/My_Github/epilepsy-eeg-hybrid-ai/data/raw/chbmit/chb15/chb15_04.edf,256.0,256.0,921600,921600,3600.0,3600.0,38,17,FP1-F7|F7-T7|T7-P7|P7-O1|FP1-F3|F3-C3|C3-P3|P3-O1|FZ-CZ|CZ-PZ|FP2-F4|F4-C4|C4-P4|P4-O2|FP2-F8|F8-T8|P8-O2,True,0.5,45.0,False,False,False,False,0,0,True,True,0,0,True,True,data\interim\chbmit\preprocessing_v1\chb15\chb15_04_preproc-v1_raw.fif,62728717,6a64fb4319a85b64c7bbc5a07d6cc9265a003eae297ffc4d18077a6334f214c3,preprocessing_v1,harmonization_v1,primary_17,1.12.1,3e33b1dcc42f16cd9604ba3aedc514ffa9e8bb93,2026-07-31T13:41:19.402535+00:00,success
chb15,chb15_05,E:/My_Github/epilepsy-eeg-hybrid-ai/data/raw/chbmit/chb15/chb15_05.edf,256.0,256.0,921600,921600,3600.0,3600.0,38,17,FP1-F7|F7-T7|T7-P7|P7-O1|FP1-F3|F3-C3|C3-P3|P3-O1|FZ-CZ|CZ-PZ|FP2-F4|F4-C4|C4-P4|P4-O2|FP2-F8|F8-T8|P8-O2,True,0.5,45.0,False,False,False,False,0,0,True,True,0,0,True,True,data\interim\chbmit\preprocessing_v1\chb15\chb15_05_preproc-v1_raw.fif,62728717,2498fedeb8f223423dca8359d64c71d73184000c9b0129db9f521a0ba8483086,preprocessing_v1,harmonization_v1,primary_17,1.12.1,3e33b1dcc42f16cd9604ba3aedc514ffa9e8bb93,2026-07-31T13:41:19.402535+00:00,success
chb15,chb15_06,E:/My_Github/epilepsy-eeg-hybrid-ai/data/raw/chbmit/chb15/chb15_06.edf,256.0,256.0,921600,921600,3600.0,3600.0,38,17,FP1-F7|F7-T7|T7-P7|P7-O1|FP1-F3|F3-C3|C3-P3|P3-O1|FZ-CZ|CZ-PZ|FP2-F4|F4-C4|C4-P4|P4-O2|FP2-F8|F8-T8|P8-O2,True,0.5,45.0,False,False,False,False,1,1,True,True,1,1,True,True,data\interim\chbmit\preprocessing_v1\chb15\chb15_06_preproc-v1_raw.fif,62728838,290c04a1f78174dffd51717ecdd195f5cb0752c2d863b77498f74bca05bb7048,preprocessing_v1,harmonization_v1,primary_17,1.12.1,3e33b1dcc42f16cd9604ba3aedc514ffa9e8bb93,2026-07-31T13:41:19.402535+00:00,success
chb15,chb15_07,E:/My_Github/epilepsy-eeg-hybrid-ai/data/raw/chbmit/chb15/chb15_07.edf,256.0,256.0,921600,921600,3600.0,3600.0,38,17,FP1-F7|F7-T7|T7-P7|P7-O1|FP1-F3|F3-C3|C3-P3|P3-O1|FZ-CZ|CZ-PZ|FP2-F4|F4-C4|C4-P4|P4-O2|FP2-F8|F8-T8|P8-O2,True,0.5,45.0,False,False,False,False,0,0,True,True,0,0,True,True,data\interim\chbmit\preprocessing_v1\chb15\chb15_07_preproc-v1_raw.fif,62728717,3cf52f2efc8eb7c5ad30ba2cd5021b984fdfbdb5ee801144d747670588ecf20c,preprocessing_v1,harmonization_v1,primary_17,1.12.1,3e33b1dcc42f16cd9604ba3aedc514ffa9e8bb93,2026-07-31T13:41:19.402535+00:00,success
chb15,chb15_08,E:/My_Github/epilepsy-eeg-hybrid-ai/data/raw/chbmit/chb15/chb15_08.edf,256.0,256.0,921600,921600,3600.0,3600.0,38,17,FP1-F7|F7-T7|T7-P7|P7-O1|FP1-F3|F3-C3|C3-P3|P3-O1|FZ-CZ|CZ-PZ|FP2-F4|F4-C4|C4-P4|P4-O2|FP2-F8|F8-T8|P8-O2,True,0.5,45.0,False,False,False,False,0,0,True,True,0,0,True,True,data\interim\chbmit\preprocessing_v1\chb15\chb15_08_preproc-v1_raw.fif,62728717,4e6f5fb5a48c54d484b1d7c16c4c2a6e01c949b82d1bb1a935a43438ae866836,preprocessing_v1,harmonization_v1,primary_17,1.12.1,3e33b1dcc42f16cd9604ba3aedc514ffa9e8bb93,2026-07-31T13:41:19.402535+00:00,success
chb15,chb15_09,E:/My_Github/epilepsy-eeg-hybrid-ai/data/raw/chbmit/chb15/chb15_09.edf,256.0,256.0,921600,921600,3600.0,3600.0,38,17,FP1-F7|F7-T7|T7-P7|P7-O1|FP1-F3|F3-C3|C3-P3|P3-O1|FZ-CZ|CZ-PZ|FP2-F4|F4-C4|C4-P4|P4-O2|FP2-F8|F8-T8|P8-O2,True,0.5,45.0,False,False,False,False,0,0,True,True,0,0,True,True,data\interim\chbmit\preprocessing_v1\chb15\chb15_09_preproc-v1_raw.fif,62728717,ffbae8099474875ae6bd3cb0896f33068218cda0d37a0922e3c44cd24754d17b,preprocessing_v1,harmonization_v1,primary_17,1.12.1,3e33b1dcc42f16cd9604ba3aedc514ffa9e8bb93,2026-07-31T13:41:19.402535+00:00,success
chb15,chb15_10,E:/My_Github/epilepsy-eeg-hybrid-ai/data/raw/chbmit/chb15/chb15_10.edf,256.0,256.0,921600,921600,3600.0,3600.0,38,17,FP1-F7|F7-T7|T7-P7|P7-O1|FP1-F3|F3-C3|C3-P3|P3-O1|FZ-CZ|CZ-PZ|FP2-F4|F4-C4|C4-P4|P4-O2|FP2-F8|F8-T8|P8-O2,True,0.5,45.0,False,False,False,False,1,1,True,True,1,1,True,True,data\interim\chbmit\preprocessing_v1\chb15\chb15_10_preproc-v1_raw.fif,62728838,12d5dbf20524c615cf01707edf34a5f2c500dde43028086a6904d9f81abc678d,preprocessing_v1,harmonization_v1,primary_17,1.12.1,3e33b1dcc42f16cd9604ba3aedc514ffa9e8bb93,2026-07-31T13:41:19.402535+00:00,success
chb15,chb15_11,E:/My_Github/epilepsy-eeg-hybrid-ai/data/raw/chbmit/chb15/chb15_11.edf,256.0,256.0,921600,921600,3600.0,3600.0,38,17,FP1-F7|F7-T7|T7-P7|P7-O1|FP1-F3|F3-C3|C3-P3|P3-O1|FZ-CZ|CZ-PZ|FP2-F4|F4-C4|C4-P4|P4-O2|FP2-F8|F8-T8|P8-O2,True,0.5,45.0,False,False,False,False,0,0,True,True,0,0,True,True,data\interim\chbmit\preprocessing_v1\chb15\chb15_11_preproc-v1_raw.fif,62728717,52c70770ea2ebe6c9ce9c5518eabf5ca48f310c1649c8439c60c44a1b18e4583,preprocessing_v1,harmonization_v1,primary_17,1.12.1,3e33b1dcc42f16cd9604ba3aedc514ffa9e8bb93,2026-07-31T13:41:19.402535+00:00,success
chb15,chb15_12,E:/My_Github/epilepsy-eeg-hybrid-ai/data/raw/chbmit/chb15/chb15_12.edf,256.0,256.0,921600,921600,3600.0,3600.0,38,17,FP1-F7|F7-T7|T7-P7|P7-O1|FP1-F3|F3-C3|C3-P3|P3-O1|FZ-CZ|CZ-PZ|FP2-F4|F4-C4|C4-P4|P4-O2|FP2-F8|F8-T8|P8-O2,True,0.5,45.0,False,False,False,False,0,0,True,True,0,0,True,True,data\interim\chbmit\preprocessing_v1\chb15\chb15_12_preproc-v1_raw.fif,62728717,dc02110e96939ed8e6fb7d0744d4597f0399bacc37e1dd7f361456c2ac81adfd,preprocessing_v1,harmonization_v1,primary_17,1.12.1,3e33b1dcc42f16cd9604ba3aedc514ffa9e8bb93,2026-07-31T13:41:19.402535+00:00,success
chb15,chb15_13,E:/My_Github/epilepsy-eeg-hybrid-ai/data/raw/chbmit/chb15/chb15_13.edf,256.0,256.0,921600,921600,3600.0,3600.0,38,17,FP1-F7|F7-T7|T7-P7|P7-O1|FP1-F3|F3-C3|C3-P3|P3-O1|FZ-CZ|CZ-PZ|FP2-F4|F4-C4|C4-P4|P4-O2|FP2-F8|F8-T8|P8-O2,True,0.5,45.0,False,False,False,False,0,0,True,True,0,0,True,True,data\interim\chbmit\preprocessing_v1\chb15\chb15_13_preproc-v1_raw.fif,62728717,4f4e5dce3c7f1b888a43c1fb61727acbe569c03126538e078f7b822d18a027e9,preprocessing_v1,harmonization_v1,primary_17,1.12.1,3e33b1dcc42f16cd9604ba3aedc514ffa9e8bb93,2026-07-31T13:41:19.402535+00:00,success
chb15,chb15_14,E:/My_Github/epilepsy-eeg-hybrid-ai/data/raw/chbmit/chb15/chb15_14.edf,256.0,256.0,921600,921600,3600.0,3600.0,38,17,FP1-F7|F7-T7|T7-P7|P7-O1|FP1-F3|F3-C3|C3-P3|P3-O1|FZ-CZ|CZ-PZ|FP2-F4|F4-C4|C4-P4|P4-O2|FP2-F8|F8-T8|P8-O2,True,0.5,45.0,False,False,False,False,0,0,True,True,0,0,True,True,data\interim\chbmit\preprocessing_v1\chb15\chb15_14_preproc-v1_raw.fif,62728717,3b2dac7b586a8ababfd67f9b673ab072230606e423ab083cd3099c4bbe0c2599,preprocessing_v1,harmonization_v1,primary_17,1.12.1,3e33b1dcc42f16cd9604ba3aedc514ffa9e8bb93,2026-07-31T13:41:19.402535+00:00,success
chb15,chb15_15,E:/My_Github/epilepsy-eeg-hybrid-ai/data/raw/chbmit/chb15/chb15_15.edf,256.0,256.0,921600,921600,3600.0,3600.0,38,17,FP1-F7|F7-T7|T7-P7|P7-O1|FP1-F3|F3-C3|C3-P3|P3-O1|FZ-CZ|CZ-PZ|FP2-F4|F4-C4|C4-P4|P4-O2|FP2-F8|F8-T8|P8-O2,True,0.5,45.0,False,False,False,False,1,1,True,True,1,1,True,True,data\interim\chbmit\preprocessing_v1\chb15\chb15_15_preproc-v1_raw.fif,62728838,db88ce3496693005f3e20ac084c6b2eb7c8f40051cdafe83ad5a149efc07c72e,preprocessing_v1,harmonization_v1,primary_17,1.12.1,3e33b1dcc42f16cd9604ba3aedc514ffa9e8bb93,2026-07-31T13:41:19.402535+00:00,success
chb15,chb15_16,E:/My_Github/epilepsy-eeg-hybrid-ai/data/raw/chbmit/chb15/chb15_16.edf,256.0,256.0,921600,921600,3600.0,3600.0,38,17,FP1-F7|F7-T7|T7-P7|P7-O1|FP1-F3|F3-C3|C3-P3|P3-O1|FZ-CZ|CZ-PZ|FP2-F4|F4-C4|C4-P4|P4-O2|FP2-F8|F8-T8|P8-O2,True,0.5,45.0,False,False,False,False,0,0,True,True,0,0,True,True,data\interim\chbmit\preprocessing_v1\chb15\chb15_16_preproc-v1_raw.fif,62728717,a621dc3e34625d5f1f0ec30beae9a24e457c014234661b28e3686cbdd7ebfa64,preprocessing_v1,harmonization_v1,primary_17,1.12.1,3e33b1dcc42f16cd9604ba3aedc514ffa9e8bb93,2026-07-31T13:41:19.402535+00:00,success
chb15,chb15_17,E:/My_Github/epilepsy-eeg-hybrid-ai/data/raw/chbmit/chb15/chb15_17.edf,256.0,256.0,921600,921600,3600.0,3600.0,38,17,FP1-F7|F7-T7|T7-P7|P7-O1|FP1-F3|F3-C3|C3-P3|P3-O1|FZ-CZ|CZ-PZ|FP2-F4|F4-C4|C4-P4|P4-O2|FP2-F8|F8-T8|P8-O2,True,0.5,45.0,False,False,False,False,1,1,True,True,1,1,True,True,data\interim\chbmit\preprocessing_v1\chb15\chb15_17_preproc-v1_raw.fif,62728838,13d89a289d5567b2bdd0da3305f230e53d4fa87c5e968d479c54115820216750,preprocessing_v1,harmonization_v1,primary_17,1.12.1,3e33b1dcc42f16cd9604ba3aedc514ffa9e8bb93,2026-07-31T13:41:19.402535+00:00,success
chb15,chb15_19,E:/My_Github/epilepsy-eeg-hybrid-ai/data/raw/chbmit/chb15/chb15_19.edf,256.0,256.0,921600,921600,3600.0,3600.0,38,17,FP1-F7|F7-T7|T7-P7|P7-O1|FP1-F3|F3-C3|C3-P3|P3-O1|FZ-CZ|CZ-PZ|FP2-F4|F4-C4|C4-P4|P4-O2|FP2-F8|F8-T8|P8-O2,True,0.5,45.0,False,False,False,False,0,0,True,True,0,0,True,True,data\interim\chbmit\preprocessing_v1\chb15\chb15_19_preproc-v1_raw.fif,62728717,78ce89f6d48b1902644123bf0f0bd2e3dc8c8e295210122e49c4e14d5a35556e,preprocessing_v1,harmonization_v1,primary_17,1.12.1,3e33b1dcc42f16cd9604ba3aedc514ffa9e8bb93,2026-07-31T13:41:19.402535+00:00,success
chb15,chb15_20,E:/My_Github/epilepsy-eeg-hybrid-ai/data/raw/chbmit/chb15/chb15_20.edf,256.0,256.0,921600,921600,3600.0,3600.0,38,17,FP1-F7|F7-T7|T7-P7|P7-O1|FP1-F3|F3-C3|C3-P3|P3-O1|FZ-CZ|CZ-PZ|FP2-F4|F4-C4|C4-P4|P4-O2|FP2-F8|F8-T8|P8-O2,True,0.5,45.0,False,False,False,False,1,1,True,True,1,1,True,True,data\interim\chbmit\preprocessing_v1\chb15\chb15_20_preproc-v1_raw.fif,62728838,07cb06446c1d766046e4dd079f255af921d0b20c9863b6782a843db3c3170fab,preprocessing_v1,harmonization_v1,primary_17,1.12.1,3e33b1dcc42f16cd9604ba3aedc514ffa9e8bb93,2026-07-31T13:41:19.402535+00:00,success
chb15,chb15_22,E:/My_Github/epilepsy-eeg-hybrid-ai/data/raw/chbmit/chb15/chb15_22.edf,256.0,256.0,921600,921600,3600.0,3600.0,38,17,FP1-F7|F7-T7|T7-P7|P7-O1|FP1-F3|F3-C3|C3-P3|P3-O1|FZ-CZ|CZ-PZ|FP2-F4|F4-C4|C4-P4|P4-O2|FP2-F8|F8-T8|P8-O2,True,0.5,45.0,False,False,False,False,1,1,True,True,1,1,True,True,data\interim\chbmit\preprocessing_v1\chb15\chb15_22_preproc-v1_raw.fif,62728838,57786eb02c983b12bd60442f8f63df6d916da1a0825643ed31442f00b8dd3bb8,preprocessing_v1,harmonization_v1,primary_17,1.12.1,3e33b1dcc42f16cd9604ba3aedc514ffa9e8bb93,2026-07-31T13:41:19.402535+00:00,success
chb15,chb15_26,E:/My_Github/epilepsy-eeg-hybrid-ai/data/raw/chbmit/chb15/chb15_26.edf,256.0,256.0,921600,921600,3600.0,3600.0,38,17,FP1-F7|F7-T7|T7-P7|P7-O1|FP1-F3|F3-C3|C3-P3|P3-O1|FZ-CZ|CZ-PZ|FP2-F4|F4-C4|C4-P4|P4-O2|FP2-F8|F8-T8|P8-O2,True,0.5,45.0,False,False,False,False,0,0,True,True,0,0,True,True,data\interim\chbmit\preprocessing_v1\chb15\chb15_26_preproc-v1_raw.fif,62728717,83b320fdc180f7f9a9101727f45fdb2e2c5f103889ea6a8810c04ffa20ab66a1,preprocessing_v1,harmonization_v1,primary_17,1.12.1,3e33b1dcc42f16cd9604ba3aedc514ffa9e8bb93,2026-07-31T13:41:19.402535+00:00,success
chb15,chb15_28,E:/My_Github/epilepsy-eeg-hybrid-ai/data/raw/chbmit/chb15/chb15_28.edf,256.0,256.0,921600,921600,3600.0,3600.0,38,17,FP1-F7|F7-T7|T7-P7|P7-O1|FP1-F3|F3-C3|C3-P3|P3-O1|FZ-CZ|CZ-PZ|FP2-F4|F4-C4|C4-P4|P4-O2|FP2-F8|F8-T8|P8-O2,True,0.5,45.0,False,False,False,False,1,1,True,True,1,1,True,True,data\interim\chbmit\preprocessing_v1\chb15\chb15_28_preproc-v1_raw.fif,62728838,d757df647ef127974e416228f57b24b5557e2e813214f99329fd3f1cc2694116,preprocessing_v1,harmonization_v1,primary_17,1.12.1,3e33b1dcc42f16cd9604ba3aedc514ffa9e8bb93,2026-07-31T13:41:19.402535+00:00,success
chb15,chb15_29,E:/My_Github/epilepsy-eeg-hybrid-ai/data/raw/chbmit/chb15/chb15_29.edf,256.0,256.0,921600,921600,3600.0,3600.0,38,17,FP1-F7|F7-T7|T7-P7|P7-O1|FP1-F3|F3-C3|C3-P3|P3-O1|FZ-CZ|CZ-PZ|FP2-F4|F4-C4|C4-P4|P4-O2|FP2-F8|F8-T8|P8-O2,True,0.5,45.0,False,False,False,False,0,0,True,True,0,0,True,True,data\interim\chbmit\preprocessing_v1\chb15\chb15_29_preproc-v1_raw.fif,62728717,5c580d2f4756ce75b3d13468a7df4c3abb45032e6a149c79034387d6b559f775,preprocessing_v1,harmonization_v1,primary_17,1.12.1,3e33b1dcc42f16cd9604ba3aedc514ffa9e8bb93,2026-07-31T13:41:19.402535+00:00,success
chb15,chb15_30,E:/My_Github/epilepsy-eeg-hybrid-ai/data/raw/chbmit/chb15/chb15_30.edf,256.0,256.0,921600,921600,3600.0,3600.0,38,17,FP1-F7|F7-T7|T7-P7|P7-O1|FP1-F3|F3-C3|C3-P3|P3-O1|FZ-CZ|CZ-PZ|FP2-F4|F4-C4|C4-P4|P4-O2|FP2-F8|F8-T8|P8-O2,True,0.5,45.0,False,False,False,False,0,0,True,True,0,0,True,True,data\interim\chbmit\preprocessing_v1\chb15\chb15_30_preproc-v1_raw.fif,62728717,b8a549cf387b44b3f0f62072bc570ba7b848d2b4f5bda813a0f0c0fdb472c30f,preprocessing_v1,harmonization_v1,primary_17,1.12.1,3e33b1dcc42f16cd9604ba3aedc514ffa9e8bb93,2026-07-31T13:41:19.402535+00:00,success
chb15,chb15_31,E:/My_Github/epilepsy-eeg-hybrid-ai/data/raw/chbmit/chb15/chb15_31.edf,256.0,256.0,921600,921600,3600.0,3600.0,38,17,FP1-F7|F7-T7|T7-P7|P7-O1|FP1-F3|F3-C3|C3-P3|P3-O1|FZ-CZ|CZ-PZ|FP2-F4|F4-C4|C4-P4|P4-O2|FP2-F8|F8-T8|P8-O2,True,0.5,45.0,False,False,False,False,1,1,True,True,1,1,True,True,data\interim\chbmit\preprocessing_v1\chb15\chb15_31_preproc-v1_raw.fif,62728838,e8b59e331755945b3bcb47c7afcf4dd88c8bf784002f8fbc246b3ba20a4645a7,preprocessing_v1,harmonization_v1,primary_17,1.12.1,3e33b1dcc42f16cd9604ba3aedc514ffa9e8bb93,2026-07-31T13:41:19.402535+00:00,success
chb15,chb15_32,E:/My_Github/epilepsy-eeg-hybrid-ai/data/raw/chbmit/chb15/chb15_32.edf,256.0,256.0,921600,921600,3600.0,3600.0,38,17,FP1-F7|F7-T7|T7-P7|P7-O1|FP1-F3|F3-C3|C3-P3|P3-O1|FZ-CZ|CZ-PZ|FP2-F4|F4-C4|C4-P4|P4-O2|FP2-F8|F8-T8|P8-O2,True,0.5,45.0,False,False,False,False,0,0,True,True,0,0,True,True,data\interim\chbmit\preprocessing_v1\chb15\chb15_32_preproc-v1_raw.fif,62728717,64dad330691202244eff6dadc6971092c5244a6bf529bd507559aac45d52eb51,preprocessing_v1,harmonization_v1,primary_17,1.12.1,3e33b1dcc42f16cd9604ba3aedc514ffa9e8bb93,2026-07-31T13:41:19.402535+00:00,success
chb15,chb15_33,E:/My_Github/epilepsy-eeg-hybrid-ai/data/raw/chbmit/chb15/chb15_33.edf,256.0,256.0,921600,921600,3600.0,3600.0,38,17,FP1-F7|F7-T7|T7-P7|P7-O1|FP1-F3|F3-C3|C3-P3|P3-O1|FZ-CZ|CZ-PZ|FP2-F4|F4-C4|C4-P4|P4-O2|FP2-F8|F8-T8|P8-O2,True,0.5,45.0,False,False,False,False,0,0,True,True,0,0,True,True,data\interim\chbmit\preprocessing_v1\chb15\chb15_33_preproc-v1_raw.fif,62728717,1f6fb3cc219c280c352197ae34bb8b67f180d6648ee0ab0836154242c8b3fca4,preprocessing_v1,harmonization_v1,primary_17,1.12.1,3e33b1dcc42f16cd9604ba3aedc514ffa9e8bb93,2026-07-31T13:41:19.402535+00:00,success
chb15,chb15_35,E:/My_Github/epilepsy-eeg-hybrid-ai/data/raw/chbmit/chb15/chb15_35.edf,256.0,256.0,921600,921600,3600.0,3600.0,38,17,FP1-F7|F7-T7|T7-P7|P7-O1|FP1-F3|F3-C3|C3-P3|P3-O1|FZ-CZ|CZ-PZ|FP2-F4|F4-C4|C4-P4|P4-O2|FP2-F8|F8-T8|P8-O2,True,0.5,45.0,False,False,False,False,0,0,True,True,0,0,True,True,data\interim\chbmit\preprocessing_v1\chb15\chb15_35_preproc-v1_raw.fif,62728717,5c78cbca8c25e32d9503a6b6cd2e6d13a04cb8ed1fbc28ffd28d92b93c1c5605,preprocessing_v1,harmonization_v1,primary_17,1.12.1,3e33b1dcc42f16cd9604ba3aedc514ffa9e8bb93,2026-07-31T13:41:19.402535+00:00,success
chb15,chb15_37,E:/My_Github/epilepsy-eeg-hybrid-ai/data/raw/chbmit/chb15/chb15_37.edf,256.0,256.0,921600,921600,3600.0,3600.0,38,17,FP1-F7|F7-T7|T7-P7|P7-O1|FP1-F3|F3-C3|C3-P3|P3-O1|FZ-CZ|CZ-PZ|FP2-F4|F4-C4|C4-P4|P4-O2|FP2-F8|F8-T8|P8-O2,True,0.5,45.0,False,False,False,False,0,0,True,True,0,0,True,True,data\interim\chbmit\preprocessing_v1\chb15\chb15_37_preproc-v1_raw.fif,62728717,11fec69f80b5a09475b2006eab7ea41e19302b408eb8248dc78fb8cc751f1e97,preprocessing_v1,harmonization_v1,primary_17,1.12.1,3e33b1dcc42f16cd9604ba3aedc514ffa9e8bb93,2026-07-31T13:41:19.402535+00:00,success
chb15,chb15_40,E:/My_Github/epilepsy-eeg-hybrid-ai/data/raw/chbmit/chb15/chb15_40.edf,256.0,256.0,921600,921600,3600.0,3600.0,38,17,FP1-F7|F7-T7|T7-P7|P7-O1|FP1-F3|F3-C3|C3-P3|P3-O1|FZ-CZ|CZ-PZ|FP2-F4|F4-C4|C4-P4|P4-O2|FP2-F8|F8-T8|P8-O2,True,0.5,45.0,False,False,False,False,3,3,True,True,3,3,True,True,data\interim\chbmit\preprocessing_v1\chb15\chb15_40_preproc-v1_raw.fif,62728874,7d9714fff93fff0d3c16603572211c649bacbdba795c19259c58a112549ec9ce,preprocessing_v1,harmonization_v1,primary_17,1.12.1,3e33b1dcc42f16cd9604ba3aedc514ffa9e8bb93,2026-07-31T13:41:19.402535+00:00,success
chb15,chb15_45,E:/My_Github/epilepsy-eeg-hybrid-ai/data/raw/chbmit/chb15/chb15_45.edf,256.0,256.0,921600,921600,3600.0,3600.0,38,17,FP1-F7|F7-T7|T7-P7|P7-O1|FP1-F3|F3-C3|C3-P3|P3-O1|FZ-CZ|CZ-PZ|FP2-F4|F4-C4|C4-P4|P4-O2|FP2-F8|F8-T8|P8-O2,True,0.5,45.0,False,False,False,False,0,0,True,True,0,0,True,True,data\interim\chbmit\preprocessing_v1\chb15\chb15_45_preproc-v1_raw.fif,62728717,4b9e78609e959f71b0571a850777d6ba2f1fe6fc4cd1a35fcce8e9a7206598e9,preprocessing_v1,harmonization_v1,primary_17,1.12.1,3e33b1dcc42f16cd9604ba3aedc514ffa9e8bb93,2026-07-31T13:41:19.402535+00:00,success
chb15,chb15_46,E:/My_Github/epilepsy-eeg-hybrid-ai/data/raw/chbmit/chb15/chb15_46.edf,256.0,256.0,921600,921600,3600.0,3600.0,38,17,FP1-F7|F7-T7|T7-P7|P7-O1|FP1-F3|F3-C3|C3-P3|P3-O1|FZ-CZ|CZ-PZ|FP2-F4|F4-C4|C4-P4|P4-O2|FP2-F8|F8-T8|P8-O2,True,0.5,45.0,False,False,False,False,1,1,True,True,1,1,True,True,data\interim\chbmit\preprocessing_v1\chb15\chb15_46_preproc-v1_raw.fif,62728838,114e68e851f6ea903f0ae6ee1040fa211a1469ebc470021e0143fe625a6d758b,preprocessing_v1,harmonization_v1,primary_17,1.12.1,3e33b1dcc42f16cd9604ba3aedc514ffa9e8bb93,2026-07-31T13:41:19.402535+00:00,success
chb15,chb15_49,E:/My_Github/epilepsy-eeg-hybrid-ai/data/raw/chbmit/chb15/chb15_49.edf,256.0,256.0,928000,928000,3625.0,3625.0,38,17,FP1-F7|F7-T7|T7-P7|P7-O1|FP1-F3|F3-C3|C3-P3|P3-O1|FZ-CZ|CZ-PZ|FP2-F4|F4-C4|C4-P4|P4-O2|FP2-F8|F8-T8|P8-O2,True,0.5,45.0,False,False,False,False,1,1,True,True,1,1,True,True,data\interim\chbmit\preprocessing_v1\chb15\chb15_49_preproc-v1_raw.fif,63164438,cac73bd2153acd6c4f7eb90b344be7164f4a63e874a481a5f303c1ad03d7cc33,preprocessing_v1,harmonization_v1,primary_17,1.12.1,3e33b1dcc42f16cd9604ba3aedc514ffa9e8bb93,2026-07-31T13:41:19.402535+00:00,success
chb15,chb15_50,E:/My_Github/epilepsy-eeg-hybrid-ai/data/raw/chbmit/chb15/chb15_50.edf,256.0,256.0,921600,921600,3600.0,3600.0,38,17,FP1-F7|F7-T7|T7-P7|P7-O1|FP1-F3|F3-C3|C3-P3|P3-O1|FZ-CZ|CZ-PZ|FP2-F4|F4-C4|C4-P4|P4-O2|FP2-F8|F8-T8|P8-O2,True,0.5,45.0,False,False,False,False,0,0,True,True,0,0,True,True,data\interim\chbmit\preprocessing_v1\chb15\chb15_50_preproc-v1_raw.fif,62728717,7cf15a56f22d22c297896e1aeeec324ee9c2c01249c1e11bc77c6e0630ddb5cb,preprocessing_v1,harmonization_v1,primary_17,1.12.1,3e33b1dcc42f16cd9604ba3aedc514ffa9e8bb93,2026-07-31T13:41:19.402535+00:00,success
chb15,chb15_51,E:/My_Github/epilepsy-eeg-hybrid-ai/data/raw/chbmit/chb15/chb15_51.edf,256.0,256.0,921600,921600,3600.0,3600.0,38,17,FP1-F7|F7-T7|T7-P7|P7-O1|FP1-F3|F3-C3|C3-P3|P3-O1|FZ-CZ|CZ-PZ|FP2-F4|F4-C4|C4-P4|P4-O2|FP2-F8|F8-T8|P8-O2,True,0.5,45.0,False,False,False,False,0,0,True,True,0,0,True,True,data\interim\chbmit\preprocessing_v1\chb15\chb15_51_preproc-v1_raw.fif,62728717,fa838568ba973e688af32adb79778a081c933ebf3ed8799aa3a5e395ffa3c331,preprocessing_v1,harmonization_v1,primary_17,1.12.1,3e33b1dcc42f16cd9604ba3aedc514ffa9e8bb93,2026-07-31T13:41:19.402535+00:00,success
chb15,chb15_52,E:/My_Github/epilepsy-eeg-hybrid-ai/data/raw/chbmit/chb15/chb15_52.edf,256.0,256.0,923904,923904,3609.0,3609.0,38,17,FP1-F7|F7-T7|T7-P7|P7-O1|FP1-F3|F3-C3|C3-P3|P3-O1|FZ-CZ|CZ-PZ|FP2-F4|F4-C4|C4-P4|P4-O2|FP2-F8|F8-T8|P8-O2,True,0.5,45.0,False,False,False,False,1,1,True,True,1,1,True,True,data\interim\chbmit\preprocessing_v1\chb15\chb15_52_preproc-v1_raw.fif,62885654,accb0eebe72c259c3f2fb03215b7bef80b7be490bd178fd8e3f9423b5b73a548,preprocessing_v1,harmonization_v1,primary_17,1.12.1,3e33b1dcc42f16cd9604ba3aedc514ffa9e8bb93,2026-07-31T13:41:19.402535+00:00,success
chb15,chb15_54,E:/My_Github/epilepsy-eeg-hybrid-ai/data/raw/chbmit/chb15/chb15_54.edf,256.0,256.0,921600,921600,3600.0,3600.0,38,17,FP1-F7|F7-T7|T7-P7|P7-O1|FP1-F3|F3-C3|C3-P3|P3-O1|FZ-CZ|CZ-PZ|FP2-F4|F4-C4|C4-P4|P4-O2|FP2-F8|F8-T8|P8-O2,True,0.5,45.0,False,False,False,False,5,5,True,True,5,5,True,True,data\interim\chbmit\preprocessing_v1\chb15\chb15_54_preproc-v1_raw.fif,62728910,0c42aef5e0201bee8923cc106e61bcd6ff2206e41e09ff60bc2c48942e35e4d7,preprocessing_v1,harmonization_v1,primary_17,1.12.1,3e33b1dcc42f16cd9604ba3aedc514ffa9e8bb93,2026-07-31T13:41:19.402535+00:00,success
chb15,chb15_61,E:/My_Github/epilepsy-eeg-hybrid-ai/data/raw/chbmit/chb15/chb15_61.edf,256.0,256.0,921600,921600,3600.0,3600.0,38,17,FP1-F7|F7-T7|T7-P7|P7-O1|FP1-F3|F3-C3|C3-P3|P3-O1|FZ-CZ|CZ-PZ|FP2-F4|F4-C4|C4-P4|P4-O2|FP2-F8|F8-T8|P8-O2,True,0.5,45.0,False,False,False,False,0,0,True,True,0,0,True,True,data\interim\chbmit\preprocessing_v1\chb15\chb15_61_preproc-v1_raw.fif,62728717,8a1d230a8d0082abfb9575280bf817d8bdd5d3f64a58001050c49fc4078f2726,preprocessing_v1,harmonization_v1,primary_17,1.12.1,3e33b1dcc42f16cd9604ba3aedc514ffa9e8bb93,2026-07-31T13:41:19.402535+00:00,success
chb15,chb15_62,E:/My_Github/epilepsy-eeg-hybrid-ai/data/raw/chbmit/chb15/chb15_62.edf,256.0,256.0,921600,921600,3600.0,3600.0,38,17,FP1-F7|F7-T7|T7-P7|P7-O1|FP1-F3|F3-C3|C3-P3|P3-O1|FZ-CZ|CZ-PZ|FP2-F4|F4-C4|C4-P4|P4-O2|FP2-F8|F8-T8|P8-O2,True,0.5,45.0,False,False,False,False,1,1,True,True,1,1,True,True,data\interim\chbmit\preprocessing_v1\chb15\chb15_62_preproc-v1_raw.fif,62728838,4f63bf79524442a6aa793c7623ed41190a0ab08745fbb9295112fe256e925a2f,preprocessing_v1,harmonization_v1,primary_17,1.12.1,3e33b1dcc42f16cd9604ba3aedc514ffa9e8bb93,2026-07-31T13:41:19.402535+00:00,success
chb15,chb15_63,E:/My_Github/epilepsy-eeg-hybrid-ai/data/raw/chbmit/chb15/chb15_63.edf,256.0,256.0,921600,921600,3600.0,3600.0,38,17,FP1-F7|F7-T7|T7-P7|P7-O1|FP1-F3|F3-C3|C3-P3|P3-O1|FZ-CZ|CZ-PZ|FP2-F4|F4-C4|C4-P4|P4-O2|FP2-F8|F8-T8|P8-O2,True,0.5,45.0,False,False,False,False,0,0,True,True,0,0,True,True,data\interim\chbmit\preprocessing_v1\chb15\chb15_63_preproc-v1_raw.fif,62728717,95f3c02725694eee14bdff5736f7a066adf3a48ea345f2ceef18062245ac2498,preprocessing_v1,harmonization_v1,primary_17,1.12.1,3e33b1dcc42f16cd9604ba3aedc514ffa9e8bb93,2026-07-31T13:41:19.402535+00:00,success
chb16,chb16_01,E:/My_Github/epilepsy-eeg-hybrid-ai/data/raw/chbmit/chb16/chb16_01.edf,256.0,256.0,921600,921600,3600.0,3600.0,28,17,FP1-F7|F7-T7|T7-P7|P7-O1|FP1-F3|F3-C3|C3-P3|P3-O1|FZ-CZ|CZ-PZ|FP2-F4|F4-C4|C4-P4|P4-O2|FP2-F8|F8-T8|P8-O2,True,0.5,45.0,False,False,False,False,0,0,True,True,0,0,True,True,data\interim\chbmit\preprocessing_v1\chb16\chb16_01_preproc-v1_raw.fif,62728717,5b891f3fa4d61e2972fbe2d47877c4493de786a49bb9dec95cd3f476075207b8,preprocessing_v1,harmonization_v1,primary_17,1.12.1,3e33b1dcc42f16cd9604ba3aedc514ffa9e8bb93,2026-07-31T13:41:19.402535+00:00,success
chb16,chb16_02,E:/My_Github/epilepsy-eeg-hybrid-ai/data/raw/chbmit/chb16/chb16_02.edf,256.0,256.0,921600,921600,3600.0,3600.0,28,17,FP1-F7|F7-T7|T7-P7|P7-O1|FP1-F3|F3-C3|C3-P3|P3-O1|FZ-CZ|CZ-PZ|FP2-F4|F4-C4|C4-P4|P4-O2|FP2-F8|F8-T8|P8-O2,True,0.5,45.0,False,False,False,False,0,0,True,True,0,0,True,True,data\interim\chbmit\preprocessing_v1\chb16\chb16_02_preproc-v1_raw.fif,62728717,f59f38eaac7a69f1d899f2dd99114bf50abf763dcc2ebc2cd95555f461f23145,preprocessing_v1,harmonization_v1,primary_17,1.12.1,3e33b1dcc42f16cd9604ba3aedc514ffa9e8bb93,2026-07-31T13:41:19.402535+00:00,success
chb16,chb16_03,E:/My_Github/epilepsy-eeg-hybrid-ai/data/raw/chbmit/chb16/chb16_03.edf,256.0,256.0,921600,921600,3600.0,3600.0,28,17,FP1-F7|F7-T7|T7-P7|P7-O1|FP1-F3|F3-C3|C3-P3|P3-O1|FZ-CZ|CZ-PZ|FP2-F4|F4-C4|C4-P4|P4-O2|FP2-F8|F8-T8|P8-O2,True,0.5,45.0,False,False,False,False,0,0,True,True,0,0,True,True,data\interim\chbmit\preprocessing_v1\chb16\chb16_03_preproc-v1_raw.fif,62728717,1bef022201bd764b8b82ed306b7be1dc64f92493aa247bbb3ce499f27ae29b3e,preprocessing_v1,harmonization_v1,primary_17,1.12.1,3e33b1dcc42f16cd9604ba3aedc514ffa9e8bb93,2026-07-31T13:41:19.402535+00:00,success
chb16,chb16_04,E:/My_Github/epilepsy-eeg-hybrid-ai/data/raw/chbmit/chb16/chb16_04.edf,256.0,256.0,921600,921600,3600.0,3600.0,28,17,FP1-F7|F7-T7|T7-P7|P7-O1|FP1-F3|F3-C3|C3-P3|P3-O1|FZ-CZ|CZ-PZ|FP2-F4|F4-C4|C4-P4|P4-O2|FP2-F8|F8-T8|P8-O2,True,0.5,45.0,False,False,False,False,0,0,True,True,0,0,True,True,data\interim\chbmit\preprocessing_v1\chb16\chb16_04_preproc-v1_raw.fif,62728717,86d2fd8a0c6c819a0c23ccbdee52e2cba2e5c1c739b9fd4116b90226eca7c4df,preprocessing_v1,harmonization_v1,primary_17,1.12.1,3e33b1dcc42f16cd9604ba3aedc514ffa9e8bb93,2026-07-31T13:41:19.402535+00:00,success
chb16,chb16_05,E:/My_Github/epilepsy-eeg-hybrid-ai/data/raw/chbmit/chb16/chb16_05.edf,256.0,256.0,921600,921600,3600.0,3600.0,28,17,FP1-F7|F7-T7|T7-P7|P7-O1|FP1-F3|F3-C3|C3-P3|P3-O1|FZ-CZ|CZ-PZ|FP2-F4|F4-C4|C4-P4|P4-O2|FP2-F8|F8-T8|P8-O2,True,0.5,45.0,False,False,False,False,0,0,True,True,0,0,True,True,data\interim\chbmit\preprocessing_v1\chb16\chb16_05_preproc-v1_raw.fif,62728717,221ee9aa9b9c0111a807816e3b96be573315b92894207b29091c0faee08f490e,preprocessing_v1,harmonization_v1,primary_17,1.12.1,3e33b1dcc42f16cd9604ba3aedc514ffa9e8bb93,2026-07-31T13:41:19.402535+00:00,success
chb16,chb16_06,E:/My_Github/epilepsy-eeg-hybrid-ai/data/raw/chbmit/chb16/chb16_06.edf,256.0,256.0,921600,921600,3600.0,3600.0,28,17,FP1-F7|F7-T7|T7-P7|P7-O1|FP1-F3|F3-C3|C3-P3|P3-O1|FZ-CZ|CZ-PZ|FP2-F4|F4-C4|C4-P4|P4-O2|FP2-F8|F8-T8|P8-O2,True,0.5,45.0,False,False,False,False,0,0,True,True,0,0,True,True,data\interim\chbmit\preprocessing_v1\chb16\chb16_06_preproc-v1_raw.fif,62728717,80c778693bd902b952b921ff4982c1fb9f69aae663b9766b18b46bfee4bad358,preprocessing_v1,harmonization_v1,primary_17,1.12.1,3e33b1dcc42f16cd9604ba3aedc514ffa9e8bb93,2026-07-31T13:41:19.402535+00:00,success
chb16,chb16_07,E:/My_Github/epilepsy-eeg-hybrid-ai/data/raw/chbmit/chb16/chb16_07.edf,256.0,256.0,921600,921600,3600.0,3600.0,28,17,FP1-F7|F7-T7|T7-P7|P7-O1|FP1-F3|F3-C3|C3-P3|P3-O1|FZ-CZ|CZ-PZ|FP2-F4|F4-C4|C4-P4|P4-O2|FP2-F8|F8-T8|P8-O2,True,0.5,45.0,False,False,False,False,0,0,True,True,0,0,True,True,data\interim\chbmit\preprocessing_v1\chb16\chb16_07_preproc-v1_raw.fif,62728717,8c4575c4552b32a3e1b2d9f1ed15b0f5442781acd716f4fd1261104d4a388003,preprocessing_v1,harmonization_v1,primary_17,1.12.1,3e33b1dcc42f16cd9604ba3aedc514ffa9e8bb93,2026-07-31T13:41:19.402535+00:00,success
chb16,chb16_08,E:/My_Github/epilepsy-eeg-hybrid-ai/data/raw/chbmit/chb16/chb16_08.edf,256.0,256.0,921600,921600,3600.0,3600.0,28,17,FP1-F7|F7-T7|T7-P7|P7-O1|FP1-F3|F3-C3|C3-P3|P3-O1|FZ-CZ|CZ-PZ|FP2-F4|F4-C4|C4-P4|P4-O2|FP2-F8|F8-T8|P8-O2,True,0.5,45.0,False,False,False,False,0,0,True,True,0,0,True,True,data\interim\chbmit\preprocessing_v1\chb16\chb16_08_preproc-v1_raw.fif,62728717,a6a56439f3f5e4c1b0cafdf74da38c9dcd3566f0c4842db9bbb4d12f268fca15,preprocessing_v1,harmonization_v1,primary_17,1.12.1,3e33b1dcc42f16cd9604ba3aedc514ffa9e8bb93,2026-07-31T13:41:19.402535+00:00,success
chb16,chb16_09,E:/My_Github/epilepsy-eeg-hybrid-ai/data/raw/chbmit/chb16/chb16_09.edf,256.0,256.0,921600,921600,3600.0,3600.0,28,17,FP1-F7|F7-T7|T7-P7|P7-O1|FP1-F3|F3-C3|C3-P3|P3-O1|FZ-CZ|CZ-PZ|FP2-F4|F4-C4|C4-P4|P4-O2|FP2-F8|F8-T8|P8-O2,True,0.5,45.0,False,False,False,False,0,0,True,True,0,0,True,True,data\interim\chbmit\preprocessing_v1\chb16\chb16_09_preproc-v1_raw.fif,62728717,a12f4b49a9287c9ff714ba428600d26f71e675dd4d10548d40f37535f7cc2a29,preprocessing_v1,harmonization_v1,primary_17,1.12.1,3e33b1dcc42f16cd9604ba3aedc514ffa9e8bb93,2026-07-31T13:41:19.402535+00:00,success
chb16,chb16_10,E:/My_Github/epilepsy-eeg-hybrid-ai/data/raw/chbmit/chb16/chb16_10.edf,256.0,256.0,921600,921600,3600.0,3600.0,28,17,FP1-F7|F7-T7|T7-P7|P7-O1|FP1-F3|F3-C3|C3-P3|P3-O1|FZ-CZ|CZ-PZ|FP2-F4|F4-C4|C4-P4|P4-O2|FP2-F8|F8-T8|P8-O2,True,0.5,45.0,False,False,False,False,1,1,True,True,1,1,True,True,data\interim\chbmit\preprocessing_v1\chb16\chb16_10_preproc-v1_raw.fif,62728838,b5f6bd599ae992b11e81f85fe50a6eae9bde301653a52be6032c963d3700ff72,preprocessing_v1,harmonization_v1,primary_17,1.12.1,3e33b1dcc42f16cd9604ba3aedc514ffa9e8bb93,2026-07-31T13:41:19.402535+00:00,success
chb16,chb16_11,E:/My_Github/epilepsy-eeg-hybrid-ai/data/raw/chbmit/chb16/chb16_11.edf,256.0,256.0,921600,921600,3600.0,3600.0,28,17,FP1-F7|F7-T7|T7-P7|P7-O1|FP1-F3|F3-C3|C3-P3|P3-O1|FZ-CZ|CZ-PZ|FP2-F4|F4-C4|C4-P4|P4-O2|FP2-F8|F8-T8|P8-O2,True,0.5,45.0,False,False,False,False,1,1,True,True,1,1,True,True,data\interim\chbmit\preprocessing_v1\chb16\chb16_11_preproc-v1_raw.fif,62728838,4d36bd73c8b24296773705b34a4d2c49df5df376ad631bde8e431f2f2a685158,preprocessing_v1,harmonization_v1,primary_17,1.12.1,3e33b1dcc42f16cd9604ba3aedc514ffa9e8bb93,2026-07-31T13:41:19.402535+00:00,success
chb16,chb16_12,E:/My_Github/epilepsy-eeg-hybrid-ai/data/raw/chbmit/chb16/chb16_12.edf,256.0,256.0,921600,921600,3600.0,3600.0,28,17,FP1-F7|F7-T7|T7-P7|P7-O1|FP1-F3|F3-C3|C3-P3|P3-O1|FZ-CZ|CZ-PZ|FP2-F4|F4-C4|C4-P4|P4-O2|FP2-F8|F8-T8|P8-O2,True,0.5,45.0,False,False,False,False,0,0,True,True,0,0,True,True,data\interim\chbmit\preprocessing_v1\chb16\chb16_12_preproc-v1_raw.fif,62728717,df2c56f89bcfdf49708f5957fd347b865bb53a02d5eeb5c4bf39423b0f961c3c,preprocessing_v1,harmonization_v1,primary_17,1.12.1,3e33b1dcc42f16cd9604ba3aedc514ffa9e8bb93,2026-07-31T13:41:19.402535+00:00,success
chb16,chb16_13,E:/My_Github/epilepsy-eeg-hybrid-ai/data/raw/chbmit/chb16/chb16_13.edf,256.0,256.0,921600,921600,3600.0,3600.0,28,17,FP1-F7|F7-T7|T7-P7|P7-O1|FP1-F3|F3-C3|C3-P3|P3-O1|FZ-CZ|CZ-PZ|FP2-F4|F4-C4|C4-P4|P4-O2|FP2-F8|F8-T8|P8-O2,True,0.5,45.0,False,False,False,False,0,0,True,True,0,0,True,True,data\interim\chbmit\preprocessing_v1\chb16\chb16_13_preproc-v1_raw.fif,62728717,e67cf9857bcd1d46b1c031297763453f2f0e37190f203eaee44ef0cc56e09b40,preprocessing_v1,harmonization_v1,primary_17,1.12.1,3e33b1dcc42f16cd9604ba3aedc514ffa9e8bb93,2026-07-31T13:41:19.402535+00:00,success
chb16,chb16_14,E:/My_Github/epilepsy-eeg-hybrid-ai/data/raw/chbmit/chb16/chb16_14.edf,256.0,256.0,921600,921600,3600.0,3600.0,28,17,FP1-F7|F7-T7|T7-P7|P7-O1|FP1-F3|F3-C3|C3-P3|P3-O1|FZ-CZ|CZ-PZ|FP2-F4|F4-C4|C4-P4|P4-O2|FP2-F8|F8-T8|P8-O2,True,0.5,45.0,False,False,False,False,1,1,True,True,1,1,True,True,data\interim\chbmit\preprocessing_v1\chb16\chb16_14_preproc-v1_raw.fif,62728838,67a8e8ad487e6a1c12522c1f31ff2a66ecdaaec66ef683bbc0da02e6fd9336bc,preprocessing_v1,harmonization_v1,primary_17,1.12.1,3e33b1dcc42f16cd9604ba3aedc514ffa9e8bb93,2026-07-31T13:41:19.402535+00:00,success
chb16,chb16_15,E:/My_Github/epilepsy-eeg-hybrid-ai/data/raw/chbmit/chb16/chb16_15.edf,256.0,256.0,921600,921600,3600.0,3600.0,28,17,FP1-F7|F7-T7|T7-P7|P7-O1|FP1-F3|F3-C3|C3-P3|P3-O1|FZ-CZ|CZ-PZ|FP2-F4|F4-C4|C4-P4|P4-O2|FP2-F8|F8-T8|P8-O2,True,0.5,45.0,False,False,False,False,0,0,True,True,0,0,True,True,data\interim\chbmit\preprocessing_v1\chb16\chb16_15_preproc-v1_raw.fif,62728717,22de73a901303d6ba8ffe8c9043dba1953aeed1589f1b232da2bc4d1a93b400d,preprocessing_v1,harmonization_v1,primary_17,1.12.1,3e33b1dcc42f16cd9604ba3aedc514ffa9e8bb93,2026-07-31T13:41:19.402535+00:00,success
chb16,chb16_16,E:/My_Github/epilepsy-eeg-hybrid-ai/data/raw/chbmit/chb16/chb16_16.edf,256.0,256.0,921600,921600,3600.0,3600.0,28,17,FP1-F7|F7-T7|T7-P7|P7-O1|FP1-F3|F3-C3|C3-P3|P3-O1|FZ-CZ|CZ-PZ|FP2-F4|F4-C4|C4-P4|P4-O2|FP2-F8|F8-T8|P8-O2,True,0.5,45.0,False,False,False,False,1,1,True,True,1,1,True,True,data\interim\chbmit\preprocessing_v1\chb16\chb16_16_preproc-v1_raw.fif,62728838,91a04b845411f28439e25458595ea31a1dd9abd24b21d494296463ae72818221,preprocessing_v1,harmonization_v1,primary_17,1.12.1,3e33b1dcc42f16cd9604ba3aedc514ffa9e8bb93,2026-07-31T13:41:19.402535+00:00,success
chb16,chb16_17,E:/My_Github/epilepsy-eeg-hybrid-ai/data/raw/chbmit/chb16/chb16_17.edf,256.0,256.0,921600,921600,3600.0,3600.0,28,17,FP1-F7|F7-T7|T7-P7|P7-O1|FP1-F3|F3-C3|C3-P3|P3-O1|FZ-CZ|CZ-PZ|FP2-F4|F4-C4|C4-P4|P4-O2|FP2-F8|F8-T8|P8-O2,True,0.5,45.0,False,False,False,False,4,4,True,True,4,4,True,True,data\interim\chbmit\preprocessing_v1\chb16\chb16_17_preproc-v1_raw.fif,62728892,9454a1b494d8487e255114cca9f2c204fc961fad6eeea655e55a9cae5b427668,preprocessing_v1,harmonization_v1,primary_17,1.12.1,3e33b1dcc42f16cd9604ba3aedc514ffa9e8bb93,2026-07-31T13:41:19.402535+00:00,success
chb16,chb16_18,E:/My_Github/epilepsy-eeg-hybrid-ai/data/raw/chbmit/chb16/chb16_18.edf,256.0,256.0,921600,921600,3600.0,3600.0,22,17,FP1-F7|F7-T7|T7-P7|P7-O1|FP1-F3|F3-C3|C3-P3|P3-O1|FZ-CZ|CZ-PZ|FP2-F4|F4-C4|C4-P4|P4-O2|FP2-F8|F8-T8|P8-O2,True,0.5,45.0,False,False,False,False,2,2,True,True,2,2,True,True,data\interim\chbmit\preprocessing_v1\chb16\chb16_18_preproc-v1_raw.fif,62728856,21908c249596930d220b869a79fce94562df41c5d94323814acfe27d07be6576,preprocessing_v1,harmonization_v1,primary_17,1.12.1,3e33b1dcc42f16cd9604ba3aedc514ffa9e8bb93,2026-07-31T13:41:19.402535+00:00,success
chb16,chb16_19,E:/My_Github/epilepsy-eeg-hybrid-ai/data/raw/chbmit/chb16/chb16_19.edf,256.0,256.0,921600,921600,3600.0,3600.0,22,17,FP1-F7|F7-T7|T7-P7|P7-O1|FP1-F3|F3-C3|C3-P3|P3-O1|FZ-CZ|CZ-PZ|FP2-F4|F4-C4|C4-P4|P4-O2|FP2-F8|F8-T8|P8-O2,True,0.5,45.0,False,False,False,False,0,0,True,True,0,0,True,True,data\interim\chbmit\preprocessing_v1\chb16\chb16_19_preproc-v1_raw.fif,62728717,24cffe6d36c615e2766e1e57baf62c7d8bf67365e184176627ebf59ed4ec08e8,preprocessing_v1,harmonization_v1,primary_17,1.12.1,3e33b1dcc42f16cd9604ba3aedc514ffa9e8bb93,2026-07-31T13:41:19.402535+00:00,success
chb17,chb17a_03,E:/My_Github/epilepsy-eeg-hybrid-ai/data/raw/chbmit/chb17/chb17a_03.edf,256.0,256.0,921600,921600,3600.0,3600.0,28,17,FP1-F7|F7-T7|T7-P7|P7-O1|FP1-F3|F3-C3|C3-P3|P3-O1|FZ-CZ|CZ-PZ|FP2-F4|F4-C4|C4-P4|P4-O2|FP2-F8|F8-T8|P8-O2,True,0.5,45.0,False,False,False,False,1,1,True,True,1,1,True,True,data\interim\chbmit\preprocessing_v1\chb17\chb17a_03_preproc-v1_raw.fif,62728838,770b712ab4a1ca1f2ed276e4291f6f3ddae5a0ba4c92e4eb188679f2a9afc50d,preprocessing_v1,harmonization_v1,primary_17,1.12.1,3e33b1dcc42f16cd9604ba3aedc514ffa9e8bb93,2026-07-31T13:41:19.402535+00:00,success
chb17,chb17a_04,E:/My_Github/epilepsy-eeg-hybrid-ai/data/raw/chbmit/chb17/chb17a_04.edf,256.0,256.0,921600,921600,3600.0,3600.0,28,17,FP1-F7|F7-T7|T7-P7|P7-O1|FP1-F3|F3-C3|C3-P3|P3-O1|FZ-CZ|CZ-PZ|FP2-F4|F4-C4|C4-P4|P4-O2|FP2-F8|F8-T8|P8-O2,True,0.5,45.0,False,False,False,False,1,1,True,True,1,1,True,True,data\interim\chbmit\preprocessing_v1\chb17\chb17a_04_preproc-v1_raw.fif,62728838,82af00af72649af6f393a08652d3b28e29b2a8b858966e10441bf976ddcbc29d,preprocessing_v1,harmonization_v1,primary_17,1.12.1,3e33b1dcc42f16cd9604ba3aedc514ffa9e8bb93,2026-07-31T13:41:19.402535+00:00,success
chb17,chb17a_05,E:/My_Github/epilepsy-eeg-hybrid-ai/data/raw/chbmit/chb17/chb17a_05.edf,256.0,256.0,921600,921600,3600.0,3600.0,28,17,FP1-F7|F7-T7|T7-P7|P7-O1|FP1-F3|F3-C3|C3-P3|P3-O1|FZ-CZ|CZ-PZ|FP2-F4|F4-C4|C4-P4|P4-O2|FP2-F8|F8-T8|P8-O2,True,0.5,45.0,False,False,False,False,0,0,True,True,0,0,True,True,data\interim\chbmit\preprocessing_v1\chb17\chb17a_05_preproc-v1_raw.fif,62728717,f8795cf89f1a5cbc0b2dbdd308ee9236e2d76ca976b48bc3e633dbb278551931,preprocessing_v1,harmonization_v1,primary_17,1.12.1,3e33b1dcc42f16cd9604ba3aedc514ffa9e8bb93,2026-07-31T13:41:19.402535+00:00,success
chb17,chb17a_06,E:/My_Github/epilepsy-eeg-hybrid-ai/data/raw/chbmit/chb17/chb17a_06.edf,256.0,256.0,921600,921600,3600.0,3600.0,28,17,FP1-F7|F7-T7|T7-P7|P7-O1|FP1-F3|F3-C3|C3-P3|P3-O1|FZ-CZ|CZ-PZ|FP2-F4|F4-C4|C4-P4|P4-O2|FP2-F8|F8-T8|P8-O2,True,0.5,45.0,False,False,False,False,0,0,True,True,0,0,True,True,data\interim\chbmit\preprocessing_v1\chb17\chb17a_06_preproc-v1_raw.fif,62728717,0f728ec4ae8745b5d3ac8e5b529e5616cfb2c091fcf49a0bb4452799f1a96877,preprocessing_v1,harmonization_v1,primary_17,1.12.1,3e33b1dcc42f16cd9604ba3aedc514ffa9e8bb93,2026-07-31T13:41:19.402535+00:00,success
chb17,chb17a_08,E:/My_Github/epilepsy-eeg-hybrid-ai/data/raw/chbmit/chb17/chb17a_08.edf,256.0,256.0,921600,921600,3600.0,3600.0,28,17,FP1-F7|F7-T7|T7-P7|P7-O1|FP1-F3|F3-C3|C3-P3|P3-O1|FZ-CZ|CZ-PZ|FP2-F4|F4-C4|C4-P4|P4-O2|FP2-F8|F8-T8|P8-O2,True,0.5,45.0,False,False,False,False,0,0,True,True,0,0,True,True,data\interim\chbmit\preprocessing_v1\chb17\chb17a_08_preproc-v1_raw.fif,62728717,017d9a0eec1dfbd1d7f7f3c2676757e4dd783242ed5e609c939dd9e557d03136,preprocessing_v1,harmonization_v1,primary_17,1.12.1,3e33b1dcc42f16cd9604ba3aedc514ffa9e8bb93,2026-07-31T13:41:19.402535+00:00,success
chb17,chb17b_57,E:/My_Github/epilepsy-eeg-hybrid-ai/data/raw/chbmit/chb17/chb17b_57.edf,256.0,256.0,921600,921600,3600.0,3600.0,28,17,FP1-F7|F7-T7|T7-P7|P7-O1|FP1-F3|F3-C3|C3-P3|P3-O1|FZ-CZ|CZ-PZ|FP2-F4|F4-C4|C4-P4|P4-O2|FP2-F8|F8-T8|P8-O2,True,0.5,45.0,False,False,False,False,0,0,True,True,0,0,True,True,data\interim\chbmit\preprocessing_v1\chb17\chb17b_57_preproc-v1_raw.fif,62728717,e2552b5f4beb86a110ebbf268cf023b929890d521a5b01dd78932d0868ed895c,preprocessing_v1,harmonization_v1,primary_17,1.12.1,3e33b1dcc42f16cd9604ba3aedc514ffa9e8bb93,2026-07-31T13:41:19.402535+00:00,success
chb17,chb17b_58,E:/My_Github/epilepsy-eeg-hybrid-ai/data/raw/chbmit/chb17/chb17b_58.edf,256.0,256.0,921600,921600,3600.0,3600.0,28,17,FP1-F7|F7-T7|T7-P7|P7-O1|FP1-F3|F3-C3|C3-P3|P3-O1|FZ-CZ|CZ-PZ|FP2-F4|F4-C4|C4-P4|P4-O2|FP2-F8|F8-T8|P8-O2,True,0.5,45.0,False,False,False,False,0,0,True,True,0,0,True,True,data\interim\chbmit\preprocessing_v1\chb17\chb17b_58_preproc-v1_raw.fif,62728717,a1dceec5a92a5b8b475470af8e40ef2df3bc4a581dbed58b2b4f376c20336c91,preprocessing_v1,harmonization_v1,primary_17,1.12.1,3e33b1dcc42f16cd9604ba3aedc514ffa9e8bb93,2026-07-31T13:41:19.402535+00:00,success
chb17,chb17b_59,E:/My_Github/epilepsy-eeg-hybrid-ai/data/raw/chbmit/chb17/chb17b_59.edf,256.0,256.0,921600,921600,3600.0,3600.0,28,17,FP1-F7|F7-T7|T7-P7|P7-O1|FP1-F3|F3-C3|C3-P3|P3-O1|FZ-CZ|CZ-PZ|FP2-F4|F4-C4|C4-P4|P4-O2|FP2-F8|F8-T8|P8-O2,True,0.5,45.0,False,False,False,False,0,0,True,True,0,0,True,True,data\interim\chbmit\preprocessing_v1\chb17\chb17b_59_preproc-v1_raw.fif,62728717,3ba6a8df88df68a9d86619ed25675eb038361e5d4fafa628454391f65aa5ae4c,preprocessing_v1,harmonization_v1,primary_17,1.12.1,3e33b1dcc42f16cd9604ba3aedc514ffa9e8bb93,2026-07-31T13:41:19.402535+00:00,success
chb17,chb17b_60,E:/My_Github/epilepsy-eeg-hybrid-ai/data/raw/chbmit/chb17/chb17b_60.edf,256.0,256.0,921600,921600,3600.0,3600.0,28,17,FP1-F7|F7-T7|T7-P7|P7-O1|FP1-F3|F3-C3|C3-P3|P3-O1|FZ-CZ|CZ-PZ|FP2-F4|F4-C4|C4-P4|P4-O2|FP2-F8|F8-T8|P8-O2,True,0.5,45.0,False,False,False,False,0,0,True,True,0,0,True,True,data\interim\chbmit\preprocessing_v1\chb17\chb17b_60_preproc-v1_raw.fif,62728717,d8127626f85c0d952df6e6c1555a5b279cbc1ee3c0a61849867d4d42f3b0cb03,preprocessing_v1,harmonization_v1,primary_17,1.12.1,3e33b1dcc42f16cd9604ba3aedc514ffa9e8bb93,2026-07-31T13:41:19.402535+00:00,success
chb17,chb17b_63,E:/My_Github/epilepsy-eeg-hybrid-ai/data/raw/chbmit/chb17/chb17b_63.edf,256.0,256.0,927744,927744,3624.0,3624.0,28,17,FP1-F7|F7-T7|T7-P7|P7-O1|FP1-F3|F3-C3|C3-P3|P3-O1|FZ-CZ|CZ-PZ|FP2-F4|F4-C4|C4-P4|P4-O2|FP2-F8|F8-T8|P8-O2,True,0.5,45.0,False,False,False,False,1,1,True,True,1,1,True,True,data\interim\chbmit\preprocessing_v1\chb17\chb17b_63_preproc-v1_raw.fif,63147014,7e50f91aeccf183b0f1c385f405d10ef1f5baf9919e1191f27e73e1ccc5d9325,preprocessing_v1,harmonization_v1,primary_17,1.12.1,3e33b1dcc42f16cd9604ba3aedc514ffa9e8bb93,2026-07-31T13:41:19.402535+00:00,success
chb17,chb17b_67,E:/My_Github/epilepsy-eeg-hybrid-ai/data/raw/chbmit/chb17/chb17b_67.edf,256.0,256.0,921600,921600,3600.0,3600.0,28,17,FP1-F7|F7-T7|T7-P7|P7-O1|FP1-F3|F3-C3|C3-P3|P3-O1|FZ-CZ|CZ-PZ|FP2-F4|F4-C4|C4-P4|P4-O2|FP2-F8|F8-T8|P8-O2,True,0.5,45.0,False,False,False,False,0,0,True,True,0,0,True,True,data\interim\chbmit\preprocessing_v1\chb17\chb17b_67_preproc-v1_raw.fif,62728717,076c6d726537a4f3b4b653f479e15c71a10190aeed4d4edd597458a58cc2abad,preprocessing_v1,harmonization_v1,primary_17,1.12.1,3e33b1dcc42f16cd9604ba3aedc514ffa9e8bb93,2026-07-31T13:41:19.402535+00:00,success
chb17,chb17b_68,E:/My_Github/epilepsy-eeg-hybrid-ai/data/raw/chbmit/chb17/chb17b_68.edf,256.0,256.0,921600,921600,3600.0,3600.0,28,17,FP1-F7|F7-T7|T7-P7|P7-O1|FP1-F3|F3-C3|C3-P3|P3-O1|FZ-CZ|CZ-PZ|FP2-F4|F4-C4|C4-P4|P4-O2|FP2-F8|F8-T8|P8-O2,True,0.5,45.0,False,False,False,False,0,0,True,True,0,0,True,True,data\interim\chbmit\preprocessing_v1\chb17\chb17b_68_preproc-v1_raw.fif,62728717,856878ee210fe217309f00eef4629c91591812a25a5ddf171ed9d8cc7b1ed650,preprocessing_v1,harmonization_v1,primary_17,1.12.1,3e33b1dcc42f16cd9604ba3aedc514ffa9e8bb93,2026-07-31T13:41:19.402535+00:00,success
chb17,chb17b_69,E:/My_Github/epilepsy-eeg-hybrid-ai/data/raw/chbmit/chb17/chb17b_69.edf,256.0,256.0,921600,921600,3600.0,3600.0,28,17,FP1-F7|F7-T7|T7-P7|P7-O1|FP1-F3|F3-C3|C3-P3|P3-O1|FZ-CZ|CZ-PZ|FP2-F4|F4-C4|C4-P4|P4-O2|FP2-F8|F8-T8|P8-O2,True,0.5,45.0,False,False,False,False,0,0,True,True,0,0,True,True,data\interim\chbmit\preprocessing_v1\chb17\chb17b_69_preproc-v1_raw.fif,62728717,c9ab85d3c409dcbc629e16a10e315934ebdfc6d6a4ef90e2e50071f04c132f91,preprocessing_v1,harmonization_v1,primary_17,1.12.1,3e33b1dcc42f16cd9604ba3aedc514ffa9e8bb93,2026-07-31T13:41:19.402535+00:00,success
chb17,chb17c_02,E:/My_Github/epilepsy-eeg-hybrid-ai/data/raw/chbmit/chb17/chb17c_02.edf,256.0,256.0,921600,921600,3600.0,3600.0,28,17,FP1-F7|F7-T7|T7-P7|P7-O1|FP1-F3|F3-C3|C3-P3|P3-O1|FZ-CZ|CZ-PZ|FP2-F4|F4-C4|C4-P4|P4-O2|FP2-F8|F8-T8|P8-O2,True,0.5,45.0,False,False,False,False,0,0,True,True,0,0,True,True,data\interim\chbmit\preprocessing_v1\chb17\chb17c_02_preproc-v1_raw.fif,62728717,1a5298394a77b5b750c8b48cafe08e369eb5582fd78e7a23c83fc1b1d7e395f4,preprocessing_v1,harmonization_v1,primary_17,1.12.1,3e33b1dcc42f16cd9604ba3aedc514ffa9e8bb93,2026-07-31T13:41:19.402535+00:00,success
chb17,chb17c_03,E:/My_Github/epilepsy-eeg-hybrid-ai/data/raw/chbmit/chb17/chb17c_03.edf,256.0,256.0,921600,921600,3600.0,3600.0,28,17,FP1-F7|F7-T7|T7-P7|P7-O1|FP1-F3|F3-C3|C3-P3|P3-O1|FZ-CZ|CZ-PZ|FP2-F4|F4-C4|C4-P4|P4-O2|FP2-F8|F8-T8|P8-O2,True,0.5,45.0,False,False,False,False,0,0,True,True,0,0,True,True,data\interim\chbmit\preprocessing_v1\chb17\chb17c_03_preproc-v1_raw.fif,62728717,475919b69e1c1a7e0ec637b8ed55df788c466e17e3309906002a84f9139987eb,preprocessing_v1,harmonization_v1,primary_17,1.12.1,3e33b1dcc42f16cd9604ba3aedc514ffa9e8bb93,2026-07-31T13:41:19.402535+00:00,success
chb17,chb17c_04,E:/My_Github/epilepsy-eeg-hybrid-ai/data/raw/chbmit/chb17/chb17c_04.edf,256.0,256.0,921600,921600,3600.0,3600.0,28,17,FP1-F7|F7-T7|T7-P7|P7-O1|FP1-F3|F3-C3|C3-P3|P3-O1|FZ-CZ|CZ-PZ|FP2-F4|F4-C4|C4-P4|P4-O2|FP2-F8|F8-T8|P8-O2,True,0.5,45.0,False,False,False,False,0,0,True,True,0,0,True,True,data\interim\chbmit\preprocessing_v1\chb17\chb17c_04_preproc-v1_raw.fif,62728717,5c621eb58fbf46580de8f09c5445da8fc391ce02a361686089cd235ef0cf90ef,preprocessing_v1,harmonization_v1,primary_17,1.12.1,3e33b1dcc42f16cd9604ba3aedc514ffa9e8bb93,2026-07-31T13:41:19.402535+00:00,success
chb17,chb17c_05,E:/My_Github/epilepsy-eeg-hybrid-ai/data/raw/chbmit/chb17/chb17c_05.edf,256.0,256.0,921600,921600,3600.0,3600.0,28,17,FP1-F7|F7-T7|T7-P7|P7-O1|FP1-F3|F3-C3|C3-P3|P3-O1|FZ-CZ|CZ-PZ|FP2-F4|F4-C4|C4-P4|P4-O2|FP2-F8|F8-T8|P8-O2,True,0.5,45.0,False,False,False,False,0,0,True,True,0,0,True,True,data\interim\chbmit\preprocessing_v1\chb17\chb17c_05_preproc-v1_raw.fif,62728717,44eb54ab965158f49f8817ebfb665f6128a1099bb39d104058e3411d60c25c41,preprocessing_v1,harmonization_v1,primary_17,1.12.1,3e33b1dcc42f16cd9604ba3aedc514ffa9e8bb93,2026-07-31T13:41:19.402535+00:00,success
chb17,chb17c_06,E:/My_Github/epilepsy-eeg-hybrid-ai/data/raw/chbmit/chb17/chb17c_06.edf,256.0,256.0,921600,921600,3600.0,3600.0,28,17,FP1-F7|F7-T7|T7-P7|P7-O1|FP1-F3|F3-C3|C3-P3|P3-O1|FZ-CZ|CZ-PZ|FP2-F4|F4-C4|C4-P4|P4-O2|FP2-F8|F8-T8|P8-O2,True,0.5,45.0,False,False,False,False,0,0,True,True,0,0,True,True,data\interim\chbmit\preprocessing_v1\chb17\chb17c_06_preproc-v1_raw.fif,62728717,418e5bfbf84a560fd5a2b8a73bc8d1aeafa43ed6622de881cd4c742252038ce1,preprocessing_v1,harmonization_v1,primary_17,1.12.1,3e33b1dcc42f16cd9604ba3aedc514ffa9e8bb93,2026-07-31T13:41:19.402535+00:00,success
chb17,chb17c_07,E:/My_Github/epilepsy-eeg-hybrid-ai/data/raw/chbmit/chb17/chb17c_07.edf,256.0,256.0,921600,921600,3600.0,3600.0,28,17,FP1-F7|F7-T7|T7-P7|P7-O1|FP1-F3|F3-C3|C3-P3|P3-O1|FZ-CZ|CZ-PZ|FP2-F4|F4-C4|C4-P4|P4-O2|FP2-F8|F8-T8|P8-O2,True,0.5,45.0,False,False,False,False,0,0,True,True,0,0,True,True,data\interim\chbmit\preprocessing_v1\chb17\chb17c_07_preproc-v1_raw.fif,62728717,369b7cb9424c2c2cfa2fbe01d69f5dc89dbb06f9e65902677fa498759aea87fa,preprocessing_v1,harmonization_v1,primary_17,1.12.1,3e33b1dcc42f16cd9604ba3aedc514ffa9e8bb93,2026-07-31T13:41:19.402535+00:00,success
chb17,chb17c_08,E:/My_Github/epilepsy-eeg-hybrid-ai/data/raw/chbmit/chb17/chb17c_08.edf,256.0,256.0,921600,921600,3600.0,3600.0,28,17,FP1-F7|F7-T7|T7-P7|P7-O1|FP1-F3|F3-C3|C3-P3|P3-O1|FZ-CZ|CZ-PZ|FP2-F4|F4-C4|C4-P4|P4-O2|FP2-F8|F8-T8|P8-O2,True,0.5,45.0,False,False,False,False,0,0,True,True,0,0,True,True,data\interim\chbmit\preprocessing_v1\chb17\chb17c_08_preproc-v1_raw.fif,62728717,8c40f7b6bec69b3e5e21debe57c972f3b0d7609ce227c4bed46ed434e6232780,preprocessing_v1,harmonization_v1,primary_17,1.12.1,3e33b1dcc42f16cd9604ba3aedc514ffa9e8bb93,2026-07-31T13:41:19.402535+00:00,success
chb17,chb17c_13,E:/My_Github/epilepsy-eeg-hybrid-ai/data/raw/chbmit/chb17/chb17c_13.edf,256.0,256.0,921600,921600,3600.0,3600.0,22,17,FP1-F7|F7-T7|T7-P7|P7-O1|FP1-F3|F3-C3|C3-P3|P3-O1|FZ-CZ|CZ-PZ|FP2-F4|F4-C4|C4-P4|P4-O2|FP2-F8|F8-T8|P8-O2,True,0.5,45.0,False,False,False,False,0,0,True,True,0,0,True,True,data\interim\chbmit\preprocessing_v1\chb17\chb17c_13_preproc-v1_raw.fif,62728717,697d100639579c92dd4adc3ee15e167cdd5d1d2e87ae8c69d30ece51475fea1b,preprocessing_v1,harmonization_v1,primary_17,1.12.1,3e33b1dcc42f16cd9604ba3aedc514ffa9e8bb93,2026-07-31T13:41:19.402535+00:00,success
chb18,chb18_01,E:/My_Github/epilepsy-eeg-hybrid-ai/data/raw/chbmit/chb18/chb18_01.edf,256.0,256.0,924416,924416,3611.0,3611.0,22,17,FP1-F7|F7-T7|T7-P7|P7-O1|FP1-F3|F3-C3|C3-P3|P3-O1|FZ-CZ|CZ-PZ|FP2-F4|F4-C4|C4-P4|P4-O2|FP2-F8|F8-T8|P8-O2,True,0.5,45.0,False,False,False,False,0,0,True,True,0,0,True,True,data\interim\chbmit\preprocessing_v1\chb18\chb18_01_preproc-v1_raw.fif,62920381,e0fd69e40161f8576d11e97b181664cb62e6b6bb8f28e317f2dca10345fa80ef,preprocessing_v1,harmonization_v1,primary_17,1.12.1,3e33b1dcc42f16cd9604ba3aedc514ffa9e8bb93,2026-07-31T13:41:19.402535+00:00,success
chb18,chb18_02,E:/My_Github/epilepsy-eeg-hybrid-ai/data/raw/chbmit/chb18/chb18_02.edf,256.0,256.0,921600,921600,3600.0,3600.0,28,17,FP1-F7|F7-T7|T7-P7|P7-O1|FP1-F3|F3-C3|C3-P3|P3-O1|FZ-CZ|CZ-PZ|FP2-F4|F4-C4|C4-P4|P4-O2|FP2-F8|F8-T8|P8-O2,True,0.5,45.0,False,False,False,False,0,0,True,True,0,0,True,True,data\interim\chbmit\preprocessing_v1\chb18\chb18_02_preproc-v1_raw.fif,62728717,83f2e82e7d1067e8d4edcf547e374ec6ffbceb8d81ad979c2cf3fb4cd92de29f,preprocessing_v1,harmonization_v1,primary_17,1.12.1,3e33b1dcc42f16cd9604ba3aedc514ffa9e8bb93,2026-07-31T13:41:19.402535+00:00,success
chb18,chb18_03,E:/My_Github/epilepsy-eeg-hybrid-ai/data/raw/chbmit/chb18/chb18_03.edf,256.0,256.0,921600,921600,3600.0,3600.0,28,17,FP1-F7|F7-T7|T7-P7|P7-O1|FP1-F3|F3-C3|C3-P3|P3-O1|FZ-CZ|CZ-PZ|FP2-F4|F4-C4|C4-P4|P4-O2|FP2-F8|F8-T8|P8-O2,True,0.5,45.0,False,False,False,False,0,0,True,True,0,0,True,True,data\interim\chbmit\preprocessing_v1\chb18\chb18_03_preproc-v1_raw.fif,62728717,7a1502dda8886706b2701fa338338f84eca9b81b5b050a9ea8abdcdf603b2c43,preprocessing_v1,harmonization_v1,primary_17,1.12.1,3e33b1dcc42f16cd9604ba3aedc514ffa9e8bb93,2026-07-31T13:41:19.402535+00:00,success
chb18,chb18_04,E:/My_Github/epilepsy-eeg-hybrid-ai/data/raw/chbmit/chb18/chb18_04.edf,256.0,256.0,921600,921600,3600.0,3600.0,28,17,FP1-F7|F7-T7|T7-P7|P7-O1|FP1-F3|F3-C3|C3-P3|P3-O1|FZ-CZ|CZ-PZ|FP2-F4|F4-C4|C4-P4|P4-O2|FP2-F8|F8-T8|P8-O2,True,0.5,45.0,False,False,False,False,0,0,True,True,0,0,True,True,data\interim\chbmit\preprocessing_v1\chb18\chb18_04_preproc-v1_raw.fif,62728717,5768dcd1237dcaa6edb59fd9b28a889c3c179508ad9690727e06fbf7c49d2b8b,preprocessing_v1,harmonization_v1,primary_17,1.12.1,3e33b1dcc42f16cd9604ba3aedc514ffa9e8bb93,2026-07-31T13:41:19.402535+00:00,success
chb18,chb18_05,E:/My_Github/epilepsy-eeg-hybrid-ai/data/raw/chbmit/chb18/chb18_05.edf,256.0,256.0,921600,921600,3600.0,3600.0,28,17,FP1-F7|F7-T7|T7-P7|P7-O1|FP1-F3|F3-C3|C3-P3|P3-O1|FZ-CZ|CZ-PZ|FP2-F4|F4-C4|C4-P4|P4-O2|FP2-F8|F8-T8|P8-O2,True,0.5,45.0,False,False,False,False,0,0,True,True,0,0,True,True,data\interim\chbmit\preprocessing_v1\chb18\chb18_05_preproc-v1_raw.fif,62728717,c16580a0313db4f43021eda009372308fa2effc065db7a1842fd5965c6aeac04,preprocessing_v1,harmonization_v1,primary_17,1.12.1,3e33b1dcc42f16cd9604ba3aedc514ffa9e8bb93,2026-07-31T13:41:19.402535+00:00,success
chb18,chb18_06,E:/My_Github/epilepsy-eeg-hybrid-ai/data/raw/chbmit/chb18/chb18_06.edf,256.0,256.0,921600,921600,3600.0,3600.0,28,17,FP1-F7|F7-T7|T7-P7|P7-O1|FP1-F3|F3-C3|C3-P3|P3-O1|FZ-CZ|CZ-PZ|FP2-F4|F4-C4|C4-P4|P4-O2|FP2-F8|F8-T8|P8-O2,True,0.5,45.0,False,False,False,False,0,0,True,True,0,0,True,True,data\interim\chbmit\preprocessing_v1\chb18\chb18_06_preproc-v1_raw.fif,62728717,5ec01a6b197d5b8d8dbf181a46ad4107ce89985ee38285b326652b119fcb4023,preprocessing_v1,harmonization_v1,primary_17,1.12.1,3e33b1dcc42f16cd9604ba3aedc514ffa9e8bb93,2026-07-31T13:41:19.402535+00:00,success
chb18,chb18_07,E:/My_Github/epilepsy-eeg-hybrid-ai/data/raw/chbmit/chb18/chb18_07.edf,256.0,256.0,921600,921600,3600.0,3600.0,28,17,FP1-F7|F7-T7|T7-P7|P7-O1|FP1-F3|F3-C3|C3-P3|P3-O1|FZ-CZ|CZ-PZ|FP2-F4|F4-C4|C4-P4|P4-O2|FP2-F8|F8-T8|P8-O2,True,0.5,45.0,False,False,False,False,0,0,True,True,0,0,True,True,data\interim\chbmit\preprocessing_v1\chb18\chb18_07_preproc-v1_raw.fif,62728717,d8d5fc369345e8dd5dc83e3b432cc86fc52f21cabdb0e2a592c7156461d00ca0,preprocessing_v1,harmonization_v1,primary_17,1.12.1,3e33b1dcc42f16cd9604ba3aedc514ffa9e8bb93,2026-07-31T13:41:19.402535+00:00,success
chb18,chb18_08,E:/My_Github/epilepsy-eeg-hybrid-ai/data/raw/chbmit/chb18/chb18_08.edf,256.0,256.0,921600,921600,3600.0,3600.0,28,17,FP1-F7|F7-T7|T7-P7|P7-O1|FP1-F3|F3-C3|C3-P3|P3-O1|FZ-CZ|CZ-PZ|FP2-F4|F4-C4|C4-P4|P4-O2|FP2-F8|F8-T8|P8-O2,True,0.5,45.0,False,False,False,False,0,0,True,True,0,0,True,True,data\interim\chbmit\preprocessing_v1\chb18\chb18_08_preproc-v1_raw.fif,62728717,7dd91931fff3bfc236eb686bd8a6f59e19a76b5e16995270112211856d397a09,preprocessing_v1,harmonization_v1,primary_17,1.12.1,3e33b1dcc42f16cd9604ba3aedc514ffa9e8bb93,2026-07-31T13:41:19.402535+00:00,success
chb18,chb18_09,E:/My_Github/epilepsy-eeg-hybrid-ai/data/raw/chbmit/chb18/chb18_09.edf,256.0,256.0,921600,921600,3600.0,3600.0,28,17,FP1-F7|F7-T7|T7-P7|P7-O1|FP1-F3|F3-C3|C3-P3|P3-O1|FZ-CZ|CZ-PZ|FP2-F4|F4-C4|C4-P4|P4-O2|FP2-F8|F8-T8|P8-O2,True,0.5,45.0,False,False,False,False,0,0,True,True,0,0,True,True,data\interim\chbmit\preprocessing_v1\chb18\chb18_09_preproc-v1_raw.fif,62728717,efb177e2250943eb05ff249158094c48d2e391c1b612a3bf1c30b620649b23d0,preprocessing_v1,harmonization_v1,primary_17,1.12.1,3e33b1dcc42f16cd9604ba3aedc514ffa9e8bb93,2026-07-31T13:41:19.402535+00:00,success
chb18,chb18_10,E:/My_Github/epilepsy-eeg-hybrid-ai/data/raw/chbmit/chb18/chb18_10.edf,256.0,256.0,921600,921600,3600.0,3600.0,28,17,FP1-F7|F7-T7|T7-P7|P7-O1|FP1-F3|F3-C3|C3-P3|P3-O1|FZ-CZ|CZ-PZ|FP2-F4|F4-C4|C4-P4|P4-O2|FP2-F8|F8-T8|P8-O2,True,0.5,45.0,False,False,False,False,0,0,True,True,0,0,True,True,data\interim\chbmit\preprocessing_v1\chb18\chb18_10_preproc-v1_raw.fif,62728717,539c528545c3890303870817552ac87699e39ddbd403ed9693572db06c819575,preprocessing_v1,harmonization_v1,primary_17,1.12.1,3e33b1dcc42f16cd9604ba3aedc514ffa9e8bb93,2026-07-31T13:41:19.402535+00:00,success
chb18,chb18_11,E:/My_Github/epilepsy-eeg-hybrid-ai/data/raw/chbmit/chb18/chb18_11.edf,256.0,256.0,921600,921600,3600.0,3600.0,28,17,FP1-F7|F7-T7|T7-P7|P7-O1|FP1-F3|F3-C3|C3-P3|P3-O1|FZ-CZ|CZ-PZ|FP2-F4|F4-C4|C4-P4|P4-O2|FP2-F8|F8-T8|P8-O2,True,0.5,45.0,False,False,False,False,0,0,True,True,0,0,True,True,data\interim\chbmit\preprocessing_v1\chb18\chb18_11_preproc-v1_raw.fif,62728717,62367ea9fa1a5ede46a4523074914d1dcf2bb913b9370c14790ab78f0408d290,preprocessing_v1,harmonization_v1,primary_17,1.12.1,3e33b1dcc42f16cd9604ba3aedc514ffa9e8bb93,2026-07-31T13:41:19.402535+00:00,success
chb18,chb18_12,E:/My_Github/epilepsy-eeg-hybrid-ai/data/raw/chbmit/chb18/chb18_12.edf,256.0,256.0,921600,921600,3600.0,3600.0,28,17,FP1-F7|F7-T7|T7-P7|P7-O1|FP1-F3|F3-C3|C3-P3|P3-O1|FZ-CZ|CZ-PZ|FP2-F4|F4-C4|C4-P4|P4-O2|FP2-F8|F8-T8|P8-O2,True,0.5,45.0,False,False,False,False,0,0,True,True,0,0,True,True,data\interim\chbmit\preprocessing_v1\chb18\chb18_12_preproc-v1_raw.fif,62728717,c16bc2c17ae03c10923d07614b533604fe6c6d2072fa9a223f5b18c0e3609835,preprocessing_v1,harmonization_v1,primary_17,1.12.1,3e33b1dcc42f16cd9604ba3aedc514ffa9e8bb93,2026-07-31T13:41:19.402535+00:00,success
chb18,chb18_13,E:/My_Github/epilepsy-eeg-hybrid-ai/data/raw/chbmit/chb18/chb18_13.edf,256.0,256.0,921600,921600,3600.0,3600.0,28,17,FP1-F7|F7-T7|T7-P7|P7-O1|FP1-F3|F3-C3|C3-P3|P3-O1|FZ-CZ|CZ-PZ|FP2-F4|F4-C4|C4-P4|P4-O2|FP2-F8|F8-T8|P8-O2,True,0.5,45.0,False,False,False,False,0,0,True,True,0,0,True,True,data\interim\chbmit\preprocessing_v1\chb18\chb18_13_preproc-v1_raw.fif,62728717,c896b5b709ed72cb927f7fb4b552e6da9ae84eef93d1fb1155bd877f2dc9a555,preprocessing_v1,harmonization_v1,primary_17,1.12.1,3e33b1dcc42f16cd9604ba3aedc514ffa9e8bb93,2026-07-31T13:41:19.402535+00:00,success
chb18,chb18_14,E:/My_Github/epilepsy-eeg-hybrid-ai/data/raw/chbmit/chb18/chb18_14.edf,256.0,256.0,921600,921600,3600.0,3600.0,28,17,FP1-F7|F7-T7|T7-P7|P7-O1|FP1-F3|F3-C3|C3-P3|P3-O1|FZ-CZ|CZ-PZ|FP2-F4|F4-C4|C4-P4|P4-O2|FP2-F8|F8-T8|P8-O2,True,0.5,45.0,False,False,False,False,0,0,True,True,0,0,True,True,data\interim\chbmit\preprocessing_v1\chb18\chb18_14_preproc-v1_raw.fif,62728717,046b83a68be21ab9220e83c726b0ffb03b7b58cb570f84950b44e056ff12cf67,preprocessing_v1,harmonization_v1,primary_17,1.12.1,3e33b1dcc42f16cd9604ba3aedc514ffa9e8bb93,2026-07-31T13:41:19.402535+00:00,success
chb18,chb18_15,E:/My_Github/epilepsy-eeg-hybrid-ai/data/raw/chbmit/chb18/chb18_15.edf,256.0,256.0,921600,921600,3600.0,3600.0,28,17,FP1-F7|F7-T7|T7-P7|P7-O1|FP1-F3|F3-C3|C3-P3|P3-O1|FZ-CZ|CZ-PZ|FP2-F4|F4-C4|C4-P4|P4-O2|FP2-F8|F8-T8|P8-O2,True,0.5,45.0,False,False,False,False,0,0,True,True,0,0,True,True,data\interim\chbmit\preprocessing_v1\chb18\chb18_15_preproc-v1_raw.fif,62728717,a3d8706d4a970452b7cc76e2ebd1a1847edb018950d75fa6c9e254029da071fa,preprocessing_v1,harmonization_v1,primary_17,1.12.1,3e33b1dcc42f16cd9604ba3aedc514ffa9e8bb93,2026-07-31T13:41:19.402535+00:00,success
chb18,chb18_16,E:/My_Github/epilepsy-eeg-hybrid-ai/data/raw/chbmit/chb18/chb18_16.edf,256.0,256.0,921600,921600,3600.0,3600.0,28,17,FP1-F7|F7-T7|T7-P7|P7-O1|FP1-F3|F3-C3|C3-P3|P3-O1|FZ-CZ|CZ-PZ|FP2-F4|F4-C4|C4-P4|P4-O2|FP2-F8|F8-T8|P8-O2,True,0.5,45.0,False,False,False,False,0,0,True,True,0,0,True,True,data\interim\chbmit\preprocessing_v1\chb18\chb18_16_preproc-v1_raw.fif,62728717,1b7e17042153675c5234691b2f4ce36cd30905e68cc63ee4e7458517fc1ff087,preprocessing_v1,harmonization_v1,primary_17,1.12.1,3e33b1dcc42f16cd9604ba3aedc514ffa9e8bb93,2026-07-31T13:41:19.402535+00:00,success
chb18,chb18_17,E:/My_Github/epilepsy-eeg-hybrid-ai/data/raw/chbmit/chb18/chb18_17.edf,256.0,256.0,921600,921600,3600.0,3600.0,28,17,FP1-F7|F7-T7|T7-P7|P7-O1|FP1-F3|F3-C3|C3-P3|P3-O1|FZ-CZ|CZ-PZ|FP2-F4|F4-C4|C4-P4|P4-O2|FP2-F8|F8-T8|P8-O2,True,0.5,45.0,False,False,False,False,0,0,True,True,0,0,True,True,data\interim\chbmit\preprocessing_v1\chb18\chb18_17_preproc-v1_raw.fif,62728717,78b37b9ce270cfafd289ea1d5c3f48934b8cf459050aeff71f68dad4692a67c7,preprocessing_v1,harmonization_v1,primary_17,1.12.1,3e33b1dcc42f16cd9604ba3aedc514ffa9e8bb93,2026-07-31T13:41:19.402535+00:00,success
chb18,chb18_18,E:/My_Github/epilepsy-eeg-hybrid-ai/data/raw/chbmit/chb18/chb18_18.edf,256.0,256.0,921600,921600,3600.0,3600.0,28,17,FP1-F7|F7-T7|T7-P7|P7-O1|FP1-F3|F3-C3|C3-P3|P3-O1|FZ-CZ|CZ-PZ|FP2-F4|F4-C4|C4-P4|P4-O2|FP2-F8|F8-T8|P8-O2,True,0.5,45.0,False,False,False,False,0,0,True,True,0,0,True,True,data\interim\chbmit\preprocessing_v1\chb18\chb18_18_preproc-v1_raw.fif,62728717,13e7bf189d3ac7980688a60dd62fb7f80d788be1972283dee22969081df7a00c,preprocessing_v1,harmonization_v1,primary_17,1.12.1,3e33b1dcc42f16cd9604ba3aedc514ffa9e8bb93,2026-07-31T13:41:19.402535+00:00,success
chb18,chb18_19,E:/My_Github/epilepsy-eeg-hybrid-ai/data/raw/chbmit/chb18/chb18_19.edf,256.0,256.0,921600,921600,3600.0,3600.0,28,17,FP1-F7|F7-T7|T7-P7|P7-O1|FP1-F3|F3-C3|C3-P3|P3-O1|FZ-CZ|CZ-PZ|FP2-F4|F4-C4|C4-P4|P4-O2|FP2-F8|F8-T8|P8-O2,True,0.5,45.0,False,False,False,False,0,0,True,True,0,0,True,True,data\interim\chbmit\preprocessing_v1\chb18\chb18_19_preproc-v1_raw.fif,62728717,3a9a127d5f879d1b56a0046f5ff745e16124ee19d59e58db324ed29d9010a87e,preprocessing_v1,harmonization_v1,primary_17,1.12.1,3e33b1dcc42f16cd9604ba3aedc514ffa9e8bb93,2026-07-31T13:41:19.402535+00:00,success
chb18,chb18_20,E:/My_Github/epilepsy-eeg-hybrid-ai/data/raw/chbmit/chb18/chb18_20.edf,256.0,256.0,921600,921600,3600.0,3600.0,28,17,FP1-F7|F7-T7|T7-P7|P7-O1|FP1-F3|F3-C3|C3-P3|P3-O1|FZ-CZ|CZ-PZ|FP2-F4|F4-C4|C4-P4|P4-O2|FP2-F8|F8-T8|P8-O2,True,0.5,45.0,False,False,False,False,0,0,True,True,0,0,True,True,data\interim\chbmit\preprocessing_v1\chb18\chb18_20_preproc-v1_raw.fif,62728717,ad48af1927b2e023d3fe5f5c948f50ffd1bef4c57e0bf89a0c887f0f5a98563a,preprocessing_v1,harmonization_v1,primary_17,1.12.1,3e33b1dcc42f16cd9604ba3aedc514ffa9e8bb93,2026-07-31T13:41:19.402535+00:00,success
chb18,chb18_21,E:/My_Github/epilepsy-eeg-hybrid-ai/data/raw/chbmit/chb18/chb18_21.edf,256.0,256.0,921600,921600,3600.0,3600.0,28,17,FP1-F7|F7-T7|T7-P7|P7-O1|FP1-F3|F3-C3|C3-P3|P3-O1|FZ-CZ|CZ-PZ|FP2-F4|F4-C4|C4-P4|P4-O2|FP2-F8|F8-T8|P8-O2,True,0.5,45.0,False,False,False,False,0,0,True,True,0,0,True,True,data\interim\chbmit\preprocessing_v1\chb18\chb18_21_preproc-v1_raw.fif,62728717,b66e311b1dbcdcf059b545c0c737385bc4e2014cdf85db2236e2bf8d38b610b7,preprocessing_v1,harmonization_v1,primary_17,1.12.1,3e33b1dcc42f16cd9604ba3aedc514ffa9e8bb93,2026-07-31T13:41:19.402535+00:00,success
chb18,chb18_22,E:/My_Github/epilepsy-eeg-hybrid-ai/data/raw/chbmit/chb18/chb18_22.edf,256.0,256.0,921600,921600,3600.0,3600.0,28,17,FP1-F7|F7-T7|T7-P7|P7-O1|FP1-F3|F3-C3|C3-P3|P3-O1|FZ-CZ|CZ-PZ|FP2-F4|F4-C4|C4-P4|P4-O2|FP2-F8|F8-T8|P8-O2,True,0.5,45.0,False,False,False,False,0,0,True,True,0,0,True,True,data\interim\chbmit\preprocessing_v1\chb18\chb18_22_preproc-v1_raw.fif,62728717,a1dab90e145e450785cf01e819cdd3b16b75971cdcfc2c7063f27ddfd8052cc1,preprocessing_v1,harmonization_v1,primary_17,1.12.1,3e33b1dcc42f16cd9604ba3aedc514ffa9e8bb93,2026-07-31T13:41:19.402535+00:00,success
chb18,chb18_23,E:/My_Github/epilepsy-eeg-hybrid-ai/data/raw/chbmit/chb18/chb18_23.edf,256.0,256.0,921600,921600,3600.0,3600.0,28,17,FP1-F7|F7-T7|T7-P7|P7-O1|FP1-F3|F3-C3|C3-P3|P3-O1|FZ-CZ|CZ-PZ|FP2-F4|F4-C4|C4-P4|P4-O2|FP2-F8|F8-T8|P8-O2,True,0.5,45.0,False,False,False,False,0,0,True,True,0,0,True,True,data\interim\chbmit\preprocessing_v1\chb18\chb18_23_preproc-v1_raw.fif,62728717,b1cf85b327601ae1a09ea5face32a60ae8a66a367553e83f947ad7423b808a30,preprocessing_v1,harmonization_v1,primary_17,1.12.1,3e33b1dcc42f16cd9604ba3aedc514ffa9e8bb93,2026-07-31T13:41:19.402535+00:00,success
chb18,chb18_24,E:/My_Github/epilepsy-eeg-hybrid-ai/data/raw/chbmit/chb18/chb18_24.edf,256.0,256.0,921600,921600,3600.0,3600.0,28,17,FP1-F7|F7-T7|T7-P7|P7-O1|FP1-F3|F3-C3|C3-P3|P3-O1|FZ-CZ|CZ-PZ|FP2-F4|F4-C4|C4-P4|P4-O2|FP2-F8|F8-T8|P8-O2,True,0.5,45.0,False,False,False,False,0,0,True,True,0,0,True,True,data\interim\chbmit\preprocessing_v1\chb18\chb18_24_preproc-v1_raw.fif,62728717,04cb893440058ffd763b6340d043dcaf21b63c29cc2f8f22ff1ae33bf8732c0e,preprocessing_v1,harmonization_v1,primary_17,1.12.1,3e33b1dcc42f16cd9604ba3aedc514ffa9e8bb93,2026-07-31T13:41:19.402535+00:00,success
chb18,chb18_25,E:/My_Github/epilepsy-eeg-hybrid-ai/data/raw/chbmit/chb18/chb18_25.edf,256.0,256.0,921600,921600,3600.0,3600.0,28,17,FP1-F7|F7-T7|T7-P7|P7-O1|FP1-F3|F3-C3|C3-P3|P3-O1|FZ-CZ|CZ-PZ|FP2-F4|F4-C4|C4-P4|P4-O2|FP2-F8|F8-T8|P8-O2,True,0.5,45.0,False,False,False,False,0,0,True,True,0,0,True,True,data\interim\chbmit\preprocessing_v1\chb18\chb18_25_preproc-v1_raw.fif,62728717,98f74664c74d27947a67c4033dcb55bc1ee1e9fe0a457095d2005e25095d5b21,preprocessing_v1,harmonization_v1,primary_17,1.12.1,3e33b1dcc42f16cd9604ba3aedc514ffa9e8bb93,2026-07-31T13:41:19.402535+00:00,success
chb18,chb18_26,E:/My_Github/epilepsy-eeg-hybrid-ai/data/raw/chbmit/chb18/chb18_26.edf,256.0,256.0,921600,921600,3600.0,3600.0,28,17,FP1-F7|F7-T7|T7-P7|P7-O1|FP1-F3|F3-C3|C3-P3|P3-O1|FZ-CZ|CZ-PZ|FP2-F4|F4-C4|C4-P4|P4-O2|FP2-F8|F8-T8|P8-O2,True,0.5,45.0,False,False,False,False,0,0,True,True,0,0,True,True,data\interim\chbmit\preprocessing_v1\chb18\chb18_26_preproc-v1_raw.fif,62728717,d8fd29a5e858aa24fa4a5e3ca1acca24e275cc42a044605369ec2fc7a8ee9fda,preprocessing_v1,harmonization_v1,primary_17,1.12.1,3e33b1dcc42f16cd9604ba3aedc514ffa9e8bb93,2026-07-31T13:41:19.402535+00:00,success
chb18,chb18_27,E:/My_Github/epilepsy-eeg-hybrid-ai/data/raw/chbmit/chb18/chb18_27.edf,256.0,256.0,921600,921600,3600.0,3600.0,28,17,FP1-F7|F7-T7|T7-P7|P7-O1|FP1-F3|F3-C3|C3-P3|P3-O1|FZ-CZ|CZ-PZ|FP2-F4|F4-C4|C4-P4|P4-O2|FP2-F8|F8-T8|P8-O2,True,0.5,45.0,False,False,False,False,0,0,True,True,0,0,True,True,data\interim\chbmit\preprocessing_v1\chb18\chb18_27_preproc-v1_raw.fif,62728717,2dc2add085afd093a8d33892debc6ba2a0ea196294ba106b1aac60d52bd5059e,preprocessing_v1,harmonization_v1,primary_17,1.12.1,3e33b1dcc42f16cd9604ba3aedc514ffa9e8bb93,2026-07-31T13:41:19.402535+00:00,success
chb18,chb18_28,E:/My_Github/epilepsy-eeg-hybrid-ai/data/raw/chbmit/chb18/chb18_28.edf,256.0,256.0,921600,921600,3600.0,3600.0,28,17,FP1-F7|F7-T7|T7-P7|P7-O1|FP1-F3|F3-C3|C3-P3|P3-O1|FZ-CZ|CZ-PZ|FP2-F4|F4-C4|C4-P4|P4-O2|FP2-F8|F8-T8|P8-O2,True,0.5,45.0,False,False,False,False,0,0,True,True,0,0,True,True,data\interim\chbmit\preprocessing_v1\chb18\chb18_28_preproc-v1_raw.fif,62728717,3700f414b3b6f6ef60079e077e87ea08bd1fed2fd68eee855216c66dacf0add8,preprocessing_v1,harmonization_v1,primary_17,1.12.1,3e33b1dcc42f16cd9604ba3aedc514ffa9e8bb93,2026-07-31T13:41:19.402535+00:00,success
chb18,chb18_29,E:/My_Github/epilepsy-eeg-hybrid-ai/data/raw/chbmit/chb18/chb18_29.edf,256.0,256.0,921600,921600,3600.0,3600.0,28,17,FP1-F7|F7-T7|T7-P7|P7-O1|FP1-F3|F3-C3|C3-P3|P3-O1|FZ-CZ|CZ-PZ|FP2-F4|F4-C4|C4-P4|P4-O2|FP2-F8|F8-T8|P8-O2,True,0.5,45.0,False,False,False,False,1,1,True,True,1,1,True,True,data\interim\chbmit\preprocessing_v1\chb18\chb18_29_preproc-v1_raw.fif,62728838,fbe6fccba293a8de36fae51539c4e0dd61d1b671ba01f2e403f6d009de7543a0,preprocessing_v1,harmonization_v1,primary_17,1.12.1,3e33b1dcc42f16cd9604ba3aedc514ffa9e8bb93,2026-07-31T13:41:19.402535+00:00,success
chb18,chb18_30,E:/My_Github/epilepsy-eeg-hybrid-ai/data/raw/chbmit/chb18/chb18_30.edf,256.0,256.0,921600,921600,3600.0,3600.0,28,17,FP1-F7|F7-T7|T7-P7|P7-O1|FP1-F3|F3-C3|C3-P3|P3-O1|FZ-CZ|CZ-PZ|FP2-F4|F4-C4|C4-P4|P4-O2|FP2-F8|F8-T8|P8-O2,True,0.5,45.0,False,False,False,False,1,1,True,True,1,1,True,True,data\interim\chbmit\preprocessing_v1\chb18\chb18_30_preproc-v1_raw.fif,62728838,d5054ba090c67c3ee6d3f70677064df3577bd5aa7b722928b14f3aef637d2d9b,preprocessing_v1,harmonization_v1,primary_17,1.12.1,3e33b1dcc42f16cd9604ba3aedc514ffa9e8bb93,2026-07-31T13:41:19.402535+00:00,success
chb18,chb18_31,E:/My_Github/epilepsy-eeg-hybrid-ai/data/raw/chbmit/chb18/chb18_31.edf,256.0,256.0,582144,582144,2274.0,2274.0,28,17,FP1-F7|F7-T7|T7-P7|P7-O1|FP1-F3|F3-C3|C3-P3|P3-O1|FZ-CZ|CZ-PZ|FP2-F4|F4-C4|C4-P4|P4-O2|FP2-F8|F8-T8|P8-O2,True,0.5,45.0,False,False,False,False,1,1,True,True,1,1,True,True,data\interim\chbmit\preprocessing_v1\chb18\chb18_31_preproc-v1_raw.fif,39624614,2aff227010ecf8d62db2f38e6dbbf4194aea3953b65509a0345cdb4220f7410d,preprocessing_v1,harmonization_v1,primary_17,1.12.1,3e33b1dcc42f16cd9604ba3aedc514ffa9e8bb93,2026-07-31T13:41:19.402535+00:00,success
chb18,chb18_32,E:/My_Github/epilepsy-eeg-hybrid-ai/data/raw/chbmit/chb18/chb18_32.edf,256.0,256.0,921600,921600,3600.0,3600.0,28,17,FP1-F7|F7-T7|T7-P7|P7-O1|FP1-F3|F3-C3|C3-P3|P3-O1|FZ-CZ|CZ-PZ|FP2-F4|F4-C4|C4-P4|P4-O2|FP2-F8|F8-T8|P8-O2,True,0.5,45.0,False,False,False,False,1,1,True,True,1,1,True,True,data\interim\chbmit\preprocessing_v1\chb18\chb18_32_preproc-v1_raw.fif,62728838,fe4202b190b0bfe86b68a6fd5aebd92722c06a11323be5ba4f77b458aa64b252,preprocessing_v1,harmonization_v1,primary_17,1.12.1,3e33b1dcc42f16cd9604ba3aedc514ffa9e8bb93,2026-07-31T13:41:19.402535+00:00,success
chb18,chb18_33,E:/My_Github/epilepsy-eeg-hybrid-ai/data/raw/chbmit/chb18/chb18_33.edf,256.0,256.0,921600,921600,3600.0,3600.0,28,17,FP1-F7|F7-T7|T7-P7|P7-O1|FP1-F3|F3-C3|C3-P3|P3-O1|FZ-CZ|CZ-PZ|FP2-F4|F4-C4|C4-P4|P4-O2|FP2-F8|F8-T8|P8-O2,True,0.5,45.0,False,False,False,False,0,0,True,True,0,0,True,True,data\interim\chbmit\preprocessing_v1\chb18\chb18_33_preproc-v1_raw.fif,62728717,c62817d8a63ff60bd461a11e5969dbfd1e1d965794adb584bd89231773dbb30f,preprocessing_v1,harmonization_v1,primary_17,1.12.1,3e33b1dcc42f16cd9604ba3aedc514ffa9e8bb93,2026-07-31T13:41:19.402535+00:00,success
chb18,chb18_34,E:/My_Github/epilepsy-eeg-hybrid-ai/data/raw/chbmit/chb18/chb18_34.edf,256.0,256.0,921600,921600,3600.0,3600.0,28,17,FP1-F7|F7-T7|T7-P7|P7-O1|FP1-F3|F3-C3|C3-P3|P3-O1|FZ-CZ|CZ-PZ|FP2-F4|F4-C4|C4-P4|P4-O2|FP2-F8|F8-T8|P8-O2,True,0.5,45.0,False,False,False,False,0,0,True,True,0,0,True,True,data\interim\chbmit\preprocessing_v1\chb18\chb18_34_preproc-v1_raw.fif,62728717,49fb8188805dfd01ede47989e7f3915fb871c295fae68fc39f944d5f237c0e78,preprocessing_v1,harmonization_v1,primary_17,1.12.1,3e33b1dcc42f16cd9604ba3aedc514ffa9e8bb93,2026-07-31T13:41:19.402535+00:00,success
chb18,chb18_35,E:/My_Github/epilepsy-eeg-hybrid-ai/data/raw/chbmit/chb18/chb18_35.edf,256.0,256.0,921600,921600,3600.0,3600.0,28,17,FP1-F7|F7-T7|T7-P7|P7-O1|FP1-F3|F3-C3|C3-P3|P3-O1|FZ-CZ|CZ-PZ|FP2-F4|F4-C4|C4-P4|P4-O2|FP2-F8|F8-T8|P8-O2,True,0.5,45.0,False,False,False,False,1,1,True,True,1,1,True,True,data\interim\chbmit\preprocessing_v1\chb18\chb18_35_preproc-v1_raw.fif,62728838,8a013bf5b2c8e563cd66c1e0aa9fd23047a8db3e240017b842dbbc048ee01483,preprocessing_v1,harmonization_v1,primary_17,1.12.1,3e33b1dcc42f16cd9604ba3aedc514ffa9e8bb93,2026-07-31T13:41:19.402535+00:00,success
chb18,chb18_36,E:/My_Github/epilepsy-eeg-hybrid-ai/data/raw/chbmit/chb18/chb18_36.edf,256.0,256.0,921600,921600,3600.0,3600.0,28,17,FP1-F7|F7-T7|T7-P7|P7-O1|FP1-F3|F3-C3|C3-P3|P3-O1|FZ-CZ|CZ-PZ|FP2-F4|F4-C4|C4-P4|P4-O2|FP2-F8|F8-T8|P8-O2,True,0.5,45.0,False,False,False,False,1,1,True,True,1,1,True,True,data\interim\chbmit\preprocessing_v1\chb18\chb18_36_preproc-v1_raw.fif,62728838,ad024cc012dd1c415c1b3224d1512d7eef93a7e8fceec6267aa1c8923cf279d8,preprocessing_v1,harmonization_v1,primary_17,1.12.1,3e33b1dcc42f16cd9604ba3aedc514ffa9e8bb93,2026-07-31T13:41:19.402535+00:00,success
chb19,chb19_01,E:/My_Github/epilepsy-eeg-hybrid-ai/data/raw/chbmit/chb19/chb19_01.edf,256.0,256.0,921600,921600,3600.0,3600.0,22,17,FP1-F7|F7-T7|T7-P7|P7-O1|FP1-F3|F3-C3|C3-P3|P3-O1|FZ-CZ|CZ-PZ|FP2-F4|F4-C4|C4-P4|P4-O2|FP2-F8|F8-T8|P8-O2,True,0.5,45.0,False,False,False,False,0,0,True,True,0,0,True,True,data\interim\chbmit\preprocessing_v1\chb19\chb19_01_preproc-v1_raw.fif,62728717,0d1e567956437adff0f12a01c0cdee393c9874c958ad7a01e03766465d76cf8b,preprocessing_v1,harmonization_v1,primary_17,1.12.1,3e33b1dcc42f16cd9604ba3aedc514ffa9e8bb93,2026-07-31T13:41:19.402535+00:00,success
chb19,chb19_02,E:/My_Github/epilepsy-eeg-hybrid-ai/data/raw/chbmit/chb19/chb19_02.edf,256.0,256.0,921600,921600,3600.0,3600.0,28,17,FP1-F7|F7-T7|T7-P7|P7-O1|FP1-F3|F3-C3|C3-P3|P3-O1|FZ-CZ|CZ-PZ|FP2-F4|F4-C4|C4-P4|P4-O2|FP2-F8|F8-T8|P8-O2,True,0.5,45.0,False,False,False,False,0,0,True,True,0,0,True,True,data\interim\chbmit\preprocessing_v1\chb19\chb19_02_preproc-v1_raw.fif,62728717,03bc006506dbcd9d96e0c06d2f88be95bbbf75075da8b12052b4f57c1515da1f,preprocessing_v1,harmonization_v1,primary_17,1.12.1,3e33b1dcc42f16cd9604ba3aedc514ffa9e8bb93,2026-07-31T13:41:19.402535+00:00,success
chb19,chb19_03,E:/My_Github/epilepsy-eeg-hybrid-ai/data/raw/chbmit/chb19/chb19_03.edf,256.0,256.0,921600,921600,3600.0,3600.0,28,17,FP1-F7|F7-T7|T7-P7|P7-O1|FP1-F3|F3-C3|C3-P3|P3-O1|FZ-CZ|CZ-PZ|FP2-F4|F4-C4|C4-P4|P4-O2|FP2-F8|F8-T8|P8-O2,True,0.5,45.0,False,False,False,False,0,0,True,True,0,0,True,True,data\interim\chbmit\preprocessing_v1\chb19\chb19_03_preproc-v1_raw.fif,62728717,827f55494b4d70b790b0cbc87e374abd15d80a4f48e07870200b750a58c13021,preprocessing_v1,harmonization_v1,primary_17,1.12.1,3e33b1dcc42f16cd9604ba3aedc514ffa9e8bb93,2026-07-31T13:41:19.402535+00:00,success
chb19,chb19_04,E:/My_Github/epilepsy-eeg-hybrid-ai/data/raw/chbmit/chb19/chb19_04.edf,256.0,256.0,921600,921600,3600.0,3600.0,28,17,FP1-F7|F7-T7|T7-P7|P7-O1|FP1-F3|F3-C3|C3-P3|P3-O1|FZ-CZ|CZ-PZ|FP2-F4|F4-C4|C4-P4|P4-O2|FP2-F8|F8-T8|P8-O2,True,0.5,45.0,False,False,False,False,0,0,True,True,0,0,True,True,data\interim\chbmit\preprocessing_v1\chb19\chb19_04_preproc-v1_raw.fif,62728717,ed9d40f175fb958e6e696d39c685462a9abdf0578ee98b7199cee28317519192,preprocessing_v1,harmonization_v1,primary_17,1.12.1,3e33b1dcc42f16cd9604ba3aedc514ffa9e8bb93,2026-07-31T13:41:19.402535+00:00,success
chb19,chb19_05,E:/My_Github/epilepsy-eeg-hybrid-ai/data/raw/chbmit/chb19/chb19_05.edf,256.0,256.0,921600,921600,3600.0,3600.0,28,17,FP1-F7|F7-T7|T7-P7|P7-O1|FP1-F3|F3-C3|C3-P3|P3-O1|FZ-CZ|CZ-PZ|FP2-F4|F4-C4|C4-P4|P4-O2|FP2-F8|F8-T8|P8-O2,True,0.5,45.0,False,False,False,False,0,0,True,True,0,0,True,True,data\interim\chbmit\preprocessing_v1\chb19\chb19_05_preproc-v1_raw.fif,62728717,1cea7af3d85887f60eed33e2200e66f3ff6a35f1ab7b8c7753a7496203e49076,preprocessing_v1,harmonization_v1,primary_17,1.12.1,3e33b1dcc42f16cd9604ba3aedc514ffa9e8bb93,2026-07-31T13:41:19.402535+00:00,success
chb19,chb19_06,E:/My_Github/epilepsy-eeg-hybrid-ai/data/raw/chbmit/chb19/chb19_06.edf,256.0,256.0,921600,921600,3600.0,3600.0,28,17,FP1-F7|F7-T7|T7-P7|P7-O1|FP1-F3|F3-C3|C3-P3|P3-O1|FZ-CZ|CZ-PZ|FP2-F4|F4-C4|C4-P4|P4-O2|FP2-F8|F8-T8|P8-O2,True,0.5,45.0,False,False,False,False,0,0,True,True,0,0,True,True,data\interim\chbmit\preprocessing_v1\chb19\chb19_06_preproc-v1_raw.fif,62728717,5c217971feaf9842d4328752b3eba5bcae22f9ea2ddcf81038330cc8f9c4786a,preprocessing_v1,harmonization_v1,primary_17,1.12.1,3e33b1dcc42f16cd9604ba3aedc514ffa9e8bb93,2026-07-31T13:41:19.402535+00:00,success
chb19,chb19_07,E:/My_Github/epilepsy-eeg-hybrid-ai/data/raw/chbmit/chb19/chb19_07.edf,256.0,256.0,921600,921600,3600.0,3600.0,28,17,FP1-F7|F7-T7|T7-P7|P7-O1|FP1-F3|F3-C3|C3-P3|P3-O1|FZ-CZ|CZ-PZ|FP2-F4|F4-C4|C4-P4|P4-O2|FP2-F8|F8-T8|P8-O2,True,0.5,45.0,False,False,False,False,0,0,True,True,0,0,True,True,data\interim\chbmit\preprocessing_v1\chb19\chb19_07_preproc-v1_raw.fif,62728717,453e16169df99ff92e72f9b8ec0c749050da0881ee9c5a598f0e8c2d851e89f5,preprocessing_v1,harmonization_v1,primary_17,1.12.1,3e33b1dcc42f16cd9604ba3aedc514ffa9e8bb93,2026-07-31T13:41:19.402535+00:00,success
chb19,chb19_08,E:/My_Github/epilepsy-eeg-hybrid-ai/data/raw/chbmit/chb19/chb19_08.edf,256.0,256.0,921600,921600,3600.0,3600.0,28,17,FP1-F7|F7-T7|T7-P7|P7-O1|FP1-F3|F3-C3|C3-P3|P3-O1|FZ-CZ|CZ-PZ|FP2-F4|F4-C4|C4-P4|P4-O2|FP2-F8|F8-T8|P8-O2,True,0.5,45.0,False,False,False,False,0,0,True,True,0,0,True,True,data\interim\chbmit\preprocessing_v1\chb19\chb19_08_preproc-v1_raw.fif,62728717,feec3d61f33faf36ce00ef649bebe3b71937244a7cf0178d2efdd830a0408a74,preprocessing_v1,harmonization_v1,primary_17,1.12.1,3e33b1dcc42f16cd9604ba3aedc514ffa9e8bb93,2026-07-31T13:41:19.402535+00:00,success
chb19,chb19_09,E:/My_Github/epilepsy-eeg-hybrid-ai/data/raw/chbmit/chb19/chb19_09.edf,256.0,256.0,921600,921600,3600.0,3600.0,28,17,FP1-F7|F7-T7|T7-P7|P7-O1|FP1-F3|F3-C3|C3-P3|P3-O1|FZ-CZ|CZ-PZ|FP2-F4|F4-C4|C4-P4|P4-O2|FP2-F8|F8-T8|P8-O2,True,0.5,45.0,False,False,False,False,0,0,True,True,0,0,True,True,data\interim\chbmit\preprocessing_v1\chb19\chb19_09_preproc-v1_raw.fif,62728717,c7d29e45ecadcd4b71c506bcd4cfc13a1d769cfebe4be245f13560b3588a9f7d,preprocessing_v1,harmonization_v1,primary_17,1.12.1,3e33b1dcc42f16cd9604ba3aedc514ffa9e8bb93,2026-07-31T13:41:19.402535+00:00,success
chb19,chb19_10,E:/My_Github/epilepsy-eeg-hybrid-ai/data/raw/chbmit/chb19/chb19_10.edf,256.0,256.0,921600,921600,3600.0,3600.0,28,17,FP1-F7|F7-T7|T7-P7|P7-O1|FP1-F3|F3-C3|C3-P3|P3-O1|FZ-CZ|CZ-PZ|FP2-F4|F4-C4|C4-P4|P4-O2|FP2-F8|F8-T8|P8-O2,True,0.5,45.0,False,False,False,False,0,0,True,True,0,0,True,True,data\interim\chbmit\preprocessing_v1\chb19\chb19_10_preproc-v1_raw.fif,62728717,c6f96590cae5e05d90503d5b3f59982fc8300c1cd9bf25f4a0f8947641f51685,preprocessing_v1,harmonization_v1,primary_17,1.12.1,3e33b1dcc42f16cd9604ba3aedc514ffa9e8bb93,2026-07-31T13:41:19.402535+00:00,success
chb19,chb19_11,E:/My_Github/epilepsy-eeg-hybrid-ai/data/raw/chbmit/chb19/chb19_11.edf,256.0,256.0,921600,921600,3600.0,3600.0,28,17,FP1-F7|F7-T7|T7-P7|P7-O1|FP1-F3|F3-C3|C3-P3|P3-O1|FZ-CZ|CZ-PZ|FP2-F4|F4-C4|C4-P4|P4-O2|FP2-F8|F8-T8|P8-O2,True,0.5,45.0,False,False,False,False,0,0,True,True,0,0,True,True,data\interim\chbmit\preprocessing_v1\chb19\chb19_11_preproc-v1_raw.fif,62728717,dde7c169237db4f50d0e0daadd22042086489361fe241208578b244bd2d08c1d,preprocessing_v1,harmonization_v1,primary_17,1.12.1,3e33b1dcc42f16cd9604ba3aedc514ffa9e8bb93,2026-07-31T13:41:19.402535+00:00,success
chb19,chb19_12,E:/My_Github/epilepsy-eeg-hybrid-ai/data/raw/chbmit/chb19/chb19_12.edf,256.0,256.0,921600,921600,3600.0,3600.0,28,17,FP1-F7|F7-T7|T7-P7|P7-O1|FP1-F3|F3-C3|C3-P3|P3-O1|FZ-CZ|CZ-PZ|FP2-F4|F4-C4|C4-P4|P4-O2|FP2-F8|F8-T8|P8-O2,True,0.5,45.0,False,False,False,False,0,0,True,True,0,0,True,True,data\interim\chbmit\preprocessing_v1\chb19\chb19_12_preproc-v1_raw.fif,62728717,d577191660c02a5421fbb79621a47f49f6d7115ca7a0c6e524d8ecb80c089f49,preprocessing_v1,harmonization_v1,primary_17,1.12.1,3e33b1dcc42f16cd9604ba3aedc514ffa9e8bb93,2026-07-31T13:41:19.402535+00:00,success
chb19,chb19_13,E:/My_Github/epilepsy-eeg-hybrid-ai/data/raw/chbmit/chb19/chb19_13.edf,256.0,256.0,921600,921600,3600.0,3600.0,28,17,FP1-F7|F7-T7|T7-P7|P7-O1|FP1-F3|F3-C3|C3-P3|P3-O1|FZ-CZ|CZ-PZ|FP2-F4|F4-C4|C4-P4|P4-O2|FP2-F8|F8-T8|P8-O2,True,0.5,45.0,False,False,False,False,0,0,True,True,0,0,True,True,data\interim\chbmit\preprocessing_v1\chb19\chb19_13_preproc-v1_raw.fif,62728717,c355e3c5615f540385f8de54f12342213c18cf3398d83ec9392ecd8bc39b07e0,preprocessing_v1,harmonization_v1,primary_17,1.12.1,3e33b1dcc42f16cd9604ba3aedc514ffa9e8bb93,2026-07-31T13:41:19.402535+00:00,success
chb19,chb19_14,E:/My_Github/epilepsy-eeg-hybrid-ai/data/raw/chbmit/chb19/chb19_14.edf,256.0,256.0,921600,921600,3600.0,3600.0,28,17,FP1-F7|F7-T7|T7-P7|P7-O1|FP1-F3|F3-C3|C3-P3|P3-O1|FZ-CZ|CZ-PZ|FP2-F4|F4-C4|C4-P4|P4-O2|FP2-F8|F8-T8|P8-O2,True,0.5,45.0,False,False,False,False,0,0,True,True,0,0,True,True,data\interim\chbmit\preprocessing_v1\chb19\chb19_14_preproc-v1_raw.fif,62728717,0b48c8e9e3f797ab1e93686bc04a0e7973208e4b919d16283d188166b4ecb1b9,preprocessing_v1,harmonization_v1,primary_17,1.12.1,3e33b1dcc42f16cd9604ba3aedc514ffa9e8bb93,2026-07-31T13:41:19.402535+00:00,success
chb19,chb19_15,E:/My_Github/epilepsy-eeg-hybrid-ai/data/raw/chbmit/chb19/chb19_15.edf,256.0,256.0,921600,921600,3600.0,3600.0,28,17,FP1-F7|F7-T7|T7-P7|P7-O1|FP1-F3|F3-C3|C3-P3|P3-O1|FZ-CZ|CZ-PZ|FP2-F4|F4-C4|C4-P4|P4-O2|FP2-F8|F8-T8|P8-O2,True,0.5,45.0,False,False,False,False,0,0,True,True,0,0,True,True,data\interim\chbmit\preprocessing_v1\chb19\chb19_15_preproc-v1_raw.fif,62728717,25613db8c3e622061e81192bdd4003ac8eb274c25deddbab271354bf0bcf1495,preprocessing_v1,harmonization_v1,primary_17,1.12.1,3e33b1dcc42f16cd9604ba3aedc514ffa9e8bb93,2026-07-31T13:41:19.402535+00:00,success
chb19,chb19_16,E:/My_Github/epilepsy-eeg-hybrid-ai/data/raw/chbmit/chb19/chb19_16.edf,256.0,256.0,921600,921600,3600.0,3600.0,28,17,FP1-F7|F7-T7|T7-P7|P7-O1|FP1-F3|F3-C3|C3-P3|P3-O1|FZ-CZ|CZ-PZ|FP2-F4|F4-C4|C4-P4|P4-O2|FP2-F8|F8-T8|P8-O2,True,0.5,45.0,False,False,False,False,0,0,True,True,0,0,True,True,data\interim\chbmit\preprocessing_v1\chb19\chb19_16_preproc-v1_raw.fif,62728717,72970b40346c0bd9a8d7783d0714b08ff9f96765bef8159b528cc1294d91746c,preprocessing_v1,harmonization_v1,primary_17,1.12.1,3e33b1dcc42f16cd9604ba3aedc514ffa9e8bb93,2026-07-31T13:41:19.402535+00:00,success
chb19,chb19_17,E:/My_Github/epilepsy-eeg-hybrid-ai/data/raw/chbmit/chb19/chb19_17.edf,256.0,256.0,921600,921600,3600.0,3600.0,28,17,FP1-F7|F7-T7|T7-P7|P7-O1|FP1-F3|F3-C3|C3-P3|P3-O1|FZ-CZ|CZ-PZ|FP2-F4|F4-C4|C4-P4|P4-O2|FP2-F8|F8-T8|P8-O2,True,0.5,45.0,False,False,False,False,0,0,True,True,0,0,True,True,data\interim\chbmit\preprocessing_v1\chb19\chb19_17_preproc-v1_raw.fif,62728717,3a2f03c61d6d134b5199cd404c3702b375be3adaa1840b23a61ea29e1b20d18d,preprocessing_v1,harmonization_v1,primary_17,1.12.1,3e33b1dcc42f16cd9604ba3aedc514ffa9e8bb93,2026-07-31T13:41:19.402535+00:00,success
chb19,chb19_18,E:/My_Github/epilepsy-eeg-hybrid-ai/data/raw/chbmit/chb19/chb19_18.edf,256.0,256.0,921600,921600,3600.0,3600.0,28,17,FP1-F7|F7-T7|T7-P7|P7-O1|FP1-F3|F3-C3|C3-P3|P3-O1|FZ-CZ|CZ-PZ|FP2-F4|F4-C4|C4-P4|P4-O2|FP2-F8|F8-T8|P8-O2,True,0.5,45.0,False,False,False,False,0,0,True,True,0,0,True,True,data\interim\chbmit\preprocessing_v1\chb19\chb19_18_preproc-v1_raw.fif,62728717,37928450a5b15c260a100ab8c228098e48746e9c3df8eea3febc99b1a9e72a16,preprocessing_v1,harmonization_v1,primary_17,1.12.1,3e33b1dcc42f16cd9604ba3aedc514ffa9e8bb93,2026-07-31T13:41:19.402535+00:00,success
chb19,chb19_19,E:/My_Github/epilepsy-eeg-hybrid-ai/data/raw/chbmit/chb19/chb19_19.edf,256.0,256.0,921600,921600,3600.0,3600.0,28,17,FP1-F7|F7-T7|T7-P7|P7-O1|FP1-F3|F3-C3|C3-P3|P3-O1|FZ-CZ|CZ-PZ|FP2-F4|F4-C4|C4-P4|P4-O2|FP2-F8|F8-T8|P8-O2,True,0.5,45.0,False,False,False,False,0,0,True,True,0,0,True,True,data\interim\chbmit\preprocessing_v1\chb19\chb19_19_preproc-v1_raw.fif,62728717,29188c0995d74bedc94362f6c7c5b8de524b6cc23e7816279525f2f1cb88a49d,preprocessing_v1,harmonization_v1,primary_17,1.12.1,3e33b1dcc42f16cd9604ba3aedc514ffa9e8bb93,2026-07-31T13:41:19.402535+00:00,success
chb19,chb19_20,E:/My_Github/epilepsy-eeg-hybrid-ai/data/raw/chbmit/chb19/chb19_20.edf,256.0,256.0,921600,921600,3600.0,3600.0,28,17,FP1-F7|F7-T7|T7-P7|P7-O1|FP1-F3|F3-C3|C3-P3|P3-O1|FZ-CZ|CZ-PZ|FP2-F4|F4-C4|C4-P4|P4-O2|FP2-F8|F8-T8|P8-O2,True,0.5,45.0,False,False,False,False,0,0,True,True,0,0,True,True,data\interim\chbmit\preprocessing_v1\chb19\chb19_20_preproc-v1_raw.fif,62728717,97dd0ac18724a0a380c692e376852bf7756ac7a754acfd49379cf158904bd28b,preprocessing_v1,harmonization_v1,primary_17,1.12.1,3e33b1dcc42f16cd9604ba3aedc514ffa9e8bb93,2026-07-31T13:41:19.402535+00:00,success
chb19,chb19_21,E:/My_Github/epilepsy-eeg-hybrid-ai/data/raw/chbmit/chb19/chb19_21.edf,256.0,256.0,921600,921600,3600.0,3600.0,28,17,FP1-F7|F7-T7|T7-P7|P7-O1|FP1-F3|F3-C3|C3-P3|P3-O1|FZ-CZ|CZ-PZ|FP2-F4|F4-C4|C4-P4|P4-O2|FP2-F8|F8-T8|P8-O2,True,0.5,45.0,False,False,False,False,0,0,True,True,0,0,True,True,data\interim\chbmit\preprocessing_v1\chb19\chb19_21_preproc-v1_raw.fif,62728717,0e65aa6f58df2f8e5336004338d1b022000d3ce1e0a1e8fc4ad534027fac1dc5,preprocessing_v1,harmonization_v1,primary_17,1.12.1,3e33b1dcc42f16cd9604ba3aedc514ffa9e8bb93,2026-07-31T13:41:19.402535+00:00,success
chb19,chb19_22,E:/My_Github/epilepsy-eeg-hybrid-ai/data/raw/chbmit/chb19/chb19_22.edf,256.0,256.0,921600,921600,3600.0,3600.0,28,17,FP1-F7|F7-T7|T7-P7|P7-O1|FP1-F3|F3-C3|C3-P3|P3-O1|FZ-CZ|CZ-PZ|FP2-F4|F4-C4|C4-P4|P4-O2|FP2-F8|F8-T8|P8-O2,True,0.5,45.0,False,False,False,False,0,0,True,True,0,0,True,True,data\interim\chbmit\preprocessing_v1\chb19\chb19_22_preproc-v1_raw.fif,62728717,fee1704444d8df91d921806e4fb636313057bf7f520699531230661c0aa45ce4,preprocessing_v1,harmonization_v1,primary_17,1.12.1,3e33b1dcc42f16cd9604ba3aedc514ffa9e8bb93,2026-07-31T13:41:19.402535+00:00,success
chb19,chb19_23,E:/My_Github/epilepsy-eeg-hybrid-ai/data/raw/chbmit/chb19/chb19_23.edf,256.0,256.0,921600,921600,3600.0,3600.0,28,17,FP1-F7|F7-T7|T7-P7|P7-O1|FP1-F3|F3-C3|C3-P3|P3-O1|FZ-CZ|CZ-PZ|FP2-F4|F4-C4|C4-P4|P4-O2|FP2-F8|F8-T8|P8-O2,True,0.5,45.0,False,False,False,False,0,0,True,True,0,0,True,True,data\interim\chbmit\preprocessing_v1\chb19\chb19_23_preproc-v1_raw.fif,62728717,dff7c9e6f3f977e06c9993e3a2b890990ac445858925fb2dc83cb5c34f079da4,preprocessing_v1,harmonization_v1,primary_17,1.12.1,3e33b1dcc42f16cd9604ba3aedc514ffa9e8bb93,2026-07-31T13:41:19.402535+00:00,success
chb19,chb19_24,E:/My_Github/epilepsy-eeg-hybrid-ai/data/raw/chbmit/chb19/chb19_24.edf,256.0,256.0,921600,921600,3600.0,3600.0,28,17,FP1-F7|F7-T7|T7-P7|P7-O1|FP1-F3|F3-C3|C3-P3|P3-O1|FZ-CZ|CZ-PZ|FP2-F4|F4-C4|C4-P4|P4-O2|FP2-F8|F8-T8|P8-O2,True,0.5,45.0,False,False,False,False,0,0,True,True,0,0,True,True,data\interim\chbmit\preprocessing_v1\chb19\chb19_24_preproc-v1_raw.fif,62728717,ef6a287f94b87fb85f4e00c747fff2641044957dc0feffd95bd2a281b5590e7f,preprocessing_v1,harmonization_v1,primary_17,1.12.1,3e33b1dcc42f16cd9604ba3aedc514ffa9e8bb93,2026-07-31T13:41:19.402535+00:00,success
chb19,chb19_25,E:/My_Github/epilepsy-eeg-hybrid-ai/data/raw/chbmit/chb19/chb19_25.edf,256.0,256.0,921600,921600,3600.0,3600.0,28,17,FP1-F7|F7-T7|T7-P7|P7-O1|FP1-F3|F3-C3|C3-P3|P3-O1|FZ-CZ|CZ-PZ|FP2-F4|F4-C4|C4-P4|P4-O2|FP2-F8|F8-T8|P8-O2,True,0.5,45.0,False,False,False,False,0,0,True,True,0,0,True,True,data\interim\chbmit\preprocessing_v1\chb19\chb19_25_preproc-v1_raw.fif,62728717,441186ce2588f0f6fded9f561305735e14b07947629dd8de13ea70dcb47ae245,preprocessing_v1,harmonization_v1,primary_17,1.12.1,3e33b1dcc42f16cd9604ba3aedc514ffa9e8bb93,2026-07-31T13:41:19.402535+00:00,success
chb19,chb19_26,E:/My_Github/epilepsy-eeg-hybrid-ai/data/raw/chbmit/chb19/chb19_26.edf,256.0,256.0,921600,921600,3600.0,3600.0,28,17,FP1-F7|F7-T7|T7-P7|P7-O1|FP1-F3|F3-C3|C3-P3|P3-O1|FZ-CZ|CZ-PZ|FP2-F4|F4-C4|C4-P4|P4-O2|FP2-F8|F8-T8|P8-O2,True,0.5,45.0,False,False,False,False,0,0,True,True,0,0,True,True,data\interim\chbmit\preprocessing_v1\chb19\chb19_26_preproc-v1_raw.fif,62728717,c0b15cffb5c0f828cb025278cda0e0281620a69832a43f9d22990515e045dd69,preprocessing_v1,harmonization_v1,primary_17,1.12.1,3e33b1dcc42f16cd9604ba3aedc514ffa9e8bb93,2026-07-31T13:41:19.402535+00:00,success
chb19,chb19_27,E:/My_Github/epilepsy-eeg-hybrid-ai/data/raw/chbmit/chb19/chb19_27.edf,256.0,256.0,921600,921600,3600.0,3600.0,28,17,FP1-F7|F7-T7|T7-P7|P7-O1|FP1-F3|F3-C3|C3-P3|P3-O1|FZ-CZ|CZ-PZ|FP2-F4|F4-C4|C4-P4|P4-O2|FP2-F8|F8-T8|P8-O2,True,0.5,45.0,False,False,False,False,0,0,True,True,0,0,True,True,data\interim\chbmit\preprocessing_v1\chb19\chb19_27_preproc-v1_raw.fif,62728717,562785adc698145de4d755aa363ac7f4978f0f175938724b8f1ccf81d22fde83,preprocessing_v1,harmonization_v1,primary_17,1.12.1,3e33b1dcc42f16cd9604ba3aedc514ffa9e8bb93,2026-07-31T13:41:19.402535+00:00,success
chb19,chb19_28,E:/My_Github/epilepsy-eeg-hybrid-ai/data/raw/chbmit/chb19/chb19_28.edf,256.0,256.0,924672,924672,3612.0,3612.0,28,17,FP1-F7|F7-T7|T7-P7|P7-O1|FP1-F3|F3-C3|C3-P3|P3-O1|FZ-CZ|CZ-PZ|FP2-F4|F4-C4|C4-P4|P4-O2|FP2-F8|F8-T8|P8-O2,True,0.5,45.0,False,False,False,False,1,1,True,True,1,1,True,True,data\interim\chbmit\preprocessing_v1\chb19\chb19_28_preproc-v1_raw.fif,62937926,afbdbd02d5d22cfec12541a03d7c3ca502ca152a3551c7cc09b57b02f73cba0d,preprocessing_v1,harmonization_v1,primary_17,1.12.1,3e33b1dcc42f16cd9604ba3aedc514ffa9e8bb93,2026-07-31T13:41:19.402535+00:00,success
chb19,chb19_29,E:/My_Github/epilepsy-eeg-hybrid-ai/data/raw/chbmit/chb19/chb19_29.edf,256.0,256.0,921600,921600,3600.0,3600.0,28,17,FP1-F7|F7-T7|T7-P7|P7-O1|FP1-F3|F3-C3|C3-P3|P3-O1|FZ-CZ|CZ-PZ|FP2-F4|F4-C4|C4-P4|P4-O2|FP2-F8|F8-T8|P8-O2,True,0.5,45.0,False,False,False,False,1,1,True,True,1,1,True,True,data\interim\chbmit\preprocessing_v1\chb19\chb19_29_preproc-v1_raw.fif,62728838,458a8abf5119c86c51f9d8358dc7ec08ed909978a9c712e90ba1fee9679b4b46,preprocessing_v1,harmonization_v1,primary_17,1.12.1,3e33b1dcc42f16cd9604ba3aedc514ffa9e8bb93,2026-07-31T13:41:19.402535+00:00,success
chb19,chb19_30,E:/My_Github/epilepsy-eeg-hybrid-ai/data/raw/chbmit/chb19/chb19_30.edf,256.0,256.0,853504,853504,3334.0,3334.0,28,17,FP1-F7|F7-T7|T7-P7|P7-O1|FP1-F3|F3-C3|C3-P3|P3-O1|FZ-CZ|CZ-PZ|FP2-F4|F4-C4|C4-P4|P4-O2|FP2-F8|F8-T8|P8-O2,True,0.5,45.0,False,False,False,False,1,1,True,True,1,1,True,True,data\interim\chbmit\preprocessing_v1\chb19\chb19_30_preproc-v1_raw.fif,58094054,7a89351cfc456280921d5dfa15c8b3efeb136dbbefce01f582ecaa99fe9a05ce,preprocessing_v1,harmonization_v1,primary_17,1.12.1,3e33b1dcc42f16cd9604ba3aedc514ffa9e8bb93,2026-07-31T13:41:19.402535+00:00,success
chb20,chb20_01,E:/My_Github/epilepsy-eeg-hybrid-ai/data/raw/chbmit/chb20/chb20_01.edf,256.0,256.0,923136,923136,3606.0,3606.0,28,17,FP1-F7|F7-T7|T7-P7|P7-O1|FP1-F3|F3-C3|C3-P3|P3-O1|FZ-CZ|CZ-PZ|FP2-F4|F4-C4|C4-P4|P4-O2|FP2-F8|F8-T8|P8-O2,True,0.5,45.0,False,False,False,False,0,0,True,True,0,0,True,True,data\interim\chbmit\preprocessing_v1\chb20\chb20_01_preproc-v1_raw.fif,62833261,4fdce59bfdfaedfb5ee4e28b23812c5110ea820d722ad93e685be045ab034507,preprocessing_v1,harmonization_v1,primary_17,1.12.1,3e33b1dcc42f16cd9604ba3aedc514ffa9e8bb93,2026-07-31T13:41:19.402535+00:00,success
chb20,chb20_02,E:/My_Github/epilepsy-eeg-hybrid-ai/data/raw/chbmit/chb20/chb20_02.edf,256.0,256.0,921600,921600,3600.0,3600.0,28,17,FP1-F7|F7-T7|T7-P7|P7-O1|FP1-F3|F3-C3|C3-P3|P3-O1|FZ-CZ|CZ-PZ|FP2-F4|F4-C4|C4-P4|P4-O2|FP2-F8|F8-T8|P8-O2,True,0.5,45.0,False,False,False,False,0,0,True,True,0,0,True,True,data\interim\chbmit\preprocessing_v1\chb20\chb20_02_preproc-v1_raw.fif,62728717,cba78f3890fb856ed4a353cd794bc83b82de5ee3a8eb43e6cebf9d32321580fd,preprocessing_v1,harmonization_v1,primary_17,1.12.1,3e33b1dcc42f16cd9604ba3aedc514ffa9e8bb93,2026-07-31T13:41:19.402535+00:00,success
chb20,chb20_03,E:/My_Github/epilepsy-eeg-hybrid-ai/data/raw/chbmit/chb20/chb20_03.edf,256.0,256.0,921600,921600,3600.0,3600.0,28,17,FP1-F7|F7-T7|T7-P7|P7-O1|FP1-F3|F3-C3|C3-P3|P3-O1|FZ-CZ|CZ-PZ|FP2-F4|F4-C4|C4-P4|P4-O2|FP2-F8|F8-T8|P8-O2,True,0.5,45.0,False,False,False,False,0,0,True,True,0,0,True,True,data\interim\chbmit\preprocessing_v1\chb20\chb20_03_preproc-v1_raw.fif,62728717,c2ff7bcbacedcb7c1d3cdabed041b0feae87049d0f6ad1cb0aefab9788a8eeb0,preprocessing_v1,harmonization_v1,primary_17,1.12.1,3e33b1dcc42f16cd9604ba3aedc514ffa9e8bb93,2026-07-31T13:41:19.402535+00:00,success
chb20,chb20_04,E:/My_Github/epilepsy-eeg-hybrid-ai/data/raw/chbmit/chb20/chb20_04.edf,256.0,256.0,921600,921600,3600.0,3600.0,28,17,FP1-F7|F7-T7|T7-P7|P7-O1|FP1-F3|F3-C3|C3-P3|P3-O1|FZ-CZ|CZ-PZ|FP2-F4|F4-C4|C4-P4|P4-O2|FP2-F8|F8-T8|P8-O2,True,0.5,45.0,False,False,False,False,0,0,True,True,0,0,True,True,data\interim\chbmit\preprocessing_v1\chb20\chb20_04_preproc-v1_raw.fif,62728717,969b7007d76ff7920c139103ece00c86354eb11895f52e20dbeedc92674b470f,preprocessing_v1,harmonization_v1,primary_17,1.12.1,3e33b1dcc42f16cd9604ba3aedc514ffa9e8bb93,2026-07-31T13:41:19.402535+00:00,success
chb20,chb20_05,E:/My_Github/epilepsy-eeg-hybrid-ai/data/raw/chbmit/chb20/chb20_05.edf,256.0,256.0,921600,921600,3600.0,3600.0,28,17,FP1-F7|F7-T7|T7-P7|P7-O1|FP1-F3|F3-C3|C3-P3|P3-O1|FZ-CZ|CZ-PZ|FP2-F4|F4-C4|C4-P4|P4-O2|FP2-F8|F8-T8|P8-O2,True,0.5,45.0,False,False,False,False,0,0,True,True,0,0,True,True,data\interim\chbmit\preprocessing_v1\chb20\chb20_05_preproc-v1_raw.fif,62728717,8daa8019045ecf3f4cdd454c718e5bc584a278540c5bb39144969bba97ffdf5e,preprocessing_v1,harmonization_v1,primary_17,1.12.1,3e33b1dcc42f16cd9604ba3aedc514ffa9e8bb93,2026-07-31T13:41:19.402535+00:00,success
chb20,chb20_06,E:/My_Github/epilepsy-eeg-hybrid-ai/data/raw/chbmit/chb20/chb20_06.edf,256.0,256.0,921600,921600,3600.0,3600.0,28,17,FP1-F7|F7-T7|T7-P7|P7-O1|FP1-F3|F3-C3|C3-P3|P3-O1|FZ-CZ|CZ-PZ|FP2-F4|F4-C4|C4-P4|P4-O2|FP2-F8|F8-T8|P8-O2,True,0.5,45.0,False,False,False,False,0,0,True,True,0,0,True,True,data\interim\chbmit\preprocessing_v1\chb20\chb20_06_preproc-v1_raw.fif,62728717,0783a28f0179eaf576f760170f23447b90d8d0568213965a8aad425aeac57078,preprocessing_v1,harmonization_v1,primary_17,1.12.1,3e33b1dcc42f16cd9604ba3aedc514ffa9e8bb93,2026-07-31T13:41:19.402535+00:00,success
chb20,chb20_07,E:/My_Github/epilepsy-eeg-hybrid-ai/data/raw/chbmit/chb20/chb20_07.edf,256.0,256.0,921600,921600,3600.0,3600.0,28,17,FP1-F7|F7-T7|T7-P7|P7-O1|FP1-F3|F3-C3|C3-P3|P3-O1|FZ-CZ|CZ-PZ|FP2-F4|F4-C4|C4-P4|P4-O2|FP2-F8|F8-T8|P8-O2,True,0.5,45.0,False,False,False,False,0,0,True,True,0,0,True,True,data\interim\chbmit\preprocessing_v1\chb20\chb20_07_preproc-v1_raw.fif,62728717,bdc6f8901f7e129d032444ec157a66ed2c384b98f34517526f156640791d1003,preprocessing_v1,harmonization_v1,primary_17,1.12.1,3e33b1dcc42f16cd9604ba3aedc514ffa9e8bb93,2026-07-31T13:41:19.402535+00:00,success
chb20,chb20_08,E:/My_Github/epilepsy-eeg-hybrid-ai/data/raw/chbmit/chb20/chb20_08.edf,256.0,256.0,921600,921600,3600.0,3600.0,28,17,FP1-F7|F7-T7|T7-P7|P7-O1|FP1-F3|F3-C3|C3-P3|P3-O1|FZ-CZ|CZ-PZ|FP2-F4|F4-C4|C4-P4|P4-O2|FP2-F8|F8-T8|P8-O2,True,0.5,45.0,False,False,False,False,0,0,True,True,0,0,True,True,data\interim\chbmit\preprocessing_v1\chb20\chb20_08_preproc-v1_raw.fif,62728717,de49de435e8106e4f9626037eb8ee1b897afa0ed93feb108a10ce9a4329f6f17,preprocessing_v1,harmonization_v1,primary_17,1.12.1,3e33b1dcc42f16cd9604ba3aedc514ffa9e8bb93,2026-07-31T13:41:19.402535+00:00,success
chb20,chb20_11,E:/My_Github/epilepsy-eeg-hybrid-ai/data/raw/chbmit/chb20/chb20_11.edf,256.0,256.0,921600,921600,3600.0,3600.0,28,17,FP1-F7|F7-T7|T7-P7|P7-O1|FP1-F3|F3-C3|C3-P3|P3-O1|FZ-CZ|CZ-PZ|FP2-F4|F4-C4|C4-P4|P4-O2|FP2-F8|F8-T8|P8-O2,True,0.5,45.0,False,False,False,False,0,0,True,True,0,0,True,True,data\interim\chbmit\preprocessing_v1\chb20\chb20_11_preproc-v1_raw.fif,62728717,b85700189c88e360ac660e1d40d9f18dcf2b814e906e9986edb9f13a452e5359,preprocessing_v1,harmonization_v1,primary_17,1.12.1,3e33b1dcc42f16cd9604ba3aedc514ffa9e8bb93,2026-07-31T13:41:19.402535+00:00,success
chb20,chb20_12,E:/My_Github/epilepsy-eeg-hybrid-ai/data/raw/chbmit/chb20/chb20_12.edf,256.0,256.0,921600,921600,3600.0,3600.0,28,17,FP1-F7|F7-T7|T7-P7|P7-O1|FP1-F3|F3-C3|C3-P3|P3-O1|FZ-CZ|CZ-PZ|FP2-F4|F4-C4|C4-P4|P4-O2|FP2-F8|F8-T8|P8-O2,True,0.5,45.0,False,False,False,False,1,1,True,True,1,1,True,True,data\interim\chbmit\preprocessing_v1\chb20\chb20_12_preproc-v1_raw.fif,62728838,6fd314ae5e95028a0cfa24e9dd711a65bba1537c2e182c0acf2c3cb20d552565,preprocessing_v1,harmonization_v1,primary_17,1.12.1,3e33b1dcc42f16cd9604ba3aedc514ffa9e8bb93,2026-07-31T13:41:19.402535+00:00,success
chb20,chb20_13,E:/My_Github/epilepsy-eeg-hybrid-ai/data/raw/chbmit/chb20/chb20_13.edf,256.0,256.0,921600,921600,3600.0,3600.0,28,17,FP1-F7|F7-T7|T7-P7|P7-O1|FP1-F3|F3-C3|C3-P3|P3-O1|FZ-CZ|CZ-PZ|FP2-F4|F4-C4|C4-P4|P4-O2|FP2-F8|F8-T8|P8-O2,True,0.5,45.0,False,False,False,False,2,2,True,True,2,2,True,True,data\interim\chbmit\preprocessing_v1\chb20\chb20_13_preproc-v1_raw.fif,62728856,528633ee7a5b273bd3bd1318af094befe26ceb19e34cb7949d75c931c9f067f6,preprocessing_v1,harmonization_v1,primary_17,1.12.1,3e33b1dcc42f16cd9604ba3aedc514ffa9e8bb93,2026-07-31T13:41:19.402535+00:00,success
chb20,chb20_14,E:/My_Github/epilepsy-eeg-hybrid-ai/data/raw/chbmit/chb20/chb20_14.edf,256.0,256.0,921600,921600,3600.0,3600.0,28,17,FP1-F7|F7-T7|T7-P7|P7-O1|FP1-F3|F3-C3|C3-P3|P3-O1|FZ-CZ|CZ-PZ|FP2-F4|F4-C4|C4-P4|P4-O2|FP2-F8|F8-T8|P8-O2,True,0.5,45.0,False,False,False,False,1,1,True,True,1,1,True,True,data\interim\chbmit\preprocessing_v1\chb20\chb20_14_preproc-v1_raw.fif,62728838,70121f82c597c44137fc421ba45aa8306ac83bb2a4eb542b9101518b29e66e1e,preprocessing_v1,harmonization_v1,primary_17,1.12.1,3e33b1dcc42f16cd9604ba3aedc514ffa9e8bb93,2026-07-31T13:41:19.402535+00:00,success
chb20,chb20_15,E:/My_Github/epilepsy-eeg-hybrid-ai/data/raw/chbmit/chb20/chb20_15.edf,256.0,256.0,921600,921600,3600.0,3600.0,28,17,FP1-F7|F7-T7|T7-P7|P7-O1|FP1-F3|F3-C3|C3-P3|P3-O1|FZ-CZ|CZ-PZ|FP2-F4|F4-C4|C4-P4|P4-O2|FP2-F8|F8-T8|P8-O2,True,0.5,45.0,False,False,False,False,2,2,True,True,2,2,True,True,data\interim\chbmit\preprocessing_v1\chb20\chb20_15_preproc-v1_raw.fif,62728856,5353385d5a112343fb122db04137457f427efcbbd12bd51694dbc0f80572388d,preprocessing_v1,harmonization_v1,primary_17,1.12.1,3e33b1dcc42f16cd9604ba3aedc514ffa9e8bb93,2026-07-31T13:41:19.402535+00:00,success
chb20,chb20_16,E:/My_Github/epilepsy-eeg-hybrid-ai/data/raw/chbmit/chb20/chb20_16.edf,256.0,256.0,888064,888064,3469.0,3469.0,28,17,FP1-F7|F7-T7|T7-P7|P7-O1|FP1-F3|F3-C3|C3-P3|P3-O1|FZ-CZ|CZ-PZ|FP2-F4|F4-C4|C4-P4|P4-O2|FP2-F8|F8-T8|P8-O2,True,0.5,45.0,False,False,False,False,1,1,True,True,1,1,True,True,data\interim\chbmit\preprocessing_v1\chb20\chb20_16_preproc-v1_raw.fif,60446294,3a1117f7ff06d58ce144340f44672e630a59894fd610285a31ae6c2da0f2b7f1,preprocessing_v1,harmonization_v1,primary_17,1.12.1,3e33b1dcc42f16cd9604ba3aedc514ffa9e8bb93,2026-07-31T13:41:19.402535+00:00,success
chb20,chb20_17,E:/My_Github/epilepsy-eeg-hybrid-ai/data/raw/chbmit/chb20/chb20_17.edf,256.0,256.0,921600,921600,3600.0,3600.0,28,17,FP1-F7|F7-T7|T7-P7|P7-O1|FP1-F3|F3-C3|C3-P3|P3-O1|FZ-CZ|CZ-PZ|FP2-F4|F4-C4|C4-P4|P4-O2|FP2-F8|F8-T8|P8-O2,True,0.5,45.0,False,False,False,False,0,0,True,True,0,0,True,True,data\interim\chbmit\preprocessing_v1\chb20\chb20_17_preproc-v1_raw.fif,62728717,b102a5b3d49242761eea991037e4dba4fc2f285827afdf0766bf86b62d0c2fb3,preprocessing_v1,harmonization_v1,primary_17,1.12.1,3e33b1dcc42f16cd9604ba3aedc514ffa9e8bb93,2026-07-31T13:41:19.402535+00:00,success
chb20,chb20_21,E:/My_Github/epilepsy-eeg-hybrid-ai/data/raw/chbmit/chb20/chb20_21.edf,256.0,256.0,926208,926208,3618.0,3618.0,28,17,FP1-F7|F7-T7|T7-P7|P7-O1|FP1-F3|F3-C3|C3-P3|P3-O1|FZ-CZ|CZ-PZ|FP2-F4|F4-C4|C4-P4|P4-O2|FP2-F8|F8-T8|P8-O2,True,0.5,45.0,False,False,False,False,0,0,True,True,0,0,True,True,data\interim\chbmit\preprocessing_v1\chb20\chb20_21_preproc-v1_raw.fif,63042349,fe3a2b784a9005b7e37e72cba63e5a5848a8aef32b97730e3fe86a63af1e2e58,preprocessing_v1,harmonization_v1,primary_17,1.12.1,3e33b1dcc42f16cd9604ba3aedc514ffa9e8bb93,2026-07-31T13:41:19.402535+00:00,success
chb20,chb20_22,E:/My_Github/epilepsy-eeg-hybrid-ai/data/raw/chbmit/chb20/chb20_22.edf,256.0,256.0,189952,189952,742.0,742.0,28,17,FP1-F7|F7-T7|T7-P7|P7-O1|FP1-F3|F3-C3|C3-P3|P3-O1|FZ-CZ|CZ-PZ|FP2-F4|F4-C4|C4-P4|P4-O2|FP2-F8|F8-T8|P8-O2,True,0.5,45.0,False,False,False,False,0,0,True,True,0,0,True,True,data\interim\chbmit\preprocessing_v1\chb20\chb20_22_preproc-v1_raw.fif,12930925,64e181f15daf85e51da6766b6e8c964a6a167f1f6edf5bf8c1f2923a10e88fe4,preprocessing_v1,harmonization_v1,primary_17,1.12.1,3e33b1dcc42f16cd9604ba3aedc514ffa9e8bb93,2026-07-31T13:41:19.402535+00:00,success
chb20,chb20_23,E:/My_Github/epilepsy-eeg-hybrid-ai/data/raw/chbmit/chb20/chb20_23.edf,256.0,256.0,758784,758784,2964.0,2964.0,28,17,FP1-F7|F7-T7|T7-P7|P7-O1|FP1-F3|F3-C3|C3-P3|P3-O1|FZ-CZ|CZ-PZ|FP2-F4|F4-C4|C4-P4|P4-O2|FP2-F8|F8-T8|P8-O2,True,0.5,45.0,False,False,False,False,0,0,True,True,0,0,True,True,data\interim\chbmit\preprocessing_v1\chb20\chb20_23_preproc-v1_raw.fif,51647053,a8ab179270342179cde37e455c2a35d57d6b1874142a460a6d1c1c2aa7b77072,preprocessing_v1,harmonization_v1,primary_17,1.12.1,3e33b1dcc42f16cd9604ba3aedc514ffa9e8bb93,2026-07-31T13:41:19.402535+00:00,success
chb20,chb20_25,E:/My_Github/epilepsy-eeg-hybrid-ai/data/raw/chbmit/chb20/chb20_25.edf,256.0,256.0,921600,921600,3600.0,3600.0,28,17,FP1-F7|F7-T7|T7-P7|P7-O1|FP1-F3|F3-C3|C3-P3|P3-O1|FZ-CZ|CZ-PZ|FP2-F4|F4-C4|C4-P4|P4-O2|FP2-F8|F8-T8|P8-O2,True,0.5,45.0,False,False,False,False,0,0,True,True,0,0,True,True,data\interim\chbmit\preprocessing_v1\chb20\chb20_25_preproc-v1_raw.fif,62728717,62b74a4e04a739dc697c9db8cbfae19f0c15e52fe639cb9f217101f9146f128c,preprocessing_v1,harmonization_v1,primary_17,1.12.1,3e33b1dcc42f16cd9604ba3aedc514ffa9e8bb93,2026-07-31T13:41:19.402535+00:00,success
chb20,chb20_26,E:/My_Github/epilepsy-eeg-hybrid-ai/data/raw/chbmit/chb20/chb20_26.edf,256.0,256.0,921600,921600,3600.0,3600.0,28,17,FP1-F7|F7-T7|T7-P7|P7-O1|FP1-F3|F3-C3|C3-P3|P3-O1|FZ-CZ|CZ-PZ|FP2-F4|F4-C4|C4-P4|P4-O2|FP2-F8|F8-T8|P8-O2,True,0.5,45.0,False,False,False,False,0,0,True,True,0,0,True,True,data\interim\chbmit\preprocessing_v1\chb20\chb20_26_preproc-v1_raw.fif,62728717,176235e615353e49d2cbeeb773f3765a4ad36f8dddf3c59f14c7ef039c208eab,preprocessing_v1,harmonization_v1,primary_17,1.12.1,3e33b1dcc42f16cd9604ba3aedc514ffa9e8bb93,2026-07-31T13:41:19.402535+00:00,success
chb20,chb20_27,E:/My_Github/epilepsy-eeg-hybrid-ai/data/raw/chbmit/chb20/chb20_27.edf,256.0,256.0,921600,921600,3600.0,3600.0,28,17,FP1-F7|F7-T7|T7-P7|P7-O1|FP1-F3|F3-C3|C3-P3|P3-O1|FZ-CZ|CZ-PZ|FP2-F4|F4-C4|C4-P4|P4-O2|FP2-F8|F8-T8|P8-O2,True,0.5,45.0,False,False,False,False,0,0,True,True,0,0,True,True,data\interim\chbmit\preprocessing_v1\chb20\chb20_27_preproc-v1_raw.fif,62728717,8266ec8676523a29f6a4e150e3d49a257b298d295e194bc9750f8820cf4d8c54,preprocessing_v1,harmonization_v1,primary_17,1.12.1,3e33b1dcc42f16cd9604ba3aedc514ffa9e8bb93,2026-07-31T13:41:19.402535+00:00,success
chb20,chb20_28,E:/My_Github/epilepsy-eeg-hybrid-ai/data/raw/chbmit/chb20/chb20_28.edf,256.0,256.0,921600,921600,3600.0,3600.0,28,17,FP1-F7|F7-T7|T7-P7|P7-O1|FP1-F3|F3-C3|C3-P3|P3-O1|FZ-CZ|CZ-PZ|FP2-F4|F4-C4|C4-P4|P4-O2|FP2-F8|F8-T8|P8-O2,True,0.5,45.0,False,False,False,False,0,0,True,True,0,0,True,True,data\interim\chbmit\preprocessing_v1\chb20\chb20_28_preproc-v1_raw.fif,62728717,fb3d6fe82d149d62369ed17fb48410d1c8875b4693b04afa80f31a9bab103748,preprocessing_v1,harmonization_v1,primary_17,1.12.1,3e33b1dcc42f16cd9604ba3aedc514ffa9e8bb93,2026-07-31T13:41:19.402535+00:00,success
chb20,chb20_29,E:/My_Github/epilepsy-eeg-hybrid-ai/data/raw/chbmit/chb20/chb20_29.edf,256.0,256.0,921600,921600,3600.0,3600.0,28,17,FP1-F7|F7-T7|T7-P7|P7-O1|FP1-F3|F3-C3|C3-P3|P3-O1|FZ-CZ|CZ-PZ|FP2-F4|F4-C4|C4-P4|P4-O2|FP2-F8|F8-T8|P8-O2,True,0.5,45.0,False,False,False,False,0,0,True,True,0,0,True,True,data\interim\chbmit\preprocessing_v1\chb20\chb20_29_preproc-v1_raw.fif,62728717,969b8507fe6841622fcbf12e8c5a54a185d63a8b343246ca4447549ed8dd41c4,preprocessing_v1,harmonization_v1,primary_17,1.12.1,3e33b1dcc42f16cd9604ba3aedc514ffa9e8bb93,2026-07-31T13:41:19.402535+00:00,success
chb20,chb20_30,E:/My_Github/epilepsy-eeg-hybrid-ai/data/raw/chbmit/chb20/chb20_30.edf,256.0,256.0,921600,921600,3600.0,3600.0,28,17,FP1-F7|F7-T7|T7-P7|P7-O1|FP1-F3|F3-C3|C3-P3|P3-O1|FZ-CZ|CZ-PZ|FP2-F4|F4-C4|C4-P4|P4-O2|FP2-F8|F8-T8|P8-O2,True,0.5,45.0,False,False,False,False,0,0,True,True,0,0,True,True,data\interim\chbmit\preprocessing_v1\chb20\chb20_30_preproc-v1_raw.fif,62728717,f4a5b98e3510abcbb02739e35781830471676c2230f7d3911357f3e75ecc3340,preprocessing_v1,harmonization_v1,primary_17,1.12.1,3e33b1dcc42f16cd9604ba3aedc514ffa9e8bb93,2026-07-31T13:41:19.402535+00:00,success
chb20,chb20_31,E:/My_Github/epilepsy-eeg-hybrid-ai/data/raw/chbmit/chb20/chb20_31.edf,256.0,256.0,921600,921600,3600.0,3600.0,28,17,FP1-F7|F7-T7|T7-P7|P7-O1|FP1-F3|F3-C3|C3-P3|P3-O1|FZ-CZ|CZ-PZ|FP2-F4|F4-C4|C4-P4|P4-O2|FP2-F8|F8-T8|P8-O2,True,0.5,45.0,False,False,False,False,0,0,True,True,0,0,True,True,data\interim\chbmit\preprocessing_v1\chb20\chb20_31_preproc-v1_raw.fif,62728717,a7f04333f6d3d90f5821b76d3ce9a6276ee2bdf96703fa254eb94e182a9dd5e8,preprocessing_v1,harmonization_v1,primary_17,1.12.1,3e33b1dcc42f16cd9604ba3aedc514ffa9e8bb93,2026-07-31T13:41:19.402535+00:00,success
chb20,chb20_34,E:/My_Github/epilepsy-eeg-hybrid-ai/data/raw/chbmit/chb20/chb20_34.edf,256.0,256.0,921600,921600,3600.0,3600.0,28,17,FP1-F7|F7-T7|T7-P7|P7-O1|FP1-F3|F3-C3|C3-P3|P3-O1|FZ-CZ|CZ-PZ|FP2-F4|F4-C4|C4-P4|P4-O2|FP2-F8|F8-T8|P8-O2,True,0.5,45.0,False,False,False,False,0,0,True,True,0,0,True,True,data\interim\chbmit\preprocessing_v1\chb20\chb20_34_preproc-v1_raw.fif,62728717,0e721da91d977f0e9699f422a9ae6c68768dc50627592665a8fbe6e75b9ba559,preprocessing_v1,harmonization_v1,primary_17,1.12.1,3e33b1dcc42f16cd9604ba3aedc514ffa9e8bb93,2026-07-31T13:41:19.402535+00:00,success
chb20,chb20_59,E:/My_Github/epilepsy-eeg-hybrid-ai/data/raw/chbmit/chb20/chb20_59.edf,256.0,256.0,921600,921600,3600.0,3600.0,28,17,FP1-F7|F7-T7|T7-P7|P7-O1|FP1-F3|F3-C3|C3-P3|P3-O1|FZ-CZ|CZ-PZ|FP2-F4|F4-C4|C4-P4|P4-O2|FP2-F8|F8-T8|P8-O2,True,0.5,45.0,False,False,False,False,0,0,True,True,0,0,True,True,data\interim\chbmit\preprocessing_v1\chb20\chb20_59_preproc-v1_raw.fif,62728717,96d1883b1b590eb6630feaf09ed4b9fb22e2ccfd67d5cca564a548b8ea102a0e,preprocessing_v1,harmonization_v1,primary_17,1.12.1,3e33b1dcc42f16cd9604ba3aedc514ffa9e8bb93,2026-07-31T13:41:19.402535+00:00,success
chb20,chb20_60,E:/My_Github/epilepsy-eeg-hybrid-ai/data/raw/chbmit/chb20/chb20_60.edf,256.0,256.0,921600,921600,3600.0,3600.0,28,17,FP1-F7|F7-T7|T7-P7|P7-O1|FP1-F3|F3-C3|C3-P3|P3-O1|FZ-CZ|CZ-PZ|FP2-F4|F4-C4|C4-P4|P4-O2|FP2-F8|F8-T8|P8-O2,True,0.5,45.0,False,False,False,False,0,0,True,True,0,0,True,True,data\interim\chbmit\preprocessing_v1\chb20\chb20_60_preproc-v1_raw.fif,62728717,0ced9f498fc9b7c79ac24a91f3facf0fc1685ba7ed9a33ddefd4b4a6fbb12c10,preprocessing_v1,harmonization_v1,primary_17,1.12.1,3e33b1dcc42f16cd9604ba3aedc514ffa9e8bb93,2026-07-31T13:41:19.402535+00:00,success
chb20,chb20_68,E:/My_Github/epilepsy-eeg-hybrid-ai/data/raw/chbmit/chb20/chb20_68.edf,256.0,256.0,554752,554752,2167.0,2167.0,28,17,FP1-F7|F7-T7|T7-P7|P7-O1|FP1-F3|F3-C3|C3-P3|P3-O1|FZ-CZ|CZ-PZ|FP2-F4|F4-C4|C4-P4|P4-O2|FP2-F8|F8-T8|P8-O2,True,0.5,45.0,False,False,False,False,1,1,True,True,1,1,True,True,data\interim\chbmit\preprocessing_v1\chb20\chb20_68_preproc-v1_raw.fif,37760246,ddb48a36f0f5aa1a00cc0189a606d7000de184875066ea2d8b4c2b87bf13bc47,preprocessing_v1,harmonization_v1,primary_17,1.12.1,3e33b1dcc42f16cd9604ba3aedc514ffa9e8bb93,2026-07-31T13:41:19.402535+00:00,success
chb21,chb21_01,E:/My_Github/epilepsy-eeg-hybrid-ai/data/raw/chbmit/chb21/chb21_01.edf,256.0,256.0,921600,921600,3600.0,3600.0,28,17,FP1-F7|F7-T7|T7-P7|P7-O1|FP1-F3|F3-C3|C3-P3|P3-O1|FZ-CZ|CZ-PZ|FP2-F4|F4-C4|C4-P4|P4-O2|FP2-F8|F8-T8|P8-O2,True,0.5,45.0,False,False,False,False,0,0,True,True,0,0,True,True,data\interim\chbmit\preprocessing_v1\chb21\chb21_01_preproc-v1_raw.fif,62728717,4829a74efab2e6dbcb2f044b0148b293bebb8b3308cb88835e7fd3c85a072804,preprocessing_v1,harmonization_v1,primary_17,1.12.1,3e33b1dcc42f16cd9604ba3aedc514ffa9e8bb93,2026-07-31T13:41:19.402535+00:00,success
chb21,chb21_02,E:/My_Github/epilepsy-eeg-hybrid-ai/data/raw/chbmit/chb21/chb21_02.edf,256.0,256.0,921600,921600,3600.0,3600.0,28,17,FP1-F7|F7-T7|T7-P7|P7-O1|FP1-F3|F3-C3|C3-P3|P3-O1|FZ-CZ|CZ-PZ|FP2-F4|F4-C4|C4-P4|P4-O2|FP2-F8|F8-T8|P8-O2,True,0.5,45.0,False,False,False,False,0,0,True,True,0,0,True,True,data\interim\chbmit\preprocessing_v1\chb21\chb21_02_preproc-v1_raw.fif,62728717,e92162e080ba49ee9318c762d08e06ee11748c5d531f0817c986a913dca8bf5a,preprocessing_v1,harmonization_v1,primary_17,1.12.1,3e33b1dcc42f16cd9604ba3aedc514ffa9e8bb93,2026-07-31T13:41:19.402535+00:00,success
chb21,chb21_03,E:/My_Github/epilepsy-eeg-hybrid-ai/data/raw/chbmit/chb21/chb21_03.edf,256.0,256.0,921600,921600,3600.0,3600.0,28,17,FP1-F7|F7-T7|T7-P7|P7-O1|FP1-F3|F3-C3|C3-P3|P3-O1|FZ-CZ|CZ-PZ|FP2-F4|F4-C4|C4-P4|P4-O2|FP2-F8|F8-T8|P8-O2,True,0.5,45.0,False,False,False,False,0,0,True,True,0,0,True,True,data\interim\chbmit\preprocessing_v1\chb21\chb21_03_preproc-v1_raw.fif,62728717,a23e260bf7db4d72aeadcd13acf5e2a88a570bf11422eab30cadfb93f253a871,preprocessing_v1,harmonization_v1,primary_17,1.12.1,3e33b1dcc42f16cd9604ba3aedc514ffa9e8bb93,2026-07-31T13:41:19.402535+00:00,success
chb21,chb21_04,E:/My_Github/epilepsy-eeg-hybrid-ai/data/raw/chbmit/chb21/chb21_04.edf,256.0,256.0,921600,921600,3600.0,3600.0,28,17,FP1-F7|F7-T7|T7-P7|P7-O1|FP1-F3|F3-C3|C3-P3|P3-O1|FZ-CZ|CZ-PZ|FP2-F4|F4-C4|C4-P4|P4-O2|FP2-F8|F8-T8|P8-O2,True,0.5,45.0,False,False,False,False,0,0,True,True,0,0,True,True,data\interim\chbmit\preprocessing_v1\chb21\chb21_04_preproc-v1_raw.fif,62728717,78ccfb29319806b44bbac896946dcb32d693413e00c5770a39b00c54e93d1583,preprocessing_v1,harmonization_v1,primary_17,1.12.1,3e33b1dcc42f16cd9604ba3aedc514ffa9e8bb93,2026-07-31T13:41:19.402535+00:00,success
chb21,chb21_05,E:/My_Github/epilepsy-eeg-hybrid-ai/data/raw/chbmit/chb21/chb21_05.edf,256.0,256.0,921600,921600,3600.0,3600.0,28,17,FP1-F7|F7-T7|T7-P7|P7-O1|FP1-F3|F3-C3|C3-P3|P3-O1|FZ-CZ|CZ-PZ|FP2-F4|F4-C4|C4-P4|P4-O2|FP2-F8|F8-T8|P8-O2,True,0.5,45.0,False,False,False,False,0,0,True,True,0,0,True,True,data\interim\chbmit\preprocessing_v1\chb21\chb21_05_preproc-v1_raw.fif,62728717,f87313d2753bd63fe8fb5a2d92b5d288db961672a9f1da7b68b9e4b6b227c7ab,preprocessing_v1,harmonization_v1,primary_17,1.12.1,3e33b1dcc42f16cd9604ba3aedc514ffa9e8bb93,2026-07-31T13:41:19.402535+00:00,success
chb21,chb21_06,E:/My_Github/epilepsy-eeg-hybrid-ai/data/raw/chbmit/chb21/chb21_06.edf,256.0,256.0,921600,921600,3600.0,3600.0,28,17,FP1-F7|F7-T7|T7-P7|P7-O1|FP1-F3|F3-C3|C3-P3|P3-O1|FZ-CZ|CZ-PZ|FP2-F4|F4-C4|C4-P4|P4-O2|FP2-F8|F8-T8|P8-O2,True,0.5,45.0,False,False,False,False,0,0,True,True,0,0,True,True,data\interim\chbmit\preprocessing_v1\chb21\chb21_06_preproc-v1_raw.fif,62728717,f5d00f9eb5f9117437ac6ddb4a882ab544e2c0d4655c5574e040e0d238a69562,preprocessing_v1,harmonization_v1,primary_17,1.12.1,3e33b1dcc42f16cd9604ba3aedc514ffa9e8bb93,2026-07-31T13:41:19.402535+00:00,success
chb21,chb21_07,E:/My_Github/epilepsy-eeg-hybrid-ai/data/raw/chbmit/chb21/chb21_07.edf,256.0,256.0,921600,921600,3600.0,3600.0,28,17,FP1-F7|F7-T7|T7-P7|P7-O1|FP1-F3|F3-C3|C3-P3|P3-O1|FZ-CZ|CZ-PZ|FP2-F4|F4-C4|C4-P4|P4-O2|FP2-F8|F8-T8|P8-O2,True,0.5,45.0,False,False,False,False,0,0,True,True,0,0,True,True,data\interim\chbmit\preprocessing_v1\chb21\chb21_07_preproc-v1_raw.fif,62728717,ec79ee68298b6ebe3d3724adb4804b9840949c8eae00837c293af5f5634d1829,preprocessing_v1,harmonization_v1,primary_17,1.12.1,3e33b1dcc42f16cd9604ba3aedc514ffa9e8bb93,2026-07-31T13:41:19.402535+00:00,success
chb21,chb21_08,E:/My_Github/epilepsy-eeg-hybrid-ai/data/raw/chbmit/chb21/chb21_08.edf,256.0,256.0,921600,921600,3600.0,3600.0,28,17,FP1-F7|F7-T7|T7-P7|P7-O1|FP1-F3|F3-C3|C3-P3|P3-O1|FZ-CZ|CZ-PZ|FP2-F4|F4-C4|C4-P4|P4-O2|FP2-F8|F8-T8|P8-O2,True,0.5,45.0,False,False,False,False,0,0,True,True,0,0,True,True,data\interim\chbmit\preprocessing_v1\chb21\chb21_08_preproc-v1_raw.fif,62728717,f516a863cf99547b90d4fd966f102b6d4ed30503e1329778064ae953c948212a,preprocessing_v1,harmonization_v1,primary_17,1.12.1,3e33b1dcc42f16cd9604ba3aedc514ffa9e8bb93,2026-07-31T13:41:19.402535+00:00,success
chb21,chb21_09,E:/My_Github/epilepsy-eeg-hybrid-ai/data/raw/chbmit/chb21/chb21_09.edf,256.0,256.0,921600,921600,3600.0,3600.0,28,17,FP1-F7|F7-T7|T7-P7|P7-O1|FP1-F3|F3-C3|C3-P3|P3-O1|FZ-CZ|CZ-PZ|FP2-F4|F4-C4|C4-P4|P4-O2|FP2-F8|F8-T8|P8-O2,True,0.5,45.0,False,False,False,False,0,0,True,True,0,0,True,True,data\interim\chbmit\preprocessing_v1\chb21\chb21_09_preproc-v1_raw.fif,62728717,eff0d76b3fa192a2c6804c00d1a33042f1322c199e313297ae39e8a5cb92561a,preprocessing_v1,harmonization_v1,primary_17,1.12.1,3e33b1dcc42f16cd9604ba3aedc514ffa9e8bb93,2026-07-31T13:41:19.402535+00:00,success
chb21,chb21_10,E:/My_Github/epilepsy-eeg-hybrid-ai/data/raw/chbmit/chb21/chb21_10.edf,256.0,256.0,921600,921600,3600.0,3600.0,28,17,FP1-F7|F7-T7|T7-P7|P7-O1|FP1-F3|F3-C3|C3-P3|P3-O1|FZ-CZ|CZ-PZ|FP2-F4|F4-C4|C4-P4|P4-O2|FP2-F8|F8-T8|P8-O2,True,0.5,45.0,False,False,False,False,0,0,True,True,0,0,True,True,data\interim\chbmit\preprocessing_v1\chb21\chb21_10_preproc-v1_raw.fif,62728717,28d97c9f5afcbecfc9f6a4d46763cab2c19f925d93a42a7f4e6fa92df9c4f8bf,preprocessing_v1,harmonization_v1,primary_17,1.12.1,3e33b1dcc42f16cd9604ba3aedc514ffa9e8bb93,2026-07-31T13:41:19.402535+00:00,success
chb21,chb21_11,E:/My_Github/epilepsy-eeg-hybrid-ai/data/raw/chbmit/chb21/chb21_11.edf,256.0,256.0,921600,921600,3600.0,3600.0,28,17,FP1-F7|F7-T7|T7-P7|P7-O1|FP1-F3|F3-C3|C3-P3|P3-O1|FZ-CZ|CZ-PZ|FP2-F4|F4-C4|C4-P4|P4-O2|FP2-F8|F8-T8|P8-O2,True,0.5,45.0,False,False,False,False,0,0,True,True,0,0,True,True,data\interim\chbmit\preprocessing_v1\chb21\chb21_11_preproc-v1_raw.fif,62728717,f2c32ff43221ad3343be17999f95ca8690281a2b54daa8f61ae82355b0d94f77,preprocessing_v1,harmonization_v1,primary_17,1.12.1,3e33b1dcc42f16cd9604ba3aedc514ffa9e8bb93,2026-07-31T13:41:19.402535+00:00,success
chb21,chb21_12,E:/My_Github/epilepsy-eeg-hybrid-ai/data/raw/chbmit/chb21/chb21_12.edf,256.0,256.0,921600,921600,3600.0,3600.0,28,17,FP1-F7|F7-T7|T7-P7|P7-O1|FP1-F3|F3-C3|C3-P3|P3-O1|FZ-CZ|CZ-PZ|FP2-F4|F4-C4|C4-P4|P4-O2|FP2-F8|F8-T8|P8-O2,True,0.5,45.0,False,False,False,False,0,0,True,True,0,0,True,True,data\interim\chbmit\preprocessing_v1\chb21\chb21_12_preproc-v1_raw.fif,62728717,09dc3ad84d938152ba19f4d593ab5bbe62a3ee7331e7f2f120f6d418a1912074,preprocessing_v1,harmonization_v1,primary_17,1.12.1,3e33b1dcc42f16cd9604ba3aedc514ffa9e8bb93,2026-07-31T13:41:19.402535+00:00,success
chb21,chb21_13,E:/My_Github/epilepsy-eeg-hybrid-ai/data/raw/chbmit/chb21/chb21_13.edf,256.0,256.0,921600,921600,3600.0,3600.0,28,17,FP1-F7|F7-T7|T7-P7|P7-O1|FP1-F3|F3-C3|C3-P3|P3-O1|FZ-CZ|CZ-PZ|FP2-F4|F4-C4|C4-P4|P4-O2|FP2-F8|F8-T8|P8-O2,True,0.5,45.0,False,False,False,False,0,0,True,True,0,0,True,True,data\interim\chbmit\preprocessing_v1\chb21\chb21_13_preproc-v1_raw.fif,62728717,2c7bfc3248cc782312a8b845325198c7a3765267ee5e442af600a2d9a1125abe,preprocessing_v1,harmonization_v1,primary_17,1.12.1,3e33b1dcc42f16cd9604ba3aedc514ffa9e8bb93,2026-07-31T13:41:19.402535+00:00,success
chb21,chb21_14,E:/My_Github/epilepsy-eeg-hybrid-ai/data/raw/chbmit/chb21/chb21_14.edf,256.0,256.0,921600,921600,3600.0,3600.0,28,17,FP1-F7|F7-T7|T7-P7|P7-O1|FP1-F3|F3-C3|C3-P3|P3-O1|FZ-CZ|CZ-PZ|FP2-F4|F4-C4|C4-P4|P4-O2|FP2-F8|F8-T8|P8-O2,True,0.5,45.0,False,False,False,False,0,0,True,True,0,0,True,True,data\interim\chbmit\preprocessing_v1\chb21\chb21_14_preproc-v1_raw.fif,62728717,089fd33bd7373b2923db3c70bbad8a2f94ed78e6706b5c558f8b2a7817530dfa,preprocessing_v1,harmonization_v1,primary_17,1.12.1,3e33b1dcc42f16cd9604ba3aedc514ffa9e8bb93,2026-07-31T13:41:19.402535+00:00,success
chb21,chb21_15,E:/My_Github/epilepsy-eeg-hybrid-ai/data/raw/chbmit/chb21/chb21_15.edf,256.0,256.0,921600,921600,3600.0,3600.0,28,17,FP1-F7|F7-T7|T7-P7|P7-O1|FP1-F3|F3-C3|C3-P3|P3-O1|FZ-CZ|CZ-PZ|FP2-F4|F4-C4|C4-P4|P4-O2|FP2-F8|F8-T8|P8-O2,True,0.5,45.0,False,False,False,False,0,0,True,True,0,0,True,True,data\interim\chbmit\preprocessing_v1\chb21\chb21_15_preproc-v1_raw.fif,62728717,6b1109dff926d78f60099197c818eba08fd94f732098d2f3127d5b1aea6ca96b,preprocessing_v1,harmonization_v1,primary_17,1.12.1,3e33b1dcc42f16cd9604ba3aedc514ffa9e8bb93,2026-07-31T13:41:19.402535+00:00,success
chb21,chb21_16,E:/My_Github/epilepsy-eeg-hybrid-ai/data/raw/chbmit/chb21/chb21_16.edf,256.0,256.0,921344,921344,3599.0,3599.0,28,17,FP1-F7|F7-T7|T7-P7|P7-O1|FP1-F3|F3-C3|C3-P3|P3-O1|FZ-CZ|CZ-PZ|FP2-F4|F4-C4|C4-P4|P4-O2|FP2-F8|F8-T8|P8-O2,True,0.5,45.0,False,False,False,False,0,0,True,True,0,0,True,True,data\interim\chbmit\preprocessing_v1\chb21\chb21_16_preproc-v1_raw.fif,62711293,3eac41541a647bf5ef4daeaa03388674b406606095e17940ca697651b2d7bf51,preprocessing_v1,harmonization_v1,primary_17,1.12.1,3e33b1dcc42f16cd9604ba3aedc514ffa9e8bb93,2026-07-31T13:41:19.402535+00:00,success
chb21,chb21_17,E:/My_Github/epilepsy-eeg-hybrid-ai/data/raw/chbmit/chb21/chb21_17.edf,256.0,256.0,921600,921600,3600.0,3600.0,28,17,FP1-F7|F7-T7|T7-P7|P7-O1|FP1-F3|F3-C3|C3-P3|P3-O1|FZ-CZ|CZ-PZ|FP2-F4|F4-C4|C4-P4|P4-O2|FP2-F8|F8-T8|P8-O2,True,0.5,45.0,False,False,False,False,0,0,True,True,0,0,True,True,data\interim\chbmit\preprocessing_v1\chb21\chb21_17_preproc-v1_raw.fif,62728717,cde167366d77c25f33e3761f2ebbb77852117f2d47b1704cdebc8417e7934ee2,preprocessing_v1,harmonization_v1,primary_17,1.12.1,3e33b1dcc42f16cd9604ba3aedc514ffa9e8bb93,2026-07-31T13:41:19.402535+00:00,success
chb21,chb21_18,E:/My_Github/epilepsy-eeg-hybrid-ai/data/raw/chbmit/chb21/chb21_18.edf,256.0,256.0,921600,921600,3600.0,3600.0,28,17,FP1-F7|F7-T7|T7-P7|P7-O1|FP1-F3|F3-C3|C3-P3|P3-O1|FZ-CZ|CZ-PZ|FP2-F4|F4-C4|C4-P4|P4-O2|FP2-F8|F8-T8|P8-O2,True,0.5,45.0,False,False,False,False,0,0,True,True,0,0,True,True,data\interim\chbmit\preprocessing_v1\chb21\chb21_18_preproc-v1_raw.fif,62728717,179bf3c88562df11ff647427e56b2cd631ae28f56aeac66c2a01322cef77206c,preprocessing_v1,harmonization_v1,primary_17,1.12.1,3e33b1dcc42f16cd9604ba3aedc514ffa9e8bb93,2026-07-31T13:41:19.402535+00:00,success
chb21,chb21_19,E:/My_Github/epilepsy-eeg-hybrid-ai/data/raw/chbmit/chb21/chb21_19.edf,256.0,256.0,921600,921600,3600.0,3600.0,28,17,FP1-F7|F7-T7|T7-P7|P7-O1|FP1-F3|F3-C3|C3-P3|P3-O1|FZ-CZ|CZ-PZ|FP2-F4|F4-C4|C4-P4|P4-O2|FP2-F8|F8-T8|P8-O2,True,0.5,45.0,False,False,False,False,1,1,True,True,1,1,True,True,data\interim\chbmit\preprocessing_v1\chb21\chb21_19_preproc-v1_raw.fif,62728838,c971a87e2b1d674886c0a1a128a307f70a049ccfdcf42a27abf7c1635adc7c70,preprocessing_v1,harmonization_v1,primary_17,1.12.1,3e33b1dcc42f16cd9604ba3aedc514ffa9e8bb93,2026-07-31T13:41:19.402535+00:00,success
chb21,chb21_20,E:/My_Github/epilepsy-eeg-hybrid-ai/data/raw/chbmit/chb21/chb21_20.edf,256.0,256.0,765440,765440,2990.0,2990.0,28,17,FP1-F7|F7-T7|T7-P7|P7-O1|FP1-F3|F3-C3|C3-P3|P3-O1|FZ-CZ|CZ-PZ|FP2-F4|F4-C4|C4-P4|P4-O2|FP2-F8|F8-T8|P8-O2,True,0.5,45.0,False,False,False,False,1,1,True,True,1,1,True,True,data\interim\chbmit\preprocessing_v1\chb21\chb21_20_preproc-v1_raw.fif,52100198,a407858ef1d14cc8e9a651556c8f9e230f41840194d167fecd5c53c94bd9b237,preprocessing_v1,harmonization_v1,primary_17,1.12.1,3e33b1dcc42f16cd9604ba3aedc514ffa9e8bb93,2026-07-31T13:41:19.402535+00:00,success
chb21,chb21_21,E:/My_Github/epilepsy-eeg-hybrid-ai/data/raw/chbmit/chb21/chb21_21.edf,256.0,256.0,921600,921600,3600.0,3600.0,28,17,FP1-F7|F7-T7|T7-P7|P7-O1|FP1-F3|F3-C3|C3-P3|P3-O1|FZ-CZ|CZ-PZ|FP2-F4|F4-C4|C4-P4|P4-O2|FP2-F8|F8-T8|P8-O2,True,0.5,45.0,False,False,False,False,1,1,True,True,1,1,True,True,data\interim\chbmit\preprocessing_v1\chb21\chb21_21_preproc-v1_raw.fif,62728838,edf50229e7a27e2c6ceaafea5ce187a396cd9e34b432605cfba887accf8fac83,preprocessing_v1,harmonization_v1,primary_17,1.12.1,3e33b1dcc42f16cd9604ba3aedc514ffa9e8bb93,2026-07-31T13:41:19.402535+00:00,success
chb21,chb21_22,E:/My_Github/epilepsy-eeg-hybrid-ai/data/raw/chbmit/chb21/chb21_22.edf,256.0,256.0,921600,921600,3600.0,3600.0,28,17,FP1-F7|F7-T7|T7-P7|P7-O1|FP1-F3|F3-C3|C3-P3|P3-O1|FZ-CZ|CZ-PZ|FP2-F4|F4-C4|C4-P4|P4-O2|FP2-F8|F8-T8|P8-O2,True,0.5,45.0,False,False,False,False,1,1,True,True,1,1,True,True,data\interim\chbmit\preprocessing_v1\chb21\chb21_22_preproc-v1_raw.fif,62728838,153ff7a230dfc096868e2c2323476d68eed3e63564473d599cc955deca7359d2,preprocessing_v1,harmonization_v1,primary_17,1.12.1,3e33b1dcc42f16cd9604ba3aedc514ffa9e8bb93,2026-07-31T13:41:19.402535+00:00,success
chb21,chb21_23,E:/My_Github/epilepsy-eeg-hybrid-ai/data/raw/chbmit/chb21/chb21_23.edf,256.0,256.0,921600,921600,3600.0,3600.0,28,17,FP1-F7|F7-T7|T7-P7|P7-O1|FP1-F3|F3-C3|C3-P3|P3-O1|FZ-CZ|CZ-PZ|FP2-F4|F4-C4|C4-P4|P4-O2|FP2-F8|F8-T8|P8-O2,True,0.5,45.0,False,False,False,False,0,0,True,True,0,0,True,True,data\interim\chbmit\preprocessing_v1\chb21\chb21_23_preproc-v1_raw.fif,62728717,c185931f371b9bbb80115ca4a23a4f1ae3b8b586dafbd53b65afe97d601d7f40,preprocessing_v1,harmonization_v1,primary_17,1.12.1,3e33b1dcc42f16cd9604ba3aedc514ffa9e8bb93,2026-07-31T13:41:19.402535+00:00,success
chb21,chb21_24,E:/My_Github/epilepsy-eeg-hybrid-ai/data/raw/chbmit/chb21/chb21_24.edf,256.0,256.0,921600,921600,3600.0,3600.0,28,17,FP1-F7|F7-T7|T7-P7|P7-O1|FP1-F3|F3-C3|C3-P3|P3-O1|FZ-CZ|CZ-PZ|FP2-F4|F4-C4|C4-P4|P4-O2|FP2-F8|F8-T8|P8-O2,True,0.5,45.0,False,False,False,False,0,0,True,True,0,0,True,True,data\interim\chbmit\preprocessing_v1\chb21\chb21_24_preproc-v1_raw.fif,62728717,920053d3bdaaa902ccfd2fc33df80086fed839038def3cc1897dfdd3b9da8078,preprocessing_v1,harmonization_v1,primary_17,1.12.1,3e33b1dcc42f16cd9604ba3aedc514ffa9e8bb93,2026-07-31T13:41:19.402535+00:00,success
chb21,chb21_25,E:/My_Github/epilepsy-eeg-hybrid-ai/data/raw/chbmit/chb21/chb21_25.edf,256.0,256.0,921600,921600,3600.0,3600.0,28,17,FP1-F7|F7-T7|T7-P7|P7-O1|FP1-F3|F3-C3|C3-P3|P3-O1|FZ-CZ|CZ-PZ|FP2-F4|F4-C4|C4-P4|P4-O2|FP2-F8|F8-T8|P8-O2,True,0.5,45.0,False,False,False,False,0,0,True,True,0,0,True,True,data\interim\chbmit\preprocessing_v1\chb21\chb21_25_preproc-v1_raw.fif,62728717,71de6922b26bfa0a8ac23cac50f0dd06e84221e0de040edbdad343aac4c1ee72,preprocessing_v1,harmonization_v1,primary_17,1.12.1,3e33b1dcc42f16cd9604ba3aedc514ffa9e8bb93,2026-07-31T13:41:19.402535+00:00,success
chb21,chb21_26,E:/My_Github/epilepsy-eeg-hybrid-ai/data/raw/chbmit/chb21/chb21_26.edf,256.0,256.0,921600,921600,3600.0,3600.0,28,17,FP1-F7|F7-T7|T7-P7|P7-O1|FP1-F3|F3-C3|C3-P3|P3-O1|FZ-CZ|CZ-PZ|FP2-F4|F4-C4|C4-P4|P4-O2|FP2-F8|F8-T8|P8-O2,True,0.5,45.0,False,False,False,False,0,0,True,True,0,0,True,True,data\interim\chbmit\preprocessing_v1\chb21\chb21_26_preproc-v1_raw.fif,62728717,db360707f4e55294ad45f4bd5f0d818a7400379a669aa3d2d4b7383549dc188a,preprocessing_v1,harmonization_v1,primary_17,1.12.1,3e33b1dcc42f16cd9604ba3aedc514ffa9e8bb93,2026-07-31T13:41:19.402535+00:00,success
chb21,chb21_27,E:/My_Github/epilepsy-eeg-hybrid-ai/data/raw/chbmit/chb21/chb21_27.edf,256.0,256.0,921600,921600,3600.0,3600.0,28,17,FP1-F7|F7-T7|T7-P7|P7-O1|FP1-F3|F3-C3|C3-P3|P3-O1|FZ-CZ|CZ-PZ|FP2-F4|F4-C4|C4-P4|P4-O2|FP2-F8|F8-T8|P8-O2,True,0.5,45.0,False,False,False,False,0,0,True,True,0,0,True,True,data\interim\chbmit\preprocessing_v1\chb21\chb21_27_preproc-v1_raw.fif,62728717,552e333fc7edb0fd45d5b00f4e911d661bd0ba0c3665a06a1b12a19bb22dd5cc,preprocessing_v1,harmonization_v1,primary_17,1.12.1,3e33b1dcc42f16cd9604ba3aedc514ffa9e8bb93,2026-07-31T13:41:19.402535+00:00,success
chb21,chb21_28,E:/My_Github/epilepsy-eeg-hybrid-ai/data/raw/chbmit/chb21/chb21_28.edf,256.0,256.0,921600,921600,3600.0,3600.0,28,17,FP1-F7|F7-T7|T7-P7|P7-O1|FP1-F3|F3-C3|C3-P3|P3-O1|FZ-CZ|CZ-PZ|FP2-F4|F4-C4|C4-P4|P4-O2|FP2-F8|F8-T8|P8-O2,True,0.5,45.0,False,False,False,False,0,0,True,True,0,0,True,True,data\interim\chbmit\preprocessing_v1\chb21\chb21_28_preproc-v1_raw.fif,62728717,316b5ea9658ba52130cdb16d4a6317459ca34945cc5427a00a32338ef7e5a57c,preprocessing_v1,harmonization_v1,primary_17,1.12.1,3e33b1dcc42f16cd9604ba3aedc514ffa9e8bb93,2026-07-31T13:41:19.402535+00:00,success
chb21,chb21_29,E:/My_Github/epilepsy-eeg-hybrid-ai/data/raw/chbmit/chb21/chb21_29.edf,256.0,256.0,921600,921600,3600.0,3600.0,28,17,FP1-F7|F7-T7|T7-P7|P7-O1|FP1-F3|F3-C3|C3-P3|P3-O1|FZ-CZ|CZ-PZ|FP2-F4|F4-C4|C4-P4|P4-O2|FP2-F8|F8-T8|P8-O2,True,0.5,45.0,False,False,False,False,0,0,True,True,0,0,True,True,data\interim\chbmit\preprocessing_v1\chb21\chb21_29_preproc-v1_raw.fif,62728717,2294f92da1796ea8da540f967aa985a472c794811e8f476f2f97815d04f74668,preprocessing_v1,harmonization_v1,primary_17,1.12.1,3e33b1dcc42f16cd9604ba3aedc514ffa9e8bb93,2026-07-31T13:41:19.402535+00:00,success
chb21,chb21_30,E:/My_Github/epilepsy-eeg-hybrid-ai/data/raw/chbmit/chb21/chb21_30.edf,256.0,256.0,921600,921600,3600.0,3600.0,28,17,FP1-F7|F7-T7|T7-P7|P7-O1|FP1-F3|F3-C3|C3-P3|P3-O1|FZ-CZ|CZ-PZ|FP2-F4|F4-C4|C4-P4|P4-O2|FP2-F8|F8-T8|P8-O2,True,0.5,45.0,False,False,False,False,0,0,True,True,0,0,True,True,data\interim\chbmit\preprocessing_v1\chb21\chb21_30_preproc-v1_raw.fif,62728717,f8bf3afbe947bf7993513a9d032750f9da8cda9884fc8d90312f2236e45a5b49,preprocessing_v1,harmonization_v1,primary_17,1.12.1,3e33b1dcc42f16cd9604ba3aedc514ffa9e8bb93,2026-07-31T13:41:19.402535+00:00,success
chb21,chb21_31,E:/My_Github/epilepsy-eeg-hybrid-ai/data/raw/chbmit/chb21/chb21_31.edf,256.0,256.0,921600,921600,3600.0,3600.0,28,17,FP1-F7|F7-T7|T7-P7|P7-O1|FP1-F3|F3-C3|C3-P3|P3-O1|FZ-CZ|CZ-PZ|FP2-F4|F4-C4|C4-P4|P4-O2|FP2-F8|F8-T8|P8-O2,True,0.5,45.0,False,False,False,False,0,0,True,True,0,0,True,True,data\interim\chbmit\preprocessing_v1\chb21\chb21_31_preproc-v1_raw.fif,62728717,9e0bef100f0461b9b036ee8a8145d2cfcbea9b930b4c70129ab66b3b90880844,preprocessing_v1,harmonization_v1,primary_17,1.12.1,3e33b1dcc42f16cd9604ba3aedc514ffa9e8bb93,2026-07-31T13:41:19.402535+00:00,success
chb21,chb21_32,E:/My_Github/epilepsy-eeg-hybrid-ai/data/raw/chbmit/chb21/chb21_32.edf,256.0,256.0,921600,921600,3600.0,3600.0,28,17,FP1-F7|F7-T7|T7-P7|P7-O1|FP1-F3|F3-C3|C3-P3|P3-O1|FZ-CZ|CZ-PZ|FP2-F4|F4-C4|C4-P4|P4-O2|FP2-F8|F8-T8|P8-O2,True,0.5,45.0,False,False,False,False,0,0,True,True,0,0,True,True,data\interim\chbmit\preprocessing_v1\chb21\chb21_32_preproc-v1_raw.fif,62728717,f1a5762b3400d7f97056f8e1a200ea59b7d7f9e42979443a9fd55ce65ac3332d,preprocessing_v1,harmonization_v1,primary_17,1.12.1,3e33b1dcc42f16cd9604ba3aedc514ffa9e8bb93,2026-07-31T13:41:19.402535+00:00,success
chb21,chb21_33,E:/My_Github/epilepsy-eeg-hybrid-ai/data/raw/chbmit/chb21/chb21_33.edf,256.0,256.0,921600,921600,3600.0,3600.0,28,17,FP1-F7|F7-T7|T7-P7|P7-O1|FP1-F3|F3-C3|C3-P3|P3-O1|FZ-CZ|CZ-PZ|FP2-F4|F4-C4|C4-P4|P4-O2|FP2-F8|F8-T8|P8-O2,True,0.5,45.0,False,False,False,False,0,0,True,True,0,0,True,True,data\interim\chbmit\preprocessing_v1\chb21\chb21_33_preproc-v1_raw.fif,62728717,388ba2e1921db10b2219f080b8040ad3cfcc4c1caa73419baacfd999455db92a,preprocessing_v1,harmonization_v1,primary_17,1.12.1,3e33b1dcc42f16cd9604ba3aedc514ffa9e8bb93,2026-07-31T13:41:19.402535+00:00,success
chb22,chb22_01,E:/My_Github/epilepsy-eeg-hybrid-ai/data/raw/chbmit/chb22/chb22_01.edf,256.0,256.0,921600,921600,3600.0,3600.0,28,17,FP1-F7|F7-T7|T7-P7|P7-O1|FP1-F3|F3-C3|C3-P3|P3-O1|FZ-CZ|CZ-PZ|FP2-F4|F4-C4|C4-P4|P4-O2|FP2-F8|F8-T8|P8-O2,True,0.5,45.0,False,False,False,False,0,0,True,True,0,0,True,True,data\interim\chbmit\preprocessing_v1\chb22\chb22_01_preproc-v1_raw.fif,62728717,dcf2b3f5120dd1550427aeb3137773e495b9888422fd6c06eba25b44167ec342,preprocessing_v1,harmonization_v1,primary_17,1.12.1,3e33b1dcc42f16cd9604ba3aedc514ffa9e8bb93,2026-07-31T13:41:19.402535+00:00,success
chb22,chb22_02,E:/My_Github/epilepsy-eeg-hybrid-ai/data/raw/chbmit/chb22/chb22_02.edf,256.0,256.0,921600,921600,3600.0,3600.0,28,17,FP1-F7|F7-T7|T7-P7|P7-O1|FP1-F3|F3-C3|C3-P3|P3-O1|FZ-CZ|CZ-PZ|FP2-F4|F4-C4|C4-P4|P4-O2|FP2-F8|F8-T8|P8-O2,True,0.5,45.0,False,False,False,False,0,0,True,True,0,0,True,True,data\interim\chbmit\preprocessing_v1\chb22\chb22_02_preproc-v1_raw.fif,62728717,aa2f5f289b26e46c098703c439841d724b634d8a3cda3f0156e8ea6629908e5a,preprocessing_v1,harmonization_v1,primary_17,1.12.1,3e33b1dcc42f16cd9604ba3aedc514ffa9e8bb93,2026-07-31T13:41:19.402535+00:00,success
chb22,chb22_03,E:/My_Github/epilepsy-eeg-hybrid-ai/data/raw/chbmit/chb22/chb22_03.edf,256.0,256.0,921600,921600,3600.0,3600.0,28,17,FP1-F7|F7-T7|T7-P7|P7-O1|FP1-F3|F3-C3|C3-P3|P3-O1|FZ-CZ|CZ-PZ|FP2-F4|F4-C4|C4-P4|P4-O2|FP2-F8|F8-T8|P8-O2,True,0.5,45.0,False,False,False,False,0,0,True,True,0,0,True,True,data\interim\chbmit\preprocessing_v1\chb22\chb22_03_preproc-v1_raw.fif,62728717,6ba7130386ebd9399fd9e47d74046554a0d6d3a5855603eb62d8c369c5afe674,preprocessing_v1,harmonization_v1,primary_17,1.12.1,3e33b1dcc42f16cd9604ba3aedc514ffa9e8bb93,2026-07-31T13:41:19.402535+00:00,success
chb22,chb22_04,E:/My_Github/epilepsy-eeg-hybrid-ai/data/raw/chbmit/chb22/chb22_04.edf,256.0,256.0,921600,921600,3600.0,3600.0,28,17,FP1-F7|F7-T7|T7-P7|P7-O1|FP1-F3|F3-C3|C3-P3|P3-O1|FZ-CZ|CZ-PZ|FP2-F4|F4-C4|C4-P4|P4-O2|FP2-F8|F8-T8|P8-O2,True,0.5,45.0,False,False,False,False,0,0,True,True,0,0,True,True,data\interim\chbmit\preprocessing_v1\chb22\chb22_04_preproc-v1_raw.fif,62728717,7dab990db84d7cb619f97834fe4781939c1ac463b05ad0bb182931ba65e740fb,preprocessing_v1,harmonization_v1,primary_17,1.12.1,3e33b1dcc42f16cd9604ba3aedc514ffa9e8bb93,2026-07-31T13:41:19.402535+00:00,success
chb22,chb22_05,E:/My_Github/epilepsy-eeg-hybrid-ai/data/raw/chbmit/chb22/chb22_05.edf,256.0,256.0,921600,921600,3600.0,3600.0,28,17,FP1-F7|F7-T7|T7-P7|P7-O1|FP1-F3|F3-C3|C3-P3|P3-O1|FZ-CZ|CZ-PZ|FP2-F4|F4-C4|C4-P4|P4-O2|FP2-F8|F8-T8|P8-O2,True,0.5,45.0,False,False,False,False,0,0,True,True,0,0,True,True,data\interim\chbmit\preprocessing_v1\chb22\chb22_05_preproc-v1_raw.fif,62728717,f9b5bd83d0472f9a6be1ff627a148512814bc4086cb24a7ffd7c1479138db61b,preprocessing_v1,harmonization_v1,primary_17,1.12.1,3e33b1dcc42f16cd9604ba3aedc514ffa9e8bb93,2026-07-31T13:41:19.402535+00:00,success
chb22,chb22_06,E:/My_Github/epilepsy-eeg-hybrid-ai/data/raw/chbmit/chb22/chb22_06.edf,256.0,256.0,921600,921600,3600.0,3600.0,28,17,FP1-F7|F7-T7|T7-P7|P7-O1|FP1-F3|F3-C3|C3-P3|P3-O1|FZ-CZ|CZ-PZ|FP2-F4|F4-C4|C4-P4|P4-O2|FP2-F8|F8-T8|P8-O2,True,0.5,45.0,False,False,False,False,0,0,True,True,0,0,True,True,data\interim\chbmit\preprocessing_v1\chb22\chb22_06_preproc-v1_raw.fif,62728717,e53857976405108ae5b7e1e1b678cb7db2802d2fbbb5960ad70be21cac4b7d5f,preprocessing_v1,harmonization_v1,primary_17,1.12.1,3e33b1dcc42f16cd9604ba3aedc514ffa9e8bb93,2026-07-31T13:41:19.402535+00:00,success
chb22,chb22_07,E:/My_Github/epilepsy-eeg-hybrid-ai/data/raw/chbmit/chb22/chb22_07.edf,256.0,256.0,921600,921600,3600.0,3600.0,28,17,FP1-F7|F7-T7|T7-P7|P7-O1|FP1-F3|F3-C3|C3-P3|P3-O1|FZ-CZ|CZ-PZ|FP2-F4|F4-C4|C4-P4|P4-O2|FP2-F8|F8-T8|P8-O2,True,0.5,45.0,False,False,False,False,0,0,True,True,0,0,True,True,data\interim\chbmit\preprocessing_v1\chb22\chb22_07_preproc-v1_raw.fif,62728717,12aa4e76c5f7071dd4574f51dec64998ad63b854f72f9ead43d19ce3ab11a41a,preprocessing_v1,harmonization_v1,primary_17,1.12.1,3e33b1dcc42f16cd9604ba3aedc514ffa9e8bb93,2026-07-31T13:41:19.402535+00:00,success
chb22,chb22_08,E:/My_Github/epilepsy-eeg-hybrid-ai/data/raw/chbmit/chb22/chb22_08.edf,256.0,256.0,921600,921600,3600.0,3600.0,28,17,FP1-F7|F7-T7|T7-P7|P7-O1|FP1-F3|F3-C3|C3-P3|P3-O1|FZ-CZ|CZ-PZ|FP2-F4|F4-C4|C4-P4|P4-O2|FP2-F8|F8-T8|P8-O2,True,0.5,45.0,False,False,False,False,0,0,True,True,0,0,True,True,data\interim\chbmit\preprocessing_v1\chb22\chb22_08_preproc-v1_raw.fif,62728717,938f629ea0778e73776252975c91f93b99b8070bae48da2c1b4e9d284045593f,preprocessing_v1,harmonization_v1,primary_17,1.12.1,3e33b1dcc42f16cd9604ba3aedc514ffa9e8bb93,2026-07-31T13:41:19.402535+00:00,success
chb22,chb22_09,E:/My_Github/epilepsy-eeg-hybrid-ai/data/raw/chbmit/chb22/chb22_09.edf,256.0,256.0,921600,921600,3600.0,3600.0,28,17,FP1-F7|F7-T7|T7-P7|P7-O1|FP1-F3|F3-C3|C3-P3|P3-O1|FZ-CZ|CZ-PZ|FP2-F4|F4-C4|C4-P4|P4-O2|FP2-F8|F8-T8|P8-O2,True,0.5,45.0,False,False,False,False,0,0,True,True,0,0,True,True,data\interim\chbmit\preprocessing_v1\chb22\chb22_09_preproc-v1_raw.fif,62728717,00f7e0de4737aba0516c841f82ea662dd0bbf18250f3a7688378b4b5952df8bf,preprocessing_v1,harmonization_v1,primary_17,1.12.1,3e33b1dcc42f16cd9604ba3aedc514ffa9e8bb93,2026-07-31T13:41:19.402535+00:00,success
chb22,chb22_10,E:/My_Github/epilepsy-eeg-hybrid-ai/data/raw/chbmit/chb22/chb22_10.edf,256.0,256.0,921600,921600,3600.0,3600.0,28,17,FP1-F7|F7-T7|T7-P7|P7-O1|FP1-F3|F3-C3|C3-P3|P3-O1|FZ-CZ|CZ-PZ|FP2-F4|F4-C4|C4-P4|P4-O2|FP2-F8|F8-T8|P8-O2,True,0.5,45.0,False,False,False,False,0,0,True,True,0,0,True,True,data\interim\chbmit\preprocessing_v1\chb22\chb22_10_preproc-v1_raw.fif,62728717,2eab52e56d0717ead4e785bbd9ae57c78a28672b4738742d73fdca5395f57916,preprocessing_v1,harmonization_v1,primary_17,1.12.1,3e33b1dcc42f16cd9604ba3aedc514ffa9e8bb93,2026-07-31T13:41:19.402535+00:00,success
chb22,chb22_11,E:/My_Github/epilepsy-eeg-hybrid-ai/data/raw/chbmit/chb22/chb22_11.edf,256.0,256.0,924416,924416,3611.0,3611.0,28,17,FP1-F7|F7-T7|T7-P7|P7-O1|FP1-F3|F3-C3|C3-P3|P3-O1|FZ-CZ|CZ-PZ|FP2-F4|F4-C4|C4-P4|P4-O2|FP2-F8|F8-T8|P8-O2,True,0.5,45.0,False,False,False,False,0,0,True,True,0,0,True,True,data\interim\chbmit\preprocessing_v1\chb22\chb22_11_preproc-v1_raw.fif,62920381,aba0c9ca4cb0734ee60ed0f9354a5997f0808c4ff9dc87a48915909a2b9dfe3f,preprocessing_v1,harmonization_v1,primary_17,1.12.1,3e33b1dcc42f16cd9604ba3aedc514ffa9e8bb93,2026-07-31T13:41:19.402535+00:00,success
chb22,chb22_15,E:/My_Github/epilepsy-eeg-hybrid-ai/data/raw/chbmit/chb22/chb22_15.edf,256.0,256.0,921600,921600,3600.0,3600.0,28,17,FP1-F7|F7-T7|T7-P7|P7-O1|FP1-F3|F3-C3|C3-P3|P3-O1|FZ-CZ|CZ-PZ|FP2-F4|F4-C4|C4-P4|P4-O2|FP2-F8|F8-T8|P8-O2,True,0.5,45.0,False,False,False,False,0,0,True,True,0,0,True,True,data\interim\chbmit\preprocessing_v1\chb22\chb22_15_preproc-v1_raw.fif,62728717,45989bfe8b17b4a4d169a39f6bc76dadd9da5ecd816024de234e126667c9687b,preprocessing_v1,harmonization_v1,primary_17,1.12.1,3e33b1dcc42f16cd9604ba3aedc514ffa9e8bb93,2026-07-31T13:41:19.402535+00:00,success
chb22,chb22_16,E:/My_Github/epilepsy-eeg-hybrid-ai/data/raw/chbmit/chb22/chb22_16.edf,256.0,256.0,921600,921600,3600.0,3600.0,28,17,FP1-F7|F7-T7|T7-P7|P7-O1|FP1-F3|F3-C3|C3-P3|P3-O1|FZ-CZ|CZ-PZ|FP2-F4|F4-C4|C4-P4|P4-O2|FP2-F8|F8-T8|P8-O2,True,0.5,45.0,False,False,False,False,0,0,True,True,0,0,True,True,data\interim\chbmit\preprocessing_v1\chb22\chb22_16_preproc-v1_raw.fif,62728717,092762794669c4924dfe65e7fa151c4682ad69594ab8996e005f23703ca8d0e9,preprocessing_v1,harmonization_v1,primary_17,1.12.1,3e33b1dcc42f16cd9604ba3aedc514ffa9e8bb93,2026-07-31T13:41:19.402535+00:00,success
chb22,chb22_17,E:/My_Github/epilepsy-eeg-hybrid-ai/data/raw/chbmit/chb22/chb22_17.edf,256.0,256.0,921600,921600,3600.0,3600.0,28,17,FP1-F7|F7-T7|T7-P7|P7-O1|FP1-F3|F3-C3|C3-P3|P3-O1|FZ-CZ|CZ-PZ|FP2-F4|F4-C4|C4-P4|P4-O2|FP2-F8|F8-T8|P8-O2,True,0.5,45.0,False,False,False,False,0,0,True,True,0,0,True,True,data\interim\chbmit\preprocessing_v1\chb22\chb22_17_preproc-v1_raw.fif,62728717,0c537deafaeae157af9a757dcb958db5cc626faec9f5489ae7cb419b31109525,preprocessing_v1,harmonization_v1,primary_17,1.12.1,3e33b1dcc42f16cd9604ba3aedc514ffa9e8bb93,2026-07-31T13:41:19.402535+00:00,success
chb22,chb22_18,E:/My_Github/epilepsy-eeg-hybrid-ai/data/raw/chbmit/chb22/chb22_18.edf,256.0,256.0,921600,921600,3600.0,3600.0,28,17,FP1-F7|F7-T7|T7-P7|P7-O1|FP1-F3|F3-C3|C3-P3|P3-O1|FZ-CZ|CZ-PZ|FP2-F4|F4-C4|C4-P4|P4-O2|FP2-F8|F8-T8|P8-O2,True,0.5,45.0,False,False,False,False,0,0,True,True,0,0,True,True,data\interim\chbmit\preprocessing_v1\chb22\chb22_18_preproc-v1_raw.fif,62728717,896c8af7ff9fb89c31ad1faa2d2ff7784bff7d86cb9d04d7bac510aa9e3a39c4,preprocessing_v1,harmonization_v1,primary_17,1.12.1,3e33b1dcc42f16cd9604ba3aedc514ffa9e8bb93,2026-07-31T13:41:19.402535+00:00,success
chb22,chb22_19,E:/My_Github/epilepsy-eeg-hybrid-ai/data/raw/chbmit/chb22/chb22_19.edf,256.0,256.0,921600,921600,3600.0,3600.0,28,17,FP1-F7|F7-T7|T7-P7|P7-O1|FP1-F3|F3-C3|C3-P3|P3-O1|FZ-CZ|CZ-PZ|FP2-F4|F4-C4|C4-P4|P4-O2|FP2-F8|F8-T8|P8-O2,True,0.5,45.0,False,False,False,False,0,0,True,True,0,0,True,True,data\interim\chbmit\preprocessing_v1\chb22\chb22_19_preproc-v1_raw.fif,62728717,3a6b90a88ec1821d6655dfc267111d1270f44703d9a64164389312fa1b25825f,preprocessing_v1,harmonization_v1,primary_17,1.12.1,3e33b1dcc42f16cd9604ba3aedc514ffa9e8bb93,2026-07-31T13:41:19.402535+00:00,success
chb22,chb22_20,E:/My_Github/epilepsy-eeg-hybrid-ai/data/raw/chbmit/chb22/chb22_20.edf,256.0,256.0,921600,921600,3600.0,3600.0,28,17,FP1-F7|F7-T7|T7-P7|P7-O1|FP1-F3|F3-C3|C3-P3|P3-O1|FZ-CZ|CZ-PZ|FP2-F4|F4-C4|C4-P4|P4-O2|FP2-F8|F8-T8|P8-O2,True,0.5,45.0,False,False,False,False,1,1,True,True,1,1,True,True,data\interim\chbmit\preprocessing_v1\chb22\chb22_20_preproc-v1_raw.fif,62728838,5ed76ce5e3f16a25b6c46108644cd610c5a65d61adf4c42d1963a99dd2cab247,preprocessing_v1,harmonization_v1,primary_17,1.12.1,3e33b1dcc42f16cd9604ba3aedc514ffa9e8bb93,2026-07-31T13:41:19.402535+00:00,success
chb22,chb22_21,E:/My_Github/epilepsy-eeg-hybrid-ai/data/raw/chbmit/chb22/chb22_21.edf,256.0,256.0,921600,921600,3600.0,3600.0,28,17,FP1-F7|F7-T7|T7-P7|P7-O1|FP1-F3|F3-C3|C3-P3|P3-O1|FZ-CZ|CZ-PZ|FP2-F4|F4-C4|C4-P4|P4-O2|FP2-F8|F8-T8|P8-O2,True,0.5,45.0,False,False,False,False,0,0,True,True,0,0,True,True,data\interim\chbmit\preprocessing_v1\chb22\chb22_21_preproc-v1_raw.fif,62728717,8c7789c4a9b0f3e4eff4e1a9c2fb8173c7745ee57a155496b36b64aff0b5866c,preprocessing_v1,harmonization_v1,primary_17,1.12.1,3e33b1dcc42f16cd9604ba3aedc514ffa9e8bb93,2026-07-31T13:41:19.402535+00:00,success
chb22,chb22_22,E:/My_Github/epilepsy-eeg-hybrid-ai/data/raw/chbmit/chb22/chb22_22.edf,256.0,256.0,921600,921600,3600.0,3600.0,28,17,FP1-F7|F7-T7|T7-P7|P7-O1|FP1-F3|F3-C3|C3-P3|P3-O1|FZ-CZ|CZ-PZ|FP2-F4|F4-C4|C4-P4|P4-O2|FP2-F8|F8-T8|P8-O2,True,0.5,45.0,False,False,False,False,0,0,True,True,0,0,True,True,data\interim\chbmit\preprocessing_v1\chb22\chb22_22_preproc-v1_raw.fif,62728717,d8482eb40147a62629f4594f14a66f5012f6f5c543e6206648d2c81667e82fe5,preprocessing_v1,harmonization_v1,primary_17,1.12.1,3e33b1dcc42f16cd9604ba3aedc514ffa9e8bb93,2026-07-31T13:41:19.402535+00:00,success
chb22,chb22_23,E:/My_Github/epilepsy-eeg-hybrid-ai/data/raw/chbmit/chb22/chb22_23.edf,256.0,256.0,921600,921600,3600.0,3600.0,28,17,FP1-F7|F7-T7|T7-P7|P7-O1|FP1-F3|F3-C3|C3-P3|P3-O1|FZ-CZ|CZ-PZ|FP2-F4|F4-C4|C4-P4|P4-O2|FP2-F8|F8-T8|P8-O2,True,0.5,45.0,False,False,False,False,0,0,True,True,0,0,True,True,data\interim\chbmit\preprocessing_v1\chb22\chb22_23_preproc-v1_raw.fif,62728717,1e5f686ec96fadf44dc3b3b3461f28e2963080c84119ef0ef605e665e6a73cd1,preprocessing_v1,harmonization_v1,primary_17,1.12.1,3e33b1dcc42f16cd9604ba3aedc514ffa9e8bb93,2026-07-31T13:41:19.402535+00:00,success
chb22,chb22_24,E:/My_Github/epilepsy-eeg-hybrid-ai/data/raw/chbmit/chb22/chb22_24.edf,256.0,256.0,921600,921600,3600.0,3600.0,28,17,FP1-F7|F7-T7|T7-P7|P7-O1|FP1-F3|F3-C3|C3-P3|P3-O1|FZ-CZ|CZ-PZ|FP2-F4|F4-C4|C4-P4|P4-O2|FP2-F8|F8-T8|P8-O2,True,0.5,45.0,False,False,False,False,0,0,True,True,0,0,True,True,data\interim\chbmit\preprocessing_v1\chb22\chb22_24_preproc-v1_raw.fif,62728717,06f837be9f14a3cf57596b82fb96aa894a1055dded9134e6d76e25dd44a53921,preprocessing_v1,harmonization_v1,primary_17,1.12.1,3e33b1dcc42f16cd9604ba3aedc514ffa9e8bb93,2026-07-31T13:41:19.402535+00:00,success
chb22,chb22_25,E:/My_Github/epilepsy-eeg-hybrid-ai/data/raw/chbmit/chb22/chb22_25.edf,256.0,256.0,921600,921600,3600.0,3600.0,28,17,FP1-F7|F7-T7|T7-P7|P7-O1|FP1-F3|F3-C3|C3-P3|P3-O1|FZ-CZ|CZ-PZ|FP2-F4|F4-C4|C4-P4|P4-O2|FP2-F8|F8-T8|P8-O2,True,0.5,45.0,False,False,False,False,1,1,True,True,1,1,True,True,data\interim\chbmit\preprocessing_v1\chb22\chb22_25_preproc-v1_raw.fif,62728838,706fee7a2a496b59728604c495ded59fa62ba98cb89523096d48f4c95f12e2d3,preprocessing_v1,harmonization_v1,primary_17,1.12.1,3e33b1dcc42f16cd9604ba3aedc514ffa9e8bb93,2026-07-31T13:41:19.402535+00:00,success
chb22,chb22_26,E:/My_Github/epilepsy-eeg-hybrid-ai/data/raw/chbmit/chb22/chb22_26.edf,256.0,256.0,921600,921600,3600.0,3600.0,28,17,FP1-F7|F7-T7|T7-P7|P7-O1|FP1-F3|F3-C3|C3-P3|P3-O1|FZ-CZ|CZ-PZ|FP2-F4|F4-C4|C4-P4|P4-O2|FP2-F8|F8-T8|P8-O2,True,0.5,45.0,False,False,False,False,0,0,True,True,0,0,True,True,data\interim\chbmit\preprocessing_v1\chb22\chb22_26_preproc-v1_raw.fif,62728717,b34b3b80ad6d97fc10749801969160b21f281be67c6fa8bc21c390d47469d9d3,preprocessing_v1,harmonization_v1,primary_17,1.12.1,3e33b1dcc42f16cd9604ba3aedc514ffa9e8bb93,2026-07-31T13:41:19.402535+00:00,success
chb22,chb22_27,E:/My_Github/epilepsy-eeg-hybrid-ai/data/raw/chbmit/chb22/chb22_27.edf,256.0,256.0,921600,921600,3600.0,3600.0,28,17,FP1-F7|F7-T7|T7-P7|P7-O1|FP1-F3|F3-C3|C3-P3|P3-O1|FZ-CZ|CZ-PZ|FP2-F4|F4-C4|C4-P4|P4-O2|FP2-F8|F8-T8|P8-O2,True,0.5,45.0,False,False,False,False,0,0,True,True,0,0,True,True,data\interim\chbmit\preprocessing_v1\chb22\chb22_27_preproc-v1_raw.fif,62728717,c14adbbfcd9b116d04d9312092da8032b0627d4aed1fec2e5ca1e6749994cfae,preprocessing_v1,harmonization_v1,primary_17,1.12.1,3e33b1dcc42f16cd9604ba3aedc514ffa9e8bb93,2026-07-31T13:41:19.402535+00:00,success
chb22,chb22_28,E:/My_Github/epilepsy-eeg-hybrid-ai/data/raw/chbmit/chb22/chb22_28.edf,256.0,256.0,921600,921600,3600.0,3600.0,28,17,FP1-F7|F7-T7|T7-P7|P7-O1|FP1-F3|F3-C3|C3-P3|P3-O1|FZ-CZ|CZ-PZ|FP2-F4|F4-C4|C4-P4|P4-O2|FP2-F8|F8-T8|P8-O2,True,0.5,45.0,False,False,False,False,0,0,True,True,0,0,True,True,data\interim\chbmit\preprocessing_v1\chb22\chb22_28_preproc-v1_raw.fif,62728717,4d437f51f2244a9fe643ddaab6769c917056bf92e1a7c313c1bf5fb85fec506a,preprocessing_v1,harmonization_v1,primary_17,1.12.1,3e33b1dcc42f16cd9604ba3aedc514ffa9e8bb93,2026-07-31T13:41:19.402535+00:00,success
chb22,chb22_29,E:/My_Github/epilepsy-eeg-hybrid-ai/data/raw/chbmit/chb22/chb22_29.edf,256.0,256.0,921600,921600,3600.0,3600.0,28,17,FP1-F7|F7-T7|T7-P7|P7-O1|FP1-F3|F3-C3|C3-P3|P3-O1|FZ-CZ|CZ-PZ|FP2-F4|F4-C4|C4-P4|P4-O2|FP2-F8|F8-T8|P8-O2,True,0.5,45.0,False,False,False,False,0,0,True,True,0,0,True,True,data\interim\chbmit\preprocessing_v1\chb22\chb22_29_preproc-v1_raw.fif,62728717,16063f1aa37d4f426d09e5eadc49b5b20a5206a584f6329291ca580de1550200,preprocessing_v1,harmonization_v1,primary_17,1.12.1,3e33b1dcc42f16cd9604ba3aedc514ffa9e8bb93,2026-07-31T13:41:19.402535+00:00,success
chb22,chb22_30,E:/My_Github/epilepsy-eeg-hybrid-ai/data/raw/chbmit/chb22/chb22_30.edf,256.0,256.0,921600,921600,3600.0,3600.0,28,17,FP1-F7|F7-T7|T7-P7|P7-O1|FP1-F3|F3-C3|C3-P3|P3-O1|FZ-CZ|CZ-PZ|FP2-F4|F4-C4|C4-P4|P4-O2|FP2-F8|F8-T8|P8-O2,True,0.5,45.0,False,False,False,False,0,0,True,True,0,0,True,True,data\interim\chbmit\preprocessing_v1\chb22\chb22_30_preproc-v1_raw.fif,62728717,1704eddccb7804a4b5686acc094b4e5031c466d84417c39fec7463cf3d726d87,preprocessing_v1,harmonization_v1,primary_17,1.12.1,3e33b1dcc42f16cd9604ba3aedc514ffa9e8bb93,2026-07-31T13:41:19.402535+00:00,success
chb22,chb22_38,E:/My_Github/epilepsy-eeg-hybrid-ai/data/raw/chbmit/chb22/chb22_38.edf,256.0,256.0,921600,921600,3600.0,3600.0,28,17,FP1-F7|F7-T7|T7-P7|P7-O1|FP1-F3|F3-C3|C3-P3|P3-O1|FZ-CZ|CZ-PZ|FP2-F4|F4-C4|C4-P4|P4-O2|FP2-F8|F8-T8|P8-O2,True,0.5,45.0,False,False,False,False,1,1,True,True,1,1,True,True,data\interim\chbmit\preprocessing_v1\chb22\chb22_38_preproc-v1_raw.fif,62728838,ae4fffdd999d9c9e4913eb380d0588747ff64c67f731070f7a3d23c0a517b095,preprocessing_v1,harmonization_v1,primary_17,1.12.1,3e33b1dcc42f16cd9604ba3aedc514ffa9e8bb93,2026-07-31T13:41:19.402535+00:00,success
chb22,chb22_51,E:/My_Github/epilepsy-eeg-hybrid-ai/data/raw/chbmit/chb22/chb22_51.edf,256.0,256.0,921600,921600,3600.0,3600.0,28,17,FP1-F7|F7-T7|T7-P7|P7-O1|FP1-F3|F3-C3|C3-P3|P3-O1|FZ-CZ|CZ-PZ|FP2-F4|F4-C4|C4-P4|P4-O2|FP2-F8|F8-T8|P8-O2,True,0.5,45.0,False,False,False,False,0,0,True,True,0,0,True,True,data\interim\chbmit\preprocessing_v1\chb22\chb22_51_preproc-v1_raw.fif,62728717,3e5726a6352e8785053e63b98448ffc5c82c433a1dedaff162ff27734600186f,preprocessing_v1,harmonization_v1,primary_17,1.12.1,3e33b1dcc42f16cd9604ba3aedc514ffa9e8bb93,2026-07-31T13:41:19.402535+00:00,success
chb22,chb22_54,E:/My_Github/epilepsy-eeg-hybrid-ai/data/raw/chbmit/chb22/chb22_54.edf,256.0,256.0,921600,921600,3600.0,3600.0,28,17,FP1-F7|F7-T7|T7-P7|P7-O1|FP1-F3|F3-C3|C3-P3|P3-O1|FZ-CZ|CZ-PZ|FP2-F4|F4-C4|C4-P4|P4-O2|FP2-F8|F8-T8|P8-O2,True,0.5,45.0,False,False,False,False,0,0,True,True,0,0,True,True,data\interim\chbmit\preprocessing_v1\chb22\chb22_54_preproc-v1_raw.fif,62728717,6eedebe2dd9fe0f675d7a307fa872af71994cf6343e755e32e213be040d8b080,preprocessing_v1,harmonization_v1,primary_17,1.12.1,3e33b1dcc42f16cd9604ba3aedc514ffa9e8bb93,2026-07-31T13:41:19.402535+00:00,success
chb22,chb22_77,E:/My_Github/epilepsy-eeg-hybrid-ai/data/raw/chbmit/chb22/chb22_77.edf,256.0,256.0,921600,921600,3600.0,3600.0,28,17,FP1-F7|F7-T7|T7-P7|P7-O1|FP1-F3|F3-C3|C3-P3|P3-O1|FZ-CZ|CZ-PZ|FP2-F4|F4-C4|C4-P4|P4-O2|FP2-F8|F8-T8|P8-O2,True,0.5,45.0,False,False,False,False,0,0,True,True,0,0,True,True,data\interim\chbmit\preprocessing_v1\chb22\chb22_77_preproc-v1_raw.fif,62728717,bf4b4c4bca6657b7c997fdc9ba8ceebceafcc2890f7975f4b1433a0e8c053bad,preprocessing_v1,harmonization_v1,primary_17,1.12.1,3e33b1dcc42f16cd9604ba3aedc514ffa9e8bb93,2026-07-31T13:41:19.402535+00:00,success
chb23,chb23_06,E:/My_Github/epilepsy-eeg-hybrid-ai/data/raw/chbmit/chb23/chb23_06.edf,256.0,256.0,1916416,1916416,7486.0,7486.0,23,17,FP1-F7|F7-T7|T7-P7|P7-O1|FP1-F3|F3-C3|C3-P3|P3-O1|FZ-CZ|CZ-PZ|FP2-F4|F4-C4|C4-P4|P4-O2|FP2-F8|F8-T8|P8-O2,True,0.5,45.0,False,False,False,False,1,1,True,True,1,1,True,True,data\interim\chbmit\preprocessing_v1\chb23\chb23_06_preproc-v1_raw.fif,130438502,ff408809d83cdcac79f5809d2d68fb2f89f51e3b614077b22f02559b1373eaae,preprocessing_v1,harmonization_v1,primary_17,1.12.1,3e33b1dcc42f16cd9604ba3aedc514ffa9e8bb93,2026-07-31T13:41:19.402535+00:00,success
chb23,chb23_07,E:/My_Github/epilepsy-eeg-hybrid-ai/data/raw/chbmit/chb23/chb23_07.edf,256.0,256.0,655360,655360,2560.0,2560.0,23,17,FP1-F7|F7-T7|T7-P7|P7-O1|FP1-F3|F3-C3|C3-P3|P3-O1|FZ-CZ|CZ-PZ|FP2-F4|F4-C4|C4-P4|P4-O2|FP2-F8|F8-T8|P8-O2,True,0.5,45.0,False,False,False,False,0,0,True,True,0,0,True,True,data\interim\chbmit\preprocessing_v1\chb23\chb23_07_preproc-v1_raw.fif,44607757,6388db555a9d9f239ffe11b114205cbb83a53321c8fe5727ce98cf283251a7de,preprocessing_v1,harmonization_v1,primary_17,1.12.1,3e33b1dcc42f16cd9604ba3aedc514ffa9e8bb93,2026-07-31T13:41:19.402535+00:00,success
chb23,chb23_08,E:/My_Github/epilepsy-eeg-hybrid-ai/data/raw/chbmit/chb23/chb23_08.edf,256.0,256.0,2647552,2647552,10342.0,10342.0,23,17,FP1-F7|F7-T7|T7-P7|P7-O1|FP1-F3|F3-C3|C3-P3|P3-O1|FZ-CZ|CZ-PZ|FP2-F4|F4-C4|C4-P4|P4-O2|FP2-F8|F8-T8|P8-O2,True,0.5,45.0,False,False,False,False,2,2,True,True,2,2,True,True,data\interim\chbmit\preprocessing_v1\chb23\chb23_08_preproc-v1_raw.fif,180201464,080d5af514ddf323e15c3f91567b8c2e86bf9e876c88e797a1e07642c21cabfd,preprocessing_v1,harmonization_v1,primary_17,1.12.1,3e33b1dcc42f16cd9604ba3aedc514ffa9e8bb93,2026-07-31T13:41:19.402535+00:00,success
chb23,chb23_09,E:/My_Github/epilepsy-eeg-hybrid-ai/data/raw/chbmit/chb23/chb23_09.edf,256.0,256.0,3693056,3693056,14426.0,14426.0,23,17,FP1-F7|F7-T7|T7-P7|P7-O1|FP1-F3|F3-C3|C3-P3|P3-O1|FZ-CZ|CZ-PZ|FP2-F4|F4-C4|C4-P4|P4-O2|FP2-F8|F8-T8|P8-O2,True,0.5,45.0,False,False,False,False,4,4,True,True,4,4,True,True,data\interim\chbmit\preprocessing_v1\chb23\chb23_09_preproc-v1_raw.fif,251361116,992e842ee5040a7ee3fc48a1b0518f7a2d4409027e87602599fcb6944f7a6b1a,preprocessing_v1,harmonization_v1,primary_17,1.12.1,3e33b1dcc42f16cd9604ba3aedc514ffa9e8bb93,2026-07-31T13:41:19.402535+00:00,success
chb23,chb23_10,E:/My_Github/epilepsy-eeg-hybrid-ai/data/raw/chbmit/chb23/chb23_10.edf,256.0,256.0,3686400,3686400,14400.0,14400.0,23,17,FP1-F7|F7-T7|T7-P7|P7-O1|FP1-F3|F3-C3|C3-P3|P3-O1|FZ-CZ|CZ-PZ|FP2-F4|F4-C4|C4-P4|P4-O2|FP2-F8|F8-T8|P8-O2,True,0.5,45.0,False,False,False,False,0,0,True,True,0,0,True,True,data\interim\chbmit\preprocessing_v1\chb23\chb23_10_preproc-v1_raw.fif,250907917,fbc27932de1f78f06007755c5e92684007621d5752cf71f18a3b250cb0cb4963,preprocessing_v1,harmonization_v1,primary_17,1.12.1,3e33b1dcc42f16cd9604ba3aedc514ffa9e8bb93,2026-07-31T13:41:19.402535+00:00,success
chb23,chb23_16,E:/My_Github/epilepsy-eeg-hybrid-ai/data/raw/chbmit/chb23/chb23_16.edf,256.0,256.0,3686400,3686400,14400.0,14400.0,23,17,FP1-F7|F7-T7|T7-P7|P7-O1|FP1-F3|F3-C3|C3-P3|P3-O1|FZ-CZ|CZ-PZ|FP2-F4|F4-C4|C4-P4|P4-O2|FP2-F8|F8-T8|P8-O2,True,0.5,45.0,False,False,False,False,0,0,True,True,0,0,True,True,data\interim\chbmit\preprocessing_v1\chb23\chb23_16_preproc-v1_raw.fif,250907917,e3a31897e23c8118868fa77ba2b34eb74efe17d56696da7eee754a15e3f25503,preprocessing_v1,harmonization_v1,primary_17,1.12.1,3e33b1dcc42f16cd9604ba3aedc514ffa9e8bb93,2026-07-31T13:41:19.402535+00:00,success
chb23,chb23_17,E:/My_Github/epilepsy-eeg-hybrid-ai/data/raw/chbmit/chb23/chb23_17.edf,256.0,256.0,3222272,3222272,12587.0,12587.0,23,17,FP1-F7|F7-T7|T7-P7|P7-O1|FP1-F3|F3-C3|C3-P3|P3-O1|FZ-CZ|CZ-PZ|FP2-F4|F4-C4|C4-P4|P4-O2|FP2-F8|F8-T8|P8-O2,True,0.5,45.0,False,False,False,False,0,0,True,True,0,0,True,True,data\interim\chbmit\preprocessing_v1\chb23\chb23_17_preproc-v1_raw.fif,219318205,e5a1732257288598fcec1a6694c7cbb2d3f9389b257735c12f44e220a69bfc4e,preprocessing_v1,harmonization_v1,primary_17,1.12.1,3e33b1dcc42f16cd9604ba3aedc514ffa9e8bb93,2026-07-31T13:41:19.402535+00:00,success
chb23,chb23_19,E:/My_Github/epilepsy-eeg-hybrid-ai/data/raw/chbmit/chb23/chb23_19.edf,256.0,256.0,3686400,3686400,14400.0,14400.0,23,17,FP1-F7|F7-T7|T7-P7|P7-O1|FP1-F3|F3-C3|C3-P3|P3-O1|FZ-CZ|CZ-PZ|FP2-F4|F4-C4|C4-P4|P4-O2|FP2-F8|F8-T8|P8-O2,True,0.5,45.0,False,False,False,False,0,0,True,True,0,0,True,True,data\interim\chbmit\preprocessing_v1\chb23\chb23_19_preproc-v1_raw.fif,250907917,dd3ffc6665217f677063a6bdf0c30e37c7a7c93ea9538d3e9f9b2429b0960d7f,preprocessing_v1,harmonization_v1,primary_17,1.12.1,3e33b1dcc42f16cd9604ba3aedc514ffa9e8bb93,2026-07-31T13:41:19.402535+00:00,success
chb23,chb23_20,E:/My_Github/epilepsy-eeg-hybrid-ai/data/raw/chbmit/chb23/chb23_20.edf,256.0,256.0,1282304,1282304,5009.0,5009.0,23,17,FP1-F7|F7-T7|T7-P7|P7-O1|FP1-F3|F3-C3|C3-P3|P3-O1|FZ-CZ|CZ-PZ|FP2-F4|F4-C4|C4-P4|P4-O2|FP2-F8|F8-T8|P8-O2,True,0.5,45.0,False,False,False,False,0,0,True,True,0,0,True,True,data\interim\chbmit\preprocessing_v1\chb23\chb23_20_preproc-v1_raw.fif,87279133,8f4d5e695ddd5d996dcf5f0758ee6834a17f08827779066f48a3b22f14edc6f6,preprocessing_v1,harmonization_v1,primary_17,1.12.1,3e33b1dcc42f16cd9604ba3aedc514ffa9e8bb93,2026-07-31T13:41:19.402535+00:00,success
chb24,chb24_01,E:/My_Github/epilepsy-eeg-hybrid-ai/data/raw/chbmit/chb24/chb24_01.edf,256.0,256.0,921600,921600,3600.0,3600.0,23,17,FP1-F7|F7-T7|T7-P7|P7-O1|FP1-F3|F3-C3|C3-P3|P3-O1|FZ-CZ|CZ-PZ|FP2-F4|F4-C4|C4-P4|P4-O2|FP2-F8|F8-T8|P8-O2,True,0.5,45.0,False,False,False,False,2,2,True,True,2,2,True,True,data\interim\chbmit\preprocessing_v1\chb24\chb24_01_preproc-v1_raw.fif,62728856,49d11345a189653f3c86381085f8cec7b5b87093a09d2aafac106cdc38261a7f,preprocessing_v1,harmonization_v1,primary_17,1.12.1,3e33b1dcc42f16cd9604ba3aedc514ffa9e8bb93,2026-07-31T13:41:19.402535+00:00,success
chb24,chb24_03,E:/My_Github/epilepsy-eeg-hybrid-ai/data/raw/chbmit/chb24/chb24_03.edf,256.0,256.0,921600,921600,3600.0,3600.0,23,17,FP1-F7|F7-T7|T7-P7|P7-O1|FP1-F3|F3-C3|C3-P3|P3-O1|FZ-CZ|CZ-PZ|FP2-F4|F4-C4|C4-P4|P4-O2|FP2-F8|F8-T8|P8-O2,True,0.5,45.0,False,False,False,False,2,2,True,True,2,2,True,True,data\interim\chbmit\preprocessing_v1\chb24\chb24_03_preproc-v1_raw.fif,62728856,144eaac67fe93b308833705acd58899eb2c2145dfb506a99994d203352ddee20,preprocessing_v1,harmonization_v1,primary_17,1.12.1,3e33b1dcc42f16cd9604ba3aedc514ffa9e8bb93,2026-07-31T13:41:19.402535+00:00,success
chb24,chb24_04,E:/My_Github/epilepsy-eeg-hybrid-ai/data/raw/chbmit/chb24/chb24_04.edf,256.0,256.0,921600,921600,3600.0,3600.0,23,17,FP1-F7|F7-T7|T7-P7|P7-O1|FP1-F3|F3-C3|C3-P3|P3-O1|FZ-CZ|CZ-PZ|FP2-F4|F4-C4|C4-P4|P4-O2|FP2-F8|F8-T8|P8-O2,True,0.5,45.0,False,False,False,False,3,3,True,True,3,3,True,True,data\interim\chbmit\preprocessing_v1\chb24\chb24_04_preproc-v1_raw.fif,62728874,3513dfa51bb6b454dd11d9a5df0339a1e7980132f9ac729a3bfc063afee7de29,preprocessing_v1,harmonization_v1,primary_17,1.12.1,3e33b1dcc42f16cd9604ba3aedc514ffa9e8bb93,2026-07-31T13:41:19.402535+00:00,success
chb24,chb24_06,E:/My_Github/epilepsy-eeg-hybrid-ai/data/raw/chbmit/chb24/chb24_06.edf,256.0,256.0,921600,921600,3600.0,3600.0,23,17,FP1-F7|F7-T7|T7-P7|P7-O1|FP1-F3|F3-C3|C3-P3|P3-O1|FZ-CZ|CZ-PZ|FP2-F4|F4-C4|C4-P4|P4-O2|FP2-F8|F8-T8|P8-O2,True,0.5,45.0,False,False,False,False,1,1,True,True,1,1,True,True,data\interim\chbmit\preprocessing_v1\chb24\chb24_06_preproc-v1_raw.fif,62728838,6133337cb14b94d07a93e73edfdc7309bdacf1ef9a7eebafc461ebe8b6f561b8,preprocessing_v1,harmonization_v1,primary_17,1.12.1,3e33b1dcc42f16cd9604ba3aedc514ffa9e8bb93,2026-07-31T13:41:19.402535+00:00,success
chb24,chb24_07,E:/My_Github/epilepsy-eeg-hybrid-ai/data/raw/chbmit/chb24/chb24_07.edf,256.0,256.0,921600,921600,3600.0,3600.0,23,17,FP1-F7|F7-T7|T7-P7|P7-O1|FP1-F3|F3-C3|C3-P3|P3-O1|FZ-CZ|CZ-PZ|FP2-F4|F4-C4|C4-P4|P4-O2|FP2-F8|F8-T8|P8-O2,True,0.5,45.0,False,False,False,False,1,1,True,True,1,1,True,True,data\interim\chbmit\preprocessing_v1\chb24\chb24_07_preproc-v1_raw.fif,62728838,96286602d37f6d96a23ca30e33faa8eb9c44b754b2a3b5e798cc53fbf6c5a41a,preprocessing_v1,harmonization_v1,primary_17,1.12.1,3e33b1dcc42f16cd9604ba3aedc514ffa9e8bb93,2026-07-31T13:41:19.402535+00:00,success
chb24,chb24_09,E:/My_Github/epilepsy-eeg-hybrid-ai/data/raw/chbmit/chb24/chb24_09.edf,256.0,256.0,921600,921600,3600.0,3600.0,23,17,FP1-F7|F7-T7|T7-P7|P7-O1|FP1-F3|F3-C3|C3-P3|P3-O1|FZ-CZ|CZ-PZ|FP2-F4|F4-C4|C4-P4|P4-O2|FP2-F8|F8-T8|P8-O2,True,0.5,45.0,False,False,False,False,1,1,True,True,1,1,True,True,data\interim\chbmit\preprocessing_v1\chb24\chb24_09_preproc-v1_raw.fif,62728838,22f7d6e8c35d740770d9837b3ee8a40a0a73e316a14d9487ee5dfb9e1c6360d9,preprocessing_v1,harmonization_v1,primary_17,1.12.1,3e33b1dcc42f16cd9604ba3aedc514ffa9e8bb93,2026-07-31T13:41:19.402535+00:00,success
chb24,chb24_11,E:/My_Github/epilepsy-eeg-hybrid-ai/data/raw/chbmit/chb24/chb24_11.edf,256.0,256.0,921600,921600,3600.0,3600.0,23,17,FP1-F7|F7-T7|T7-P7|P7-O1|FP1-F3|F3-C3|C3-P3|P3-O1|FZ-CZ|CZ-PZ|FP2-F4|F4-C4|C4-P4|P4-O2|FP2-F8|F8-T8|P8-O2,True,0.5,45.0,False,False,False,False,1,1,True,True,1,1,True,True,data\interim\chbmit\preprocessing_v1\chb24\chb24_11_preproc-v1_raw.fif,62728838,62c58625833a6943652b7076c5e6d94f2fd60e82ec077da29449d4b90cda9053,preprocessing_v1,harmonization_v1,primary_17,1.12.1,3e33b1dcc42f16cd9604ba3aedc514ffa9e8bb93,2026-07-31T13:41:19.402535+00:00,success
chb24,chb24_13,E:/My_Github/epilepsy-eeg-hybrid-ai/data/raw/chbmit/chb24/chb24_13.edf,256.0,256.0,921600,921600,3600.0,3600.0,23,17,FP1-F7|F7-T7|T7-P7|P7-O1|FP1-F3|F3-C3|C3-P3|P3-O1|FZ-CZ|CZ-PZ|FP2-F4|F4-C4|C4-P4|P4-O2|FP2-F8|F8-T8|P8-O2,True,0.5,45.0,False,False,False,False,1,1,True,True,1,1,True,True,data\interim\chbmit\preprocessing_v1\chb24\chb24_13_preproc-v1_raw.fif,62728838,06e6a056c53b42897e3fd2f866f456fa21eca6f5b4191632862848d62707fdcb,preprocessing_v1,harmonization_v1,primary_17,1.12.1,3e33b1dcc42f16cd9604ba3aedc514ffa9e8bb93,2026-07-31T13:41:19.402535+00:00,success
chb24,chb24_14,E:/My_Github/epilepsy-eeg-hybrid-ai/data/raw/chbmit/chb24/chb24_14.edf,256.0,256.0,921600,921600,3600.0,3600.0,23,17,FP1-F7|F7-T7|T7-P7|P7-O1|FP1-F3|F3-C3|C3-P3|P3-O1|FZ-CZ|CZ-PZ|FP2-F4|F4-C4|C4-P4|P4-O2|FP2-F8|F8-T8|P8-O2,True,0.5,45.0,False,False,False,False,1,1,True,True,1,1,True,True,data\interim\chbmit\preprocessing_v1\chb24\chb24_14_preproc-v1_raw.fif,62728838,00caf9a0996c29fa25812b28834a6cf4f0192545d5a5a12d6879c09b65afe7ec,preprocessing_v1,harmonization_v1,primary_17,1.12.1,3e33b1dcc42f16cd9604ba3aedc514ffa9e8bb93,2026-07-31T13:41:19.402535+00:00,success
chb24,chb24_15,E:/My_Github/epilepsy-eeg-hybrid-ai/data/raw/chbmit/chb24/chb24_15.edf,256.0,256.0,921600,921600,3600.0,3600.0,23,17,FP1-F7|F7-T7|T7-P7|P7-O1|FP1-F3|F3-C3|C3-P3|P3-O1|FZ-CZ|CZ-PZ|FP2-F4|F4-C4|C4-P4|P4-O2|FP2-F8|F8-T8|P8-O2,True,0.5,45.0,False,False,False,False,1,1,True,True,1,1,True,True,data\interim\chbmit\preprocessing_v1\chb24\chb24_15_preproc-v1_raw.fif,62728838,456c9d233c41ebc2663f530d94364f1a36ad314c28b30de7d3a305b30b17fd7a,preprocessing_v1,harmonization_v1,primary_17,1.12.1,3e33b1dcc42f16cd9604ba3aedc514ffa9e8bb93,2026-07-31T13:41:19.402535+00:00,success
chb24,chb24_17,E:/My_Github/epilepsy-eeg-hybrid-ai/data/raw/chbmit/chb24/chb24_17.edf,256.0,256.0,921600,921600,3600.0,3600.0,23,17,FP1-F7|F7-T7|T7-P7|P7-O1|FP1-F3|F3-C3|C3-P3|P3-O1|FZ-CZ|CZ-PZ|FP2-F4|F4-C4|C4-P4|P4-O2|FP2-F8|F8-T8|P8-O2,True,0.5,45.0,False,False,False,False,1,1,True,True,1,1,True,True,data\interim\chbmit\preprocessing_v1\chb24\chb24_17_preproc-v1_raw.fif,62728838,b128d2fd763b46d5907258ab6972ac9847fddfed1b3a6953e37a7b7d3356bdd7,preprocessing_v1,harmonization_v1,primary_17,1.12.1,3e33b1dcc42f16cd9604ba3aedc514ffa9e8bb93,2026-07-31T13:41:19.402535+00:00,success
chb24,chb24_21,E:/My_Github/epilepsy-eeg-hybrid-ai/data/raw/chbmit/chb24/chb24_21.edf,256.0,256.0,921600,921600,3600.0,3600.0,23,17,FP1-F7|F7-T7|T7-P7|P7-O1|FP1-F3|F3-C3|C3-P3|P3-O1|FZ-CZ|CZ-PZ|FP2-F4|F4-C4|C4-P4|P4-O2|FP2-F8|F8-T8|P8-O2,True,0.5,45.0,False,False,False,False,1,1,True,True,1,1,True,True,data\interim\chbmit\preprocessing_v1\chb24\chb24_21_preproc-v1_raw.fif,62728838,5db7fb996937faa5fc6c6665a8a2438d5a70500201b85d89c77f1103ec46ab14,preprocessing_v1,harmonization_v1,primary_17,1.12.1,3e33b1dcc42f16cd9604ba3aedc514ffa9e8bb93,2026-07-31T13:41:19.402535+00:00,success
