case_id,recording_id,channel_index,original_channel_name,canonical_channel_name
chb01,chb01_01,0,FP1-F7,FP1-F7
chb01,chb01_01,1,F7-T7,F7-T7
chb01,chb01_01,2,T7-P7,T7-P7
chb01,chb01_01,3,P7-O1,P7-O1
chb01,chb01_01,4,FP1-F3,FP1-F3
chb01,chb01_01,5,F3-C3,F3-C3
chb01,chb01_01,6,C3-P3,C3-P3
chb01,chb01_01,7,P3-O1,P3-O1
chb01,chb01_01,8,FP2-F4,FP2-F4
chb01,chb01_01,9,F4-C4,F4-C4
chb01,chb01_01,10,C4-P4,C4-P4
chb01,chb01_01,11,P4-O2,P4-O2
chb01,chb01_01,12,FP2-F8,FP2-F8
chb01,chb01_01,13,F8-T8,F8-T8
chb01,chb01_01,14,T8-P8-0,T8-P8-0
chb01,chb01_01,15,P8-O2,P8-O2
chb01,chb01_01,16,FZ-CZ,FZ-CZ
chb01,chb01_01,17,CZ-PZ,CZ-PZ
chb01,chb01_01,18,P7-T7,P7-T7
chb01,chb01_01,19,T7-FT9,T7-FT9
chb01,chb01_01,20,FT9-FT10,FT9-FT10
chb01,chb01_01,21,FT10-T8,FT10-T8
chb01,chb01_01,22,T8-P8-1,T8-P8-1
chb01,chb01_02,0,FP1-F7,FP1-F7
chb01,chb01_02,1,F7-T7,F7-T7
chb01,chb01_02,2,T7-P7,T7-P7
chb01,chb01_02,3,P7-O1,P7-O1
chb01,chb01_02,4,FP1-F3,FP1-F3
chb01,chb01_02,5,F3-C3,F3-C3
chb01,chb01_02,6,C3-P3,C3-P3
chb01,chb01_02,7,P3-O1,P3-O1
chb01,chb01_02,8,FP2-F4,FP2-F4
chb01,chb01_02,9,F4-C4,F4-C4
chb01,chb01_02,10,C4-P4,C4-P4
chb01,chb01_02,11,P4-O2,P4-O2
chb01,chb01_02,12,FP2-F8,FP2-F8
chb01,chb01_02,13,F8-T8,F8-T8
chb01,chb01_02,14,T8-P8-0,T8-P8-0
chb01,chb01_02,15,P8-O2,P8-O2
chb01,chb01_02,16,FZ-CZ,FZ-CZ
chb01,chb01_02,17,CZ-PZ,CZ-PZ
chb01,chb01_02,18,P7-T7,P7-T7
chb01,chb01_02,19,T7-FT9,T7-FT9
chb01,chb01_02,20,FT9-FT10,FT9-FT10
chb01,chb01_02,21,FT10-T8,FT10-T8
chb01,chb01_02,22,T8-P8-1,T8-P8-1
chb01,chb01_03,0,FP1-F7,FP1-F7
chb01,chb01_03,1,F7-T7,F7-T7
chb01,chb01_03,2,T7-P7,T7-P7
chb01,chb01_03,3,P7-O1,P7-O1
chb01,chb01_03,4,FP1-F3,FP1-F3
chb01,chb01_03,5,F3-C3,F3-C3
chb01,chb01_03,6,C3-P3,C3-P3
chb01,chb01_03,7,P3-O1,P3-O1
chb01,chb01_03,8,FP2-F4,FP2-F4
chb01,chb01_03,9,F4-C4,F4-C4
chb01,chb01_03,10,C4-P4,C4-P4
chb01,chb01_03,11,P4-O2,P4-O2
chb01,chb01_03,12,FP2-F8,FP2-F8
chb01,chb01_03,13,F8-T8,F8-T8
chb01,chb01_03,14,T8-P8-0,T8-P8-0
chb01,chb01_03,15,P8-O2,P8-O2
chb01,chb01_03,16,FZ-CZ,FZ-CZ
chb01,chb01_03,17,CZ-PZ,CZ-PZ
chb01,chb01_03,18,P7-T7,P7-T7
chb01,chb01_03,19,T7-FT9,T7-FT9
chb01,chb01_03,20,FT9-FT10,FT9-FT10
chb01,chb01_03,21,FT10-T8,FT10-T8
chb01,chb01_03,22,T8-P8-1,T8-P8-1
chb01,chb01_04,0,FP1-F7,FP1-F7
chb01,chb01_04,1,F7-T7,F7-T7
chb01,chb01_04,2,T7-P7,T7-P7
chb01,chb01_04,3,P7-O1,P7-O1
chb01,chb01_04,4,FP1-F3,FP1-F3
chb01,chb01_04,5,F3-C3,F3-C3
chb01,chb01_04,6,C3-P3,C3-P3
chb01,chb01_04,7,P3-O1,P3-O1
chb01,chb01_04,8,FP2-F4,FP2-F4
chb01,chb01_04,9,F4-C4,F4-C4
chb01,chb01_04,10,C4-P4,C4-P4
chb01,chb01_04,11,P4-O2,P4-O2
chb01,chb01_04,12,FP2-F8,FP2-F8
chb01,chb01_04,13,F8-T8,F8-T8
chb01,chb01_04,14,T8-P8-0,T8-P8-0
chb01,chb01_04,15,P8-O2,P8-O2
chb01,chb01_04,16,FZ-CZ,FZ-CZ
chb01,chb01_04,17,CZ-PZ,CZ-PZ
chb01,chb01_04,18,P7-T7,P7-T7
chb01,chb01_04,19,T7-FT9,T7-FT9
chb01,chb01_04,20,FT9-FT10,FT9-FT10
chb01,chb01_04,21,FT10-T8,FT10-T8
chb01,chb01_04,22,T8-P8-1,T8-P8-1
chb01,chb01_05,0,FP1-F7,FP1-F7
chb01,chb01_05,1,F7-T7,F7-T7
chb01,chb01_05,2,T7-P7,T7-P7
chb01,chb01_05,3,P7-O1,P7-O1
chb01,chb01_05,4,FP1-F3,FP1-F3
chb01,chb01_05,5,F3-C3,F3-C3
chb01,chb01_05,6,C3-P3,C3-P3
chb01,chb01_05,7,P3-O1,P3-O1
chb01,chb01_05,8,FP2-F4,FP2-F4
chb01,chb01_05,9,F4-C4,F4-C4
chb01,chb01_05,10,C4-P4,C4-P4
chb01,chb01_05,11,P4-O2,P4-O2
chb01,chb01_05,12,FP2-F8,FP2-F8
chb01,chb01_05,13,F8-T8,F8-T8
chb01,chb01_05,14,T8-P8-0,T8-P8-0
chb01,chb01_05,15,P8-O2,P8-O2
chb01,chb01_05,16,FZ-CZ,FZ-CZ
chb01,chb01_05,17,CZ-PZ,CZ-PZ
chb01,chb01_05,18,P7-T7,P7-T7
chb01,chb01_05,19,T7-FT9,T7-FT9
chb01,chb01_05,20,FT9-FT10,FT9-FT10
chb01,chb01_05,21,FT10-T8,FT10-T8
chb01,chb01_05,22,T8-P8-1,T8-P8-1
chb01,chb01_06,0,FP1-F7,FP1-F7
chb01,chb01_06,1,F7-T7,F7-T7
chb01,chb01_06,2,T7-P7,T7-P7
chb01,chb01_06,3,P7-O1,P7-O1
chb01,chb01_06,4,FP1-F3,FP1-F3
chb01,chb01_06,5,F3-C3,F3-C3
chb01,chb01_06,6,C3-P3,C3-P3
chb01,chb01_06,7,P3-O1,P3-O1
chb01,chb01_06,8,FP2-F4,FP2-F4
chb01,chb01_06,9,F4-C4,F4-C4
chb01,chb01_06,10,C4-P4,C4-P4
chb01,chb01_06,11,P4-O2,P4-O2
chb01,chb01_06,12,FP2-F8,FP2-F8
chb01,chb01_06,13,F8-T8,F8-T8
chb01,chb01_06,14,T8-P8-0,T8-P8-0
chb01,chb01_06,15,P8-O2,P8-O2
chb01,chb01_06,16,FZ-CZ,FZ-CZ
chb01,chb01_06,17,CZ-PZ,CZ-PZ
chb01,chb01_06,18,P7-T7,P7-T7
chb01,chb01_06,19,T7-FT9,T7-FT9
chb01,chb01_06,20,FT9-FT10,FT9-FT10
chb01,chb01_06,21,FT10-T8,FT10-T8
chb01,chb01_06,22,T8-P8-1,T8-P8-1
chb01,chb01_07,0,FP1-F7,FP1-F7
chb01,chb01_07,1,F7-T7,F7-T7
chb01,chb01_07,2,T7-P7,T7-P7
chb01,chb01_07,3,P7-O1,P7-O1
chb01,chb01_07,4,FP1-F3,FP1-F3
chb01,chb01_07,5,F3-C3,F3-C3
chb01,chb01_07,6,C3-P3,C3-P3
chb01,chb01_07,7,P3-O1,P3-O1
chb01,chb01_07,8,FP2-F4,FP2-F4
chb01,chb01_07,9,F4-C4,F4-C4
chb01,chb01_07,10,C4-P4,C4-P4
chb01,chb01_07,11,P4-O2,P4-O2
chb01,chb01_07,12,FP2-F8,FP2-F8
chb01,chb01_07,13,F8-T8,F8-T8
chb01,chb01_07,14,T8-P8-0,T8-P8-0
chb01,chb01_07,15,P8-O2,P8-O2
chb01,chb01_07,16,FZ-CZ,FZ-CZ
chb01,chb01_07,17,CZ-PZ,CZ-PZ
chb01,chb01_07,18,P7-T7,P7-T7
chb01,chb01_07,19,T7-FT9,T7-FT9
chb01,chb01_07,20,FT9-FT10,FT9-FT10
chb01,chb01_07,21,FT10-T8,FT10-T8
chb01,chb01_07,22,T8-P8-1,T8-P8-1
chb01,chb01_08,0,FP1-F7,FP1-F7
chb01,chb01_08,1,F7-T7,F7-T7
chb01,chb01_08,2,T7-P7,T7-P7
chb01,chb01_08,3,P7-O1,P7-O1
chb01,chb01_08,4,FP1-F3,FP1-F3
chb01,chb01_08,5,F3-C3,F3-C3
chb01,chb01_08,6,C3-P3,C3-P3
chb01,chb01_08,7,P3-O1,P3-O1
chb01,chb01_08,8,FP2-F4,FP2-F4
chb01,chb01_08,9,F4-C4,F4-C4
chb01,chb01_08,10,C4-P4,C4-P4
chb01,chb01_08,11,P4-O2,P4-O2
chb01,chb01_08,12,FP2-F8,FP2-F8
chb01,chb01_08,13,F8-T8,F8-T8
chb01,chb01_08,14,T8-P8-0,T8-P8-0
chb01,chb01_08,15,P8-O2,P8-O2
chb01,chb01_08,16,FZ-CZ,FZ-CZ
chb01,chb01_08,17,CZ-PZ,CZ-PZ
chb01,chb01_08,18,P7-T7,P7-T7
chb01,chb01_08,19,T7-FT9,T7-FT9
chb01,chb01_08,20,FT9-FT10,FT9-FT10
chb01,chb01_08,21,FT10-T8,FT10-T8
chb01,chb01_08,22,T8-P8-1,T8-P8-1
chb01,chb01_09,0,FP1-F7,FP1-F7
chb01,chb01_09,1,F7-T7,F7-T7
chb01,chb01_09,2,T7-P7,T7-P7
chb01,chb01_09,3,P7-O1,P7-O1
chb01,chb01_09,4,FP1-F3,FP1-F3
chb01,chb01_09,5,F3-C3,F3-C3
chb01,chb01_09,6,C3-P3,C3-P3
chb01,chb01_09,7,P3-O1,P3-O1
chb01,chb01_09,8,FP2-F4,FP2-F4
chb01,chb01_09,9,F4-C4,F4-C4
chb01,chb01_09,10,C4-P4,C4-P4
chb01,chb01_09,11,P4-O2,P4-O2
chb01,chb01_09,12,FP2-F8,FP2-F8
chb01,chb01_09,13,F8-T8,F8-T8
chb01,chb01_09,14,T8-P8-0,T8-P8-0
chb01,chb01_09,15,P8-O2,P8-O2
chb01,chb01_09,16,FZ-CZ,FZ-CZ
chb01,chb01_09,17,CZ-PZ,CZ-PZ
chb01,chb01_09,18,P7-T7,P7-T7
chb01,chb01_09,19,T7-FT9,T7-FT9
chb01,chb01_09,20,FT9-FT10,FT9-FT10
chb01,chb01_09,21,FT10-T8,FT10-T8
chb01,chb01_09,22,T8-P8-1,T8-P8-1
chb01,chb01_10,0,FP1-F7,FP1-F7
chb01,chb01_10,1,F7-T7,F7-T7
chb01,chb01_10,2,T7-P7,T7-P7
chb01,chb01_10,3,P7-O1,P7-O1
chb01,chb01_10,4,FP1-F3,FP1-F3
chb01,chb01_10,5,F3-C3,F3-C3
chb01,chb01_10,6,C3-P3,C3-P3
chb01,chb01_10,7,P3-O1,P3-O1
chb01,chb01_10,8,FP2-F4,FP2-F4
chb01,chb01_10,9,F4-C4,F4-C4
chb01,chb01_10,10,C4-P4,C4-P4
chb01,chb01_10,11,P4-O2,P4-O2
chb01,chb01_10,12,FP2-F8,FP2-F8
chb01,chb01_10,13,F8-T8,F8-T8
chb01,chb01_10,14,T8-P8-0,T8-P8-0
chb01,chb01_10,15,P8-O2,P8-O2
chb01,chb01_10,16,FZ-CZ,FZ-CZ
chb01,chb01_10,17,CZ-PZ,CZ-PZ
chb01,chb01_10,18,P7-T7,P7-T7
chb01,chb01_10,19,T7-FT9,T7-FT9
chb01,chb01_10,20,FT9-FT10,FT9-FT10
chb01,chb01_10,21,FT10-T8,FT10-T8
chb01,chb01_10,22,T8-P8-1,T8-P8-1
chb01,chb01_11,0,FP1-F7,FP1-F7
chb01,chb01_11,1,F7-T7,F7-T7
chb01,chb01_11,2,T7-P7,T7-P7
chb01,chb01_11,3,P7-O1,P7-O1
chb01,chb01_11,4,FP1-F3,FP1-F3
chb01,chb01_11,5,F3-C3,F3-C3
chb01,chb01_11,6,C3-P3,C3-P3
chb01,chb01_11,7,P3-O1,P3-O1
chb01,chb01_11,8,FP2-F4,FP2-F4
chb01,chb01_11,9,F4-C4,F4-C4
chb01,chb01_11,10,C4-P4,C4-P4
chb01,chb01_11,11,P4-O2,P4-O2
chb01,chb01_11,12,FP2-F8,FP2-F8
chb01,chb01_11,13,F8-T8,F8-T8
chb01,chb01_11,14,T8-P8-0,T8-P8-0
chb01,chb01_11,15,P8-O2,P8-O2
chb01,chb01_11,16,FZ-CZ,FZ-CZ
chb01,chb01_11,17,CZ-PZ,CZ-PZ
chb01,chb01_11,18,P7-T7,P7-T7
chb01,chb01_11,19,T7-FT9,T7-FT9
chb01,chb01_11,20,FT9-FT10,FT9-FT10
chb01,chb01_11,21,FT10-T8,FT10-T8
chb01,chb01_11,22,T8-P8-1,T8-P8-1
chb01,chb01_12,0,FP1-F7,FP1-F7
chb01,chb01_12,1,F7-T7,F7-T7
chb01,chb01_12,2,T7-P7,T7-P7
chb01,chb01_12,3,P7-O1,P7-O1
chb01,chb01_12,4,FP1-F3,FP1-F3
chb01,chb01_12,5,F3-C3,F3-C3
chb01,chb01_12,6,C3-P3,C3-P3
chb01,chb01_12,7,P3-O1,P3-O1
chb01,chb01_12,8,FP2-F4,FP2-F4
chb01,chb01_12,9,F4-C4,F4-C4
chb01,chb01_12,10,C4-P4,C4-P4
chb01,chb01_12,11,P4-O2,P4-O2
chb01,chb01_12,12,FP2-F8,FP2-F8
chb01,chb01_12,13,F8-T8,F8-T8
chb01,chb01_12,14,T8-P8-0,T8-P8-0
chb01,chb01_12,15,P8-O2,P8-O2
chb01,chb01_12,16,FZ-CZ,FZ-CZ
chb01,chb01_12,17,CZ-PZ,CZ-PZ
chb01,chb01_12,18,P7-T7,P7-T7
chb01,chb01_12,19,T7-FT9,T7-FT9
chb01,chb01_12,20,FT9-FT10,FT9-FT10
chb01,chb01_12,21,FT10-T8,FT10-T8
chb01,chb01_12,22,T8-P8-1,T8-P8-1
chb01,chb01_13,0,FP1-F7,FP1-F7
chb01,chb01_13,1,F7-T7,F7-T7
chb01,chb01_13,2,T7-P7,T7-P7
chb01,chb01_13,3,P7-O1,P7-O1
chb01,chb01_13,4,FP1-F3,FP1-F3
chb01,chb01_13,5,F3-C3,F3-C3
chb01,chb01_13,6,C3-P3,C3-P3
chb01,chb01_13,7,P3-O1,P3-O1
chb01,chb01_13,8,FP2-F4,FP2-F4
chb01,chb01_13,9,F4-C4,F4-C4
chb01,chb01_13,10,C4-P4,C4-P4
chb01,chb01_13,11,P4-O2,P4-O2
chb01,chb01_13,12,FP2-F8,FP2-F8
chb01,chb01_13,13,F8-T8,F8-T8
chb01,chb01_13,14,T8-P8-0,T8-P8-0
chb01,chb01_13,15,P8-O2,P8-O2
chb01,chb01_13,16,FZ-CZ,FZ-CZ
chb01,chb01_13,17,CZ-PZ,CZ-PZ
chb01,chb01_13,18,P7-T7,P7-T7
chb01,chb01_13,19,T7-FT9,T7-FT9
chb01,chb01_13,20,FT9-FT10,FT9-FT10
chb01,chb01_13,21,FT10-T8,FT10-T8
chb01,chb01_13,22,T8-P8-1,T8-P8-1
chb01,chb01_14,0,FP1-F7,FP1-F7
chb01,chb01_14,1,F7-T7,F7-T7
chb01,chb01_14,2,T7-P7,T7-P7
chb01,chb01_14,3,P7-O1,P7-O1
chb01,chb01_14,4,FP1-F3,FP1-F3
chb01,chb01_14,5,F3-C3,F3-C3
chb01,chb01_14,6,C3-P3,C3-P3
chb01,chb01_14,7,P3-O1,P3-O1
chb01,chb01_14,8,FP2-F4,FP2-F4
chb01,chb01_14,9,F4-C4,F4-C4
chb01,chb01_14,10,C4-P4,C4-P4
chb01,chb01_14,11,P4-O2,P4-O2
chb01,chb01_14,12,FP2-F8,FP2-F8
chb01,chb01_14,13,F8-T8,F8-T8
chb01,chb01_14,14,T8-P8-0,T8-P8-0
chb01,chb01_14,15,P8-O2,P8-O2
chb01,chb01_14,16,FZ-CZ,FZ-CZ
chb01,chb01_14,17,CZ-PZ,CZ-PZ
chb01,chb01_14,18,P7-T7,P7-T7
chb01,chb01_14,19,T7-FT9,T7-FT9
chb01,chb01_14,20,FT9-FT10,FT9-FT10
chb01,chb01_14,21,FT10-T8,FT10-T8
chb01,chb01_14,22,T8-P8-1,T8-P8-1
chb01,chb01_15,0,FP1-F7,FP1-F7
chb01,chb01_15,1,F7-T7,F7-T7
chb01,chb01_15,2,T7-P7,T7-P7
chb01,chb01_15,3,P7-O1,P7-O1
chb01,chb01_15,4,FP1-F3,FP1-F3
chb01,chb01_15,5,F3-C3,F3-C3
chb01,chb01_15,6,C3-P3,C3-P3
chb01,chb01_15,7,P3-O1,P3-O1
chb01,chb01_15,8,FP2-F4,FP2-F4
chb01,chb01_15,9,F4-C4,F4-C4
chb01,chb01_15,10,C4-P4,C4-P4
chb01,chb01_15,11,P4-O2,P4-O2
chb01,chb01_15,12,FP2-F8,FP2-F8
chb01,chb01_15,13,F8-T8,F8-T8
chb01,chb01_15,14,T8-P8-0,T8-P8-0
chb01,chb01_15,15,P8-O2,P8-O2
chb01,chb01_15,16,FZ-CZ,FZ-CZ
chb01,chb01_15,17,CZ-PZ,CZ-PZ
chb01,chb01_15,18,P7-T7,P7-T7
chb01,chb01_15,19,T7-FT9,T7-FT9
chb01,chb01_15,20,FT9-FT10,FT9-FT10
chb01,chb01_15,21,FT10-T8,FT10-T8
chb01,chb01_15,22,T8-P8-1,T8-P8-1
chb01,chb01_16,0,FP1-F7,FP1-F7
chb01,chb01_16,1,F7-T7,F7-T7
chb01,chb01_16,2,T7-P7,T7-P7
chb01,chb01_16,3,P7-O1,P7-O1
chb01,chb01_16,4,FP1-F3,FP1-F3
chb01,chb01_16,5,F3-C3,F3-C3
chb01,chb01_16,6,C3-P3,C3-P3
chb01,chb01_16,7,P3-O1,P3-O1
chb01,chb01_16,8,FP2-F4,FP2-F4
chb01,chb01_16,9,F4-C4,F4-C4
chb01,chb01_16,10,C4-P4,C4-P4
chb01,chb01_16,11,P4-O2,P4-O2
chb01,chb01_16,12,FP2-F8,FP2-F8
chb01,chb01_16,13,F8-T8,F8-T8
chb01,chb01_16,14,T8-P8-0,T8-P8-0
chb01,chb01_16,15,P8-O2,P8-O2
chb01,chb01_16,16,FZ-CZ,FZ-CZ
chb01,chb01_16,17,CZ-PZ,CZ-PZ
chb01,chb01_16,18,P7-T7,P7-T7
chb01,chb01_16,19,T7-FT9,T7-FT9
chb01,chb01_16,20,FT9-FT10,FT9-FT10
chb01,chb01_16,21,FT10-T8,FT10-T8
chb01,chb01_16,22,T8-P8-1,T8-P8-1
chb01,chb01_17,0,FP1-F7,FP1-F7
chb01,chb01_17,1,F7-T7,F7-T7
chb01,chb01_17,2,T7-P7,T7-P7
chb01,chb01_17,3,P7-O1,P7-O1
chb01,chb01_17,4,FP1-F3,FP1-F3
chb01,chb01_17,5,F3-C3,F3-C3
chb01,chb01_17,6,C3-P3,C3-P3
chb01,chb01_17,7,P3-O1,P3-O1
chb01,chb01_17,8,FP2-F4,FP2-F4
chb01,chb01_17,9,F4-C4,F4-C4
chb01,chb01_17,10,C4-P4,C4-P4
chb01,chb01_17,11,P4-O2,P4-O2
chb01,chb01_17,12,FP2-F8,FP2-F8
chb01,chb01_17,13,F8-T8,F8-T8
chb01,chb01_17,14,T8-P8-0,T8-P8-0
chb01,chb01_17,15,P8-O2,P8-O2
chb01,chb01_17,16,FZ-CZ,FZ-CZ
chb01,chb01_17,17,CZ-PZ,CZ-PZ
chb01,chb01_17,18,P7-T7,P7-T7
chb01,chb01_17,19,T7-FT9,T7-FT9
chb01,chb01_17,20,FT9-FT10,FT9-FT10
chb01,chb01_17,21,FT10-T8,FT10-T8
chb01,chb01_17,22,T8-P8-1,T8-P8-1
chb01,chb01_18,0,FP1-F7,FP1-F7
chb01,chb01_18,1,F7-T7,F7-T7
chb01,chb01_18,2,T7-P7,T7-P7
chb01,chb01_18,3,P7-O1,P7-O1
chb01,chb01_18,4,FP1-F3,FP1-F3
chb01,chb01_18,5,F3-C3,F3-C3
chb01,chb01_18,6,C3-P3,C3-P3
chb01,chb01_18,7,P3-O1,P3-O1
chb01,chb01_18,8,FP2-F4,FP2-F4
chb01,chb01_18,9,F4-C4,F4-C4
chb01,chb01_18,10,C4-P4,C4-P4
chb01,chb01_18,11,P4-O2,P4-O2
chb01,chb01_18,12,FP2-F8,FP2-F8
chb01,chb01_18,13,F8-T8,F8-T8
chb01,chb01_18,14,T8-P8-0,T8-P8-0
chb01,chb01_18,15,P8-O2,P8-O2
chb01,chb01_18,16,FZ-CZ,FZ-CZ
chb01,chb01_18,17,CZ-PZ,CZ-PZ
chb01,chb01_18,18,P7-T7,P7-T7
chb01,chb01_18,19,T7-FT9,T7-FT9
chb01,chb01_18,20,FT9-FT10,FT9-FT10
chb01,chb01_18,21,FT10-T8,FT10-T8
chb01,chb01_18,22,T8-P8-1,T8-P8-1
chb01,chb01_19,0,FP1-F7,FP1-F7
chb01,chb01_19,1,F7-T7,F7-T7
chb01,chb01_19,2,T7-P7,T7-P7
chb01,chb01_19,3,P7-O1,P7-O1
chb01,chb01_19,4,FP1-F3,FP1-F3
chb01,chb01_19,5,F3-C3,F3-C3
chb01,chb01_19,6,C3-P3,C3-P3
chb01,chb01_19,7,P3-O1,P3-O1
chb01,chb01_19,8,FP2-F4,FP2-F4
chb01,chb01_19,9,F4-C4,F4-C4
chb01,chb01_19,10,C4-P4,C4-P4
chb01,chb01_19,11,P4-O2,P4-O2
chb01,chb01_19,12,FP2-F8,FP2-F8
chb01,chb01_19,13,F8-T8,F8-T8
chb01,chb01_19,14,T8-P8-0,T8-P8-0
chb01,chb01_19,15,P8-O2,P8-O2
chb01,chb01_19,16,FZ-CZ,FZ-CZ
chb01,chb01_19,17,CZ-PZ,CZ-PZ
chb01,chb01_19,18,P7-T7,P7-T7
chb01,chb01_19,19,T7-FT9,T7-FT9
chb01,chb01_19,20,FT9-FT10,FT9-FT10
chb01,chb01_19,21,FT10-T8,FT10-T8
chb01,chb01_19,22,T8-P8-1,T8-P8-1
chb01,chb01_20,0,FP1-F7,FP1-F7
chb01,chb01_20,1,F7-T7,F7-T7
chb01,chb01_20,2,T7-P7,T7-P7
chb01,chb01_20,3,P7-O1,P7-O1
chb01,chb01_20,4,FP1-F3,FP1-F3
chb01,chb01_20,5,F3-C3,F3-C3
chb01,chb01_20,6,C3-P3,C3-P3
chb01,chb01_20,7,P3-O1,P3-O1
chb01,chb01_20,8,FP2-F4,FP2-F4
chb01,chb01_20,9,F4-C4,F4-C4
chb01,chb01_20,10,C4-P4,C4-P4
chb01,chb01_20,11,P4-O2,P4-O2
chb01,chb01_20,12,FP2-F8,FP2-F8
chb01,chb01_20,13,F8-T8,F8-T8
chb01,chb01_20,14,T8-P8-0,T8-P8-0
chb01,chb01_20,15,P8-O2,P8-O2
chb01,chb01_20,16,FZ-CZ,FZ-CZ
chb01,chb01_20,17,CZ-PZ,CZ-PZ
chb01,chb01_20,18,P7-T7,P7-T7
chb01,chb01_20,19,T7-FT9,T7-FT9
chb01,chb01_20,20,FT9-FT10,FT9-FT10
chb01,chb01_20,21,FT10-T8,FT10-T8
chb01,chb01_20,22,T8-P8-1,T8-P8-1
chb01,chb01_21,0,FP1-F7,FP1-F7
chb01,chb01_21,1,F7-T7,F7-T7
chb01,chb01_21,2,T7-P7,T7-P7
chb01,chb01_21,3,P7-O1,P7-O1
chb01,chb01_21,4,FP1-F3,FP1-F3
chb01,chb01_21,5,F3-C3,F3-C3
chb01,chb01_21,6,C3-P3,C3-P3
chb01,chb01_21,7,P3-O1,P3-O1
chb01,chb01_21,8,FP2-F4,FP2-F4
chb01,chb01_21,9,F4-C4,F4-C4
chb01,chb01_21,10,C4-P4,C4-P4
chb01,chb01_21,11,P4-O2,P4-O2
chb01,chb01_21,12,FP2-F8,FP2-F8
chb01,chb01_21,13,F8-T8,F8-T8
chb01,chb01_21,14,T8-P8-0,T8-P8-0
chb01,chb01_21,15,P8-O2,P8-O2
chb01,chb01_21,16,FZ-CZ,FZ-CZ
chb01,chb01_21,17,CZ-PZ,CZ-PZ
chb01,chb01_21,18,P7-T7,P7-T7
chb01,chb01_21,19,T7-FT9,T7-FT9
chb01,chb01_21,20,FT9-FT10,FT9-FT10
chb01,chb01_21,21,FT10-T8,FT10-T8
chb01,chb01_21,22,T8-P8-1,T8-P8-1
chb01,chb01_22,0,FP1-F7,FP1-F7
chb01,chb01_22,1,F7-T7,F7-T7
chb01,chb01_22,2,T7-P7,T7-P7
chb01,chb01_22,3,P7-O1,P7-O1
chb01,chb01_22,4,FP1-F3,FP1-F3
chb01,chb01_22,5,F3-C3,F3-C3
chb01,chb01_22,6,C3-P3,C3-P3
chb01,chb01_22,7,P3-O1,P3-O1
chb01,chb01_22,8,FP2-F4,FP2-F4
chb01,chb01_22,9,F4-C4,F4-C4
chb01,chb01_22,10,C4-P4,C4-P4
chb01,chb01_22,11,P4-O2,P4-O2
chb01,chb01_22,12,FP2-F8,FP2-F8
chb01,chb01_22,13,F8-T8,F8-T8
chb01,chb01_22,14,T8-P8-0,T8-P8-0
chb01,chb01_22,15,P8-O2,P8-O2
chb01,chb01_22,16,FZ-CZ,FZ-CZ
chb01,chb01_22,17,CZ-PZ,CZ-PZ
chb01,chb01_22,18,P7-T7,P7-T7
chb01,chb01_22,19,T7-FT9,T7-FT9
chb01,chb01_22,20,FT9-FT10,FT9-FT10
chb01,chb01_22,21,FT10-T8,FT10-T8
chb01,chb01_22,22,T8-P8-1,T8-P8-1
chb01,chb01_23,0,FP1-F7,FP1-F7
chb01,chb01_23,1,F7-T7,F7-T7
chb01,chb01_23,2,T7-P7,T7-P7
chb01,chb01_23,3,P7-O1,P7-O1
chb01,chb01_23,4,FP1-F3,FP1-F3
chb01,chb01_23,5,F3-C3,F3-C3
chb01,chb01_23,6,C3-P3,C3-P3
chb01,chb01_23,7,P3-O1,P3-O1
chb01,chb01_23,8,FP2-F4,FP2-F4
chb01,chb01_23,9,F4-C4,F4-C4
chb01,chb01_23,10,C4-P4,C4-P4
chb01,chb01_23,11,P4-O2,P4-O2
chb01,chb01_23,12,FP2-F8,FP2-F8
chb01,chb01_23,13,F8-T8,F8-T8
chb01,chb01_23,14,T8-P8-0,T8-P8-0
chb01,chb01_23,15,P8-O2,P8-O2
chb01,chb01_23,16,FZ-CZ,FZ-CZ
chb01,chb01_23,17,CZ-PZ,CZ-PZ
chb01,chb01_23,18,P7-T7,P7-T7
chb01,chb01_23,19,T7-FT9,T7-FT9
chb01,chb01_23,20,FT9-FT10,FT9-FT10
chb01,chb01_23,21,FT10-T8,FT10-T8
chb01,chb01_23,22,T8-P8-1,T8-P8-1
chb01,chb01_24,0,FP1-F7,FP1-F7
chb01,chb01_24,1,F7-T7,F7-T7
chb01,chb01_24,2,T7-P7,T7-P7
chb01,chb01_24,3,P7-O1,P7-O1
chb01,chb01_24,4,FP1-F3,FP1-F3
chb01,chb01_24,5,F3-C3,F3-C3
chb01,chb01_24,6,C3-P3,C3-P3
chb01,chb01_24,7,P3-O1,P3-O1
chb01,chb01_24,8,FP2-F4,FP2-F4
chb01,chb01_24,9,F4-C4,F4-C4
chb01,chb01_24,10,C4-P4,C4-P4
chb01,chb01_24,11,P4-O2,P4-O2
chb01,chb01_24,12,FP2-F8,FP2-F8
chb01,chb01_24,13,F8-T8,F8-T8
chb01,chb01_24,14,T8-P8-0,T8-P8-0
chb01,chb01_24,15,P8-O2,P8-O2
chb01,chb01_24,16,FZ-CZ,FZ-CZ
chb01,chb01_24,17,CZ-PZ,CZ-PZ
chb01,chb01_24,18,P7-T7,P7-T7
chb01,chb01_24,19,T7-FT9,T7-FT9
chb01,chb01_24,20,FT9-FT10,FT9-FT10
chb01,chb01_24,21,FT10-T8,FT10-T8
chb01,chb01_24,22,T8-P8-1,T8-P8-1
chb01,chb01_25,0,FP1-F7,FP1-F7
chb01,chb01_25,1,F7-T7,F7-T7
chb01,chb01_25,2,T7-P7,T7-P7
chb01,chb01_25,3,P7-O1,P7-O1
chb01,chb01_25,4,FP1-F3,FP1-F3
chb01,chb01_25,5,F3-C3,F3-C3
chb01,chb01_25,6,C3-P3,C3-P3
chb01,chb01_25,7,P3-O1,P3-O1
chb01,chb01_25,8,FP2-F4,FP2-F4
chb01,chb01_25,9,F4-C4,F4-C4
chb01,chb01_25,10,C4-P4,C4-P4
chb01,chb01_25,11,P4-O2,P4-O2
chb01,chb01_25,12,FP2-F8,FP2-F8
chb01,chb01_25,13,F8-T8,F8-T8
chb01,chb01_25,14,T8-P8-0,T8-P8-0
chb01,chb01_25,15,P8-O2,P8-O2
chb01,chb01_25,16,FZ-CZ,FZ-CZ
chb01,chb01_25,17,CZ-PZ,CZ-PZ
chb01,chb01_25,18,P7-T7,P7-T7
chb01,chb01_25,19,T7-FT9,T7-FT9
chb01,chb01_25,20,FT9-FT10,FT9-FT10
chb01,chb01_25,21,FT10-T8,FT10-T8
chb01,chb01_25,22,T8-P8-1,T8-P8-1
chb01,chb01_26,0,FP1-F7,FP1-F7
chb01,chb01_26,1,F7-T7,F7-T7
chb01,chb01_26,2,T7-P7,T7-P7
chb01,chb01_26,3,P7-O1,P7-O1
chb01,chb01_26,4,FP1-F3,FP1-F3
chb01,chb01_26,5,F3-C3,F3-C3
chb01,chb01_26,6,C3-P3,C3-P3
chb01,chb01_26,7,P3-O1,P3-O1
chb01,chb01_26,8,FP2-F4,FP2-F4
chb01,chb01_26,9,F4-C4,F4-C4
chb01,chb01_26,10,C4-P4,C4-P4
chb01,chb01_26,11,P4-O2,P4-O2
chb01,chb01_26,12,FP2-F8,FP2-F8
chb01,chb01_26,13,F8-T8,F8-T8
chb01,chb01_26,14,T8-P8-0,T8-P8-0
chb01,chb01_26,15,P8-O2,P8-O2
chb01,chb01_26,16,FZ-CZ,FZ-CZ
chb01,chb01_26,17,CZ-PZ,CZ-PZ
chb01,chb01_26,18,P7-T7,P7-T7
chb01,chb01_26,19,T7-FT9,T7-FT9
chb01,chb01_26,20,FT9-FT10,FT9-FT10
chb01,chb01_26,21,FT10-T8,FT10-T8
chb01,chb01_26,22,T8-P8-1,T8-P8-1
chb01,chb01_27,0,FP1-F7,FP1-F7
chb01,chb01_27,1,F7-T7,F7-T7
chb01,chb01_27,2,T7-P7,T7-P7
chb01,chb01_27,3,P7-O1,P7-O1
chb01,chb01_27,4,FP1-F3,FP1-F3
chb01,chb01_27,5,F3-C3,F3-C3
chb01,chb01_27,6,C3-P3,C3-P3
chb01,chb01_27,7,P3-O1,P3-O1
chb01,chb01_27,8,FP2-F4,FP2-F4
chb01,chb01_27,9,F4-C4,F4-C4
chb01,chb01_27,10,C4-P4,C4-P4
chb01,chb01_27,11,P4-O2,P4-O2
chb01,chb01_27,12,FP2-F8,FP2-F8
chb01,chb01_27,13,F8-T8,F8-T8
chb01,chb01_27,14,T8-P8-0,T8-P8-0
chb01,chb01_27,15,P8-O2,P8-O2
chb01,chb01_27,16,FZ-CZ,FZ-CZ
chb01,chb01_27,17,CZ-PZ,CZ-PZ
chb01,chb01_27,18,P7-T7,P7-T7
chb01,chb01_27,19,T7-FT9,T7-FT9
chb01,chb01_27,20,FT9-FT10,FT9-FT10
chb01,chb01_27,21,FT10-T8,FT10-T8
chb01,chb01_27,22,T8-P8-1,T8-P8-1
chb01,chb01_29,0,FP1-F7,FP1-F7
chb01,chb01_29,1,F7-T7,F7-T7
chb01,chb01_29,2,T7-P7,T7-P7
chb01,chb01_29,3,P7-O1,P7-O1
chb01,chb01_29,4,FP1-F3,FP1-F3
chb01,chb01_29,5,F3-C3,F3-C3
chb01,chb01_29,6,C3-P3,C3-P3
chb01,chb01_29,7,P3-O1,P3-O1
chb01,chb01_29,8,FP2-F4,FP2-F4
chb01,chb01_29,9,F4-C4,F4-C4
chb01,chb01_29,10,C4-P4,C4-P4
chb01,chb01_29,11,P4-O2,P4-O2
chb01,chb01_29,12,FP2-F8,FP2-F8
chb01,chb01_29,13,F8-T8,F8-T8
chb01,chb01_29,14,T8-P8-0,T8-P8-0
chb01,chb01_29,15,P8-O2,P8-O2
chb01,chb01_29,16,FZ-CZ,FZ-CZ
chb01,chb01_29,17,CZ-PZ,CZ-PZ
chb01,chb01_29,18,P7-T7,P7-T7
chb01,chb01_29,19,T7-FT9,T7-FT9
chb01,chb01_29,20,FT9-FT10,FT9-FT10
chb01,chb01_29,21,FT10-T8,FT10-T8
chb01,chb01_29,22,T8-P8-1,T8-P8-1
chb01,chb01_30,0,FP1-F7,FP1-F7
chb01,chb01_30,1,F7-T7,F7-T7
chb01,chb01_30,2,T7-P7,T7-P7
chb01,chb01_30,3,P7-O1,P7-O1
chb01,chb01_30,4,FP1-F3,FP1-F3
chb01,chb01_30,5,F3-C3,F3-C3
chb01,chb01_30,6,C3-P3,C3-P3
chb01,chb01_30,7,P3-O1,P3-O1
chb01,chb01_30,8,FP2-F4,FP2-F4
chb01,chb01_30,9,F4-C4,F4-C4
chb01,chb01_30,10,C4-P4,C4-P4
chb01,chb01_30,11,P4-O2,P4-O2
chb01,chb01_30,12,FP2-F8,FP2-F8
chb01,chb01_30,13,F8-T8,F8-T8
chb01,chb01_30,14,T8-P8-0,T8-P8-0
chb01,chb01_30,15,P8-O2,P8-O2
chb01,chb01_30,16,FZ-CZ,FZ-CZ
chb01,chb01_30,17,CZ-PZ,CZ-PZ
chb01,chb01_30,18,P7-T7,P7-T7
chb01,chb01_30,19,T7-FT9,T7-FT9
chb01,chb01_30,20,FT9-FT10,FT9-FT10
chb01,chb01_30,21,FT10-T8,FT10-T8
chb01,chb01_30,22,T8-P8-1,T8-P8-1
chb01,chb01_31,0,FP1-F7,FP1-F7
chb01,chb01_31,1,F7-T7,F7-T7
chb01,chb01_31,2,T7-P7,T7-P7
chb01,chb01_31,3,P7-O1,P7-O1
chb01,chb01_31,4,FP1-F3,FP1-F3
chb01,chb01_31,5,F3-C3,F3-C3
chb01,chb01_31,6,C3-P3,C3-P3
chb01,chb01_31,7,P3-O1,P3-O1
chb01,chb01_31,8,FP2-F4,FP2-F4
chb01,chb01_31,9,F4-C4,F4-C4
chb01,chb01_31,10,C4-P4,C4-P4
chb01,chb01_31,11,P4-O2,P4-O2
chb01,chb01_31,12,FP2-F8,FP2-F8
chb01,chb01_31,13,F8-T8,F8-T8
chb01,chb01_31,14,T8-P8-0,T8-P8-0
chb01,chb01_31,15,P8-O2,P8-O2
chb01,chb01_31,16,FZ-CZ,FZ-CZ
chb01,chb01_31,17,CZ-PZ,CZ-PZ
chb01,chb01_31,18,P7-T7,P7-T7
chb01,chb01_31,19,T7-FT9,T7-FT9
chb01,chb01_31,20,FT9-FT10,FT9-FT10
chb01,chb01_31,21,FT10-T8,FT10-T8
chb01,chb01_31,22,T8-P8-1,T8-P8-1
chb01,chb01_32,0,FP1-F7,FP1-F7
chb01,chb01_32,1,F7-T7,F7-T7
chb01,chb01_32,2,T7-P7,T7-P7
chb01,chb01_32,3,P7-O1,P7-O1
chb01,chb01_32,4,FP1-F3,FP1-F3
chb01,chb01_32,5,F3-C3,F3-C3
chb01,chb01_32,6,C3-P3,C3-P3
chb01,chb01_32,7,P3-O1,P3-O1
chb01,chb01_32,8,FP2-F4,FP2-F4
chb01,chb01_32,9,F4-C4,F4-C4
chb01,chb01_32,10,C4-P4,C4-P4
chb01,chb01_32,11,P4-O2,P4-O2
chb01,chb01_32,12,FP2-F8,FP2-F8
chb01,chb01_32,13,F8-T8,F8-T8
chb01,chb01_32,14,T8-P8-0,T8-P8-0
chb01,chb01_32,15,P8-O2,P8-O2
chb01,chb01_32,16,FZ-CZ,FZ-CZ
chb01,chb01_32,17,CZ-PZ,CZ-PZ
chb01,chb01_32,18,P7-T7,P7-T7
chb01,chb01_32,19,T7-FT9,T7-FT9
chb01,chb01_32,20,FT9-FT10,FT9-FT10
chb01,chb01_32,21,FT10-T8,FT10-T8
chb01,chb01_32,22,T8-P8-1,T8-P8-1
chb01,chb01_33,0,FP1-F7,FP1-F7
chb01,chb01_33,1,F7-T7,F7-T7
chb01,chb01_33,2,T7-P7,T7-P7
chb01,chb01_33,3,P7-O1,P7-O1
chb01,chb01_33,4,FP1-F3,FP1-F3
chb01,chb01_33,5,F3-C3,F3-C3
chb01,chb01_33,6,C3-P3,C3-P3
chb01,chb01_33,7,P3-O1,P3-O1
chb01,chb01_33,8,FP2-F4,FP2-F4
chb01,chb01_33,9,F4-C4,F4-C4
chb01,chb01_33,10,C4-P4,C4-P4
chb01,chb01_33,11,P4-O2,P4-O2
chb01,chb01_33,12,FP2-F8,FP2-F8
chb01,chb01_33,13,F8-T8,F8-T8
chb01,chb01_33,14,T8-P8-0,T8-P8-0
chb01,chb01_33,15,P8-O2,P8-O2
chb01,chb01_33,16,FZ-CZ,FZ-CZ
chb01,chb01_33,17,CZ-PZ,CZ-PZ
chb01,chb01_33,18,P7-T7,P7-T7
chb01,chb01_33,19,T7-FT9,T7-FT9
chb01,chb01_33,20,FT9-FT10,FT9-FT10
chb01,chb01_33,21,FT10-T8,FT10-T8
chb01,chb01_33,22,T8-P8-1,T8-P8-1
chb01,chb01_34,0,FP1-F7,FP1-F7
chb01,chb01_34,1,F7-T7,F7-T7
chb01,chb01_34,2,T7-P7,T7-P7
chb01,chb01_34,3,P7-O1,P7-O1
chb01,chb01_34,4,FP1-F3,FP1-F3
chb01,chb01_34,5,F3-C3,F3-C3
chb01,chb01_34,6,C3-P3,C3-P3
chb01,chb01_34,7,P3-O1,P3-O1
chb01,chb01_34,8,FP2-F4,FP2-F4
chb01,chb01_34,9,F4-C4,F4-C4
chb01,chb01_34,10,C4-P4,C4-P4
chb01,chb01_34,11,P4-O2,P4-O2
chb01,chb01_34,12,FP2-F8,FP2-F8
chb01,chb01_34,13,F8-T8,F8-T8
chb01,chb01_34,14,T8-P8-0,T8-P8-0
chb01,chb01_34,15,P8-O2,P8-O2
chb01,chb01_34,16,FZ-CZ,FZ-CZ
chb01,chb01_34,17,CZ-PZ,CZ-PZ
chb01,chb01_34,18,P7-T7,P7-T7
chb01,chb01_34,19,T7-FT9,T7-FT9
chb01,chb01_34,20,FT9-FT10,FT9-FT10
chb01,chb01_34,21,FT10-T8,FT10-T8
chb01,chb01_34,22,T8-P8-1,T8-P8-1
chb01,chb01_36,0,FP1-F7,FP1-F7
chb01,chb01_36,1,F7-T7,F7-T7
chb01,chb01_36,2,T7-P7,T7-P7
chb01,chb01_36,3,P7-O1,P7-O1
chb01,chb01_36,4,FP1-F3,FP1-F3
chb01,chb01_36,5,F3-C3,F3-C3
chb01,chb01_36,6,C3-P3,C3-P3
chb01,chb01_36,7,P3-O1,P3-O1
chb01,chb01_36,8,FP2-F4,FP2-F4
chb01,chb01_36,9,F4-C4,F4-C4
chb01,chb01_36,10,C4-P4,C4-P4
chb01,chb01_36,11,P4-O2,P4-O2
chb01,chb01_36,12,FP2-F8,FP2-F8
chb01,chb01_36,13,F8-T8,F8-T8
chb01,chb01_36,14,T8-P8-0,T8-P8-0
chb01,chb01_36,15,P8-O2,P8-O2
chb01,chb01_36,16,FZ-CZ,FZ-CZ
chb01,chb01_36,17,CZ-PZ,CZ-PZ
chb01,chb01_36,18,P7-T7,P7-T7
chb01,chb01_36,19,T7-FT9,T7-FT9
chb01,chb01_36,20,FT9-FT10,FT9-FT10
chb01,chb01_36,21,FT10-T8,FT10-T8
chb01,chb01_36,22,T8-P8-1,T8-P8-1
chb01,chb01_37,0,FP1-F7,FP1-F7
chb01,chb01_37,1,F7-T7,F7-T7
chb01,chb01_37,2,T7-P7,T7-P7
chb01,chb01_37,3,P7-O1,P7-O1
chb01,chb01_37,4,FP1-F3,FP1-F3
chb01,chb01_37,5,F3-C3,F3-C3
chb01,chb01_37,6,C3-P3,C3-P3
chb01,chb01_37,7,P3-O1,P3-O1
chb01,chb01_37,8,FP2-F4,FP2-F4
chb01,chb01_37,9,F4-C4,F4-C4
chb01,chb01_37,10,C4-P4,C4-P4
chb01,chb01_37,11,P4-O2,P4-O2
chb01,chb01_37,12,FP2-F8,FP2-F8
chb01,chb01_37,13,F8-T8,F8-T8
chb01,chb01_37,14,T8-P8-0,T8-P8-0
chb01,chb01_37,15,P8-O2,P8-O2
chb01,chb01_37,16,FZ-CZ,FZ-CZ
chb01,chb01_37,17,CZ-PZ,CZ-PZ
chb01,chb01_37,18,P7-T7,P7-T7
chb01,chb01_37,19,T7-FT9,T7-FT9
chb01,chb01_37,20,FT9-FT10,FT9-FT10
chb01,chb01_37,21,FT10-T8,FT10-T8
chb01,chb01_37,22,T8-P8-1,T8-P8-1
chb01,chb01_38,0,FP1-F7,FP1-F7
chb01,chb01_38,1,F7-T7,F7-T7
chb01,chb01_38,2,T7-P7,T7-P7
chb01,chb01_38,3,P7-O1,P7-O1
chb01,chb01_38,4,FP1-F3,FP1-F3
chb01,chb01_38,5,F3-C3,F3-C3
chb01,chb01_38,6,C3-P3,C3-P3
chb01,chb01_38,7,P3-O1,P3-O1
chb01,chb01_38,8,FP2-F4,FP2-F4
chb01,chb01_38,9,F4-C4,F4-C4
chb01,chb01_38,10,C4-P4,C4-P4
chb01,chb01_38,11,P4-O2,P4-O2
chb01,chb01_38,12,FP2-F8,FP2-F8
chb01,chb01_38,13,F8-T8,F8-T8
chb01,chb01_38,14,T8-P8-0,T8-P8-0
chb01,chb01_38,15,P8-O2,P8-O2
chb01,chb01_38,16,FZ-CZ,FZ-CZ
chb01,chb01_38,17,CZ-PZ,CZ-PZ
chb01,chb01_38,18,P7-T7,P7-T7
chb01,chb01_38,19,T7-FT9,T7-FT9
chb01,chb01_38,20,FT9-FT10,FT9-FT10
chb01,chb01_38,21,FT10-T8,FT10-T8
chb01,chb01_38,22,T8-P8-1,T8-P8-1
chb01,chb01_39,0,FP1-F7,FP1-F7
chb01,chb01_39,1,F7-T7,F7-T7
chb01,chb01_39,2,T7-P7,T7-P7
chb01,chb01_39,3,P7-O1,P7-O1
chb01,chb01_39,4,FP1-F3,FP1-F3
chb01,chb01_39,5,F3-C3,F3-C3
chb01,chb01_39,6,C3-P3,C3-P3
chb01,chb01_39,7,P3-O1,P3-O1
chb01,chb01_39,8,FP2-F4,FP2-F4
chb01,chb01_39,9,F4-C4,F4-C4
chb01,chb01_39,10,C4-P4,C4-P4
chb01,chb01_39,11,P4-O2,P4-O2
chb01,chb01_39,12,FP2-F8,FP2-F8
chb01,chb01_39,13,F8-T8,F8-T8
chb01,chb01_39,14,T8-P8-0,T8-P8-0
chb01,chb01_39,15,P8-O2,P8-O2
chb01,chb01_39,16,FZ-CZ,FZ-CZ
chb01,chb01_39,17,CZ-PZ,CZ-PZ
chb01,chb01_39,18,P7-T7,P7-T7
chb01,chb01_39,19,T7-FT9,T7-FT9
chb01,chb01_39,20,FT9-FT10,FT9-FT10
chb01,chb01_39,21,FT10-T8,FT10-T8
chb01,chb01_39,22,T8-P8-1,T8-P8-1
chb01,chb01_40,0,FP1-F7,FP1-F7
chb01,chb01_40,1,F7-T7,F7-T7
chb01,chb01_40,2,T7-P7,T7-P7
chb01,chb01_40,3,P7-O1,P7-O1
chb01,chb01_40,4,FP1-F3,FP1-F3
chb01,chb01_40,5,F3-C3,F3-C3
chb01,chb01_40,6,C3-P3,C3-P3
chb01,chb01_40,7,P3-O1,P3-O1
chb01,chb01_40,8,FP2-F4,FP2-F4
chb01,chb01_40,9,F4-C4,F4-C4
chb01,chb01_40,10,C4-P4,C4-P4
chb01,chb01_40,11,P4-O2,P4-O2
chb01,chb01_40,12,FP2-F8,FP2-F8
chb01,chb01_40,13,F8-T8,F8-T8
chb01,chb01_40,14,T8-P8-0,T8-P8-0
chb01,chb01_40,15,P8-O2,P8-O2
chb01,chb01_40,16,FZ-CZ,FZ-CZ
chb01,chb01_40,17,CZ-PZ,CZ-PZ
chb01,chb01_40,18,P7-T7,P7-T7
chb01,chb01_40,19,T7-FT9,T7-FT9
chb01,chb01_40,20,FT9-FT10,FT9-FT10
chb01,chb01_40,21,FT10-T8,FT10-T8
chb01,chb01_40,22,T8-P8-1,T8-P8-1
chb01,chb01_41,0,FP1-F7,FP1-F7
chb01,chb01_41,1,F7-T7,F7-T7
chb01,chb01_41,2,T7-P7,T7-P7
chb01,chb01_41,3,P7-O1,P7-O1
chb01,chb01_41,4,FP1-F3,FP1-F3
chb01,chb01_41,5,F3-C3,F3-C3
chb01,chb01_41,6,C3-P3,C3-P3
chb01,chb01_41,7,P3-O1,P3-O1
chb01,chb01_41,8,FP2-F4,FP2-F4
chb01,chb01_41,9,F4-C4,F4-C4
chb01,chb01_41,10,C4-P4,C4-P4
chb01,chb01_41,11,P4-O2,P4-O2
chb01,chb01_41,12,FP2-F8,FP2-F8
chb01,chb01_41,13,F8-T8,F8-T8
chb01,chb01_41,14,T8-P8-0,T8-P8-0
chb01,chb01_41,15,P8-O2,P8-O2
chb01,chb01_41,16,FZ-CZ,FZ-CZ
chb01,chb01_41,17,CZ-PZ,CZ-PZ
chb01,chb01_41,18,P7-T7,P7-T7
chb01,chb01_41,19,T7-FT9,T7-FT9
chb01,chb01_41,20,FT9-FT10,FT9-FT10
chb01,chb01_41,21,FT10-T8,FT10-T8
chb01,chb01_41,22,T8-P8-1,T8-P8-1
chb01,chb01_42,0,FP1-F7,FP1-F7
chb01,chb01_42,1,F7-T7,F7-T7
chb01,chb01_42,2,T7-P7,T7-P7
chb01,chb01_42,3,P7-O1,P7-O1
chb01,chb01_42,4,FP1-F3,FP1-F3
chb01,chb01_42,5,F3-C3,F3-C3
chb01,chb01_42,6,C3-P3,C3-P3
chb01,chb01_42,7,P3-O1,P3-O1
chb01,chb01_42,8,FP2-F4,FP2-F4
chb01,chb01_42,9,F4-C4,F4-C4
chb01,chb01_42,10,C4-P4,C4-P4
chb01,chb01_42,11,P4-O2,P4-O2
chb01,chb01_42,12,FP2-F8,FP2-F8
chb01,chb01_42,13,F8-T8,F8-T8
chb01,chb01_42,14,T8-P8-0,T8-P8-0
chb01,chb01_42,15,P8-O2,P8-O2
chb01,chb01_42,16,FZ-CZ,FZ-CZ
chb01,chb01_42,17,CZ-PZ,CZ-PZ
chb01,chb01_42,18,P7-T7,P7-T7
chb01,chb01_42,19,T7-FT9,T7-FT9
chb01,chb01_42,20,FT9-FT10,FT9-FT10
chb01,chb01_42,21,FT10-T8,FT10-T8
chb01,chb01_42,22,T8-P8-1,T8-P8-1
chb01,chb01_43,0,FP1-F7,FP1-F7
chb01,chb01_43,1,F7-T7,F7-T7
chb01,chb01_43,2,T7-P7,T7-P7
chb01,chb01_43,3,P7-O1,P7-O1
chb01,chb01_43,4,FP1-F3,FP1-F3
chb01,chb01_43,5,F3-C3,F3-C3
chb01,chb01_43,6,C3-P3,C3-P3
chb01,chb01_43,7,P3-O1,P3-O1
chb01,chb01_43,8,FP2-F4,FP2-F4
chb01,chb01_43,9,F4-C4,F4-C4
chb01,chb01_43,10,C4-P4,C4-P4
chb01,chb01_43,11,P4-O2,P4-O2
chb01,chb01_43,12,FP2-F8,FP2-F8
chb01,chb01_43,13,F8-T8,F8-T8
chb01,chb01_43,14,T8-P8-0,T8-P8-0
chb01,chb01_43,15,P8-O2,P8-O2
chb01,chb01_43,16,FZ-CZ,FZ-CZ
chb01,chb01_43,17,CZ-PZ,CZ-PZ
chb01,chb01_43,18,P7-T7,P7-T7
chb01,chb01_43,19,T7-FT9,T7-FT9
chb01,chb01_43,20,FT9-FT10,FT9-FT10
chb01,chb01_43,21,FT10-T8,FT10-T8
chb01,chb01_43,22,T8-P8-1,T8-P8-1
chb01,chb01_46,0,FP1-F7,FP1-F7
chb01,chb01_46,1,F7-T7,F7-T7
chb01,chb01_46,2,T7-P7,T7-P7
chb01,chb01_46,3,P7-O1,P7-O1
chb01,chb01_46,4,FP1-F3,FP1-F3
chb01,chb01_46,5,F3-C3,F3-C3
chb01,chb01_46,6,C3-P3,C3-P3
chb01,chb01_46,7,P3-O1,P3-O1
chb01,chb01_46,8,FP2-F4,FP2-F4
chb01,chb01_46,9,F4-C4,F4-C4
chb01,chb01_46,10,C4-P4,C4-P4
chb01,chb01_46,11,P4-O2,P4-O2
chb01,chb01_46,12,FP2-F8,FP2-F8
chb01,chb01_46,13,F8-T8,F8-T8
chb01,chb01_46,14,T8-P8-0,T8-P8-0
chb01,chb01_46,15,P8-O2,P8-O2
chb01,chb01_46,16,FZ-CZ,FZ-CZ
chb01,chb01_46,17,CZ-PZ,CZ-PZ
chb01,chb01_46,18,P7-T7,P7-T7
chb01,chb01_46,19,T7-FT9,T7-FT9
chb01,chb01_46,20,FT9-FT10,FT9-FT10
chb01,chb01_46,21,FT10-T8,FT10-T8
chb01,chb01_46,22,T8-P8-1,T8-P8-1
chb02,chb02_01,0,FP1-F7,FP1-F7
chb02,chb02_01,1,F7-T7,F7-T7
chb02,chb02_01,2,T7-P7,T7-P7
chb02,chb02_01,3,P7-O1,P7-O1
chb02,chb02_01,4,FP1-F3,FP1-F3
chb02,chb02_01,5,F3-C3,F3-C3
chb02,chb02_01,6,C3-P3,C3-P3
chb02,chb02_01,7,P3-O1,P3-O1
chb02,chb02_01,8,FP2-F4,FP2-F4
chb02,chb02_01,9,F4-C4,F4-C4
chb02,chb02_01,10,C4-P4,C4-P4
chb02,chb02_01,11,P4-O2,P4-O2
chb02,chb02_01,12,FP2-F8,FP2-F8
chb02,chb02_01,13,F8-T8,F8-T8
chb02,chb02_01,14,T8-P8-0,T8-P8-0
chb02,chb02_01,15,P8-O2,P8-O2
chb02,chb02_01,16,FZ-CZ,FZ-CZ
chb02,chb02_01,17,CZ-PZ,CZ-PZ
chb02,chb02_01,18,P7-T7,P7-T7
chb02,chb02_01,19,T7-FT9,T7-FT9
chb02,chb02_01,20,FT9-FT10,FT9-FT10
chb02,chb02_01,21,FT10-T8,FT10-T8
chb02,chb02_01,22,T8-P8-1,T8-P8-1
chb02,chb02_02,0,FP1-F7,FP1-F7
chb02,chb02_02,1,F7-T7,F7-T7
chb02,chb02_02,2,T7-P7,T7-P7
chb02,chb02_02,3,P7-O1,P7-O1
chb02,chb02_02,4,FP1-F3,FP1-F3
chb02,chb02_02,5,F3-C3,F3-C3
chb02,chb02_02,6,C3-P3,C3-P3
chb02,chb02_02,7,P3-O1,P3-O1
chb02,chb02_02,8,FP2-F4,FP2-F4
chb02,chb02_02,9,F4-C4,F4-C4
chb02,chb02_02,10,C4-P4,C4-P4
chb02,chb02_02,11,P4-O2,P4-O2
chb02,chb02_02,12,FP2-F8,FP2-F8
chb02,chb02_02,13,F8-T8,F8-T8
chb02,chb02_02,14,T8-P8-0,T8-P8-0
chb02,chb02_02,15,P8-O2,P8-O2
chb02,chb02_02,16,FZ-CZ,FZ-CZ
chb02,chb02_02,17,CZ-PZ,CZ-PZ
chb02,chb02_02,18,P7-T7,P7-T7
chb02,chb02_02,19,T7-FT9,T7-FT9
chb02,chb02_02,20,FT9-FT10,FT9-FT10
chb02,chb02_02,21,FT10-T8,FT10-T8
chb02,chb02_02,22,T8-P8-1,T8-P8-1
chb02,chb02_03,0,FP1-F7,FP1-F7
chb02,chb02_03,1,F7-T7,F7-T7
chb02,chb02_03,2,T7-P7,T7-P7
chb02,chb02_03,3,P7-O1,P7-O1
chb02,chb02_03,4,FP1-F3,FP1-F3
chb02,chb02_03,5,F3-C3,F3-C3
chb02,chb02_03,6,C3-P3,C3-P3
chb02,chb02_03,7,P3-O1,P3-O1
chb02,chb02_03,8,FP2-F4,FP2-F4
chb02,chb02_03,9,F4-C4,F4-C4
chb02,chb02_03,10,C4-P4,C4-P4
chb02,chb02_03,11,P4-O2,P4-O2
chb02,chb02_03,12,FP2-F8,FP2-F8
chb02,chb02_03,13,F8-T8,F8-T8
chb02,chb02_03,14,T8-P8-0,T8-P8-0
chb02,chb02_03,15,P8-O2,P8-O2
chb02,chb02_03,16,FZ-CZ,FZ-CZ
chb02,chb02_03,17,CZ-PZ,CZ-PZ
chb02,chb02_03,18,P7-T7,P7-T7
chb02,chb02_03,19,T7-FT9,T7-FT9
chb02,chb02_03,20,FT9-FT10,FT9-FT10
chb02,chb02_03,21,FT10-T8,FT10-T8
chb02,chb02_03,22,T8-P8-1,T8-P8-1
chb02,chb02_04,0,FP1-F7,FP1-F7
chb02,chb02_04,1,F7-T7,F7-T7
chb02,chb02_04,2,T7-P7,T7-P7
chb02,chb02_04,3,P7-O1,P7-O1
chb02,chb02_04,4,FP1-F3,FP1-F3
chb02,chb02_04,5,F3-C3,F3-C3
chb02,chb02_04,6,C3-P3,C3-P3
chb02,chb02_04,7,P3-O1,P3-O1
chb02,chb02_04,8,FP2-F4,FP2-F4
chb02,chb02_04,9,F4-C4,F4-C4
chb02,chb02_04,10,C4-P4,C4-P4
chb02,chb02_04,11,P4-O2,P4-O2
chb02,chb02_04,12,FP2-F8,FP2-F8
chb02,chb02_04,13,F8-T8,F8-T8
chb02,chb02_04,14,T8-P8-0,T8-P8-0
chb02,chb02_04,15,P8-O2,P8-O2
chb02,chb02_04,16,FZ-CZ,FZ-CZ
chb02,chb02_04,17,CZ-PZ,CZ-PZ
chb02,chb02_04,18,P7-T7,P7-T7
chb02,chb02_04,19,T7-FT9,T7-FT9
chb02,chb02_04,20,FT9-FT10,FT9-FT10
chb02,chb02_04,21,FT10-T8,FT10-T8
chb02,chb02_04,22,T8-P8-1,T8-P8-1
chb02,chb02_05,0,FP1-F7,FP1-F7
chb02,chb02_05,1,F7-T7,F7-T7
chb02,chb02_05,2,T7-P7,T7-P7
chb02,chb02_05,3,P7-O1,P7-O1
chb02,chb02_05,4,FP1-F3,FP1-F3
chb02,chb02_05,5,F3-C3,F3-C3
chb02,chb02_05,6,C3-P3,C3-P3
chb02,chb02_05,7,P3-O1,P3-O1
chb02,chb02_05,8,FP2-F4,FP2-F4
chb02,chb02_05,9,F4-C4,F4-C4
chb02,chb02_05,10,C4-P4,C4-P4
chb02,chb02_05,11,P4-O2,P4-O2
chb02,chb02_05,12,FP2-F8,FP2-F8
chb02,chb02_05,13,F8-T8,F8-T8
chb02,chb02_05,14,T8-P8-0,T8-P8-0
chb02,chb02_05,15,P8-O2,P8-O2
chb02,chb02_05,16,FZ-CZ,FZ-CZ
chb02,chb02_05,17,CZ-PZ,CZ-PZ
chb02,chb02_05,18,P7-T7,P7-T7
chb02,chb02_05,19,T7-FT9,T7-FT9
chb02,chb02_05,20,FT9-FT10,FT9-FT10
chb02,chb02_05,21,FT10-T8,FT10-T8
chb02,chb02_05,22,T8-P8-1,T8-P8-1
chb02,chb02_06,0,FP1-F7,FP1-F7
chb02,chb02_06,1,F7-T7,F7-T7
chb02,chb02_06,2,T7-P7,T7-P7
chb02,chb02_06,3,P7-O1,P7-O1
chb02,chb02_06,4,FP1-F3,FP1-F3
chb02,chb02_06,5,F3-C3,F3-C3
chb02,chb02_06,6,C3-P3,C3-P3
chb02,chb02_06,7,P3-O1,P3-O1
chb02,chb02_06,8,FP2-F4,FP2-F4
chb02,chb02_06,9,F4-C4,F4-C4
chb02,chb02_06,10,C4-P4,C4-P4
chb02,chb02_06,11,P4-O2,P4-O2
chb02,chb02_06,12,FP2-F8,FP2-F8
chb02,chb02_06,13,F8-T8,F8-T8
chb02,chb02_06,14,T8-P8-0,T8-P8-0
chb02,chb02_06,15,P8-O2,P8-O2
chb02,chb02_06,16,FZ-CZ,FZ-CZ
chb02,chb02_06,17,CZ-PZ,CZ-PZ
chb02,chb02_06,18,P7-T7,P7-T7
chb02,chb02_06,19,T7-FT9,T7-FT9
chb02,chb02_06,20,FT9-FT10,FT9-FT10
chb02,chb02_06,21,FT10-T8,FT10-T8
chb02,chb02_06,22,T8-P8-1,T8-P8-1
chb02,chb02_07,0,FP1-F7,FP1-F7
chb02,chb02_07,1,F7-T7,F7-T7
chb02,chb02_07,2,T7-P7,T7-P7
chb02,chb02_07,3,P7-O1,P7-O1
chb02,chb02_07,4,FP1-F3,FP1-F3
chb02,chb02_07,5,F3-C3,F3-C3
chb02,chb02_07,6,C3-P3,C3-P3
chb02,chb02_07,7,P3-O1,P3-O1
chb02,chb02_07,8,FP2-F4,FP2-F4
chb02,chb02_07,9,F4-C4,F4-C4
chb02,chb02_07,10,C4-P4,C4-P4
chb02,chb02_07,11,P4-O2,P4-O2
chb02,chb02_07,12,FP2-F8,FP2-F8
chb02,chb02_07,13,F8-T8,F8-T8
chb02,chb02_07,14,T8-P8-0,T8-P8-0
chb02,chb02_07,15,P8-O2,P8-O2
chb02,chb02_07,16,FZ-CZ,FZ-CZ
chb02,chb02_07,17,CZ-PZ,CZ-PZ
chb02,chb02_07,18,P7-T7,P7-T7
chb02,chb02_07,19,T7-FT9,T7-FT9
chb02,chb02_07,20,FT9-FT10,FT9-FT10
chb02,chb02_07,21,FT10-T8,FT10-T8
chb02,chb02_07,22,T8-P8-1,T8-P8-1
chb02,chb02_08,0,FP1-F7,FP1-F7
chb02,chb02_08,1,F7-T7,F7-T7
chb02,chb02_08,2,T7-P7,T7-P7
chb02,chb02_08,3,P7-O1,P7-O1
chb02,chb02_08,4,FP1-F3,FP1-F3
chb02,chb02_08,5,F3-C3,F3-C3
chb02,chb02_08,6,C3-P3,C3-P3
chb02,chb02_08,7,P3-O1,P3-O1
chb02,chb02_08,8,FP2-F4,FP2-F4
chb02,chb02_08,9,F4-C4,F4-C4
chb02,chb02_08,10,C4-P4,C4-P4
chb02,chb02_08,11,P4-O2,P4-O2
chb02,chb02_08,12,FP2-F8,FP2-F8
chb02,chb02_08,13,F8-T8,F8-T8
chb02,chb02_08,14,T8-P8-0,T8-P8-0
chb02,chb02_08,15,P8-O2,P8-O2
chb02,chb02_08,16,FZ-CZ,FZ-CZ
chb02,chb02_08,17,CZ-PZ,CZ-PZ
chb02,chb02_08,18,P7-T7,P7-T7
chb02,chb02_08,19,T7-FT9,T7-FT9
chb02,chb02_08,20,FT9-FT10,FT9-FT10
chb02,chb02_08,21,FT10-T8,FT10-T8
chb02,chb02_08,22,T8-P8-1,T8-P8-1
chb02,chb02_09,0,FP1-F7,FP1-F7
chb02,chb02_09,1,F7-T7,F7-T7
chb02,chb02_09,2,T7-P7,T7-P7
chb02,chb02_09,3,P7-O1,P7-O1
chb02,chb02_09,4,FP1-F3,FP1-F3
chb02,chb02_09,5,F3-C3,F3-C3
chb02,chb02_09,6,C3-P3,C3-P3
chb02,chb02_09,7,P3-O1,P3-O1
chb02,chb02_09,8,FP2-F4,FP2-F4
chb02,chb02_09,9,F4-C4,F4-C4
chb02,chb02_09,10,C4-P4,C4-P4
chb02,chb02_09,11,P4-O2,P4-O2
chb02,chb02_09,12,FP2-F8,FP2-F8
chb02,chb02_09,13,F8-T8,F8-T8
chb02,chb02_09,14,T8-P8-0,T8-P8-0
chb02,chb02_09,15,P8-O2,P8-O2
chb02,chb02_09,16,FZ-CZ,FZ-CZ
chb02,chb02_09,17,CZ-PZ,CZ-PZ
chb02,chb02_09,18,P7-T7,P7-T7
chb02,chb02_09,19,T7-FT9,T7-FT9
chb02,chb02_09,20,FT9-FT10,FT9-FT10
chb02,chb02_09,21,FT10-T8,FT10-T8
chb02,chb02_09,22,T8-P8-1,T8-P8-1
chb02,chb02_10,0,FP1-F7,FP1-F7
chb02,chb02_10,1,F7-T7,F7-T7
chb02,chb02_10,2,T7-P7,T7-P7
chb02,chb02_10,3,P7-O1,P7-O1
chb02,chb02_10,4,FP1-F3,FP1-F3
chb02,chb02_10,5,F3-C3,F3-C3
chb02,chb02_10,6,C3-P3,C3-P3
chb02,chb02_10,7,P3-O1,P3-O1
chb02,chb02_10,8,FP2-F4,FP2-F4
chb02,chb02_10,9,F4-C4,F4-C4
chb02,chb02_10,10,C4-P4,C4-P4
chb02,chb02_10,11,P4-O2,P4-O2
chb02,chb02_10,12,FP2-F8,FP2-F8
chb02,chb02_10,13,F8-T8,F8-T8
chb02,chb02_10,14,T8-P8-0,T8-P8-0
chb02,chb02_10,15,P8-O2,P8-O2
chb02,chb02_10,16,FZ-CZ,FZ-CZ
chb02,chb02_10,17,CZ-PZ,CZ-PZ
chb02,chb02_10,18,P7-T7,P7-T7
chb02,chb02_10,19,T7-FT9,T7-FT9
chb02,chb02_10,20,FT9-FT10,FT9-FT10
chb02,chb02_10,21,FT10-T8,FT10-T8
chb02,chb02_10,22,T8-P8-1,T8-P8-1
chb02,chb02_11,0,FP1-F7,FP1-F7
chb02,chb02_11,1,F7-T7,F7-T7
chb02,chb02_11,2,T7-P7,T7-P7
chb02,chb02_11,3,P7-O1,P7-O1
chb02,chb02_11,4,FP1-F3,FP1-F3
chb02,chb02_11,5,F3-C3,F3-C3
chb02,chb02_11,6,C3-P3,C3-P3
chb02,chb02_11,7,P3-O1,P3-O1
chb02,chb02_11,8,FP2-F4,FP2-F4
chb02,chb02_11,9,F4-C4,F4-C4
chb02,chb02_11,10,C4-P4,C4-P4
chb02,chb02_11,11,P4-O2,P4-O2
chb02,chb02_11,12,FP2-F8,FP2-F8
chb02,chb02_11,13,F8-T8,F8-T8
chb02,chb02_11,14,T8-P8-0,T8-P8-0
chb02,chb02_11,15,P8-O2,P8-O2
chb02,chb02_11,16,FZ-CZ,FZ-CZ
chb02,chb02_11,17,CZ-PZ,CZ-PZ
chb02,chb02_11,18,P7-T7,P7-T7
chb02,chb02_11,19,T7-FT9,T7-FT9
chb02,chb02_11,20,FT9-FT10,FT9-FT10
chb02,chb02_11,21,FT10-T8,FT10-T8
chb02,chb02_11,22,T8-P8-1,T8-P8-1
chb02,chb02_12,0,FP1-F7,FP1-F7
chb02,chb02_12,1,F7-T7,F7-T7
chb02,chb02_12,2,T7-P7,T7-P7
chb02,chb02_12,3,P7-O1,P7-O1
chb02,chb02_12,4,FP1-F3,FP1-F3
chb02,chb02_12,5,F3-C3,F3-C3
chb02,chb02_12,6,C3-P3,C3-P3
chb02,chb02_12,7,P3-O1,P3-O1
chb02,chb02_12,8,FP2-F4,FP2-F4
chb02,chb02_12,9,F4-C4,F4-C4
chb02,chb02_12,10,C4-P4,C4-P4
chb02,chb02_12,11,P4-O2,P4-O2
chb02,chb02_12,12,FP2-F8,FP2-F8
chb02,chb02_12,13,F8-T8,F8-T8
chb02,chb02_12,14,T8-P8-0,T8-P8-0
chb02,chb02_12,15,P8-O2,P8-O2
chb02,chb02_12,16,FZ-CZ,FZ-CZ
chb02,chb02_12,17,CZ-PZ,CZ-PZ
chb02,chb02_12,18,P7-T7,P7-T7
chb02,chb02_12,19,T7-FT9,T7-FT9
chb02,chb02_12,20,FT9-FT10,FT9-FT10
chb02,chb02_12,21,FT10-T8,FT10-T8
chb02,chb02_12,22,T8-P8-1,T8-P8-1
chb02,chb02_13,0,FP1-F7,FP1-F7
chb02,chb02_13,1,F7-T7,F7-T7
chb02,chb02_13,2,T7-P7,T7-P7
chb02,chb02_13,3,P7-O1,P7-O1
chb02,chb02_13,4,FP1-F3,FP1-F3
chb02,chb02_13,5,F3-C3,F3-C3
chb02,chb02_13,6,C3-P3,C3-P3
chb02,chb02_13,7,P3-O1,P3-O1
chb02,chb02_13,8,FP2-F4,FP2-F4
chb02,chb02_13,9,F4-C4,F4-C4
chb02,chb02_13,10,C4-P4,C4-P4
chb02,chb02_13,11,P4-O2,P4-O2
chb02,chb02_13,12,FP2-F8,FP2-F8
chb02,chb02_13,13,F8-T8,F8-T8
chb02,chb02_13,14,T8-P8-0,T8-P8-0
chb02,chb02_13,15,P8-O2,P8-O2
chb02,chb02_13,16,FZ-CZ,FZ-CZ
chb02,chb02_13,17,CZ-PZ,CZ-PZ
chb02,chb02_13,18,P7-T7,P7-T7
chb02,chb02_13,19,T7-FT9,T7-FT9
chb02,chb02_13,20,FT9-FT10,FT9-FT10
chb02,chb02_13,21,FT10-T8,FT10-T8
chb02,chb02_13,22,T8-P8-1,T8-P8-1
chb02,chb02_14,0,FP1-F7,FP1-F7
chb02,chb02_14,1,F7-T7,F7-T7
chb02,chb02_14,2,T7-P7,T7-P7
chb02,chb02_14,3,P7-O1,P7-O1
chb02,chb02_14,4,FP1-F3,FP1-F3
chb02,chb02_14,5,F3-C3,F3-C3
chb02,chb02_14,6,C3-P3,C3-P3
chb02,chb02_14,7,P3-O1,P3-O1
chb02,chb02_14,8,FP2-F4,FP2-F4
chb02,chb02_14,9,F4-C4,F4-C4
chb02,chb02_14,10,C4-P4,C4-P4
chb02,chb02_14,11,P4-O2,P4-O2
chb02,chb02_14,12,FP2-F8,FP2-F8
chb02,chb02_14,13,F8-T8,F8-T8
chb02,chb02_14,14,T8-P8-0,T8-P8-0
chb02,chb02_14,15,P8-O2,P8-O2
chb02,chb02_14,16,FZ-CZ,FZ-CZ
chb02,chb02_14,17,CZ-PZ,CZ-PZ
chb02,chb02_14,18,P7-T7,P7-T7
chb02,chb02_14,19,T7-FT9,T7-FT9
chb02,chb02_14,20,FT9-FT10,FT9-FT10
chb02,chb02_14,21,FT10-T8,FT10-T8
chb02,chb02_14,22,T8-P8-1,T8-P8-1
chb02,chb02_15,0,FP1-F7,FP1-F7
chb02,chb02_15,1,F7-T7,F7-T7
chb02,chb02_15,2,T7-P7,T7-P7
chb02,chb02_15,3,P7-O1,P7-O1
chb02,chb02_15,4,FP1-F3,FP1-F3
chb02,chb02_15,5,F3-C3,F3-C3
chb02,chb02_15,6,C3-P3,C3-P3
chb02,chb02_15,7,P3-O1,P3-O1
chb02,chb02_15,8,FP2-F4,FP2-F4
chb02,chb02_15,9,F4-C4,F4-C4
chb02,chb02_15,10,C4-P4,C4-P4
chb02,chb02_15,11,P4-O2,P4-O2
chb02,chb02_15,12,FP2-F8,FP2-F8
chb02,chb02_15,13,F8-T8,F8-T8
chb02,chb02_15,14,T8-P8-0,T8-P8-0
chb02,chb02_15,15,P8-O2,P8-O2
chb02,chb02_15,16,FZ-CZ,FZ-CZ
chb02,chb02_15,17,CZ-PZ,CZ-PZ
chb02,chb02_15,18,P7-T7,P7-T7
chb02,chb02_15,19,T7-FT9,T7-FT9
chb02,chb02_15,20,FT9-FT10,FT9-FT10
chb02,chb02_15,21,FT10-T8,FT10-T8
chb02,chb02_15,22,T8-P8-1,T8-P8-1
chb02,chb02_16,0,FP1-F7,FP1-F7
chb02,chb02_16,1,F7-T7,F7-T7
chb02,chb02_16,2,T7-P7,T7-P7
chb02,chb02_16,3,P7-O1,P7-O1
chb02,chb02_16,4,FP1-F3,FP1-F3
chb02,chb02_16,5,F3-C3,F3-C3
chb02,chb02_16,6,C3-P3,C3-P3
chb02,chb02_16,7,P3-O1,P3-O1
chb02,chb02_16,8,FP2-F4,FP2-F4
chb02,chb02_16,9,F4-C4,F4-C4
chb02,chb02_16,10,C4-P4,C4-P4
chb02,chb02_16,11,P4-O2,P4-O2
chb02,chb02_16,12,FP2-F8,FP2-F8
chb02,chb02_16,13,F8-T8,F8-T8
chb02,chb02_16,14,T8-P8-0,T8-P8-0
chb02,chb02_16,15,P8-O2,P8-O2
chb02,chb02_16,16,FZ-CZ,FZ-CZ
chb02,chb02_16,17,CZ-PZ,CZ-PZ
chb02,chb02_16,18,P7-T7,P7-T7
chb02,chb02_16,19,T7-FT9,T7-FT9
chb02,chb02_16,20,FT9-FT10,FT9-FT10
chb02,chb02_16,21,FT10-T8,FT10-T8
chb02,chb02_16,22,T8-P8-1,T8-P8-1
chb02,chb02_16+,0,FP1-F7,FP1-F7
chb02,chb02_16+,1,F7-T7,F7-T7
chb02,chb02_16+,2,T7-P7,T7-P7
chb02,chb02_16+,3,P7-O1,P7-O1
chb02,chb02_16+,4,FP1-F3,FP1-F3
chb02,chb02_16+,5,F3-C3,F3-C3
chb02,chb02_16+,6,C3-P3,C3-P3
chb02,chb02_16+,7,P3-O1,P3-O1
chb02,chb02_16+,8,FP2-F4,FP2-F4
chb02,chb02_16+,9,F4-C4,F4-C4
chb02,chb02_16+,10,C4-P4,C4-P4
chb02,chb02_16+,11,P4-O2,P4-O2
chb02,chb02_16+,12,FP2-F8,FP2-F8
chb02,chb02_16+,13,F8-T8,F8-T8
chb02,chb02_16+,14,T8-P8-0,T8-P8-0
chb02,chb02_16+,15,P8-O2,P8-O2
chb02,chb02_16+,16,FZ-CZ,FZ-CZ
chb02,chb02_16+,17,CZ-PZ,CZ-PZ
chb02,chb02_16+,18,P7-T7,P7-T7
chb02,chb02_16+,19,T7-FT9,T7-FT9
chb02,chb02_16+,20,FT9-FT10,FT9-FT10
chb02,chb02_16+,21,FT10-T8,FT10-T8
chb02,chb02_16+,22,T8-P8-1,T8-P8-1
chb02,chb02_17,0,FP1-F7,FP1-F7
chb02,chb02_17,1,F7-T7,F7-T7
chb02,chb02_17,2,T7-P7,T7-P7
chb02,chb02_17,3,P7-O1,P7-O1
chb02,chb02_17,4,FP1-F3,FP1-F3
chb02,chb02_17,5,F3-C3,F3-C3
chb02,chb02_17,6,C3-P3,C3-P3
chb02,chb02_17,7,P3-O1,P3-O1
chb02,chb02_17,8,FP2-F4,FP2-F4
chb02,chb02_17,9,F4-C4,F4-C4
chb02,chb02_17,10,C4-P4,C4-P4
chb02,chb02_17,11,P4-O2,P4-O2
chb02,chb02_17,12,FP2-F8,FP2-F8
chb02,chb02_17,13,F8-T8,F8-T8
chb02,chb02_17,14,T8-P8-0,T8-P8-0
chb02,chb02_17,15,P8-O2,P8-O2
chb02,chb02_17,16,FZ-CZ,FZ-CZ
chb02,chb02_17,17,CZ-PZ,CZ-PZ
chb02,chb02_17,18,P7-T7,P7-T7
chb02,chb02_17,19,T7-FT9,T7-FT9
chb02,chb02_17,20,FT9-FT10,FT9-FT10
chb02,chb02_17,21,FT10-T8,FT10-T8
chb02,chb02_17,22,T8-P8-1,T8-P8-1
chb02,chb02_18,0,FP1-F7,FP1-F7
chb02,chb02_18,1,F7-T7,F7-T7
chb02,chb02_18,2,T7-P7,T7-P7
chb02,chb02_18,3,P7-O1,P7-O1
chb02,chb02_18,4,FP1-F3,FP1-F3
chb02,chb02_18,5,F3-C3,F3-C3
chb02,chb02_18,6,C3-P3,C3-P3
chb02,chb02_18,7,P3-O1,P3-O1
chb02,chb02_18,8,FP2-F4,FP2-F4
chb02,chb02_18,9,F4-C4,F4-C4
chb02,chb02_18,10,C4-P4,C4-P4
chb02,chb02_18,11,P4-O2,P4-O2
chb02,chb02_18,12,FP2-F8,FP2-F8
chb02,chb02_18,13,F8-T8,F8-T8
chb02,chb02_18,14,T8-P8-0,T8-P8-0
chb02,chb02_18,15,P8-O2,P8-O2
chb02,chb02_18,16,FZ-CZ,FZ-CZ
chb02,chb02_18,17,CZ-PZ,CZ-PZ
chb02,chb02_18,18,P7-T7,P7-T7
chb02,chb02_18,19,T7-FT9,T7-FT9
chb02,chb02_18,20,FT9-FT10,FT9-FT10
chb02,chb02_18,21,FT10-T8,FT10-T8
chb02,chb02_18,22,T8-P8-1,T8-P8-1
chb02,chb02_19,0,FP1-F7,FP1-F7
chb02,chb02_19,1,F7-T7,F7-T7
chb02,chb02_19,2,T7-P7,T7-P7
chb02,chb02_19,3,P7-O1,P7-O1
chb02,chb02_19,4,FP1-F3,FP1-F3
chb02,chb02_19,5,F3-C3,F3-C3
chb02,chb02_19,6,C3-P3,C3-P3
chb02,chb02_19,7,P3-O1,P3-O1
chb02,chb02_19,8,FP2-F4,FP2-F4
chb02,chb02_19,9,F4-C4,F4-C4
chb02,chb02_19,10,C4-P4,C4-P4
chb02,chb02_19,11,P4-O2,P4-O2
chb02,chb02_19,12,FP2-F8,FP2-F8
chb02,chb02_19,13,F8-T8,F8-T8
chb02,chb02_19,14,T8-P8-0,T8-P8-0
chb02,chb02_19,15,P8-O2,P8-O2
chb02,chb02_19,16,FZ-CZ,FZ-CZ
chb02,chb02_19,17,CZ-PZ,CZ-PZ
chb02,chb02_19,18,P7-T7,P7-T7
chb02,chb02_19,19,T7-FT9,T7-FT9
chb02,chb02_19,20,FT9-FT10,FT9-FT10
chb02,chb02_19,21,FT10-T8,FT10-T8
chb02,chb02_19,22,T8-P8-1,T8-P8-1
chb02,chb02_20,0,FP1-F7,FP1-F7
chb02,chb02_20,1,F7-T7,F7-T7
chb02,chb02_20,2,T7-P7,T7-P7
chb02,chb02_20,3,P7-O1,P7-O1
chb02,chb02_20,4,FP1-F3,FP1-F3
chb02,chb02_20,5,F3-C3,F3-C3
chb02,chb02_20,6,C3-P3,C3-P3
chb02,chb02_20,7,P3-O1,P3-O1
chb02,chb02_20,8,FP2-F4,FP2-F4
chb02,chb02_20,9,F4-C4,F4-C4
chb02,chb02_20,10,C4-P4,C4-P4
chb02,chb02_20,11,P4-O2,P4-O2
chb02,chb02_20,12,FP2-F8,FP2-F8
chb02,chb02_20,13,F8-T8,F8-T8
chb02,chb02_20,14,T8-P8-0,T8-P8-0
chb02,chb02_20,15,P8-O2,P8-O2
chb02,chb02_20,16,FZ-CZ,FZ-CZ
chb02,chb02_20,17,CZ-PZ,CZ-PZ
chb02,chb02_20,18,P7-T7,P7-T7
chb02,chb02_20,19,T7-FT9,T7-FT9
chb02,chb02_20,20,FT9-FT10,FT9-FT10
chb02,chb02_20,21,FT10-T8,FT10-T8
chb02,chb02_20,22,T8-P8-1,T8-P8-1
chb02,chb02_21,0,FP1-F7,FP1-F7
chb02,chb02_21,1,F7-T7,F7-T7
chb02,chb02_21,2,T7-P7,T7-P7
chb02,chb02_21,3,P7-O1,P7-O1
chb02,chb02_21,4,FP1-F3,FP1-F3
chb02,chb02_21,5,F3-C3,F3-C3
chb02,chb02_21,6,C3-P3,C3-P3
chb02,chb02_21,7,P3-O1,P3-O1
chb02,chb02_21,8,FP2-F4,FP2-F4
chb02,chb02_21,9,F4-C4,F4-C4
chb02,chb02_21,10,C4-P4,C4-P4
chb02,chb02_21,11,P4-O2,P4-O2
chb02,chb02_21,12,FP2-F8,FP2-F8
chb02,chb02_21,13,F8-T8,F8-T8
chb02,chb02_21,14,T8-P8-0,T8-P8-0
chb02,chb02_21,15,P8-O2,P8-O2
chb02,chb02_21,16,FZ-CZ,FZ-CZ
chb02,chb02_21,17,CZ-PZ,CZ-PZ
chb02,chb02_21,18,P7-T7,P7-T7
chb02,chb02_21,19,T7-FT9,T7-FT9
chb02,chb02_21,20,FT9-FT10,FT9-FT10
chb02,chb02_21,21,FT10-T8,FT10-T8
chb02,chb02_21,22,T8-P8-1,T8-P8-1
chb02,chb02_22,0,FP1-F7,FP1-F7
chb02,chb02_22,1,F7-T7,F7-T7
chb02,chb02_22,2,T7-P7,T7-P7
chb02,chb02_22,3,P7-O1,P7-O1
chb02,chb02_22,4,FP1-F3,FP1-F3
chb02,chb02_22,5,F3-C3,F3-C3
chb02,chb02_22,6,C3-P3,C3-P3
chb02,chb02_22,7,P3-O1,P3-O1
chb02,chb02_22,8,FP2-F4,FP2-F4
chb02,chb02_22,9,F4-C4,F4-C4
chb02,chb02_22,10,C4-P4,C4-P4
chb02,chb02_22,11,P4-O2,P4-O2
chb02,chb02_22,12,FP2-F8,FP2-F8
chb02,chb02_22,13,F8-T8,F8-T8
chb02,chb02_22,14,T8-P8-0,T8-P8-0
chb02,chb02_22,15,P8-O2,P8-O2
chb02,chb02_22,16,FZ-CZ,FZ-CZ
chb02,chb02_22,17,CZ-PZ,CZ-PZ
chb02,chb02_22,18,P7-T7,P7-T7
chb02,chb02_22,19,T7-FT9,T7-FT9
chb02,chb02_22,20,FT9-FT10,FT9-FT10
chb02,chb02_22,21,FT10-T8,FT10-T8
chb02,chb02_22,22,T8-P8-1,T8-P8-1
chb02,chb02_23,0,FP1-F7,FP1-F7
chb02,chb02_23,1,F7-T7,F7-T7
chb02,chb02_23,2,T7-P7,T7-P7
chb02,chb02_23,3,P7-O1,P7-O1
chb02,chb02_23,4,FP1-F3,FP1-F3
chb02,chb02_23,5,F3-C3,F3-C3
chb02,chb02_23,6,C3-P3,C3-P3
chb02,chb02_23,7,P3-O1,P3-O1
chb02,chb02_23,8,FP2-F4,FP2-F4
chb02,chb02_23,9,F4-C4,F4-C4
chb02,chb02_23,10,C4-P4,C4-P4
chb02,chb02_23,11,P4-O2,P4-O2
chb02,chb02_23,12,FP2-F8,FP2-F8
chb02,chb02_23,13,F8-T8,F8-T8
chb02,chb02_23,14,T8-P8-0,T8-P8-0
chb02,chb02_23,15,P8-O2,P8-O2
chb02,chb02_23,16,FZ-CZ,FZ-CZ
chb02,chb02_23,17,CZ-PZ,CZ-PZ
chb02,chb02_23,18,P7-T7,P7-T7
chb02,chb02_23,19,T7-FT9,T7-FT9
chb02,chb02_23,20,FT9-FT10,FT9-FT10
chb02,chb02_23,21,FT10-T8,FT10-T8
chb02,chb02_23,22,T8-P8-1,T8-P8-1
chb02,chb02_24,0,FP1-F7,FP1-F7
chb02,chb02_24,1,F7-T7,F7-T7
chb02,chb02_24,2,T7-P7,T7-P7
chb02,chb02_24,3,P7-O1,P7-O1
chb02,chb02_24,4,FP1-F3,FP1-F3
chb02,chb02_24,5,F3-C3,F3-C3
chb02,chb02_24,6,C3-P3,C3-P3
chb02,chb02_24,7,P3-O1,P3-O1
chb02,chb02_24,8,FP2-F4,FP2-F4
chb02,chb02_24,9,F4-C4,F4-C4
chb02,chb02_24,10,C4-P4,C4-P4
chb02,chb02_24,11,P4-O2,P4-O2
chb02,chb02_24,12,FP2-F8,FP2-F8
chb02,chb02_24,13,F8-T8,F8-T8
chb02,chb02_24,14,T8-P8-0,T8-P8-0
chb02,chb02_24,15,P8-O2,P8-O2
chb02,chb02_24,16,FZ-CZ,FZ-CZ
chb02,chb02_24,17,CZ-PZ,CZ-PZ
chb02,chb02_24,18,P7-T7,P7-T7
chb02,chb02_24,19,T7-FT9,T7-FT9
chb02,chb02_24,20,FT9-FT10,FT9-FT10
chb02,chb02_24,21,FT10-T8,FT10-T8
chb02,chb02_24,22,T8-P8-1,T8-P8-1
chb02,chb02_25,0,FP1-F7,FP1-F7
chb02,chb02_25,1,F7-T7,F7-T7
chb02,chb02_25,2,T7-P7,T7-P7
chb02,chb02_25,3,P7-O1,P7-O1
chb02,chb02_25,4,FP1-F3,FP1-F3
chb02,chb02_25,5,F3-C3,F3-C3
chb02,chb02_25,6,C3-P3,C3-P3
chb02,chb02_25,7,P3-O1,P3-O1
chb02,chb02_25,8,FP2-F4,FP2-F4
chb02,chb02_25,9,F4-C4,F4-C4
chb02,chb02_25,10,C4-P4,C4-P4
chb02,chb02_25,11,P4-O2,P4-O2
chb02,chb02_25,12,FP2-F8,FP2-F8
chb02,chb02_25,13,F8-T8,F8-T8
chb02,chb02_25,14,T8-P8-0,T8-P8-0
chb02,chb02_25,15,P8-O2,P8-O2
chb02,chb02_25,16,FZ-CZ,FZ-CZ
chb02,chb02_25,17,CZ-PZ,CZ-PZ
chb02,chb02_25,18,P7-T7,P7-T7
chb02,chb02_25,19,T7-FT9,T7-FT9
chb02,chb02_25,20,FT9-FT10,FT9-FT10
chb02,chb02_25,21,FT10-T8,FT10-T8
chb02,chb02_25,22,T8-P8-1,T8-P8-1
chb02,chb02_26,0,FP1-F7,FP1-F7
chb02,chb02_26,1,F7-T7,F7-T7
chb02,chb02_26,2,T7-P7,T7-P7
chb02,chb02_26,3,P7-O1,P7-O1
chb02,chb02_26,4,FP1-F3,FP1-F3
chb02,chb02_26,5,F3-C3,F3-C3
chb02,chb02_26,6,C3-P3,C3-P3
chb02,chb02_26,7,P3-O1,P3-O1
chb02,chb02_26,8,FP2-F4,FP2-F4
chb02,chb02_26,9,F4-C4,F4-C4
chb02,chb02_26,10,C4-P4,C4-P4
chb02,chb02_26,11,P4-O2,P4-O2
chb02,chb02_26,12,FP2-F8,FP2-F8
chb02,chb02_26,13,F8-T8,F8-T8
chb02,chb02_26,14,T8-P8-0,T8-P8-0
chb02,chb02_26,15,P8-O2,P8-O2
chb02,chb02_26,16,FZ-CZ,FZ-CZ
chb02,chb02_26,17,CZ-PZ,CZ-PZ
chb02,chb02_26,18,P7-T7,P7-T7
chb02,chb02_26,19,T7-FT9,T7-FT9
chb02,chb02_26,20,FT9-FT10,FT9-FT10
chb02,chb02_26,21,FT10-T8,FT10-T8
chb02,chb02_26,22,T8-P8-1,T8-P8-1
chb02,chb02_27,0,FP1-F7,FP1-F7
chb02,chb02_27,1,F7-T7,F7-T7
chb02,chb02_27,2,T7-P7,T7-P7
chb02,chb02_27,3,P7-O1,P7-O1
chb02,chb02_27,4,FP1-F3,FP1-F3
chb02,chb02_27,5,F3-C3,F3-C3
chb02,chb02_27,6,C3-P3,C3-P3
chb02,chb02_27,7,P3-O1,P3-O1
chb02,chb02_27,8,FP2-F4,FP2-F4
chb02,chb02_27,9,F4-C4,F4-C4
chb02,chb02_27,10,C4-P4,C4-P4
chb02,chb02_27,11,P4-O2,P4-O2
chb02,chb02_27,12,FP2-F8,FP2-F8
chb02,chb02_27,13,F8-T8,F8-T8
chb02,chb02_27,14,T8-P8-0,T8-P8-0
chb02,chb02_27,15,P8-O2,P8-O2
chb02,chb02_27,16,FZ-CZ,FZ-CZ
chb02,chb02_27,17,CZ-PZ,CZ-PZ
chb02,chb02_27,18,P7-T7,P7-T7
chb02,chb02_27,19,T7-FT9,T7-FT9
chb02,chb02_27,20,FT9-FT10,FT9-FT10
chb02,chb02_27,21,FT10-T8,FT10-T8
chb02,chb02_27,22,T8-P8-1,T8-P8-1
chb02,chb02_28,0,FP1-F7,FP1-F7
chb02,chb02_28,1,F7-T7,F7-T7
chb02,chb02_28,2,T7-P7,T7-P7
chb02,chb02_28,3,P7-O1,P7-O1
chb02,chb02_28,4,FP1-F3,FP1-F3
chb02,chb02_28,5,F3-C3,F3-C3
chb02,chb02_28,6,C3-P3,C3-P3
chb02,chb02_28,7,P3-O1,P3-O1
chb02,chb02_28,8,FP2-F4,FP2-F4
chb02,chb02_28,9,F4-C4,F4-C4
chb02,chb02_28,10,C4-P4,C4-P4
chb02,chb02_28,11,P4-O2,P4-O2
chb02,chb02_28,12,FP2-F8,FP2-F8
chb02,chb02_28,13,F8-T8,F8-T8
chb02,chb02_28,14,T8-P8-0,T8-P8-0
chb02,chb02_28,15,P8-O2,P8-O2
chb02,chb02_28,16,FZ-CZ,FZ-CZ
chb02,chb02_28,17,CZ-PZ,CZ-PZ
chb02,chb02_28,18,P7-T7,P7-T7
chb02,chb02_28,19,T7-FT9,T7-FT9
chb02,chb02_28,20,FT9-FT10,FT9-FT10
chb02,chb02_28,21,FT10-T8,FT10-T8
chb02,chb02_28,22,T8-P8-1,T8-P8-1
chb02,chb02_29,0,FP1-F7,FP1-F7
chb02,chb02_29,1,F7-T7,F7-T7
chb02,chb02_29,2,T7-P7,T7-P7
chb02,chb02_29,3,P7-O1,P7-O1
chb02,chb02_29,4,FP1-F3,FP1-F3
chb02,chb02_29,5,F3-C3,F3-C3
chb02,chb02_29,6,C3-P3,C3-P3
chb02,chb02_29,7,P3-O1,P3-O1
chb02,chb02_29,8,FP2-F4,FP2-F4
chb02,chb02_29,9,F4-C4,F4-C4
chb02,chb02_29,10,C4-P4,C4-P4
chb02,chb02_29,11,P4-O2,P4-O2
chb02,chb02_29,12,FP2-F8,FP2-F8
chb02,chb02_29,13,F8-T8,F8-T8
chb02,chb02_29,14,T8-P8-0,T8-P8-0
chb02,chb02_29,15,P8-O2,P8-O2
chb02,chb02_29,16,FZ-CZ,FZ-CZ
chb02,chb02_29,17,CZ-PZ,CZ-PZ
chb02,chb02_29,18,P7-T7,P7-T7
chb02,chb02_29,19,T7-FT9,T7-FT9
chb02,chb02_29,20,FT9-FT10,FT9-FT10
chb02,chb02_29,21,FT10-T8,FT10-T8
chb02,chb02_29,22,T8-P8-1,T8-P8-1
chb02,chb02_30,0,FP1-F7,FP1-F7
chb02,chb02_30,1,F7-T7,F7-T7
chb02,chb02_30,2,T7-P7,T7-P7
chb02,chb02_30,3,P7-O1,P7-O1
chb02,chb02_30,4,FP1-F3,FP1-F3
chb02,chb02_30,5,F3-C3,F3-C3
chb02,chb02_30,6,C3-P3,C3-P3
chb02,chb02_30,7,P3-O1,P3-O1
chb02,chb02_30,8,FP2-F4,FP2-F4
chb02,chb02_30,9,F4-C4,F4-C4
chb02,chb02_30,10,C4-P4,C4-P4
chb02,chb02_30,11,P4-O2,P4-O2
chb02,chb02_30,12,FP2-F8,FP2-F8
chb02,chb02_30,13,F8-T8,F8-T8
chb02,chb02_30,14,T8-P8-0,T8-P8-0
chb02,chb02_30,15,P8-O2,P8-O2
chb02,chb02_30,16,FZ-CZ,FZ-CZ
chb02,chb02_30,17,CZ-PZ,CZ-PZ
chb02,chb02_30,18,P7-T7,P7-T7
chb02,chb02_30,19,T7-FT9,T7-FT9
chb02,chb02_30,20,FT9-FT10,FT9-FT10
chb02,chb02_30,21,FT10-T8,FT10-T8
chb02,chb02_30,22,T8-P8-1,T8-P8-1
chb02,chb02_31,0,FP1-F7,FP1-F7
chb02,chb02_31,1,F7-T7,F7-T7
chb02,chb02_31,2,T7-P7,T7-P7
chb02,chb02_31,3,P7-O1,P7-O1
chb02,chb02_31,4,FP1-F3,FP1-F3
chb02,chb02_31,5,F3-C3,F3-C3
chb02,chb02_31,6,C3-P3,C3-P3
chb02,chb02_31,7,P3-O1,P3-O1
chb02,chb02_31,8,FP2-F4,FP2-F4
chb02,chb02_31,9,F4-C4,F4-C4
chb02,chb02_31,10,C4-P4,C4-P4
chb02,chb02_31,11,P4-O2,P4-O2
chb02,chb02_31,12,FP2-F8,FP2-F8
chb02,chb02_31,13,F8-T8,F8-T8
chb02,chb02_31,14,T8-P8-0,T8-P8-0
chb02,chb02_31,15,P8-O2,P8-O2
chb02,chb02_31,16,FZ-CZ,FZ-CZ
chb02,chb02_31,17,CZ-PZ,CZ-PZ
chb02,chb02_31,18,P7-T7,P7-T7
chb02,chb02_31,19,T7-FT9,T7-FT9
chb02,chb02_31,20,FT9-FT10,FT9-FT10
chb02,chb02_31,21,FT10-T8,FT10-T8
chb02,chb02_31,22,T8-P8-1,T8-P8-1
chb02,chb02_32,0,FP1-F7,FP1-F7
chb02,chb02_32,1,F7-T7,F7-T7
chb02,chb02_32,2,T7-P7,T7-P7
chb02,chb02_32,3,P7-O1,P7-O1
chb02,chb02_32,4,FP1-F3,FP1-F3
chb02,chb02_32,5,F3-C3,F3-C3
chb02,chb02_32,6,C3-P3,C3-P3
chb02,chb02_32,7,P3-O1,P3-O1
chb02,chb02_32,8,FP2-F4,FP2-F4
chb02,chb02_32,9,F4-C4,F4-C4
chb02,chb02_32,10,C4-P4,C4-P4
chb02,chb02_32,11,P4-O2,P4-O2
chb02,chb02_32,12,FP2-F8,FP2-F8
chb02,chb02_32,13,F8-T8,F8-T8
chb02,chb02_32,14,T8-P8-0,T8-P8-0
chb02,chb02_32,15,P8-O2,P8-O2
chb02,chb02_32,16,FZ-CZ,FZ-CZ
chb02,chb02_32,17,CZ-PZ,CZ-PZ
chb02,chb02_32,18,P7-T7,P7-T7
chb02,chb02_32,19,T7-FT9,T7-FT9
chb02,chb02_32,20,FT9-FT10,FT9-FT10
chb02,chb02_32,21,FT10-T8,FT10-T8
chb02,chb02_32,22,T8-P8-1,T8-P8-1
chb02,chb02_33,0,FP1-F7,FP1-F7
chb02,chb02_33,1,F7-T7,F7-T7
chb02,chb02_33,2,T7-P7,T7-P7
chb02,chb02_33,3,P7-O1,P7-O1
chb02,chb02_33,4,FP1-F3,FP1-F3
chb02,chb02_33,5,F3-C3,F3-C3
chb02,chb02_33,6,C3-P3,C3-P3
chb02,chb02_33,7,P3-O1,P3-O1
chb02,chb02_33,8,FP2-F4,FP2-F4
chb02,chb02_33,9,F4-C4,F4-C4
chb02,chb02_33,10,C4-P4,C4-P4
chb02,chb02_33,11,P4-O2,P4-O2
chb02,chb02_33,12,FP2-F8,FP2-F8
chb02,chb02_33,13,F8-T8,F8-T8
chb02,chb02_33,14,T8-P8-0,T8-P8-0
chb02,chb02_33,15,P8-O2,P8-O2
chb02,chb02_33,16,FZ-CZ,FZ-CZ
chb02,chb02_33,17,CZ-PZ,CZ-PZ
chb02,chb02_33,18,P7-T7,P7-T7
chb02,chb02_33,19,T7-FT9,T7-FT9
chb02,chb02_33,20,FT9-FT10,FT9-FT10
chb02,chb02_33,21,FT10-T8,FT10-T8
chb02,chb02_33,22,T8-P8-1,T8-P8-1
chb02,chb02_34,0,FP1-F7,FP1-F7
chb02,chb02_34,1,F7-T7,F7-T7
chb02,chb02_34,2,T7-P7,T7-P7
chb02,chb02_34,3,P7-O1,P7-O1
chb02,chb02_34,4,FP1-F3,FP1-F3
chb02,chb02_34,5,F3-C3,F3-C3
chb02,chb02_34,6,C3-P3,C3-P3
chb02,chb02_34,7,P3-O1,P3-O1
chb02,chb02_34,8,FP2-F4,FP2-F4
chb02,chb02_34,9,F4-C4,F4-C4
chb02,chb02_34,10,C4-P4,C4-P4
chb02,chb02_34,11,P4-O2,P4-O2
chb02,chb02_34,12,FP2-F8,FP2-F8
chb02,chb02_34,13,F8-T8,F8-T8
chb02,chb02_34,14,T8-P8-0,T8-P8-0
chb02,chb02_34,15,P8-O2,P8-O2
chb02,chb02_34,16,FZ-CZ,FZ-CZ
chb02,chb02_34,17,CZ-PZ,CZ-PZ
chb02,chb02_34,18,P7-T7,P7-T7
chb02,chb02_34,19,T7-FT9,T7-FT9
chb02,chb02_34,20,FT9-FT10,FT9-FT10
chb02,chb02_34,21,FT10-T8,FT10-T8
chb02,chb02_34,22,T8-P8-1,T8-P8-1
chb02,chb02_35,0,FP1-F7,FP1-F7
chb02,chb02_35,1,F7-T7,F7-T7
chb02,chb02_35,2,T7-P7,T7-P7
chb02,chb02_35,3,P7-O1,P7-O1
chb02,chb02_35,4,FP1-F3,FP1-F3
chb02,chb02_35,5,F3-C3,F3-C3
chb02,chb02_35,6,C3-P3,C3-P3
chb02,chb02_35,7,P3-O1,P3-O1
chb02,chb02_35,8,FP2-F4,FP2-F4
chb02,chb02_35,9,F4-C4,F4-C4
chb02,chb02_35,10,C4-P4,C4-P4
chb02,chb02_35,11,P4-O2,P4-O2
chb02,chb02_35,12,FP2-F8,FP2-F8
chb02,chb02_35,13,F8-T8,F8-T8
chb02,chb02_35,14,T8-P8-0,T8-P8-0
chb02,chb02_35,15,P8-O2,P8-O2
chb02,chb02_35,16,FZ-CZ,FZ-CZ
chb02,chb02_35,17,CZ-PZ,CZ-PZ
chb02,chb02_35,18,P7-T7,P7-T7
chb02,chb02_35,19,T7-FT9,T7-FT9
chb02,chb02_35,20,FT9-FT10,FT9-FT10
chb02,chb02_35,21,FT10-T8,FT10-T8
chb02,chb02_35,22,T8-P8-1,T8-P8-1
chb03,chb03_01,0,FP1-F7,FP1-F7
chb03,chb03_01,1,F7-T7,F7-T7
chb03,chb03_01,2,T7-P7,T7-P7
chb03,chb03_01,3,P7-O1,P7-O1
chb03,chb03_01,4,FP1-F3,FP1-F3
chb03,chb03_01,5,F3-C3,F3-C3
chb03,chb03_01,6,C3-P3,C3-P3
chb03,chb03_01,7,P3-O1,P3-O1
chb03,chb03_01,8,FP2-F4,FP2-F4
chb03,chb03_01,9,F4-C4,F4-C4
chb03,chb03_01,10,C4-P4,C4-P4
chb03,chb03_01,11,P4-O2,P4-O2
chb03,chb03_01,12,FP2-F8,FP2-F8
chb03,chb03_01,13,F8-T8,F8-T8
chb03,chb03_01,14,T8-P8-0,T8-P8-0
chb03,chb03_01,15,P8-O2,P8-O2
chb03,chb03_01,16,FZ-CZ,FZ-CZ
chb03,chb03_01,17,CZ-PZ,CZ-PZ
chb03,chb03_01,18,P7-T7,P7-T7
chb03,chb03_01,19,T7-FT9,T7-FT9
chb03,chb03_01,20,FT9-FT10,FT9-FT10
chb03,chb03_01,21,FT10-T8,FT10-T8
chb03,chb03_01,22,T8-P8-1,T8-P8-1
chb03,chb03_02,0,FP1-F7,FP1-F7
chb03,chb03_02,1,F7-T7,F7-T7
chb03,chb03_02,2,T7-P7,T7-P7
chb03,chb03_02,3,P7-O1,P7-O1
chb03,chb03_02,4,FP1-F3,FP1-F3
chb03,chb03_02,5,F3-C3,F3-C3
chb03,chb03_02,6,C3-P3,C3-P3
chb03,chb03_02,7,P3-O1,P3-O1
chb03,chb03_02,8,FP2-F4,FP2-F4
chb03,chb03_02,9,F4-C4,F4-C4
chb03,chb03_02,10,C4-P4,C4-P4
chb03,chb03_02,11,P4-O2,P4-O2
chb03,chb03_02,12,FP2-F8,FP2-F8
chb03,chb03_02,13,F8-T8,F8-T8
chb03,chb03_02,14,T8-P8-0,T8-P8-0
chb03,chb03_02,15,P8-O2,P8-O2
chb03,chb03_02,16,FZ-CZ,FZ-CZ
chb03,chb03_02,17,CZ-PZ,CZ-PZ
chb03,chb03_02,18,P7-T7,P7-T7
chb03,chb03_02,19,T7-FT9,T7-FT9
chb03,chb03_02,20,FT9-FT10,FT9-FT10
chb03,chb03_02,21,FT10-T8,FT10-T8
chb03,chb03_02,22,T8-P8-1,T8-P8-1
chb03,chb03_03,0,FP1-F7,FP1-F7
chb03,chb03_03,1,F7-T7,F7-T7
chb03,chb03_03,2,T7-P7,T7-P7
chb03,chb03_03,3,P7-O1,P7-O1
chb03,chb03_03,4,FP1-F3,FP1-F3
chb03,chb03_03,5,F3-C3,F3-C3
chb03,chb03_03,6,C3-P3,C3-P3
chb03,chb03_03,7,P3-O1,P3-O1
chb03,chb03_03,8,FP2-F4,FP2-F4
chb03,chb03_03,9,F4-C4,F4-C4
chb03,chb03_03,10,C4-P4,C4-P4
chb03,chb03_03,11,P4-O2,P4-O2
chb03,chb03_03,12,FP2-F8,FP2-F8
chb03,chb03_03,13,F8-T8,F8-T8
chb03,chb03_03,14,T8-P8-0,T8-P8-0
chb03,chb03_03,15,P8-O2,P8-O2
chb03,chb03_03,16,FZ-CZ,FZ-CZ
chb03,chb03_03,17,CZ-PZ,CZ-PZ
chb03,chb03_03,18,P7-T7,P7-T7
chb03,chb03_03,19,T7-FT9,T7-FT9
chb03,chb03_03,20,FT9-FT10,FT9-FT10
chb03,chb03_03,21,FT10-T8,FT10-T8
chb03,chb03_03,22,T8-P8-1,T8-P8-1
chb03,chb03_04,0,FP1-F7,FP1-F7
chb03,chb03_04,1,F7-T7,F7-T7
chb03,chb03_04,2,T7-P7,T7-P7
chb03,chb03_04,3,P7-O1,P7-O1
chb03,chb03_04,4,FP1-F3,FP1-F3
chb03,chb03_04,5,F3-C3,F3-C3
chb03,chb03_04,6,C3-P3,C3-P3
chb03,chb03_04,7,P3-O1,P3-O1
chb03,chb03_04,8,FP2-F4,FP2-F4
chb03,chb03_04,9,F4-C4,F4-C4
chb03,chb03_04,10,C4-P4,C4-P4
chb03,chb03_04,11,P4-O2,P4-O2
chb03,chb03_04,12,FP2-F8,FP2-F8
chb03,chb03_04,13,F8-T8,F8-T8
chb03,chb03_04,14,T8-P8-0,T8-P8-0
chb03,chb03_04,15,P8-O2,P8-O2
chb03,chb03_04,16,FZ-CZ,FZ-CZ
chb03,chb03_04,17,CZ-PZ,CZ-PZ
chb03,chb03_04,18,P7-T7,P7-T7
chb03,chb03_04,19,T7-FT9,T7-FT9
chb03,chb03_04,20,FT9-FT10,FT9-FT10
chb03,chb03_04,21,FT10-T8,FT10-T8
chb03,chb03_04,22,T8-P8-1,T8-P8-1
chb03,chb03_05,0,FP1-F7,FP1-F7
chb03,chb03_05,1,F7-T7,F7-T7
chb03,chb03_05,2,T7-P7,T7-P7
chb03,chb03_05,3,P7-O1,P7-O1
chb03,chb03_05,4,FP1-F3,FP1-F3
chb03,chb03_05,5,F3-C3,F3-C3
chb03,chb03_05,6,C3-P3,C3-P3
chb03,chb03_05,7,P3-O1,P3-O1
chb03,chb03_05,8,FP2-F4,FP2-F4
chb03,chb03_05,9,F4-C4,F4-C4
chb03,chb03_05,10,C4-P4,C4-P4
chb03,chb03_05,11,P4-O2,P4-O2
chb03,chb03_05,12,FP2-F8,FP2-F8
chb03,chb03_05,13,F8-T8,F8-T8
chb03,chb03_05,14,T8-P8-0,T8-P8-0
chb03,chb03_05,15,P8-O2,P8-O2
chb03,chb03_05,16,FZ-CZ,FZ-CZ
chb03,chb03_05,17,CZ-PZ,CZ-PZ
chb03,chb03_05,18,P7-T7,P7-T7
chb03,chb03_05,19,T7-FT9,T7-FT9
chb03,chb03_05,20,FT9-FT10,FT9-FT10
chb03,chb03_05,21,FT10-T8,FT10-T8
chb03,chb03_05,22,T8-P8-1,T8-P8-1
chb03,chb03_06,0,FP1-F7,FP1-F7
chb03,chb03_06,1,F7-T7,F7-T7
chb03,chb03_06,2,T7-P7,T7-P7
chb03,chb03_06,3,P7-O1,P7-O1
chb03,chb03_06,4,FP1-F3,FP1-F3
chb03,chb03_06,5,F3-C3,F3-C3
chb03,chb03_06,6,C3-P3,C3-P3
chb03,chb03_06,7,P3-O1,P3-O1
chb03,chb03_06,8,FP2-F4,FP2-F4
chb03,chb03_06,9,F4-C4,F4-C4
chb03,chb03_06,10,C4-P4,C4-P4
chb03,chb03_06,11,P4-O2,P4-O2
chb03,chb03_06,12,FP2-F8,FP2-F8
chb03,chb03_06,13,F8-T8,F8-T8
chb03,chb03_06,14,T8-P8-0,T8-P8-0
chb03,chb03_06,15,P8-O2,P8-O2
chb03,chb03_06,16,FZ-CZ,FZ-CZ
chb03,chb03_06,17,CZ-PZ,CZ-PZ
chb03,chb03_06,18,P7-T7,P7-T7
chb03,chb03_06,19,T7-FT9,T7-FT9
chb03,chb03_06,20,FT9-FT10,FT9-FT10
chb03,chb03_06,21,FT10-T8,FT10-T8
chb03,chb03_06,22,T8-P8-1,T8-P8-1
chb03,chb03_07,0,FP1-F7,FP1-F7
chb03,chb03_07,1,F7-T7,F7-T7
chb03,chb03_07,2,T7-P7,T7-P7
chb03,chb03_07,3,P7-O1,P7-O1
chb03,chb03_07,4,FP1-F3,FP1-F3
chb03,chb03_07,5,F3-C3,F3-C3
chb03,chb03_07,6,C3-P3,C3-P3
chb03,chb03_07,7,P3-O1,P3-O1
chb03,chb03_07,8,FP2-F4,FP2-F4
chb03,chb03_07,9,F4-C4,F4-C4
chb03,chb03_07,10,C4-P4,C4-P4
chb03,chb03_07,11,P4-O2,P4-O2
chb03,chb03_07,12,FP2-F8,FP2-F8
chb03,chb03_07,13,F8-T8,F8-T8
chb03,chb03_07,14,T8-P8-0,T8-P8-0
chb03,chb03_07,15,P8-O2,P8-O2
chb03,chb03_07,16,FZ-CZ,FZ-CZ
chb03,chb03_07,17,CZ-PZ,CZ-PZ
chb03,chb03_07,18,P7-T7,P7-T7
chb03,chb03_07,19,T7-FT9,T7-FT9
chb03,chb03_07,20,FT9-FT10,FT9-FT10
chb03,chb03_07,21,FT10-T8,FT10-T8
chb03,chb03_07,22,T8-P8-1,T8-P8-1
chb03,chb03_08,0,FP1-F7,FP1-F7
chb03,chb03_08,1,F7-T7,F7-T7
chb03,chb03_08,2,T7-P7,T7-P7
chb03,chb03_08,3,P7-O1,P7-O1
chb03,chb03_08,4,FP1-F3,FP1-F3
chb03,chb03_08,5,F3-C3,F3-C3
chb03,chb03_08,6,C3-P3,C3-P3
chb03,chb03_08,7,P3-O1,P3-O1
chb03,chb03_08,8,FP2-F4,FP2-F4
chb03,chb03_08,9,F4-C4,F4-C4
chb03,chb03_08,10,C4-P4,C4-P4
chb03,chb03_08,11,P4-O2,P4-O2
chb03,chb03_08,12,FP2-F8,FP2-F8
chb03,chb03_08,13,F8-T8,F8-T8
chb03,chb03_08,14,T8-P8-0,T8-P8-0
chb03,chb03_08,15,P8-O2,P8-O2
chb03,chb03_08,16,FZ-CZ,FZ-CZ
chb03,chb03_08,17,CZ-PZ,CZ-PZ
chb03,chb03_08,18,P7-T7,P7-T7
chb03,chb03_08,19,T7-FT9,T7-FT9
chb03,chb03_08,20,FT9-FT10,FT9-FT10
chb03,chb03_08,21,FT10-T8,FT10-T8
chb03,chb03_08,22,T8-P8-1,T8-P8-1
chb03,chb03_09,0,FP1-F7,FP1-F7
chb03,chb03_09,1,F7-T7,F7-T7
chb03,chb03_09,2,T7-P7,T7-P7
chb03,chb03_09,3,P7-O1,P7-O1
chb03,chb03_09,4,FP1-F3,FP1-F3
chb03,chb03_09,5,F3-C3,F3-C3
chb03,chb03_09,6,C3-P3,C3-P3
chb03,chb03_09,7,P3-O1,P3-O1
chb03,chb03_09,8,FP2-F4,FP2-F4
chb03,chb03_09,9,F4-C4,F4-C4
chb03,chb03_09,10,C4-P4,C4-P4
chb03,chb03_09,11,P4-O2,P4-O2
chb03,chb03_09,12,FP2-F8,FP2-F8
chb03,chb03_09,13,F8-T8,F8-T8
chb03,chb03_09,14,T8-P8-0,T8-P8-0
chb03,chb03_09,15,P8-O2,P8-O2
chb03,chb03_09,16,FZ-CZ,FZ-CZ
chb03,chb03_09,17,CZ-PZ,CZ-PZ
chb03,chb03_09,18,P7-T7,P7-T7
chb03,chb03_09,19,T7-FT9,T7-FT9
chb03,chb03_09,20,FT9-FT10,FT9-FT10
chb03,chb03_09,21,FT10-T8,FT10-T8
chb03,chb03_09,22,T8-P8-1,T8-P8-1
chb03,chb03_10,0,FP1-F7,FP1-F7
chb03,chb03_10,1,F7-T7,F7-T7
chb03,chb03_10,2,T7-P7,T7-P7
chb03,chb03_10,3,P7-O1,P7-O1
chb03,chb03_10,4,FP1-F3,FP1-F3
chb03,chb03_10,5,F3-C3,F3-C3
chb03,chb03_10,6,C3-P3,C3-P3
chb03,chb03_10,7,P3-O1,P3-O1
chb03,chb03_10,8,FP2-F4,FP2-F4
chb03,chb03_10,9,F4-C4,F4-C4
chb03,chb03_10,10,C4-P4,C4-P4
chb03,chb03_10,11,P4-O2,P4-O2
chb03,chb03_10,12,FP2-F8,FP2-F8
chb03,chb03_10,13,F8-T8,F8-T8
chb03,chb03_10,14,T8-P8-0,T8-P8-0
chb03,chb03_10,15,P8-O2,P8-O2
chb03,chb03_10,16,FZ-CZ,FZ-CZ
chb03,chb03_10,17,CZ-PZ,CZ-PZ
chb03,chb03_10,18,P7-T7,P7-T7
chb03,chb03_10,19,T7-FT9,T7-FT9
chb03,chb03_10,20,FT9-FT10,FT9-FT10
chb03,chb03_10,21,FT10-T8,FT10-T8
chb03,chb03_10,22,T8-P8-1,T8-P8-1
chb03,chb03_11,0,FP1-F7,FP1-F7
chb03,chb03_11,1,F7-T7,F7-T7
chb03,chb03_11,2,T7-P7,T7-P7
chb03,chb03_11,3,P7-O1,P7-O1
chb03,chb03_11,4,FP1-F3,FP1-F3
chb03,chb03_11,5,F3-C3,F3-C3
chb03,chb03_11,6,C3-P3,C3-P3
chb03,chb03_11,7,P3-O1,P3-O1
chb03,chb03_11,8,FP2-F4,FP2-F4
chb03,chb03_11,9,F4-C4,F4-C4
chb03,chb03_11,10,C4-P4,C4-P4
chb03,chb03_11,11,P4-O2,P4-O2
chb03,chb03_11,12,FP2-F8,FP2-F8
chb03,chb03_11,13,F8-T8,F8-T8
chb03,chb03_11,14,T8-P8-0,T8-P8-0
chb03,chb03_11,15,P8-O2,P8-O2
chb03,chb03_11,16,FZ-CZ,FZ-CZ
chb03,chb03_11,17,CZ-PZ,CZ-PZ
chb03,chb03_11,18,P7-T7,P7-T7
chb03,chb03_11,19,T7-FT9,T7-FT9
chb03,chb03_11,20,FT9-FT10,FT9-FT10
chb03,chb03_11,21,FT10-T8,FT10-T8
chb03,chb03_11,22,T8-P8-1,T8-P8-1
chb03,chb03_12,0,FP1-F7,FP1-F7
chb03,chb03_12,1,F7-T7,F7-T7
chb03,chb03_12,2,T7-P7,T7-P7
chb03,chb03_12,3,P7-O1,P7-O1
chb03,chb03_12,4,FP1-F3,FP1-F3
chb03,chb03_12,5,F3-C3,F3-C3
chb03,chb03_12,6,C3-P3,C3-P3
chb03,chb03_12,7,P3-O1,P3-O1
chb03,chb03_12,8,FP2-F4,FP2-F4
chb03,chb03_12,9,F4-C4,F4-C4
chb03,chb03_12,10,C4-P4,C4-P4
chb03,chb03_12,11,P4-O2,P4-O2
chb03,chb03_12,12,FP2-F8,FP2-F8
chb03,chb03_12,13,F8-T8,F8-T8
chb03,chb03_12,14,T8-P8-0,T8-P8-0
chb03,chb03_12,15,P8-O2,P8-O2
chb03,chb03_12,16,FZ-CZ,FZ-CZ
chb03,chb03_12,17,CZ-PZ,CZ-PZ
chb03,chb03_12,18,P7-T7,P7-T7
chb03,chb03_12,19,T7-FT9,T7-FT9
chb03,chb03_12,20,FT9-FT10,FT9-FT10
chb03,chb03_12,21,FT10-T8,FT10-T8
chb03,chb03_12,22,T8-P8-1,T8-P8-1
chb03,chb03_13,0,FP1-F7,FP1-F7
chb03,chb03_13,1,F7-T7,F7-T7
chb03,chb03_13,2,T7-P7,T7-P7
chb03,chb03_13,3,P7-O1,P7-O1
chb03,chb03_13,4,FP1-F3,FP1-F3
chb03,chb03_13,5,F3-C3,F3-C3
chb03,chb03_13,6,C3-P3,C3-P3
chb03,chb03_13,7,P3-O1,P3-O1
chb03,chb03_13,8,FP2-F4,FP2-F4
chb03,chb03_13,9,F4-C4,F4-C4
chb03,chb03_13,10,C4-P4,C4-P4
chb03,chb03_13,11,P4-O2,P4-O2
chb03,chb03_13,12,FP2-F8,FP2-F8
chb03,chb03_13,13,F8-T8,F8-T8
chb03,chb03_13,14,T8-P8-0,T8-P8-0
chb03,chb03_13,15,P8-O2,P8-O2
chb03,chb03_13,16,FZ-CZ,FZ-CZ
chb03,chb03_13,17,CZ-PZ,CZ-PZ
chb03,chb03_13,18,P7-T7,P7-T7
chb03,chb03_13,19,T7-FT9,T7-FT9
chb03,chb03_13,20,FT9-FT10,FT9-FT10
chb03,chb03_13,21,FT10-T8,FT10-T8
chb03,chb03_13,22,T8-P8-1,T8-P8-1
chb03,chb03_14,0,FP1-F7,FP1-F7
chb03,chb03_14,1,F7-T7,F7-T7
chb03,chb03_14,2,T7-P7,T7-P7
chb03,chb03_14,3,P7-O1,P7-O1
chb03,chb03_14,4,FP1-F3,FP1-F3
chb03,chb03_14,5,F3-C3,F3-C3
chb03,chb03_14,6,C3-P3,C3-P3
chb03,chb03_14,7,P3-O1,P3-O1
chb03,chb03_14,8,FP2-F4,FP2-F4
chb03,chb03_14,9,F4-C4,F4-C4
chb03,chb03_14,10,C4-P4,C4-P4
chb03,chb03_14,11,P4-O2,P4-O2
chb03,chb03_14,12,FP2-F8,FP2-F8
chb03,chb03_14,13,F8-T8,F8-T8
chb03,chb03_14,14,T8-P8-0,T8-P8-0
chb03,chb03_14,15,P8-O2,P8-O2
chb03,chb03_14,16,FZ-CZ,FZ-CZ
chb03,chb03_14,17,CZ-PZ,CZ-PZ
chb03,chb03_14,18,P7-T7,P7-T7
chb03,chb03_14,19,T7-FT9,T7-FT9
chb03,chb03_14,20,FT9-FT10,FT9-FT10
chb03,chb03_14,21,FT10-T8,FT10-T8
chb03,chb03_14,22,T8-P8-1,T8-P8-1
chb03,chb03_15,0,FP1-F7,FP1-F7
chb03,chb03_15,1,F7-T7,F7-T7
chb03,chb03_15,2,T7-P7,T7-P7
chb03,chb03_15,3,P7-O1,P7-O1
chb03,chb03_15,4,FP1-F3,FP1-F3
chb03,chb03_15,5,F3-C3,F3-C3
chb03,chb03_15,6,C3-P3,C3-P3
chb03,chb03_15,7,P3-O1,P3-O1
chb03,chb03_15,8,FP2-F4,FP2-F4
chb03,chb03_15,9,F4-C4,F4-C4
chb03,chb03_15,10,C4-P4,C4-P4
chb03,chb03_15,11,P4-O2,P4-O2
chb03,chb03_15,12,FP2-F8,FP2-F8
chb03,chb03_15,13,F8-T8,F8-T8
chb03,chb03_15,14,T8-P8-0,T8-P8-0
chb03,chb03_15,15,P8-O2,P8-O2
chb03,chb03_15,16,FZ-CZ,FZ-CZ
chb03,chb03_15,17,CZ-PZ,CZ-PZ
chb03,chb03_15,18,P7-T7,P7-T7
chb03,chb03_15,19,T7-FT9,T7-FT9
chb03,chb03_15,20,FT9-FT10,FT9-FT10
chb03,chb03_15,21,FT10-T8,FT10-T8
chb03,chb03_15,22,T8-P8-1,T8-P8-1
chb03,chb03_16,0,FP1-F7,FP1-F7
chb03,chb03_16,1,F7-T7,F7-T7
chb03,chb03_16,2,T7-P7,T7-P7
chb03,chb03_16,3,P7-O1,P7-O1
chb03,chb03_16,4,FP1-F3,FP1-F3
chb03,chb03_16,5,F3-C3,F3-C3
chb03,chb03_16,6,C3-P3,C3-P3
chb03,chb03_16,7,P3-O1,P3-O1
chb03,chb03_16,8,FP2-F4,FP2-F4
chb03,chb03_16,9,F4-C4,F4-C4
chb03,chb03_16,10,C4-P4,C4-P4
chb03,chb03_16,11,P4-O2,P4-O2
chb03,chb03_16,12,FP2-F8,FP2-F8
chb03,chb03_16,13,F8-T8,F8-T8
chb03,chb03_16,14,T8-P8-0,T8-P8-0
chb03,chb03_16,15,P8-O2,P8-O2
chb03,chb03_16,16,FZ-CZ,FZ-CZ
chb03,chb03_16,17,CZ-PZ,CZ-PZ
chb03,chb03_16,18,P7-T7,P7-T7
chb03,chb03_16,19,T7-FT9,T7-FT9
chb03,chb03_16,20,FT9-FT10,FT9-FT10
chb03,chb03_16,21,FT10-T8,FT10-T8
chb03,chb03_16,22,T8-P8-1,T8-P8-1
chb03,chb03_17,0,FP1-F7,FP1-F7
chb03,chb03_17,1,F7-T7,F7-T7
chb03,chb03_17,2,T7-P7,T7-P7
chb03,chb03_17,3,P7-O1,P7-O1
chb03,chb03_17,4,FP1-F3,FP1-F3
chb03,chb03_17,5,F3-C3,F3-C3
chb03,chb03_17,6,C3-P3,C3-P3
chb03,chb03_17,7,P3-O1,P3-O1
chb03,chb03_17,8,FP2-F4,FP2-F4
chb03,chb03_17,9,F4-C4,F4-C4
chb03,chb03_17,10,C4-P4,C4-P4
chb03,chb03_17,11,P4-O2,P4-O2
chb03,chb03_17,12,FP2-F8,FP2-F8
chb03,chb03_17,13,F8-T8,F8-T8
chb03,chb03_17,14,T8-P8-0,T8-P8-0
chb03,chb03_17,15,P8-O2,P8-O2
chb03,chb03_17,16,FZ-CZ,FZ-CZ
chb03,chb03_17,17,CZ-PZ,CZ-PZ
chb03,chb03_17,18,P7-T7,P7-T7
chb03,chb03_17,19,T7-FT9,T7-FT9
chb03,chb03_17,20,FT9-FT10,FT9-FT10
chb03,chb03_17,21,FT10-T8,FT10-T8
chb03,chb03_17,22,T8-P8-1,T8-P8-1
chb03,chb03_18,0,FP1-F7,FP1-F7
chb03,chb03_18,1,F7-T7,F7-T7
chb03,chb03_18,2,T7-P7,T7-P7
chb03,chb03_18,3,P7-O1,P7-O1
chb03,chb03_18,4,FP1-F3,FP1-F3
chb03,chb03_18,5,F3-C3,F3-C3
chb03,chb03_18,6,C3-P3,C3-P3
chb03,chb03_18,7,P3-O1,P3-O1
chb03,chb03_18,8,FP2-F4,FP2-F4
chb03,chb03_18,9,F4-C4,F4-C4
chb03,chb03_18,10,C4-P4,C4-P4
chb03,chb03_18,11,P4-O2,P4-O2
chb03,chb03_18,12,FP2-F8,FP2-F8
chb03,chb03_18,13,F8-T8,F8-T8
chb03,chb03_18,14,T8-P8-0,T8-P8-0
chb03,chb03_18,15,P8-O2,P8-O2
chb03,chb03_18,16,FZ-CZ,FZ-CZ
chb03,chb03_18,17,CZ-PZ,CZ-PZ
chb03,chb03_18,18,P7-T7,P7-T7
chb03,chb03_18,19,T7-FT9,T7-FT9
chb03,chb03_18,20,FT9-FT10,FT9-FT10
chb03,chb03_18,21,FT10-T8,FT10-T8
chb03,chb03_18,22,T8-P8-1,T8-P8-1
chb03,chb03_19,0,FP1-F7,FP1-F7
chb03,chb03_19,1,F7-T7,F7-T7
chb03,chb03_19,2,T7-P7,T7-P7
chb03,chb03_19,3,P7-O1,P7-O1
chb03,chb03_19,4,FP1-F3,FP1-F3
chb03,chb03_19,5,F3-C3,F3-C3
chb03,chb03_19,6,C3-P3,C3-P3
chb03,chb03_19,7,P3-O1,P3-O1
chb03,chb03_19,8,FP2-F4,FP2-F4
chb03,chb03_19,9,F4-C4,F4-C4
chb03,chb03_19,10,C4-P4,C4-P4
chb03,chb03_19,11,P4-O2,P4-O2
chb03,chb03_19,12,FP2-F8,FP2-F8
chb03,chb03_19,13,F8-T8,F8-T8
chb03,chb03_19,14,T8-P8-0,T8-P8-0
chb03,chb03_19,15,P8-O2,P8-O2
chb03,chb03_19,16,FZ-CZ,FZ-CZ
chb03,chb03_19,17,CZ-PZ,CZ-PZ
chb03,chb03_19,18,P7-T7,P7-T7
chb03,chb03_19,19,T7-FT9,T7-FT9
chb03,chb03_19,20,FT9-FT10,FT9-FT10
chb03,chb03_19,21,FT10-T8,FT10-T8
chb03,chb03_19,22,T8-P8-1,T8-P8-1
chb03,chb03_20,0,FP1-F7,FP1-F7
chb03,chb03_20,1,F7-T7,F7-T7
chb03,chb03_20,2,T7-P7,T7-P7
chb03,chb03_20,3,P7-O1,P7-O1
chb03,chb03_20,4,FP1-F3,FP1-F3
chb03,chb03_20,5,F3-C3,F3-C3
chb03,chb03_20,6,C3-P3,C3-P3
chb03,chb03_20,7,P3-O1,P3-O1
chb03,chb03_20,8,FP2-F4,FP2-F4
chb03,chb03_20,9,F4-C4,F4-C4
chb03,chb03_20,10,C4-P4,C4-P4
chb03,chb03_20,11,P4-O2,P4-O2
chb03,chb03_20,12,FP2-F8,FP2-F8
chb03,chb03_20,13,F8-T8,F8-T8
chb03,chb03_20,14,T8-P8-0,T8-P8-0
chb03,chb03_20,15,P8-O2,P8-O2
chb03,chb03_20,16,FZ-CZ,FZ-CZ
chb03,chb03_20,17,CZ-PZ,CZ-PZ
chb03,chb03_20,18,P7-T7,P7-T7
chb03,chb03_20,19,T7-FT9,T7-FT9
chb03,chb03_20,20,FT9-FT10,FT9-FT10
chb03,chb03_20,21,FT10-T8,FT10-T8
chb03,chb03_20,22,T8-P8-1,T8-P8-1
chb03,chb03_21,0,FP1-F7,FP1-F7
chb03,chb03_21,1,F7-T7,F7-T7
chb03,chb03_21,2,T7-P7,T7-P7
chb03,chb03_21,3,P7-O1,P7-O1
chb03,chb03_21,4,FP1-F3,FP1-F3
chb03,chb03_21,5,F3-C3,F3-C3
chb03,chb03_21,6,C3-P3,C3-P3
chb03,chb03_21,7,P3-O1,P3-O1
chb03,chb03_21,8,FP2-F4,FP2-F4
chb03,chb03_21,9,F4-C4,F4-C4
chb03,chb03_21,10,C4-P4,C4-P4
chb03,chb03_21,11,P4-O2,P4-O2
chb03,chb03_21,12,FP2-F8,FP2-F8
chb03,chb03_21,13,F8-T8,F8-T8
chb03,chb03_21,14,T8-P8-0,T8-P8-0
chb03,chb03_21,15,P8-O2,P8-O2
chb03,chb03_21,16,FZ-CZ,FZ-CZ
chb03,chb03_21,17,CZ-PZ,CZ-PZ
chb03,chb03_21,18,P7-T7,P7-T7
chb03,chb03_21,19,T7-FT9,T7-FT9
chb03,chb03_21,20,FT9-FT10,FT9-FT10
chb03,chb03_21,21,FT10-T8,FT10-T8
chb03,chb03_21,22,T8-P8-1,T8-P8-1
chb03,chb03_22,0,FP1-F7,FP1-F7
chb03,chb03_22,1,F7-T7,F7-T7
chb03,chb03_22,2,T7-P7,T7-P7
chb03,chb03_22,3,P7-O1,P7-O1
chb03,chb03_22,4,FP1-F3,FP1-F3
chb03,chb03_22,5,F3-C3,F3-C3
chb03,chb03_22,6,C3-P3,C3-P3
chb03,chb03_22,7,P3-O1,P3-O1
chb03,chb03_22,8,FP2-F4,FP2-F4
chb03,chb03_22,9,F4-C4,F4-C4
chb03,chb03_22,10,C4-P4,C4-P4
chb03,chb03_22,11,P4-O2,P4-O2
chb03,chb03_22,12,FP2-F8,FP2-F8
chb03,chb03_22,13,F8-T8,F8-T8
chb03,chb03_22,14,T8-P8-0,T8-P8-0
chb03,chb03_22,15,P8-O2,P8-O2
chb03,chb03_22,16,FZ-CZ,FZ-CZ
chb03,chb03_22,17,CZ-PZ,CZ-PZ
chb03,chb03_22,18,P7-T7,P7-T7
chb03,chb03_22,19,T7-FT9,T7-FT9
chb03,chb03_22,20,FT9-FT10,FT9-FT10
chb03,chb03_22,21,FT10-T8,FT10-T8
chb03,chb03_22,22,T8-P8-1,T8-P8-1
chb03,chb03_23,0,FP1-F7,FP1-F7
chb03,chb03_23,1,F7-T7,F7-T7
chb03,chb03_23,2,T7-P7,T7-P7
chb03,chb03_23,3,P7-O1,P7-O1
chb03,chb03_23,4,FP1-F3,FP1-F3
chb03,chb03_23,5,F3-C3,F3-C3
chb03,chb03_23,6,C3-P3,C3-P3
chb03,chb03_23,7,P3-O1,P3-O1
chb03,chb03_23,8,FP2-F4,FP2-F4
chb03,chb03_23,9,F4-C4,F4-C4
chb03,chb03_23,10,C4-P4,C4-P4
chb03,chb03_23,11,P4-O2,P4-O2
chb03,chb03_23,12,FP2-F8,FP2-F8
chb03,chb03_23,13,F8-T8,F8-T8
chb03,chb03_23,14,T8-P8-0,T8-P8-0
chb03,chb03_23,15,P8-O2,P8-O2
chb03,chb03_23,16,FZ-CZ,FZ-CZ
chb03,chb03_23,17,CZ-PZ,CZ-PZ
chb03,chb03_23,18,P7-T7,P7-T7
chb03,chb03_23,19,T7-FT9,T7-FT9
chb03,chb03_23,20,FT9-FT10,FT9-FT10
chb03,chb03_23,21,FT10-T8,FT10-T8
chb03,chb03_23,22,T8-P8-1,T8-P8-1
chb03,chb03_24,0,FP1-F7,FP1-F7
chb03,chb03_24,1,F7-T7,F7-T7
chb03,chb03_24,2,T7-P7,T7-P7
chb03,chb03_24,3,P7-O1,P7-O1
chb03,chb03_24,4,FP1-F3,FP1-F3
chb03,chb03_24,5,F3-C3,F3-C3
chb03,chb03_24,6,C3-P3,C3-P3
chb03,chb03_24,7,P3-O1,P3-O1
chb03,chb03_24,8,FP2-F4,FP2-F4
chb03,chb03_24,9,F4-C4,F4-C4
chb03,chb03_24,10,C4-P4,C4-P4
chb03,chb03_24,11,P4-O2,P4-O2
chb03,chb03_24,12,FP2-F8,FP2-F8
chb03,chb03_24,13,F8-T8,F8-T8
chb03,chb03_24,14,T8-P8-0,T8-P8-0
chb03,chb03_24,15,P8-O2,P8-O2
chb03,chb03_24,16,FZ-CZ,FZ-CZ
chb03,chb03_24,17,CZ-PZ,CZ-PZ
chb03,chb03_24,18,P7-T7,P7-T7
chb03,chb03_24,19,T7-FT9,T7-FT9
chb03,chb03_24,20,FT9-FT10,FT9-FT10
chb03,chb03_24,21,FT10-T8,FT10-T8
chb03,chb03_24,22,T8-P8-1,T8-P8-1
chb03,chb03_25,0,FP1-F7,FP1-F7
chb03,chb03_25,1,F7-T7,F7-T7
chb03,chb03_25,2,T7-P7,T7-P7
chb03,chb03_25,3,P7-O1,P7-O1
chb03,chb03_25,4,FP1-F3,FP1-F3
chb03,chb03_25,5,F3-C3,F3-C3
chb03,chb03_25,6,C3-P3,C3-P3
chb03,chb03_25,7,P3-O1,P3-O1
chb03,chb03_25,8,FP2-F4,FP2-F4
chb03,chb03_25,9,F4-C4,F4-C4
chb03,chb03_25,10,C4-P4,C4-P4
chb03,chb03_25,11,P4-O2,P4-O2
chb03,chb03_25,12,FP2-F8,FP2-F8
chb03,chb03_25,13,F8-T8,F8-T8
chb03,chb03_25,14,T8-P8-0,T8-P8-0
chb03,chb03_25,15,P8-O2,P8-O2
chb03,chb03_25,16,FZ-CZ,FZ-CZ
chb03,chb03_25,17,CZ-PZ,CZ-PZ
chb03,chb03_25,18,P7-T7,P7-T7
chb03,chb03_25,19,T7-FT9,T7-FT9
chb03,chb03_25,20,FT9-FT10,FT9-FT10
chb03,chb03_25,21,FT10-T8,FT10-T8
chb03,chb03_25,22,T8-P8-1,T8-P8-1
chb03,chb03_26,0,FP1-F7,FP1-F7
chb03,chb03_26,1,F7-T7,F7-T7
chb03,chb03_26,2,T7-P7,T7-P7
chb03,chb03_26,3,P7-O1,P7-O1
chb03,chb03_26,4,FP1-F3,FP1-F3
chb03,chb03_26,5,F3-C3,F3-C3
chb03,chb03_26,6,C3-P3,C3-P3
chb03,chb03_26,7,P3-O1,P3-O1
chb03,chb03_26,8,FP2-F4,FP2-F4
chb03,chb03_26,9,F4-C4,F4-C4
chb03,chb03_26,10,C4-P4,C4-P4
chb03,chb03_26,11,P4-O2,P4-O2
chb03,chb03_26,12,FP2-F8,FP2-F8
chb03,chb03_26,13,F8-T8,F8-T8
chb03,chb03_26,14,T8-P8-0,T8-P8-0
chb03,chb03_26,15,P8-O2,P8-O2
chb03,chb03_26,16,FZ-CZ,FZ-CZ
chb03,chb03_26,17,CZ-PZ,CZ-PZ
chb03,chb03_26,18,P7-T7,P7-T7
chb03,chb03_26,19,T7-FT9,T7-FT9
chb03,chb03_26,20,FT9-FT10,FT9-FT10
chb03,chb03_26,21,FT10-T8,FT10-T8
chb03,chb03_26,22,T8-P8-1,T8-P8-1
chb03,chb03_27,0,FP1-F7,FP1-F7
chb03,chb03_27,1,F7-T7,F7-T7
chb03,chb03_27,2,T7-P7,T7-P7
chb03,chb03_27,3,P7-O1,P7-O1
chb03,chb03_27,4,FP1-F3,FP1-F3
chb03,chb03_27,5,F3-C3,F3-C3
chb03,chb03_27,6,C3-P3,C3-P3
chb03,chb03_27,7,P3-O1,P3-O1
chb03,chb03_27,8,FP2-F4,FP2-F4
chb03,chb03_27,9,F4-C4,F4-C4
chb03,chb03_27,10,C4-P4,C4-P4
chb03,chb03_27,11,P4-O2,P4-O2
chb03,chb03_27,12,FP2-F8,FP2-F8
chb03,chb03_27,13,F8-T8,F8-T8
chb03,chb03_27,14,T8-P8-0,T8-P8-0
chb03,chb03_27,15,P8-O2,P8-O2
chb03,chb03_27,16,FZ-CZ,FZ-CZ
chb03,chb03_27,17,CZ-PZ,CZ-PZ
chb03,chb03_27,18,P7-T7,P7-T7
chb03,chb03_27,19,T7-FT9,T7-FT9
chb03,chb03_27,20,FT9-FT10,FT9-FT10
chb03,chb03_27,21,FT10-T8,FT10-T8
chb03,chb03_27,22,T8-P8-1,T8-P8-1
chb03,chb03_28,0,FP1-F7,FP1-F7
chb03,chb03_28,1,F7-T7,F7-T7
chb03,chb03_28,2,T7-P7,T7-P7
chb03,chb03_28,3,P7-O1,P7-O1
chb03,chb03_28,4,FP1-F3,FP1-F3
chb03,chb03_28,5,F3-C3,F3-C3
chb03,chb03_28,6,C3-P3,C3-P3
chb03,chb03_28,7,P3-O1,P3-O1
chb03,chb03_28,8,FP2-F4,FP2-F4
chb03,chb03_28,9,F4-C4,F4-C4
chb03,chb03_28,10,C4-P4,C4-P4
chb03,chb03_28,11,P4-O2,P4-O2
chb03,chb03_28,12,FP2-F8,FP2-F8
chb03,chb03_28,13,F8-T8,F8-T8
chb03,chb03_28,14,T8-P8-0,T8-P8-0
chb03,chb03_28,15,P8-O2,P8-O2
chb03,chb03_28,16,FZ-CZ,FZ-CZ
chb03,chb03_28,17,CZ-PZ,CZ-PZ
chb03,chb03_28,18,P7-T7,P7-T7
chb03,chb03_28,19,T7-FT9,T7-FT9
chb03,chb03_28,20,FT9-FT10,FT9-FT10
chb03,chb03_28,21,FT10-T8,FT10-T8
chb03,chb03_28,22,T8-P8-1,T8-P8-1
chb03,chb03_29,0,FP1-F7,FP1-F7
chb03,chb03_29,1,F7-T7,F7-T7
chb03,chb03_29,2,T7-P7,T7-P7
chb03,chb03_29,3,P7-O1,P7-O1
chb03,chb03_29,4,FP1-F3,FP1-F3
chb03,chb03_29,5,F3-C3,F3-C3
chb03,chb03_29,6,C3-P3,C3-P3
chb03,chb03_29,7,P3-O1,P3-O1
chb03,chb03_29,8,FP2-F4,FP2-F4
chb03,chb03_29,9,F4-C4,F4-C4
chb03,chb03_29,10,C4-P4,C4-P4
chb03,chb03_29,11,P4-O2,P4-O2
chb03,chb03_29,12,FP2-F8,FP2-F8
chb03,chb03_29,13,F8-T8,F8-T8
chb03,chb03_29,14,T8-P8-0,T8-P8-0
chb03,chb03_29,15,P8-O2,P8-O2
chb03,chb03_29,16,FZ-CZ,FZ-CZ
chb03,chb03_29,17,CZ-PZ,CZ-PZ
chb03,chb03_29,18,P7-T7,P7-T7
chb03,chb03_29,19,T7-FT9,T7-FT9
chb03,chb03_29,20,FT9-FT10,FT9-FT10
chb03,chb03_29,21,FT10-T8,FT10-T8
chb03,chb03_29,22,T8-P8-1,T8-P8-1
chb03,chb03_30,0,FP1-F7,FP1-F7
chb03,chb03_30,1,F7-T7,F7-T7
chb03,chb03_30,2,T7-P7,T7-P7
chb03,chb03_30,3,P7-O1,P7-O1
chb03,chb03_30,4,FP1-F3,FP1-F3
chb03,chb03_30,5,F3-C3,F3-C3
chb03,chb03_30,6,C3-P3,C3-P3
chb03,chb03_30,7,P3-O1,P3-O1
chb03,chb03_30,8,FP2-F4,FP2-F4
chb03,chb03_30,9,F4-C4,F4-C4
chb03,chb03_30,10,C4-P4,C4-P4
chb03,chb03_30,11,P4-O2,P4-O2
chb03,chb03_30,12,FP2-F8,FP2-F8
chb03,chb03_30,13,F8-T8,F8-T8
chb03,chb03_30,14,T8-P8-0,T8-P8-0
chb03,chb03_30,15,P8-O2,P8-O2
chb03,chb03_30,16,FZ-CZ,FZ-CZ
chb03,chb03_30,17,CZ-PZ,CZ-PZ
chb03,chb03_30,18,P7-T7,P7-T7
chb03,chb03_30,19,T7-FT9,T7-FT9
chb03,chb03_30,20,FT9-FT10,FT9-FT10
chb03,chb03_30,21,FT10-T8,FT10-T8
chb03,chb03_30,22,T8-P8-1,T8-P8-1
chb03,chb03_31,0,FP1-F7,FP1-F7
chb03,chb03_31,1,F7-T7,F7-T7
chb03,chb03_31,2,T7-P7,T7-P7
chb03,chb03_31,3,P7-O1,P7-O1
chb03,chb03_31,4,FP1-F3,FP1-F3
chb03,chb03_31,5,F3-C3,F3-C3
chb03,chb03_31,6,C3-P3,C3-P3
chb03,chb03_31,7,P3-O1,P3-O1
chb03,chb03_31,8,FP2-F4,FP2-F4
chb03,chb03_31,9,F4-C4,F4-C4
chb03,chb03_31,10,C4-P4,C4-P4
chb03,chb03_31,11,P4-O2,P4-O2
chb03,chb03_31,12,FP2-F8,FP2-F8
chb03,chb03_31,13,F8-T8,F8-T8
chb03,chb03_31,14,T8-P8-0,T8-P8-0
chb03,chb03_31,15,P8-O2,P8-O2
chb03,chb03_31,16,FZ-CZ,FZ-CZ
chb03,chb03_31,17,CZ-PZ,CZ-PZ
chb03,chb03_31,18,P7-T7,P7-T7
chb03,chb03_31,19,T7-FT9,T7-FT9
chb03,chb03_31,20,FT9-FT10,FT9-FT10
chb03,chb03_31,21,FT10-T8,FT10-T8
chb03,chb03_31,22,T8-P8-1,T8-P8-1
chb03,chb03_32,0,FP1-F7,FP1-F7
chb03,chb03_32,1,F7-T7,F7-T7
chb03,chb03_32,2,T7-P7,T7-P7
chb03,chb03_32,3,P7-O1,P7-O1
chb03,chb03_32,4,FP1-F3,FP1-F3
chb03,chb03_32,5,F3-C3,F3-C3
chb03,chb03_32,6,C3-P3,C3-P3
chb03,chb03_32,7,P3-O1,P3-O1
chb03,chb03_32,8,FP2-F4,FP2-F4
chb03,chb03_32,9,F4-C4,F4-C4
chb03,chb03_32,10,C4-P4,C4-P4
chb03,chb03_32,11,P4-O2,P4-O2
chb03,chb03_32,12,FP2-F8,FP2-F8
chb03,chb03_32,13,F8-T8,F8-T8
chb03,chb03_32,14,T8-P8-0,T8-P8-0
chb03,chb03_32,15,P8-O2,P8-O2
chb03,chb03_32,16,FZ-CZ,FZ-CZ
chb03,chb03_32,17,CZ-PZ,CZ-PZ
chb03,chb03_32,18,P7-T7,P7-T7
chb03,chb03_32,19,T7-FT9,T7-FT9
chb03,chb03_32,20,FT9-FT10,FT9-FT10
chb03,chb03_32,21,FT10-T8,FT10-T8
chb03,chb03_32,22,T8-P8-1,T8-P8-1
chb03,chb03_33,0,FP1-F7,FP1-F7
chb03,chb03_33,1,F7-T7,F7-T7
chb03,chb03_33,2,T7-P7,T7-P7
chb03,chb03_33,3,P7-O1,P7-O1
chb03,chb03_33,4,FP1-F3,FP1-F3
chb03,chb03_33,5,F3-C3,F3-C3
chb03,chb03_33,6,C3-P3,C3-P3
chb03,chb03_33,7,P3-O1,P3-O1
chb03,chb03_33,8,FP2-F4,FP2-F4
chb03,chb03_33,9,F4-C4,F4-C4
chb03,chb03_33,10,C4-P4,C4-P4
chb03,chb03_33,11,P4-O2,P4-O2
chb03,chb03_33,12,FP2-F8,FP2-F8
chb03,chb03_33,13,F8-T8,F8-T8
chb03,chb03_33,14,T8-P8-0,T8-P8-0
chb03,chb03_33,15,P8-O2,P8-O2
chb03,chb03_33,16,FZ-CZ,FZ-CZ
chb03,chb03_33,17,CZ-PZ,CZ-PZ
chb03,chb03_33,18,P7-T7,P7-T7
chb03,chb03_33,19,T7-FT9,T7-FT9
chb03,chb03_33,20,FT9-FT10,FT9-FT10
chb03,chb03_33,21,FT10-T8,FT10-T8
chb03,chb03_33,22,T8-P8-1,T8-P8-1
chb03,chb03_34,0,FP1-F7,FP1-F7
chb03,chb03_34,1,F7-T7,F7-T7
chb03,chb03_34,2,T7-P7,T7-P7
chb03,chb03_34,3,P7-O1,P7-O1
chb03,chb03_34,4,FP1-F3,FP1-F3
chb03,chb03_34,5,F3-C3,F3-C3
chb03,chb03_34,6,C3-P3,C3-P3
chb03,chb03_34,7,P3-O1,P3-O1
chb03,chb03_34,8,FP2-F4,FP2-F4
chb03,chb03_34,9,F4-C4,F4-C4
chb03,chb03_34,10,C4-P4,C4-P4
chb03,chb03_34,11,P4-O2,P4-O2
chb03,chb03_34,12,FP2-F8,FP2-F8
chb03,chb03_34,13,F8-T8,F8-T8
chb03,chb03_34,14,T8-P8-0,T8-P8-0
chb03,chb03_34,15,P8-O2,P8-O2
chb03,chb03_34,16,FZ-CZ,FZ-CZ
chb03,chb03_34,17,CZ-PZ,CZ-PZ
chb03,chb03_34,18,P7-T7,P7-T7
chb03,chb03_34,19,T7-FT9,T7-FT9
chb03,chb03_34,20,FT9-FT10,FT9-FT10
chb03,chb03_34,21,FT10-T8,FT10-T8
chb03,chb03_34,22,T8-P8-1,T8-P8-1
chb03,chb03_35,0,FP1-F7,FP1-F7
chb03,chb03_35,1,F7-T7,F7-T7
chb03,chb03_35,2,T7-P7,T7-P7
chb03,chb03_35,3,P7-O1,P7-O1
chb03,chb03_35,4,FP1-F3,FP1-F3
chb03,chb03_35,5,F3-C3,F3-C3
chb03,chb03_35,6,C3-P3,C3-P3
chb03,chb03_35,7,P3-O1,P3-O1
chb03,chb03_35,8,FP2-F4,FP2-F4
chb03,chb03_35,9,F4-C4,F4-C4
chb03,chb03_35,10,C4-P4,C4-P4
chb03,chb03_35,11,P4-O2,P4-O2
chb03,chb03_35,12,FP2-F8,FP2-F8
chb03,chb03_35,13,F8-T8,F8-T8
chb03,chb03_35,14,T8-P8-0,T8-P8-0
chb03,chb03_35,15,P8-O2,P8-O2
chb03,chb03_35,16,FZ-CZ,FZ-CZ
chb03,chb03_35,17,CZ-PZ,CZ-PZ
chb03,chb03_35,18,P7-T7,P7-T7
chb03,chb03_35,19,T7-FT9,T7-FT9
chb03,chb03_35,20,FT9-FT10,FT9-FT10
chb03,chb03_35,21,FT10-T8,FT10-T8
chb03,chb03_35,22,T8-P8-1,T8-P8-1
chb03,chb03_36,0,FP1-F7,FP1-F7
chb03,chb03_36,1,F7-T7,F7-T7
chb03,chb03_36,2,T7-P7,T7-P7
chb03,chb03_36,3,P7-O1,P7-O1
chb03,chb03_36,4,FP1-F3,FP1-F3
chb03,chb03_36,5,F3-C3,F3-C3
chb03,chb03_36,6,C3-P3,C3-P3
chb03,chb03_36,7,P3-O1,P3-O1
chb03,chb03_36,8,FP2-F4,FP2-F4
chb03,chb03_36,9,F4-C4,F4-C4
chb03,chb03_36,10,C4-P4,C4-P4
chb03,chb03_36,11,P4-O2,P4-O2
chb03,chb03_36,12,FP2-F8,FP2-F8
chb03,chb03_36,13,F8-T8,F8-T8
chb03,chb03_36,14,T8-P8-0,T8-P8-0
chb03,chb03_36,15,P8-O2,P8-O2
chb03,chb03_36,16,FZ-CZ,FZ-CZ
chb03,chb03_36,17,CZ-PZ,CZ-PZ
chb03,chb03_36,18,P7-T7,P7-T7
chb03,chb03_36,19,T7-FT9,T7-FT9
chb03,chb03_36,20,FT9-FT10,FT9-FT10
chb03,chb03_36,21,FT10-T8,FT10-T8
chb03,chb03_36,22,T8-P8-1,T8-P8-1
chb03,chb03_37,0,FP1-F7,FP1-F7
chb03,chb03_37,1,F7-T7,F7-T7
chb03,chb03_37,2,T7-P7,T7-P7
chb03,chb03_37,3,P7-O1,P7-O1
chb03,chb03_37,4,FP1-F3,FP1-F3
chb03,chb03_37,5,F3-C3,F3-C3
chb03,chb03_37,6,C3-P3,C3-P3
chb03,chb03_37,7,P3-O1,P3-O1
chb03,chb03_37,8,FP2-F4,FP2-F4
chb03,chb03_37,9,F4-C4,F4-C4
chb03,chb03_37,10,C4-P4,C4-P4
chb03,chb03_37,11,P4-O2,P4-O2
chb03,chb03_37,12,FP2-F8,FP2-F8
chb03,chb03_37,13,F8-T8,F8-T8
chb03,chb03_37,14,T8-P8-0,T8-P8-0
chb03,chb03_37,15,P8-O2,P8-O2
chb03,chb03_37,16,FZ-CZ,FZ-CZ
chb03,chb03_37,17,CZ-PZ,CZ-PZ
chb03,chb03_37,18,P7-T7,P7-T7
chb03,chb03_37,19,T7-FT9,T7-FT9
chb03,chb03_37,20,FT9-FT10,FT9-FT10
chb03,chb03_37,21,FT10-T8,FT10-T8
chb03,chb03_37,22,T8-P8-1,T8-P8-1
chb03,chb03_38,0,FP1-F7,FP1-F7
chb03,chb03_38,1,F7-T7,F7-T7
chb03,chb03_38,2,T7-P7,T7-P7
chb03,chb03_38,3,P7-O1,P7-O1
chb03,chb03_38,4,FP1-F3,FP1-F3
chb03,chb03_38,5,F3-C3,F3-C3
chb03,chb03_38,6,C3-P3,C3-P3
chb03,chb03_38,7,P3-O1,P3-O1
chb03,chb03_38,8,FP2-F4,FP2-F4
chb03,chb03_38,9,F4-C4,F4-C4
chb03,chb03_38,10,C4-P4,C4-P4
chb03,chb03_38,11,P4-O2,P4-O2
chb03,chb03_38,12,FP2-F8,FP2-F8
chb03,chb03_38,13,F8-T8,F8-T8
chb03,chb03_38,14,T8-P8-0,T8-P8-0
chb03,chb03_38,15,P8-O2,P8-O2
chb03,chb03_38,16,FZ-CZ,FZ-CZ
chb03,chb03_38,17,CZ-PZ,CZ-PZ
chb03,chb03_38,18,P7-T7,P7-T7
chb03,chb03_38,19,T7-FT9,T7-FT9
chb03,chb03_38,20,FT9-FT10,FT9-FT10
chb03,chb03_38,21,FT10-T8,FT10-T8
chb03,chb03_38,22,T8-P8-1,T8-P8-1
chb04,chb04_01,0,FP1-F7,FP1-F7
chb04,chb04_01,1,F7-T7,F7-T7
chb04,chb04_01,2,T7-P7,T7-P7
chb04,chb04_01,3,P7-O1,P7-O1
chb04,chb04_01,4,FP1-F3,FP1-F3
chb04,chb04_01,5,F3-C3,F3-C3
chb04,chb04_01,6,C3-P3,C3-P3
chb04,chb04_01,7,P3-O1,P3-O1
chb04,chb04_01,8,FP2-F4,FP2-F4
chb04,chb04_01,9,F4-C4,F4-C4
chb04,chb04_01,10,C4-P4,C4-P4
chb04,chb04_01,11,P4-O2,P4-O2
chb04,chb04_01,12,FP2-F8,FP2-F8
chb04,chb04_01,13,F8-T8,F8-T8
chb04,chb04_01,14,T8-P8-0,T8-P8-0
chb04,chb04_01,15,P8-O2,P8-O2
chb04,chb04_01,16,FZ-CZ,FZ-CZ
chb04,chb04_01,17,CZ-PZ,CZ-PZ
chb04,chb04_01,18,P7-T7,P7-T7
chb04,chb04_01,19,T7-FT9,T7-FT9
chb04,chb04_01,20,FT9-FT10,FT9-FT10
chb04,chb04_01,21,FT10-T8,FT10-T8
chb04,chb04_01,22,T8-P8-1,T8-P8-1
chb04,chb04_02,0,FP1-F7,FP1-F7
chb04,chb04_02,1,F7-T7,F7-T7
chb04,chb04_02,2,T7-P7,T7-P7
chb04,chb04_02,3,P7-O1,P7-O1
chb04,chb04_02,4,FP1-F3,FP1-F3
chb04,chb04_02,5,F3-C3,F3-C3
chb04,chb04_02,6,C3-P3,C3-P3
chb04,chb04_02,7,P3-O1,P3-O1
chb04,chb04_02,8,FP2-F4,FP2-F4
chb04,chb04_02,9,F4-C4,F4-C4
chb04,chb04_02,10,C4-P4,C4-P4
chb04,chb04_02,11,P4-O2,P4-O2
chb04,chb04_02,12,FP2-F8,FP2-F8
chb04,chb04_02,13,F8-T8,F8-T8
chb04,chb04_02,14,T8-P8-0,T8-P8-0
chb04,chb04_02,15,P8-O2,P8-O2
chb04,chb04_02,16,FZ-CZ,FZ-CZ
chb04,chb04_02,17,CZ-PZ,CZ-PZ
chb04,chb04_02,18,P7-T7,P7-T7
chb04,chb04_02,19,T7-FT9,T7-FT9
chb04,chb04_02,20,FT9-FT10,FT9-FT10
chb04,chb04_02,21,FT10-T8,FT10-T8
chb04,chb04_02,22,T8-P8-1,T8-P8-1
chb04,chb04_03,0,FP1-F7,FP1-F7
chb04,chb04_03,1,F7-T7,F7-T7
chb04,chb04_03,2,T7-P7,T7-P7
chb04,chb04_03,3,P7-O1,P7-O1
chb04,chb04_03,4,FP1-F3,FP1-F3
chb04,chb04_03,5,F3-C3,F3-C3
chb04,chb04_03,6,C3-P3,C3-P3
chb04,chb04_03,7,P3-O1,P3-O1
chb04,chb04_03,8,FP2-F4,FP2-F4
chb04,chb04_03,9,F4-C4,F4-C4
chb04,chb04_03,10,C4-P4,C4-P4
chb04,chb04_03,11,P4-O2,P4-O2
chb04,chb04_03,12,FP2-F8,FP2-F8
chb04,chb04_03,13,F8-T8,F8-T8
chb04,chb04_03,14,T8-P8-0,T8-P8-0
chb04,chb04_03,15,P8-O2,P8-O2
chb04,chb04_03,16,FZ-CZ,FZ-CZ
chb04,chb04_03,17,CZ-PZ,CZ-PZ
chb04,chb04_03,18,P7-T7,P7-T7
chb04,chb04_03,19,T7-FT9,T7-FT9
chb04,chb04_03,20,FT9-FT10,FT9-FT10
chb04,chb04_03,21,FT10-T8,FT10-T8
chb04,chb04_03,22,T8-P8-1,T8-P8-1
chb04,chb04_04,0,FP1-F7,FP1-F7
chb04,chb04_04,1,F7-T7,F7-T7
chb04,chb04_04,2,T7-P7,T7-P7
chb04,chb04_04,3,P7-O1,P7-O1
chb04,chb04_04,4,FP1-F3,FP1-F3
chb04,chb04_04,5,F3-C3,F3-C3
chb04,chb04_04,6,C3-P3,C3-P3
chb04,chb04_04,7,P3-O1,P3-O1
chb04,chb04_04,8,FP2-F4,FP2-F4
chb04,chb04_04,9,F4-C4,F4-C4
chb04,chb04_04,10,C4-P4,C4-P4
chb04,chb04_04,11,P4-O2,P4-O2
chb04,chb04_04,12,FP2-F8,FP2-F8
chb04,chb04_04,13,F8-T8,F8-T8
chb04,chb04_04,14,T8-P8-0,T8-P8-0
chb04,chb04_04,15,P8-O2,P8-O2
chb04,chb04_04,16,FZ-CZ,FZ-CZ
chb04,chb04_04,17,CZ-PZ,CZ-PZ
chb04,chb04_04,18,P7-T7,P7-T7
chb04,chb04_04,19,T7-FT9,T7-FT9
chb04,chb04_04,20,FT9-FT10,FT9-FT10
chb04,chb04_04,21,FT10-T8,FT10-T8
chb04,chb04_04,22,T8-P8-1,T8-P8-1
chb04,chb04_05,0,FP1-F7,FP1-F7
chb04,chb04_05,1,F7-T7,F7-T7
chb04,chb04_05,2,T7-P7,T7-P7
chb04,chb04_05,3,P7-O1,P7-O1
chb04,chb04_05,4,FP1-F3,FP1-F3
chb04,chb04_05,5,F3-C3,F3-C3
chb04,chb04_05,6,C3-P3,C3-P3
chb04,chb04_05,7,P3-O1,P3-O1
chb04,chb04_05,8,FP2-F4,FP2-F4
chb04,chb04_05,9,F4-C4,F4-C4
chb04,chb04_05,10,C4-P4,C4-P4
chb04,chb04_05,11,P4-O2,P4-O2
chb04,chb04_05,12,FP2-F8,FP2-F8
chb04,chb04_05,13,F8-T8,F8-T8
chb04,chb04_05,14,T8-P8-0,T8-P8-0
chb04,chb04_05,15,P8-O2,P8-O2
chb04,chb04_05,16,FZ-CZ,FZ-CZ
chb04,chb04_05,17,CZ-PZ,CZ-PZ
chb04,chb04_05,18,P7-T7,P7-T7
chb04,chb04_05,19,T7-FT9,T7-FT9
chb04,chb04_05,20,FT9-FT10,FT9-FT10
chb04,chb04_05,21,FT10-T8,FT10-T8
chb04,chb04_05,22,T8-P8-1,T8-P8-1
chb04,chb04_06,0,FP1-F7,FP1-F7
chb04,chb04_06,1,F7-T7,F7-T7
chb04,chb04_06,2,T7-P7,T7-P7
chb04,chb04_06,3,P7-O1,P7-O1
chb04,chb04_06,4,FP1-F3,FP1-F3
chb04,chb04_06,5,F3-C3,F3-C3
chb04,chb04_06,6,C3-P3,C3-P3
chb04,chb04_06,7,P3-O1,P3-O1
chb04,chb04_06,8,FP2-F4,FP2-F4
chb04,chb04_06,9,F4-C4,F4-C4
chb04,chb04_06,10,C4-P4,C4-P4
chb04,chb04_06,11,P4-O2,P4-O2
chb04,chb04_06,12,FP2-F8,FP2-F8
chb04,chb04_06,13,F8-T8,F8-T8
chb04,chb04_06,14,T8-P8-0,T8-P8-0
chb04,chb04_06,15,P8-O2,P8-O2
chb04,chb04_06,16,FZ-CZ,FZ-CZ
chb04,chb04_06,17,CZ-PZ,CZ-PZ
chb04,chb04_06,18,P7-T7,P7-T7
chb04,chb04_06,19,T7-FT9,T7-FT9
chb04,chb04_06,20,FT9-FT10,FT9-FT10
chb04,chb04_06,21,FT10-T8,FT10-T8
chb04,chb04_06,22,T8-P8-1,T8-P8-1
chb04,chb04_07,0,FP1-F7,FP1-F7
chb04,chb04_07,1,F7-T7,F7-T7
chb04,chb04_07,2,T7-P7,T7-P7
chb04,chb04_07,3,P7-O1,P7-O1
chb04,chb04_07,4,FP1-F3,FP1-F3
chb04,chb04_07,5,F3-C3,F3-C3
chb04,chb04_07,6,C3-P3,C3-P3
chb04,chb04_07,7,P3-O1,P3-O1
chb04,chb04_07,8,FP2-F4,FP2-F4
chb04,chb04_07,9,F4-C4,F4-C4
chb04,chb04_07,10,C4-P4,C4-P4
chb04,chb04_07,11,P4-O2,P4-O2
chb04,chb04_07,12,FP2-F8,FP2-F8
chb04,chb04_07,13,F8-T8,F8-T8
chb04,chb04_07,14,T8-P8-0,T8-P8-0
chb04,chb04_07,15,P8-O2,P8-O2
chb04,chb04_07,16,FZ-CZ,FZ-CZ
chb04,chb04_07,17,CZ-PZ,CZ-PZ
chb04,chb04_07,18,P7-T7,P7-T7
chb04,chb04_07,19,T7-FT9,T7-FT9
chb04,chb04_07,20,FT9-FT10,FT9-FT10
chb04,chb04_07,21,FT10-T8,FT10-T8
chb04,chb04_07,22,T8-P8-1,T8-P8-1
chb04,chb04_07,23,ECG,ECG
chb04,chb04_08,0,FP1-F7,FP1-F7
chb04,chb04_08,1,F7-T7,F7-T7
chb04,chb04_08,2,T7-P7,T7-P7
chb04,chb04_08,3,P7-O1,P7-O1
chb04,chb04_08,4,FP1-F3,FP1-F3
chb04,chb04_08,5,F3-C3,F3-C3
chb04,chb04_08,6,C3-P3,C3-P3
chb04,chb04_08,7,P3-O1,P3-O1
chb04,chb04_08,8,FP2-F4,FP2-F4
chb04,chb04_08,9,F4-C4,F4-C4
chb04,chb04_08,10,C4-P4,C4-P4
chb04,chb04_08,11,P4-O2,P4-O2
chb04,chb04_08,12,FP2-F8,FP2-F8
chb04,chb04_08,13,F8-T8,F8-T8
chb04,chb04_08,14,T8-P8-0,T8-P8-0
chb04,chb04_08,15,P8-O2,P8-O2
chb04,chb04_08,16,FZ-CZ,FZ-CZ
chb04,chb04_08,17,CZ-PZ,CZ-PZ
chb04,chb04_08,18,P7-T7,P7-T7
chb04,chb04_08,19,T7-FT9,T7-FT9
chb04,chb04_08,20,FT9-FT10,FT9-FT10
chb04,chb04_08,21,FT10-T8,FT10-T8
chb04,chb04_08,22,T8-P8-1,T8-P8-1
chb04,chb04_08,23,ECG,ECG
chb04,chb04_09,0,FP1-F7,FP1-F7
chb04,chb04_09,1,F7-T7,F7-T7
chb04,chb04_09,2,T7-P7,T7-P7
chb04,chb04_09,3,P7-O1,P7-O1
chb04,chb04_09,4,FP1-F3,FP1-F3
chb04,chb04_09,5,F3-C3,F3-C3
chb04,chb04_09,6,C3-P3,C3-P3
chb04,chb04_09,7,P3-O1,P3-O1
chb04,chb04_09,8,FP2-F4,FP2-F4
chb04,chb04_09,9,F4-C4,F4-C4
chb04,chb04_09,10,C4-P4,C4-P4
chb04,chb04_09,11,P4-O2,P4-O2
chb04,chb04_09,12,FP2-F8,FP2-F8
chb04,chb04_09,13,F8-T8,F8-T8
chb04,chb04_09,14,T8-P8-0,T8-P8-0
chb04,chb04_09,15,P8-O2,P8-O2
chb04,chb04_09,16,FZ-CZ,FZ-CZ
chb04,chb04_09,17,CZ-PZ,CZ-PZ
chb04,chb04_09,18,P7-T7,P7-T7
chb04,chb04_09,19,T7-FT9,T7-FT9
chb04,chb04_09,20,FT9-FT10,FT9-FT10
chb04,chb04_09,21,FT10-T8,FT10-T8
chb04,chb04_09,22,T8-P8-1,T8-P8-1
chb04,chb04_09,23,ECG,ECG
chb04,chb04_10,0,FP1-F7,FP1-F7
chb04,chb04_10,1,F7-T7,F7-T7
chb04,chb04_10,2,T7-P7,T7-P7
chb04,chb04_10,3,P7-O1,P7-O1
chb04,chb04_10,4,FP1-F3,FP1-F3
chb04,chb04_10,5,F3-C3,F3-C3
chb04,chb04_10,6,C3-P3,C3-P3
chb04,chb04_10,7,P3-O1,P3-O1
chb04,chb04_10,8,FP2-F4,FP2-F4
chb04,chb04_10,9,F4-C4,F4-C4
chb04,chb04_10,10,C4-P4,C4-P4
chb04,chb04_10,11,P4-O2,P4-O2
chb04,chb04_10,12,FP2-F8,FP2-F8
chb04,chb04_10,13,F8-T8,F8-T8
chb04,chb04_10,14,T8-P8-0,T8-P8-0
chb04,chb04_10,15,P8-O2,P8-O2
chb04,chb04_10,16,FZ-CZ,FZ-CZ
chb04,chb04_10,17,CZ-PZ,CZ-PZ
chb04,chb04_10,18,P7-T7,P7-T7
chb04,chb04_10,19,T7-FT9,T7-FT9
chb04,chb04_10,20,FT9-FT10,FT9-FT10
chb04,chb04_10,21,FT10-T8,FT10-T8
chb04,chb04_10,22,T8-P8-1,T8-P8-1
chb04,chb04_10,23,ECG,ECG
chb04,chb04_11,0,FP1-F7,FP1-F7
chb04,chb04_11,1,F7-T7,F7-T7
chb04,chb04_11,2,T7-P7,T7-P7
chb04,chb04_11,3,P7-O1,P7-O1
chb04,chb04_11,4,FP1-F3,FP1-F3
chb04,chb04_11,5,F3-C3,F3-C3
chb04,chb04_11,6,C3-P3,C3-P3
chb04,chb04_11,7,P3-O1,P3-O1
chb04,chb04_11,8,FP2-F4,FP2-F4
chb04,chb04_11,9,F4-C4,F4-C4
chb04,chb04_11,10,C4-P4,C4-P4
chb04,chb04_11,11,P4-O2,P4-O2
chb04,chb04_11,12,FP2-F8,FP2-F8
chb04,chb04_11,13,F8-T8,F8-T8
chb04,chb04_11,14,T8-P8-0,T8-P8-0
chb04,chb04_11,15,P8-O2,P8-O2
chb04,chb04_11,16,FZ-CZ,FZ-CZ
chb04,chb04_11,17,CZ-PZ,CZ-PZ
chb04,chb04_11,18,P7-T7,P7-T7
chb04,chb04_11,19,T7-FT9,T7-FT9
chb04,chb04_11,20,FT9-FT10,FT9-FT10
chb04,chb04_11,21,FT10-T8,FT10-T8
chb04,chb04_11,22,T8-P8-1,T8-P8-1
chb04,chb04_11,23,ECG,ECG
chb04,chb04_12,0,FP1-F7,FP1-F7
chb04,chb04_12,1,F7-T7,F7-T7
chb04,chb04_12,2,T7-P7,T7-P7
chb04,chb04_12,3,P7-O1,P7-O1
chb04,chb04_12,4,FP1-F3,FP1-F3
chb04,chb04_12,5,F3-C3,F3-C3
chb04,chb04_12,6,C3-P3,C3-P3
chb04,chb04_12,7,P3-O1,P3-O1
chb04,chb04_12,8,FP2-F4,FP2-F4
chb04,chb04_12,9,F4-C4,F4-C4
chb04,chb04_12,10,C4-P4,C4-P4
chb04,chb04_12,11,P4-O2,P4-O2
chb04,chb04_12,12,FP2-F8,FP2-F8
chb04,chb04_12,13,F8-T8,F8-T8
chb04,chb04_12,14,T8-P8-0,T8-P8-0
chb04,chb04_12,15,P8-O2,P8-O2
chb04,chb04_12,16,FZ-CZ,FZ-CZ
chb04,chb04_12,17,CZ-PZ,CZ-PZ
chb04,chb04_12,18,P7-T7,P7-T7
chb04,chb04_12,19,T7-FT9,T7-FT9
chb04,chb04_12,20,FT9-FT10,FT9-FT10
chb04,chb04_12,21,FT10-T8,FT10-T8
chb04,chb04_12,22,T8-P8-1,T8-P8-1
chb04,chb04_12,23,ECG,ECG
chb04,chb04_13,0,FP1-F7,FP1-F7
chb04,chb04_13,1,F7-T7,F7-T7
chb04,chb04_13,2,T7-P7,T7-P7
chb04,chb04_13,3,P7-O1,P7-O1
chb04,chb04_13,4,FP1-F3,FP1-F3
chb04,chb04_13,5,F3-C3,F3-C3
chb04,chb04_13,6,C3-P3,C3-P3
chb04,chb04_13,7,P3-O1,P3-O1
chb04,chb04_13,8,FP2-F4,FP2-F4
chb04,chb04_13,9,F4-C4,F4-C4
chb04,chb04_13,10,C4-P4,C4-P4
chb04,chb04_13,11,P4-O2,P4-O2
chb04,chb04_13,12,FP2-F8,FP2-F8
chb04,chb04_13,13,F8-T8,F8-T8
chb04,chb04_13,14,T8-P8-0,T8-P8-0
chb04,chb04_13,15,P8-O2,P8-O2
chb04,chb04_13,16,FZ-CZ,FZ-CZ
chb04,chb04_13,17,CZ-PZ,CZ-PZ
chb04,chb04_13,18,P7-T7,P7-T7
chb04,chb04_13,19,T7-FT9,T7-FT9
chb04,chb04_13,20,FT9-FT10,FT9-FT10
chb04,chb04_13,21,FT10-T8,FT10-T8
chb04,chb04_13,22,T8-P8-1,T8-P8-1
chb04,chb04_13,23,ECG,ECG
chb04,chb04_14,0,FP1-F7,FP1-F7
chb04,chb04_14,1,F7-T7,F7-T7
chb04,chb04_14,2,T7-P7,T7-P7
chb04,chb04_14,3,P7-O1,P7-O1
chb04,chb04_14,4,FP1-F3,FP1-F3
chb04,chb04_14,5,F3-C3,F3-C3
chb04,chb04_14,6,C3-P3,C3-P3
chb04,chb04_14,7,P3-O1,P3-O1
chb04,chb04_14,8,FP2-F4,FP2-F4
chb04,chb04_14,9,F4-C4,F4-C4
chb04,chb04_14,10,C4-P4,C4-P4
chb04,chb04_14,11,P4-O2,P4-O2
chb04,chb04_14,12,FP2-F8,FP2-F8
chb04,chb04_14,13,F8-T8,F8-T8
chb04,chb04_14,14,T8-P8-0,T8-P8-0
chb04,chb04_14,15,P8-O2,P8-O2
chb04,chb04_14,16,FZ-CZ,FZ-CZ
chb04,chb04_14,17,CZ-PZ,CZ-PZ
chb04,chb04_14,18,P7-T7,P7-T7
chb04,chb04_14,19,T7-FT9,T7-FT9
chb04,chb04_14,20,FT9-FT10,FT9-FT10
chb04,chb04_14,21,FT10-T8,FT10-T8
chb04,chb04_14,22,T8-P8-1,T8-P8-1
chb04,chb04_14,23,ECG,ECG
chb04,chb04_15,0,FP1-F7,FP1-F7
chb04,chb04_15,1,F7-T7,F7-T7
chb04,chb04_15,2,T7-P7,T7-P7
chb04,chb04_15,3,P7-O1,P7-O1
chb04,chb04_15,4,FP1-F3,FP1-F3
chb04,chb04_15,5,F3-C3,F3-C3
chb04,chb04_15,6,C3-P3,C3-P3
chb04,chb04_15,7,P3-O1,P3-O1
chb04,chb04_15,8,FP2-F4,FP2-F4
chb04,chb04_15,9,F4-C4,F4-C4
chb04,chb04_15,10,C4-P4,C4-P4
chb04,chb04_15,11,P4-O2,P4-O2
chb04,chb04_15,12,FP2-F8,FP2-F8
chb04,chb04_15,13,F8-T8,F8-T8
chb04,chb04_15,14,T8-P8-0,T8-P8-0
chb04,chb04_15,15,P8-O2,P8-O2
chb04,chb04_15,16,FZ-CZ,FZ-CZ
chb04,chb04_15,17,CZ-PZ,CZ-PZ
chb04,chb04_15,18,P7-T7,P7-T7
chb04,chb04_15,19,T7-FT9,T7-FT9
chb04,chb04_15,20,FT9-FT10,FT9-FT10
chb04,chb04_15,21,FT10-T8,FT10-T8
chb04,chb04_15,22,T8-P8-1,T8-P8-1
chb04,chb04_15,23,ECG,ECG
chb04,chb04_16,0,FP1-F7,FP1-F7
chb04,chb04_16,1,F7-T7,F7-T7
chb04,chb04_16,2,T7-P7,T7-P7
chb04,chb04_16,3,P7-O1,P7-O1
chb04,chb04_16,4,FP1-F3,FP1-F3
chb04,chb04_16,5,F3-C3,F3-C3
chb04,chb04_16,6,C3-P3,C3-P3
chb04,chb04_16,7,P3-O1,P3-O1
chb04,chb04_16,8,FP2-F4,FP2-F4
chb04,chb04_16,9,F4-C4,F4-C4
chb04,chb04_16,10,C4-P4,C4-P4
chb04,chb04_16,11,P4-O2,P4-O2
chb04,chb04_16,12,FP2-F8,FP2-F8
chb04,chb04_16,13,F8-T8,F8-T8
chb04,chb04_16,14,T8-P8-0,T8-P8-0
chb04,chb04_16,15,P8-O2,P8-O2
chb04,chb04_16,16,FZ-CZ,FZ-CZ
chb04,chb04_16,17,CZ-PZ,CZ-PZ
chb04,chb04_16,18,P7-T7,P7-T7
chb04,chb04_16,19,T7-FT9,T7-FT9
chb04,chb04_16,20,FT9-FT10,FT9-FT10
chb04,chb04_16,21,FT10-T8,FT10-T8
chb04,chb04_16,22,T8-P8-1,T8-P8-1
chb04,chb04_16,23,ECG,ECG
chb04,chb04_17,0,FP1-F7,FP1-F7
chb04,chb04_17,1,F7-T7,F7-T7
chb04,chb04_17,2,T7-P7,T7-P7
chb04,chb04_17,3,P7-O1,P7-O1
chb04,chb04_17,4,FP1-F3,FP1-F3
chb04,chb04_17,5,F3-C3,F3-C3
chb04,chb04_17,6,C3-P3,C3-P3
chb04,chb04_17,7,P3-O1,P3-O1
chb04,chb04_17,8,FP2-F4,FP2-F4
chb04,chb04_17,9,F4-C4,F4-C4
chb04,chb04_17,10,C4-P4,C4-P4
chb04,chb04_17,11,P4-O2,P4-O2
chb04,chb04_17,12,FP2-F8,FP2-F8
chb04,chb04_17,13,F8-T8,F8-T8
chb04,chb04_17,14,T8-P8-0,T8-P8-0
chb04,chb04_17,15,P8-O2,P8-O2
chb04,chb04_17,16,FZ-CZ,FZ-CZ
chb04,chb04_17,17,CZ-PZ,CZ-PZ
chb04,chb04_17,18,P7-T7,P7-T7
chb04,chb04_17,19,T7-FT9,T7-FT9
chb04,chb04_17,20,FT9-FT10,FT9-FT10
chb04,chb04_17,21,FT10-T8,FT10-T8
chb04,chb04_17,22,T8-P8-1,T8-P8-1
chb04,chb04_17,23,ECG,ECG
chb04,chb04_18,0,FP1-F7,FP1-F7
chb04,chb04_18,1,F7-T7,F7-T7
chb04,chb04_18,2,T7-P7,T7-P7
chb04,chb04_18,3,P7-O1,P7-O1
chb04,chb04_18,4,FP1-F3,FP1-F3
chb04,chb04_18,5,F3-C3,F3-C3
chb04,chb04_18,6,C3-P3,C3-P3
chb04,chb04_18,7,P3-O1,P3-O1
chb04,chb04_18,8,FP2-F4,FP2-F4
chb04,chb04_18,9,F4-C4,F4-C4
chb04,chb04_18,10,C4-P4,C4-P4
chb04,chb04_18,11,P4-O2,P4-O2
chb04,chb04_18,12,FP2-F8,FP2-F8
chb04,chb04_18,13,F8-T8,F8-T8
chb04,chb04_18,14,T8-P8-0,T8-P8-0
chb04,chb04_18,15,P8-O2,P8-O2
chb04,chb04_18,16,FZ-CZ,FZ-CZ
chb04,chb04_18,17,CZ-PZ,CZ-PZ
chb04,chb04_18,18,P7-T7,P7-T7
chb04,chb04_18,19,T7-FT9,T7-FT9
chb04,chb04_18,20,FT9-FT10,FT9-FT10
chb04,chb04_18,21,FT10-T8,FT10-T8
chb04,chb04_18,22,T8-P8-1,T8-P8-1
chb04,chb04_18,23,ECG,ECG
chb04,chb04_19,0,FP1-F7,FP1-F7
chb04,chb04_19,1,F7-T7,F7-T7
chb04,chb04_19,2,T7-P7,T7-P7
chb04,chb04_19,3,P7-O1,P7-O1
chb04,chb04_19,4,FP1-F3,FP1-F3
chb04,chb04_19,5,F3-C3,F3-C3
chb04,chb04_19,6,C3-P3,C3-P3
chb04,chb04_19,7,P3-O1,P3-O1
chb04,chb04_19,8,FP2-F4,FP2-F4
chb04,chb04_19,9,F4-C4,F4-C4
chb04,chb04_19,10,C4-P4,C4-P4
chb04,chb04_19,11,P4-O2,P4-O2
chb04,chb04_19,12,FP2-F8,FP2-F8
chb04,chb04_19,13,F8-T8,F8-T8
chb04,chb04_19,14,T8-P8-0,T8-P8-0
chb04,chb04_19,15,P8-O2,P8-O2
chb04,chb04_19,16,FZ-CZ,FZ-CZ
chb04,chb04_19,17,CZ-PZ,CZ-PZ
chb04,chb04_19,18,P7-T7,P7-T7
chb04,chb04_19,19,T7-FT9,T7-FT9
chb04,chb04_19,20,FT9-FT10,FT9-FT10
chb04,chb04_19,21,FT10-T8,FT10-T8
chb04,chb04_19,22,T8-P8-1,T8-P8-1
chb04,chb04_19,23,ECG,ECG
chb04,chb04_21,0,FP1-F7,FP1-F7
chb04,chb04_21,1,F7-T7,F7-T7
chb04,chb04_21,2,T7-P7,T7-P7
chb04,chb04_21,3,P7-O1,P7-O1
chb04,chb04_21,4,FP1-F3,FP1-F3
chb04,chb04_21,5,F3-C3,F3-C3
chb04,chb04_21,6,C3-P3,C3-P3
chb04,chb04_21,7,P3-O1,P3-O1
chb04,chb04_21,8,FP2-F4,FP2-F4
chb04,chb04_21,9,F4-C4,F4-C4
chb04,chb04_21,10,C4-P4,C4-P4
chb04,chb04_21,11,P4-O2,P4-O2
chb04,chb04_21,12,FP2-F8,FP2-F8
chb04,chb04_21,13,F8-T8,F8-T8
chb04,chb04_21,14,T8-P8-0,T8-P8-0
chb04,chb04_21,15,P8-O2,P8-O2
chb04,chb04_21,16,FZ-CZ,FZ-CZ
chb04,chb04_21,17,CZ-PZ,CZ-PZ
chb04,chb04_21,18,P7-T7,P7-T7
chb04,chb04_21,19,T7-FT9,T7-FT9
chb04,chb04_21,20,FT9-FT10,FT9-FT10
chb04,chb04_21,21,FT10-T8,FT10-T8
chb04,chb04_21,22,T8-P8-1,T8-P8-1
chb04,chb04_21,23,ECG,ECG
chb04,chb04_22,0,FP1-F7,FP1-F7
chb04,chb04_22,1,F7-T7,F7-T7
chb04,chb04_22,2,T7-P7,T7-P7
chb04,chb04_22,3,P7-O1,P7-O1
chb04,chb04_22,4,FP1-F3,FP1-F3
chb04,chb04_22,5,F3-C3,F3-C3
chb04,chb04_22,6,C3-P3,C3-P3
chb04,chb04_22,7,P3-O1,P3-O1
chb04,chb04_22,8,FP2-F4,FP2-F4
chb04,chb04_22,9,F4-C4,F4-C4
chb04,chb04_22,10,C4-P4,C4-P4
chb04,chb04_22,11,P4-O2,P4-O2
chb04,chb04_22,12,FP2-F8,FP2-F8
chb04,chb04_22,13,F8-T8,F8-T8
chb04,chb04_22,14,T8-P8-0,T8-P8-0
chb04,chb04_22,15,P8-O2,P8-O2
chb04,chb04_22,16,FZ-CZ,FZ-CZ
chb04,chb04_22,17,CZ-PZ,CZ-PZ
chb04,chb04_22,18,P7-T7,P7-T7
chb04,chb04_22,19,T7-FT9,T7-FT9
chb04,chb04_22,20,FT9-FT10,FT9-FT10
chb04,chb04_22,21,FT10-T8,FT10-T8
chb04,chb04_22,22,T8-P8-1,T8-P8-1
chb04,chb04_22,23,ECG,ECG
chb04,chb04_23,0,FP1-F7,FP1-F7
chb04,chb04_23,1,F7-T7,F7-T7
chb04,chb04_23,2,T7-P7,T7-P7
chb04,chb04_23,3,P7-O1,P7-O1
chb04,chb04_23,4,FP1-F3,FP1-F3
chb04,chb04_23,5,F3-C3,F3-C3
chb04,chb04_23,6,C3-P3,C3-P3
chb04,chb04_23,7,P3-O1,P3-O1
chb04,chb04_23,8,FP2-F4,FP2-F4
chb04,chb04_23,9,F4-C4,F4-C4
chb04,chb04_23,10,C4-P4,C4-P4
chb04,chb04_23,11,P4-O2,P4-O2
chb04,chb04_23,12,FP2-F8,FP2-F8
chb04,chb04_23,13,F8-T8,F8-T8
chb04,chb04_23,14,T8-P8-0,T8-P8-0
chb04,chb04_23,15,P8-O2,P8-O2
chb04,chb04_23,16,FZ-CZ,FZ-CZ
chb04,chb04_23,17,CZ-PZ,CZ-PZ
chb04,chb04_23,18,P7-T7,P7-T7
chb04,chb04_23,19,T7-FT9,T7-FT9
chb04,chb04_23,20,FT9-FT10,FT9-FT10
chb04,chb04_23,21,FT10-T8,FT10-T8
chb04,chb04_23,22,T8-P8-1,T8-P8-1
chb04,chb04_23,23,ECG,ECG
chb04,chb04_24,0,FP1-F7,FP1-F7
chb04,chb04_24,1,F7-T7,F7-T7
chb04,chb04_24,2,T7-P7,T7-P7
chb04,chb04_24,3,P7-O1,P7-O1
chb04,chb04_24,4,FP1-F3,FP1-F3
chb04,chb04_24,5,F3-C3,F3-C3
chb04,chb04_24,6,C3-P3,C3-P3
chb04,chb04_24,7,P3-O1,P3-O1
chb04,chb04_24,8,FP2-F4,FP2-F4
chb04,chb04_24,9,F4-C4,F4-C4
chb04,chb04_24,10,C4-P4,C4-P4
chb04,chb04_24,11,P4-O2,P4-O2
chb04,chb04_24,12,FP2-F8,FP2-F8
chb04,chb04_24,13,F8-T8,F8-T8
chb04,chb04_24,14,T8-P8-0,T8-P8-0
chb04,chb04_24,15,P8-O2,P8-O2
chb04,chb04_24,16,FZ-CZ,FZ-CZ
chb04,chb04_24,17,CZ-PZ,CZ-PZ
chb04,chb04_24,18,P7-T7,P7-T7
chb04,chb04_24,19,T7-FT9,T7-FT9
chb04,chb04_24,20,FT9-FT10,FT9-FT10
chb04,chb04_24,21,FT10-T8,FT10-T8
chb04,chb04_24,22,T8-P8-1,T8-P8-1
chb04,chb04_24,23,ECG,ECG
chb04,chb04_25,0,FP1-F7,FP1-F7
chb04,chb04_25,1,F7-T7,F7-T7
chb04,chb04_25,2,T7-P7,T7-P7
chb04,chb04_25,3,P7-O1,P7-O1
chb04,chb04_25,4,FP1-F3,FP1-F3
chb04,chb04_25,5,F3-C3,F3-C3
chb04,chb04_25,6,C3-P3,C3-P3
chb04,chb04_25,7,P3-O1,P3-O1
chb04,chb04_25,8,FP2-F4,FP2-F4
chb04,chb04_25,9,F4-C4,F4-C4
chb04,chb04_25,10,C4-P4,C4-P4
chb04,chb04_25,11,P4-O2,P4-O2
chb04,chb04_25,12,FP2-F8,FP2-F8
chb04,chb04_25,13,F8-T8,F8-T8
chb04,chb04_25,14,T8-P8-0,T8-P8-0
chb04,chb04_25,15,P8-O2,P8-O2
chb04,chb04_25,16,FZ-CZ,FZ-CZ
chb04,chb04_25,17,CZ-PZ,CZ-PZ
chb04,chb04_25,18,P7-T7,P7-T7
chb04,chb04_25,19,T7-FT9,T7-FT9
chb04,chb04_25,20,FT9-FT10,FT9-FT10
chb04,chb04_25,21,FT10-T8,FT10-T8
chb04,chb04_25,22,T8-P8-1,T8-P8-1
chb04,chb04_25,23,ECG,ECG
chb04,chb04_26,0,FP1-F7,FP1-F7
chb04,chb04_26,1,F7-T7,F7-T7
chb04,chb04_26,2,T7-P7,T7-P7
chb04,chb04_26,3,P7-O1,P7-O1
chb04,chb04_26,4,FP1-F3,FP1-F3
chb04,chb04_26,5,F3-C3,F3-C3
chb04,chb04_26,6,C3-P3,C3-P3
chb04,chb04_26,7,P3-O1,P3-O1
chb04,chb04_26,8,FP2-F4,FP2-F4
chb04,chb04_26,9,F4-C4,F4-C4
chb04,chb04_26,10,C4-P4,C4-P4
chb04,chb04_26,11,P4-O2,P4-O2
chb04,chb04_26,12,FP2-F8,FP2-F8
chb04,chb04_26,13,F8-T8,F8-T8
chb04,chb04_26,14,T8-P8-0,T8-P8-0
chb04,chb04_26,15,P8-O2,P8-O2
chb04,chb04_26,16,FZ-CZ,FZ-CZ
chb04,chb04_26,17,CZ-PZ,CZ-PZ
chb04,chb04_26,18,P7-T7,P7-T7
chb04,chb04_26,19,T7-FT9,T7-FT9
chb04,chb04_26,20,FT9-FT10,FT9-FT10
chb04,chb04_26,21,FT10-T8,FT10-T8
chb04,chb04_26,22,T8-P8-1,T8-P8-1
chb04,chb04_26,23,ECG,ECG
chb04,chb04_27,0,FP1-F7,FP1-F7
chb04,chb04_27,1,F7-T7,F7-T7
chb04,chb04_27,2,T7-P7,T7-P7
chb04,chb04_27,3,P7-O1,P7-O1
chb04,chb04_27,4,FP1-F3,FP1-F3
chb04,chb04_27,5,F3-C3,F3-C3
chb04,chb04_27,6,C3-P3,C3-P3
chb04,chb04_27,7,P3-O1,P3-O1
chb04,chb04_27,8,FP2-F4,FP2-F4
chb04,chb04_27,9,F4-C4,F4-C4
chb04,chb04_27,10,C4-P4,C4-P4
chb04,chb04_27,11,P4-O2,P4-O2
chb04,chb04_27,12,FP2-F8,FP2-F8
chb04,chb04_27,13,F8-T8,F8-T8
chb04,chb04_27,14,T8-P8-0,T8-P8-0
chb04,chb04_27,15,P8-O2,P8-O2
chb04,chb04_27,16,FZ-CZ,FZ-CZ
chb04,chb04_27,17,CZ-PZ,CZ-PZ
chb04,chb04_27,18,P7-T7,P7-T7
chb04,chb04_27,19,T7-FT9,T7-FT9
chb04,chb04_27,20,FT9-FT10,FT9-FT10
chb04,chb04_27,21,FT10-T8,FT10-T8
chb04,chb04_27,22,T8-P8-1,T8-P8-1
chb04,chb04_27,23,ECG,ECG
chb04,chb04_28,0,FP1-F7,FP1-F7
chb04,chb04_28,1,F7-T7,F7-T7
chb04,chb04_28,2,T7-P7,T7-P7
chb04,chb04_28,3,P7-O1,P7-O1
chb04,chb04_28,4,FP1-F3,FP1-F3
chb04,chb04_28,5,F3-C3,F3-C3
chb04,chb04_28,6,C3-P3,C3-P3
chb04,chb04_28,7,P3-O1,P3-O1
chb04,chb04_28,8,FP2-F4,FP2-F4
chb04,chb04_28,9,F4-C4,F4-C4
chb04,chb04_28,10,C4-P4,C4-P4
chb04,chb04_28,11,P4-O2,P4-O2
chb04,chb04_28,12,FP2-F8,FP2-F8
chb04,chb04_28,13,F8-T8,F8-T8
chb04,chb04_28,14,T8-P8-0,T8-P8-0
chb04,chb04_28,15,P8-O2,P8-O2
chb04,chb04_28,16,FZ-CZ,FZ-CZ
chb04,chb04_28,17,CZ-PZ,CZ-PZ
chb04,chb04_28,18,P7-T7,P7-T7
chb04,chb04_28,19,T7-FT9,T7-FT9
chb04,chb04_28,20,FT9-FT10,FT9-FT10
chb04,chb04_28,21,FT10-T8,FT10-T8
chb04,chb04_28,22,T8-P8-1,T8-P8-1
chb04,chb04_28,23,ECG,ECG
chb04,chb04_29,0,FP1-F7,FP1-F7
chb04,chb04_29,1,F7-T7,F7-T7
chb04,chb04_29,2,T7-P7,T7-P7
chb04,chb04_29,3,P7-O1,P7-O1
chb04,chb04_29,4,FP1-F3,FP1-F3
chb04,chb04_29,5,F3-C3,F3-C3
chb04,chb04_29,6,C3-P3,C3-P3
chb04,chb04_29,7,P3-O1,P3-O1
chb04,chb04_29,8,FP2-F4,FP2-F4
chb04,chb04_29,9,F4-C4,F4-C4
chb04,chb04_29,10,C4-P4,C4-P4
chb04,chb04_29,11,P4-O2,P4-O2
chb04,chb04_29,12,FP2-F8,FP2-F8
chb04,chb04_29,13,F8-T8,F8-T8
chb04,chb04_29,14,T8-P8-0,T8-P8-0
chb04,chb04_29,15,P8-O2,P8-O2
chb04,chb04_29,16,FZ-CZ,FZ-CZ
chb04,chb04_29,17,CZ-PZ,CZ-PZ
chb04,chb04_29,18,P7-T7,P7-T7
chb04,chb04_29,19,T7-FT9,T7-FT9
chb04,chb04_29,20,FT9-FT10,FT9-FT10
chb04,chb04_29,21,FT10-T8,FT10-T8
chb04,chb04_29,22,T8-P8-1,T8-P8-1
chb04,chb04_29,23,ECG,ECG
chb04,chb04_30,0,FP1-F7,FP1-F7
chb04,chb04_30,1,F7-T7,F7-T7
chb04,chb04_30,2,T7-P7,T7-P7
chb04,chb04_30,3,P7-O1,P7-O1
chb04,chb04_30,4,FP1-F3,FP1-F3
chb04,chb04_30,5,F3-C3,F3-C3
chb04,chb04_30,6,C3-P3,C3-P3
chb04,chb04_30,7,P3-O1,P3-O1
chb04,chb04_30,8,FP2-F4,FP2-F4
chb04,chb04_30,9,F4-C4,F4-C4
chb04,chb04_30,10,C4-P4,C4-P4
chb04,chb04_30,11,P4-O2,P4-O2
chb04,chb04_30,12,FP2-F8,FP2-F8
chb04,chb04_30,13,F8-T8,F8-T8
chb04,chb04_30,14,T8-P8-0,T8-P8-0
chb04,chb04_30,15,P8-O2,P8-O2
chb04,chb04_30,16,FZ-CZ,FZ-CZ
chb04,chb04_30,17,CZ-PZ,CZ-PZ
chb04,chb04_30,18,P7-T7,P7-T7
chb04,chb04_30,19,T7-FT9,T7-FT9
chb04,chb04_30,20,FT9-FT10,FT9-FT10
chb04,chb04_30,21,FT10-T8,FT10-T8
chb04,chb04_30,22,T8-P8-1,T8-P8-1
chb04,chb04_30,23,ECG,ECG
chb04,chb04_31,0,FP1-F7,FP1-F7
chb04,chb04_31,1,F7-T7,F7-T7
chb04,chb04_31,2,T7-P7,T7-P7
chb04,chb04_31,3,P7-O1,P7-O1
chb04,chb04_31,4,FP1-F3,FP1-F3
chb04,chb04_31,5,F3-C3,F3-C3
chb04,chb04_31,6,C3-P3,C3-P3
chb04,chb04_31,7,P3-O1,P3-O1
chb04,chb04_31,8,FP2-F4,FP2-F4
chb04,chb04_31,9,F4-C4,F4-C4
chb04,chb04_31,10,C4-P4,C4-P4
chb04,chb04_31,11,P4-O2,P4-O2
chb04,chb04_31,12,FP2-F8,FP2-F8
chb04,chb04_31,13,F8-T8,F8-T8
chb04,chb04_31,14,T8-P8-0,T8-P8-0
chb04,chb04_31,15,P8-O2,P8-O2
chb04,chb04_31,16,FZ-CZ,FZ-CZ
chb04,chb04_31,17,CZ-PZ,CZ-PZ
chb04,chb04_31,18,P7-T7,P7-T7
chb04,chb04_31,19,T7-FT9,T7-FT9
chb04,chb04_31,20,FT9-FT10,FT9-FT10
chb04,chb04_31,21,FT10-T8,FT10-T8
chb04,chb04_31,22,T8-P8-1,T8-P8-1
chb04,chb04_31,23,ECG,ECG
chb04,chb04_32,0,FP1-F7,FP1-F7
chb04,chb04_32,1,F7-T7,F7-T7
chb04,chb04_32,2,T7-P7,T7-P7
chb04,chb04_32,3,P7-O1,P7-O1
chb04,chb04_32,4,FP1-F3,FP1-F3
chb04,chb04_32,5,F3-C3,F3-C3
chb04,chb04_32,6,C3-P3,C3-P3
chb04,chb04_32,7,P3-O1,P3-O1
chb04,chb04_32,8,FP2-F4,FP2-F4
chb04,chb04_32,9,F4-C4,F4-C4
chb04,chb04_32,10,C4-P4,C4-P4
chb04,chb04_32,11,P4-O2,P4-O2
chb04,chb04_32,12,FP2-F8,FP2-F8
chb04,chb04_32,13,F8-T8,F8-T8
chb04,chb04_32,14,T8-P8-0,T8-P8-0
chb04,chb04_32,15,P8-O2,P8-O2
chb04,chb04_32,16,FZ-CZ,FZ-CZ
chb04,chb04_32,17,CZ-PZ,CZ-PZ
chb04,chb04_32,18,P7-T7,P7-T7
chb04,chb04_32,19,T7-FT9,T7-FT9
chb04,chb04_32,20,FT9-FT10,FT9-FT10
chb04,chb04_32,21,FT10-T8,FT10-T8
chb04,chb04_32,22,T8-P8-1,T8-P8-1
chb04,chb04_32,23,ECG,ECG
chb04,chb04_33,0,FP1-F7,FP1-F7
chb04,chb04_33,1,F7-T7,F7-T7
chb04,chb04_33,2,T7-P7,T7-P7
chb04,chb04_33,3,P7-O1,P7-O1
chb04,chb04_33,4,FP1-F3,FP1-F3
chb04,chb04_33,5,F3-C3,F3-C3
chb04,chb04_33,6,C3-P3,C3-P3
chb04,chb04_33,7,P3-O1,P3-O1
chb04,chb04_33,8,FP2-F4,FP2-F4
chb04,chb04_33,9,F4-C4,F4-C4
chb04,chb04_33,10,C4-P4,C4-P4
chb04,chb04_33,11,P4-O2,P4-O2
chb04,chb04_33,12,FP2-F8,FP2-F8
chb04,chb04_33,13,F8-T8,F8-T8
chb04,chb04_33,14,T8-P8-0,T8-P8-0
chb04,chb04_33,15,P8-O2,P8-O2
chb04,chb04_33,16,FZ-CZ,FZ-CZ
chb04,chb04_33,17,CZ-PZ,CZ-PZ
chb04,chb04_33,18,P7-T7,P7-T7
chb04,chb04_33,19,T7-FT9,T7-FT9
chb04,chb04_33,20,FT9-FT10,FT9-FT10
chb04,chb04_33,21,FT10-T8,FT10-T8
chb04,chb04_33,22,T8-P8-1,T8-P8-1
chb04,chb04_33,23,ECG,ECG
chb04,chb04_34,0,FP1-F7,FP1-F7
chb04,chb04_34,1,F7-T7,F7-T7
chb04,chb04_34,2,T7-P7,T7-P7
chb04,chb04_34,3,P7-O1,P7-O1
chb04,chb04_34,4,FP1-F3,FP1-F3
chb04,chb04_34,5,F3-C3,F3-C3
chb04,chb04_34,6,C3-P3,C3-P3
chb04,chb04_34,7,P3-O1,P3-O1
chb04,chb04_34,8,FP2-F4,FP2-F4
chb04,chb04_34,9,F4-C4,F4-C4
chb04,chb04_34,10,C4-P4,C4-P4
chb04,chb04_34,11,P4-O2,P4-O2
chb04,chb04_34,12,FP2-F8,FP2-F8
chb04,chb04_34,13,F8-T8,F8-T8
chb04,chb04_34,14,T8-P8-0,T8-P8-0
chb04,chb04_34,15,P8-O2,P8-O2
chb04,chb04_34,16,FZ-CZ,FZ-CZ
chb04,chb04_34,17,CZ-PZ,CZ-PZ
chb04,chb04_34,18,P7-T7,P7-T7
chb04,chb04_34,19,T7-FT9,T7-FT9
chb04,chb04_34,20,FT9-FT10,FT9-FT10
chb04,chb04_34,21,FT10-T8,FT10-T8
chb04,chb04_34,22,T8-P8-1,T8-P8-1
chb04,chb04_34,23,ECG,ECG
chb04,chb04_35,0,FP1-F7,FP1-F7
chb04,chb04_35,1,F7-T7,F7-T7
chb04,chb04_35,2,T7-P7,T7-P7
chb04,chb04_35,3,P7-O1,P7-O1
chb04,chb04_35,4,FP1-F3,FP1-F3
chb04,chb04_35,5,F3-C3,F3-C3
chb04,chb04_35,6,C3-P3,C3-P3
chb04,chb04_35,7,P3-O1,P3-O1
chb04,chb04_35,8,FP2-F4,FP2-F4
chb04,chb04_35,9,F4-C4,F4-C4
chb04,chb04_35,10,C4-P4,C4-P4
chb04,chb04_35,11,P4-O2,P4-O2
chb04,chb04_35,12,FP2-F8,FP2-F8
chb04,chb04_35,13,F8-T8,F8-T8
chb04,chb04_35,14,T8-P8-0,T8-P8-0
chb04,chb04_35,15,P8-O2,P8-O2
chb04,chb04_35,16,FZ-CZ,FZ-CZ
chb04,chb04_35,17,CZ-PZ,CZ-PZ
chb04,chb04_35,18,P7-T7,P7-T7
chb04,chb04_35,19,T7-FT9,T7-FT9
chb04,chb04_35,20,FT9-FT10,FT9-FT10
chb04,chb04_35,21,FT10-T8,FT10-T8
chb04,chb04_35,22,T8-P8-1,T8-P8-1
chb04,chb04_35,23,ECG,ECG
chb04,chb04_36,0,FP1-F7,FP1-F7
chb04,chb04_36,1,F7-T7,F7-T7
chb04,chb04_36,2,T7-P7,T7-P7
chb04,chb04_36,3,P7-O1,P7-O1
chb04,chb04_36,4,FP1-F3,FP1-F3
chb04,chb04_36,5,F3-C3,F3-C3
chb04,chb04_36,6,C3-P3,C3-P3
chb04,chb04_36,7,P3-O1,P3-O1
chb04,chb04_36,8,FP2-F4,FP2-F4
chb04,chb04_36,9,F4-C4,F4-C4
chb04,chb04_36,10,C4-P4,C4-P4
chb04,chb04_36,11,P4-O2,P4-O2
chb04,chb04_36,12,FP2-F8,FP2-F8
chb04,chb04_36,13,F8-T8,F8-T8
chb04,chb04_36,14,T8-P8-0,T8-P8-0
chb04,chb04_36,15,P8-O2,P8-O2
chb04,chb04_36,16,FZ-CZ,FZ-CZ
chb04,chb04_36,17,CZ-PZ,CZ-PZ
chb04,chb04_36,18,P7-T7,P7-T7
chb04,chb04_36,19,T7-FT9,T7-FT9
chb04,chb04_36,20,FT9-FT10,FT9-FT10
chb04,chb04_36,21,FT10-T8,FT10-T8
chb04,chb04_36,22,T8-P8-1,T8-P8-1
chb04,chb04_36,23,ECG,ECG
chb04,chb04_37,0,FP1-F7,FP1-F7
chb04,chb04_37,1,F7-T7,F7-T7
chb04,chb04_37,2,T7-P7,T7-P7
chb04,chb04_37,3,P7-O1,P7-O1
chb04,chb04_37,4,FP1-F3,FP1-F3
chb04,chb04_37,5,F3-C3,F3-C3
chb04,chb04_37,6,C3-P3,C3-P3
chb04,chb04_37,7,P3-O1,P3-O1
chb04,chb04_37,8,FP2-F4,FP2-F4
chb04,chb04_37,9,F4-C4,F4-C4
chb04,chb04_37,10,C4-P4,C4-P4
chb04,chb04_37,11,P4-O2,P4-O2
chb04,chb04_37,12,FP2-F8,FP2-F8
chb04,chb04_37,13,F8-T8,F8-T8
chb04,chb04_37,14,T8-P8-0,T8-P8-0
chb04,chb04_37,15,P8-O2,P8-O2
chb04,chb04_37,16,FZ-CZ,FZ-CZ
chb04,chb04_37,17,CZ-PZ,CZ-PZ
chb04,chb04_37,18,P7-T7,P7-T7
chb04,chb04_37,19,T7-FT9,T7-FT9
chb04,chb04_37,20,FT9-FT10,FT9-FT10
chb04,chb04_37,21,FT10-T8,FT10-T8
chb04,chb04_37,22,T8-P8-1,T8-P8-1
chb04,chb04_37,23,ECG,ECG
chb04,chb04_38,0,FP1-F7,FP1-F7
chb04,chb04_38,1,F7-T7,F7-T7
chb04,chb04_38,2,T7-P7,T7-P7
chb04,chb04_38,3,P7-O1,P7-O1
chb04,chb04_38,4,FP1-F3,FP1-F3
chb04,chb04_38,5,F3-C3,F3-C3
chb04,chb04_38,6,C3-P3,C3-P3
chb04,chb04_38,7,P3-O1,P3-O1
chb04,chb04_38,8,FP2-F4,FP2-F4
chb04,chb04_38,9,F4-C4,F4-C4
chb04,chb04_38,10,C4-P4,C4-P4
chb04,chb04_38,11,P4-O2,P4-O2
chb04,chb04_38,12,FP2-F8,FP2-F8
chb04,chb04_38,13,F8-T8,F8-T8
chb04,chb04_38,14,T8-P8-0,T8-P8-0
chb04,chb04_38,15,P8-O2,P8-O2
chb04,chb04_38,16,FZ-CZ,FZ-CZ
chb04,chb04_38,17,CZ-PZ,CZ-PZ
chb04,chb04_38,18,P7-T7,P7-T7
chb04,chb04_38,19,T7-FT9,T7-FT9
chb04,chb04_38,20,FT9-FT10,FT9-FT10
chb04,chb04_38,21,FT10-T8,FT10-T8
chb04,chb04_38,22,T8-P8-1,T8-P8-1
chb04,chb04_38,23,ECG,ECG
chb04,chb04_39,0,FP1-F7,FP1-F7
chb04,chb04_39,1,F7-T7,F7-T7
chb04,chb04_39,2,T7-P7,T7-P7
chb04,chb04_39,3,P7-O1,P7-O1
chb04,chb04_39,4,FP1-F3,FP1-F3
chb04,chb04_39,5,F3-C3,F3-C3
chb04,chb04_39,6,C3-P3,C3-P3
chb04,chb04_39,7,P3-O1,P3-O1
chb04,chb04_39,8,FP2-F4,FP2-F4
chb04,chb04_39,9,F4-C4,F4-C4
chb04,chb04_39,10,C4-P4,C4-P4
chb04,chb04_39,11,P4-O2,P4-O2
chb04,chb04_39,12,FP2-F8,FP2-F8
chb04,chb04_39,13,F8-T8,F8-T8
chb04,chb04_39,14,T8-P8-0,T8-P8-0
chb04,chb04_39,15,P8-O2,P8-O2
chb04,chb04_39,16,FZ-CZ,FZ-CZ
chb04,chb04_39,17,CZ-PZ,CZ-PZ
chb04,chb04_39,18,P7-T7,P7-T7
chb04,chb04_39,19,T7-FT9,T7-FT9
chb04,chb04_39,20,FT9-FT10,FT9-FT10
chb04,chb04_39,21,FT10-T8,FT10-T8
chb04,chb04_39,22,T8-P8-1,T8-P8-1
chb04,chb04_39,23,ECG,ECG
chb04,chb04_40,0,FP1-F7,FP1-F7
chb04,chb04_40,1,F7-T7,F7-T7
chb04,chb04_40,2,T7-P7,T7-P7
chb04,chb04_40,3,P7-O1,P7-O1
chb04,chb04_40,4,FP1-F3,FP1-F3
chb04,chb04_40,5,F3-C3,F3-C3
chb04,chb04_40,6,C3-P3,C3-P3
chb04,chb04_40,7,P3-O1,P3-O1
chb04,chb04_40,8,FP2-F4,FP2-F4
chb04,chb04_40,9,F4-C4,F4-C4
chb04,chb04_40,10,C4-P4,C4-P4
chb04,chb04_40,11,P4-O2,P4-O2
chb04,chb04_40,12,FP2-F8,FP2-F8
chb04,chb04_40,13,F8-T8,F8-T8
chb04,chb04_40,14,T8-P8-0,T8-P8-0
chb04,chb04_40,15,P8-O2,P8-O2
chb04,chb04_40,16,FZ-CZ,FZ-CZ
chb04,chb04_40,17,CZ-PZ,CZ-PZ
chb04,chb04_40,18,P7-T7,P7-T7
chb04,chb04_40,19,T7-FT9,T7-FT9
chb04,chb04_40,20,FT9-FT10,FT9-FT10
chb04,chb04_40,21,FT10-T8,FT10-T8
chb04,chb04_40,22,T8-P8-1,T8-P8-1
chb04,chb04_40,23,ECG,ECG
chb04,chb04_41,0,FP1-F7,FP1-F7
chb04,chb04_41,1,F7-T7,F7-T7
chb04,chb04_41,2,T7-P7,T7-P7
chb04,chb04_41,3,P7-O1,P7-O1
chb04,chb04_41,4,FP1-F3,FP1-F3
chb04,chb04_41,5,F3-C3,F3-C3
chb04,chb04_41,6,C3-P3,C3-P3
chb04,chb04_41,7,P3-O1,P3-O1
chb04,chb04_41,8,FP2-F4,FP2-F4
chb04,chb04_41,9,F4-C4,F4-C4
chb04,chb04_41,10,C4-P4,C4-P4
chb04,chb04_41,11,P4-O2,P4-O2
chb04,chb04_41,12,FP2-F8,FP2-F8
chb04,chb04_41,13,F8-T8,F8-T8
chb04,chb04_41,14,T8-P8-0,T8-P8-0
chb04,chb04_41,15,P8-O2,P8-O2
chb04,chb04_41,16,FZ-CZ,FZ-CZ
chb04,chb04_41,17,CZ-PZ,CZ-PZ
chb04,chb04_41,18,P7-T7,P7-T7
chb04,chb04_41,19,T7-FT9,T7-FT9
chb04,chb04_41,20,FT9-FT10,FT9-FT10
chb04,chb04_41,21,FT10-T8,FT10-T8
chb04,chb04_41,22,T8-P8-1,T8-P8-1
chb04,chb04_41,23,ECG,ECG
chb04,chb04_42,0,FP1-F7,FP1-F7
chb04,chb04_42,1,F7-T7,F7-T7
chb04,chb04_42,2,T7-P7,T7-P7
chb04,chb04_42,3,P7-O1,P7-O1
chb04,chb04_42,4,FP1-F3,FP1-F3
chb04,chb04_42,5,F3-C3,F3-C3
chb04,chb04_42,6,C3-P3,C3-P3
chb04,chb04_42,7,P3-O1,P3-O1
chb04,chb04_42,8,FP2-F4,FP2-F4
chb04,chb04_42,9,F4-C4,F4-C4
chb04,chb04_42,10,C4-P4,C4-P4
chb04,chb04_42,11,P4-O2,P4-O2
chb04,chb04_42,12,FP2-F8,FP2-F8
chb04,chb04_42,13,F8-T8,F8-T8
chb04,chb04_42,14,T8-P8-0,T8-P8-0
chb04,chb04_42,15,P8-O2,P8-O2
chb04,chb04_42,16,FZ-CZ,FZ-CZ
chb04,chb04_42,17,CZ-PZ,CZ-PZ
chb04,chb04_42,18,P7-T7,P7-T7
chb04,chb04_42,19,T7-FT9,T7-FT9
chb04,chb04_42,20,FT9-FT10,FT9-FT10
chb04,chb04_42,21,FT10-T8,FT10-T8
chb04,chb04_42,22,T8-P8-1,T8-P8-1
chb04,chb04_42,23,ECG,ECG
chb04,chb04_43,0,FP1-F7,FP1-F7
chb04,chb04_43,1,F7-T7,F7-T7
chb04,chb04_43,2,T7-P7,T7-P7
chb04,chb04_43,3,P7-O1,P7-O1
chb04,chb04_43,4,FP1-F3,FP1-F3
chb04,chb04_43,5,F3-C3,F3-C3
chb04,chb04_43,6,C3-P3,C3-P3
chb04,chb04_43,7,P3-O1,P3-O1
chb04,chb04_43,8,FP2-F4,FP2-F4
chb04,chb04_43,9,F4-C4,F4-C4
chb04,chb04_43,10,C4-P4,C4-P4
chb04,chb04_43,11,P4-O2,P4-O2
chb04,chb04_43,12,FP2-F8,FP2-F8
chb04,chb04_43,13,F8-T8,F8-T8
chb04,chb04_43,14,T8-P8-0,T8-P8-0
chb04,chb04_43,15,P8-O2,P8-O2
chb04,chb04_43,16,FZ-CZ,FZ-CZ
chb04,chb04_43,17,CZ-PZ,CZ-PZ
chb04,chb04_43,18,P7-T7,P7-T7
chb04,chb04_43,19,T7-FT9,T7-FT9
chb04,chb04_43,20,FT9-FT10,FT9-FT10
chb04,chb04_43,21,FT10-T8,FT10-T8
chb04,chb04_43,22,T8-P8-1,T8-P8-1
chb04,chb04_43,23,ECG,ECG
chb05,chb05_01,0,FP1-F7,FP1-F7
chb05,chb05_01,1,F7-T7,F7-T7
chb05,chb05_01,2,T7-P7,T7-P7
chb05,chb05_01,3,P7-O1,P7-O1
chb05,chb05_01,4,FP1-F3,FP1-F3
chb05,chb05_01,5,F3-C3,F3-C3
chb05,chb05_01,6,C3-P3,C3-P3
chb05,chb05_01,7,P3-O1,P3-O1
chb05,chb05_01,8,FP2-F4,FP2-F4
chb05,chb05_01,9,F4-C4,F4-C4
chb05,chb05_01,10,C4-P4,C4-P4
chb05,chb05_01,11,P4-O2,P4-O2
chb05,chb05_01,12,FP2-F8,FP2-F8
chb05,chb05_01,13,F8-T8,F8-T8
chb05,chb05_01,14,T8-P8-0,T8-P8-0
chb05,chb05_01,15,P8-O2,P8-O2
chb05,chb05_01,16,FZ-CZ,FZ-CZ
chb05,chb05_01,17,CZ-PZ,CZ-PZ
chb05,chb05_01,18,P7-T7,P7-T7
chb05,chb05_01,19,T7-FT9,T7-FT9
chb05,chb05_01,20,FT9-FT10,FT9-FT10
chb05,chb05_01,21,FT10-T8,FT10-T8
chb05,chb05_01,22,T8-P8-1,T8-P8-1
chb05,chb05_02,0,FP1-F7,FP1-F7
chb05,chb05_02,1,F7-T7,F7-T7
chb05,chb05_02,2,T7-P7,T7-P7
chb05,chb05_02,3,P7-O1,P7-O1
chb05,chb05_02,4,FP1-F3,FP1-F3
chb05,chb05_02,5,F3-C3,F3-C3
chb05,chb05_02,6,C3-P3,C3-P3
chb05,chb05_02,7,P3-O1,P3-O1
chb05,chb05_02,8,FP2-F4,FP2-F4
chb05,chb05_02,9,F4-C4,F4-C4
chb05,chb05_02,10,C4-P4,C4-P4
chb05,chb05_02,11,P4-O2,P4-O2
chb05,chb05_02,12,FP2-F8,FP2-F8
chb05,chb05_02,13,F8-T8,F8-T8
chb05,chb05_02,14,T8-P8-0,T8-P8-0
chb05,chb05_02,15,P8-O2,P8-O2
chb05,chb05_02,16,FZ-CZ,FZ-CZ
chb05,chb05_02,17,CZ-PZ,CZ-PZ
chb05,chb05_02,18,P7-T7,P7-T7
chb05,chb05_02,19,T7-FT9,T7-FT9
chb05,chb05_02,20,FT9-FT10,FT9-FT10
chb05,chb05_02,21,FT10-T8,FT10-T8
chb05,chb05_02,22,T8-P8-1,T8-P8-1
chb05,chb05_03,0,FP1-F7,FP1-F7
chb05,chb05_03,1,F7-T7,F7-T7
chb05,chb05_03,2,T7-P7,T7-P7
chb05,chb05_03,3,P7-O1,P7-O1
chb05,chb05_03,4,FP1-F3,FP1-F3
chb05,chb05_03,5,F3-C3,F3-C3
chb05,chb05_03,6,C3-P3,C3-P3
chb05,chb05_03,7,P3-O1,P3-O1
chb05,chb05_03,8,FP2-F4,FP2-F4
chb05,chb05_03,9,F4-C4,F4-C4
chb05,chb05_03,10,C4-P4,C4-P4
chb05,chb05_03,11,P4-O2,P4-O2
chb05,chb05_03,12,FP2-F8,FP2-F8
chb05,chb05_03,13,F8-T8,F8-T8
chb05,chb05_03,14,T8-P8-0,T8-P8-0
chb05,chb05_03,15,P8-O2,P8-O2
chb05,chb05_03,16,FZ-CZ,FZ-CZ
chb05,chb05_03,17,CZ-PZ,CZ-PZ
chb05,chb05_03,18,P7-T7,P7-T7
chb05,chb05_03,19,T7-FT9,T7-FT9
chb05,chb05_03,20,FT9-FT10,FT9-FT10
chb05,chb05_03,21,FT10-T8,FT10-T8
chb05,chb05_03,22,T8-P8-1,T8-P8-1
chb05,chb05_04,0,FP1-F7,FP1-F7
chb05,chb05_04,1,F7-T7,F7-T7
chb05,chb05_04,2,T7-P7,T7-P7
chb05,chb05_04,3,P7-O1,P7-O1
chb05,chb05_04,4,FP1-F3,FP1-F3
chb05,chb05_04,5,F3-C3,F3-C3
chb05,chb05_04,6,C3-P3,C3-P3
chb05,chb05_04,7,P3-O1,P3-O1
chb05,chb05_04,8,FP2-F4,FP2-F4
chb05,chb05_04,9,F4-C4,F4-C4
chb05,chb05_04,10,C4-P4,C4-P4
chb05,chb05_04,11,P4-O2,P4-O2
chb05,chb05_04,12,FP2-F8,FP2-F8
chb05,chb05_04,13,F8-T8,F8-T8
chb05,chb05_04,14,T8-P8-0,T8-P8-0
chb05,chb05_04,15,P8-O2,P8-O2
chb05,chb05_04,16,FZ-CZ,FZ-CZ
chb05,chb05_04,17,CZ-PZ,CZ-PZ
chb05,chb05_04,18,P7-T7,P7-T7
chb05,chb05_04,19,T7-FT9,T7-FT9
chb05,chb05_04,20,FT9-FT10,FT9-FT10
chb05,chb05_04,21,FT10-T8,FT10-T8
chb05,chb05_04,22,T8-P8-1,T8-P8-1
chb05,chb05_05,0,FP1-F7,FP1-F7
chb05,chb05_05,1,F7-T7,F7-T7
chb05,chb05_05,2,T7-P7,T7-P7
chb05,chb05_05,3,P7-O1,P7-O1
chb05,chb05_05,4,FP1-F3,FP1-F3
chb05,chb05_05,5,F3-C3,F3-C3
chb05,chb05_05,6,C3-P3,C3-P3
chb05,chb05_05,7,P3-O1,P3-O1
chb05,chb05_05,8,FP2-F4,FP2-F4
chb05,chb05_05,9,F4-C4,F4-C4
chb05,chb05_05,10,C4-P4,C4-P4
chb05,chb05_05,11,P4-O2,P4-O2
chb05,chb05_05,12,FP2-F8,FP2-F8
chb05,chb05_05,13,F8-T8,F8-T8
chb05,chb05_05,14,T8-P8-0,T8-P8-0
chb05,chb05_05,15,P8-O2,P8-O2
chb05,chb05_05,16,FZ-CZ,FZ-CZ
chb05,chb05_05,17,CZ-PZ,CZ-PZ
chb05,chb05_05,18,P7-T7,P7-T7
chb05,chb05_05,19,T7-FT9,T7-FT9
chb05,chb05_05,20,FT9-FT10,FT9-FT10
chb05,chb05_05,21,FT10-T8,FT10-T8
chb05,chb05_05,22,T8-P8-1,T8-P8-1
chb05,chb05_06,0,FP1-F7,FP1-F7
chb05,chb05_06,1,F7-T7,F7-T7
chb05,chb05_06,2,T7-P7,T7-P7
chb05,chb05_06,3,P7-O1,P7-O1
chb05,chb05_06,4,FP1-F3,FP1-F3
chb05,chb05_06,5,F3-C3,F3-C3
chb05,chb05_06,6,C3-P3,C3-P3
chb05,chb05_06,7,P3-O1,P3-O1
chb05,chb05_06,8,FP2-F4,FP2-F4
chb05,chb05_06,9,F4-C4,F4-C4
chb05,chb05_06,10,C4-P4,C4-P4
chb05,chb05_06,11,P4-O2,P4-O2
chb05,chb05_06,12,FP2-F8,FP2-F8
chb05,chb05_06,13,F8-T8,F8-T8
chb05,chb05_06,14,T8-P8-0,T8-P8-0
chb05,chb05_06,15,P8-O2,P8-O2
chb05,chb05_06,16,FZ-CZ,FZ-CZ
chb05,chb05_06,17,CZ-PZ,CZ-PZ
chb05,chb05_06,18,P7-T7,P7-T7
chb05,chb05_06,19,T7-FT9,T7-FT9
chb05,chb05_06,20,FT9-FT10,FT9-FT10
chb05,chb05_06,21,FT10-T8,FT10-T8
chb05,chb05_06,22,T8-P8-1,T8-P8-1
chb05,chb05_07,0,FP1-F7,FP1-F7
chb05,chb05_07,1,F7-T7,F7-T7
chb05,chb05_07,2,T7-P7,T7-P7
chb05,chb05_07,3,P7-O1,P7-O1
chb05,chb05_07,4,FP1-F3,FP1-F3
chb05,chb05_07,5,F3-C3,F3-C3
chb05,chb05_07,6,C3-P3,C3-P3
chb05,chb05_07,7,P3-O1,P3-O1
chb05,chb05_07,8,FP2-F4,FP2-F4
chb05,chb05_07,9,F4-C4,F4-C4
chb05,chb05_07,10,C4-P4,C4-P4
chb05,chb05_07,11,P4-O2,P4-O2
chb05,chb05_07,12,FP2-F8,FP2-F8
chb05,chb05_07,13,F8-T8,F8-T8
chb05,chb05_07,14,T8-P8-0,T8-P8-0
chb05,chb05_07,15,P8-O2,P8-O2
chb05,chb05_07,16,FZ-CZ,FZ-CZ
chb05,chb05_07,17,CZ-PZ,CZ-PZ
chb05,chb05_07,18,P7-T7,P7-T7
chb05,chb05_07,19,T7-FT9,T7-FT9
chb05,chb05_07,20,FT9-FT10,FT9-FT10
chb05,chb05_07,21,FT10-T8,FT10-T8
chb05,chb05_07,22,T8-P8-1,T8-P8-1
chb05,chb05_08,0,FP1-F7,FP1-F7
chb05,chb05_08,1,F7-T7,F7-T7
chb05,chb05_08,2,T7-P7,T7-P7
chb05,chb05_08,3,P7-O1,P7-O1
chb05,chb05_08,4,FP1-F3,FP1-F3
chb05,chb05_08,5,F3-C3,F3-C3
chb05,chb05_08,6,C3-P3,C3-P3
chb05,chb05_08,7,P3-O1,P3-O1
chb05,chb05_08,8,FP2-F4,FP2-F4
chb05,chb05_08,9,F4-C4,F4-C4
chb05,chb05_08,10,C4-P4,C4-P4
chb05,chb05_08,11,P4-O2,P4-O2
chb05,chb05_08,12,FP2-F8,FP2-F8
chb05,chb05_08,13,F8-T8,F8-T8
chb05,chb05_08,14,T8-P8-0,T8-P8-0
chb05,chb05_08,15,P8-O2,P8-O2
chb05,chb05_08,16,FZ-CZ,FZ-CZ
chb05,chb05_08,17,CZ-PZ,CZ-PZ
chb05,chb05_08,18,P7-T7,P7-T7
chb05,chb05_08,19,T7-FT9,T7-FT9
chb05,chb05_08,20,FT9-FT10,FT9-FT10
chb05,chb05_08,21,FT10-T8,FT10-T8
chb05,chb05_08,22,T8-P8-1,T8-P8-1
chb05,chb05_09,0,FP1-F7,FP1-F7
chb05,chb05_09,1,F7-T7,F7-T7
chb05,chb05_09,2,T7-P7,T7-P7
chb05,chb05_09,3,P7-O1,P7-O1
chb05,chb05_09,4,FP1-F3,FP1-F3
chb05,chb05_09,5,F3-C3,F3-C3
chb05,chb05_09,6,C3-P3,C3-P3
chb05,chb05_09,7,P3-O1,P3-O1
chb05,chb05_09,8,FP2-F4,FP2-F4
chb05,chb05_09,9,F4-C4,F4-C4
chb05,chb05_09,10,C4-P4,C4-P4
chb05,chb05_09,11,P4-O2,P4-O2
chb05,chb05_09,12,FP2-F8,FP2-F8
chb05,chb05_09,13,F8-T8,F8-T8
chb05,chb05_09,14,T8-P8-0,T8-P8-0
chb05,chb05_09,15,P8-O2,P8-O2
chb05,chb05_09,16,FZ-CZ,FZ-CZ
chb05,chb05_09,17,CZ-PZ,CZ-PZ
chb05,chb05_09,18,P7-T7,P7-T7
chb05,chb05_09,19,T7-FT9,T7-FT9
chb05,chb05_09,20,FT9-FT10,FT9-FT10
chb05,chb05_09,21,FT10-T8,FT10-T8
chb05,chb05_09,22,T8-P8-1,T8-P8-1
chb05,chb05_10,0,FP1-F7,FP1-F7
chb05,chb05_10,1,F7-T7,F7-T7
chb05,chb05_10,2,T7-P7,T7-P7
chb05,chb05_10,3,P7-O1,P7-O1
chb05,chb05_10,4,FP1-F3,FP1-F3
chb05,chb05_10,5,F3-C3,F3-C3
chb05,chb05_10,6,C3-P3,C3-P3
chb05,chb05_10,7,P3-O1,P3-O1
chb05,chb05_10,8,FP2-F4,FP2-F4
chb05,chb05_10,9,F4-C4,F4-C4
chb05,chb05_10,10,C4-P4,C4-P4
chb05,chb05_10,11,P4-O2,P4-O2
chb05,chb05_10,12,FP2-F8,FP2-F8
chb05,chb05_10,13,F8-T8,F8-T8
chb05,chb05_10,14,T8-P8-0,T8-P8-0
chb05,chb05_10,15,P8-O2,P8-O2
chb05,chb05_10,16,FZ-CZ,FZ-CZ
chb05,chb05_10,17,CZ-PZ,CZ-PZ
chb05,chb05_10,18,P7-T7,P7-T7
chb05,chb05_10,19,T7-FT9,T7-FT9
chb05,chb05_10,20,FT9-FT10,FT9-FT10
chb05,chb05_10,21,FT10-T8,FT10-T8
chb05,chb05_10,22,T8-P8-1,T8-P8-1
chb05,chb05_11,0,FP1-F7,FP1-F7
chb05,chb05_11,1,F7-T7,F7-T7
chb05,chb05_11,2,T7-P7,T7-P7
chb05,chb05_11,3,P7-O1,P7-O1
chb05,chb05_11,4,FP1-F3,FP1-F3
chb05,chb05_11,5,F3-C3,F3-C3
chb05,chb05_11,6,C3-P3,C3-P3
chb05,chb05_11,7,P3-O1,P3-O1
chb05,chb05_11,8,FP2-F4,FP2-F4
chb05,chb05_11,9,F4-C4,F4-C4
chb05,chb05_11,10,C4-P4,C4-P4
chb05,chb05_11,11,P4-O2,P4-O2
chb05,chb05_11,12,FP2-F8,FP2-F8
chb05,chb05_11,13,F8-T8,F8-T8
chb05,chb05_11,14,T8-P8-0,T8-P8-0
chb05,chb05_11,15,P8-O2,P8-O2
chb05,chb05_11,16,FZ-CZ,FZ-CZ
chb05,chb05_11,17,CZ-PZ,CZ-PZ
chb05,chb05_11,18,P7-T7,P7-T7
chb05,chb05_11,19,T7-FT9,T7-FT9
chb05,chb05_11,20,FT9-FT10,FT9-FT10
chb05,chb05_11,21,FT10-T8,FT10-T8
chb05,chb05_11,22,T8-P8-1,T8-P8-1
chb05,chb05_12,0,FP1-F7,FP1-F7
chb05,chb05_12,1,F7-T7,F7-T7
chb05,chb05_12,2,T7-P7,T7-P7
chb05,chb05_12,3,P7-O1,P7-O1
chb05,chb05_12,4,FP1-F3,FP1-F3
chb05,chb05_12,5,F3-C3,F3-C3
chb05,chb05_12,6,C3-P3,C3-P3
chb05,chb05_12,7,P3-O1,P3-O1
chb05,chb05_12,8,FP2-F4,FP2-F4
chb05,chb05_12,9,F4-C4,F4-C4
chb05,chb05_12,10,C4-P4,C4-P4
chb05,chb05_12,11,P4-O2,P4-O2
chb05,chb05_12,12,FP2-F8,FP2-F8
chb05,chb05_12,13,F8-T8,F8-T8
chb05,chb05_12,14,T8-P8-0,T8-P8-0
chb05,chb05_12,15,P8-O2,P8-O2
chb05,chb05_12,16,FZ-CZ,FZ-CZ
chb05,chb05_12,17,CZ-PZ,CZ-PZ
chb05,chb05_12,18,P7-T7,P7-T7
chb05,chb05_12,19,T7-FT9,T7-FT9
chb05,chb05_12,20,FT9-FT10,FT9-FT10
chb05,chb05_12,21,FT10-T8,FT10-T8
chb05,chb05_12,22,T8-P8-1,T8-P8-1
chb05,chb05_13,0,FP1-F7,FP1-F7
chb05,chb05_13,1,F7-T7,F7-T7
chb05,chb05_13,2,T7-P7,T7-P7
chb05,chb05_13,3,P7-O1,P7-O1
chb05,chb05_13,4,FP1-F3,FP1-F3
chb05,chb05_13,5,F3-C3,F3-C3
chb05,chb05_13,6,C3-P3,C3-P3
chb05,chb05_13,7,P3-O1,P3-O1
chb05,chb05_13,8,FP2-F4,FP2-F4
chb05,chb05_13,9,F4-C4,F4-C4
chb05,chb05_13,10,C4-P4,C4-P4
chb05,chb05_13,11,P4-O2,P4-O2
chb05,chb05_13,12,FP2-F8,FP2-F8
chb05,chb05_13,13,F8-T8,F8-T8
chb05,chb05_13,14,T8-P8-0,T8-P8-0
chb05,chb05_13,15,P8-O2,P8-O2
chb05,chb05_13,16,FZ-CZ,FZ-CZ
chb05,chb05_13,17,CZ-PZ,CZ-PZ
chb05,chb05_13,18,P7-T7,P7-T7
chb05,chb05_13,19,T7-FT9,T7-FT9
chb05,chb05_13,20,FT9-FT10,FT9-FT10
chb05,chb05_13,21,FT10-T8,FT10-T8
chb05,chb05_13,22,T8-P8-1,T8-P8-1
chb05,chb05_14,0,FP1-F7,FP1-F7
chb05,chb05_14,1,F7-T7,F7-T7
chb05,chb05_14,2,T7-P7,T7-P7
chb05,chb05_14,3,P7-O1,P7-O1
chb05,chb05_14,4,FP1-F3,FP1-F3
chb05,chb05_14,5,F3-C3,F3-C3
chb05,chb05_14,6,C3-P3,C3-P3
chb05,chb05_14,7,P3-O1,P3-O1
chb05,chb05_14,8,FP2-F4,FP2-F4
chb05,chb05_14,9,F4-C4,F4-C4
chb05,chb05_14,10,C4-P4,C4-P4
chb05,chb05_14,11,P4-O2,P4-O2
chb05,chb05_14,12,FP2-F8,FP2-F8
chb05,chb05_14,13,F8-T8,F8-T8
chb05,chb05_14,14,T8-P8-0,T8-P8-0
chb05,chb05_14,15,P8-O2,P8-O2
chb05,chb05_14,16,FZ-CZ,FZ-CZ
chb05,chb05_14,17,CZ-PZ,CZ-PZ
chb05,chb05_14,18,P7-T7,P7-T7
chb05,chb05_14,19,T7-FT9,T7-FT9
chb05,chb05_14,20,FT9-FT10,FT9-FT10
chb05,chb05_14,21,FT10-T8,FT10-T8
chb05,chb05_14,22,T8-P8-1,T8-P8-1
chb05,chb05_15,0,FP1-F7,FP1-F7
chb05,chb05_15,1,F7-T7,F7-T7
chb05,chb05_15,2,T7-P7,T7-P7
chb05,chb05_15,3,P7-O1,P7-O1
chb05,chb05_15,4,FP1-F3,FP1-F3
chb05,chb05_15,5,F3-C3,F3-C3
chb05,chb05_15,6,C3-P3,C3-P3
chb05,chb05_15,7,P3-O1,P3-O1
chb05,chb05_15,8,FP2-F4,FP2-F4
chb05,chb05_15,9,F4-C4,F4-C4
chb05,chb05_15,10,C4-P4,C4-P4
chb05,chb05_15,11,P4-O2,P4-O2
chb05,chb05_15,12,FP2-F8,FP2-F8
chb05,chb05_15,13,F8-T8,F8-T8
chb05,chb05_15,14,T8-P8-0,T8-P8-0
chb05,chb05_15,15,P8-O2,P8-O2
chb05,chb05_15,16,FZ-CZ,FZ-CZ
chb05,chb05_15,17,CZ-PZ,CZ-PZ
chb05,chb05_15,18,P7-T7,P7-T7
chb05,chb05_15,19,T7-FT9,T7-FT9
chb05,chb05_15,20,FT9-FT10,FT9-FT10
chb05,chb05_15,21,FT10-T8,FT10-T8
chb05,chb05_15,22,T8-P8-1,T8-P8-1
chb05,chb05_16,0,FP1-F7,FP1-F7
chb05,chb05_16,1,F7-T7,F7-T7
chb05,chb05_16,2,T7-P7,T7-P7
chb05,chb05_16,3,P7-O1,P7-O1
chb05,chb05_16,4,FP1-F3,FP1-F3
chb05,chb05_16,5,F3-C3,F3-C3
chb05,chb05_16,6,C3-P3,C3-P3
chb05,chb05_16,7,P3-O1,P3-O1
chb05,chb05_16,8,FP2-F4,FP2-F4
chb05,chb05_16,9,F4-C4,F4-C4
chb05,chb05_16,10,C4-P4,C4-P4
chb05,chb05_16,11,P4-O2,P4-O2
chb05,chb05_16,12,FP2-F8,FP2-F8
chb05,chb05_16,13,F8-T8,F8-T8
chb05,chb05_16,14,T8-P8-0,T8-P8-0
chb05,chb05_16,15,P8-O2,P8-O2
chb05,chb05_16,16,FZ-CZ,FZ-CZ
chb05,chb05_16,17,CZ-PZ,CZ-PZ
chb05,chb05_16,18,P7-T7,P7-T7
chb05,chb05_16,19,T7-FT9,T7-FT9
chb05,chb05_16,20,FT9-FT10,FT9-FT10
chb05,chb05_16,21,FT10-T8,FT10-T8
chb05,chb05_16,22,T8-P8-1,T8-P8-1
chb05,chb05_17,0,FP1-F7,FP1-F7
chb05,chb05_17,1,F7-T7,F7-T7
chb05,chb05_17,2,T7-P7,T7-P7
chb05,chb05_17,3,P7-O1,P7-O1
chb05,chb05_17,4,FP1-F3,FP1-F3
chb05,chb05_17,5,F3-C3,F3-C3
chb05,chb05_17,6,C3-P3,C3-P3
chb05,chb05_17,7,P3-O1,P3-O1
chb05,chb05_17,8,FP2-F4,FP2-F4
chb05,chb05_17,9,F4-C4,F4-C4
chb05,chb05_17,10,C4-P4,C4-P4
chb05,chb05_17,11,P4-O2,P4-O2
chb05,chb05_17,12,FP2-F8,FP2-F8
chb05,chb05_17,13,F8-T8,F8-T8
chb05,chb05_17,14,T8-P8-0,T8-P8-0
chb05,chb05_17,15,P8-O2,P8-O2
chb05,chb05_17,16,FZ-CZ,FZ-CZ
chb05,chb05_17,17,CZ-PZ,CZ-PZ
chb05,chb05_17,18,P7-T7,P7-T7
chb05,chb05_17,19,T7-FT9,T7-FT9
chb05,chb05_17,20,FT9-FT10,FT9-FT10
chb05,chb05_17,21,FT10-T8,FT10-T8
chb05,chb05_17,22,T8-P8-1,T8-P8-1
chb05,chb05_18,0,FP1-F7,FP1-F7
chb05,chb05_18,1,F7-T7,F7-T7
chb05,chb05_18,2,T7-P7,T7-P7
chb05,chb05_18,3,P7-O1,P7-O1
chb05,chb05_18,4,FP1-F3,FP1-F3
chb05,chb05_18,5,F3-C3,F3-C3
chb05,chb05_18,6,C3-P3,C3-P3
chb05,chb05_18,7,P3-O1,P3-O1
chb05,chb05_18,8,FP2-F4,FP2-F4
chb05,chb05_18,9,F4-C4,F4-C4
chb05,chb05_18,10,C4-P4,C4-P4
chb05,chb05_18,11,P4-O2,P4-O2
chb05,chb05_18,12,FP2-F8,FP2-F8
chb05,chb05_18,13,F8-T8,F8-T8
chb05,chb05_18,14,T8-P8-0,T8-P8-0
chb05,chb05_18,15,P8-O2,P8-O2
chb05,chb05_18,16,FZ-CZ,FZ-CZ
chb05,chb05_18,17,CZ-PZ,CZ-PZ
chb05,chb05_18,18,P7-T7,P7-T7
chb05,chb05_18,19,T7-FT9,T7-FT9
chb05,chb05_18,20,FT9-FT10,FT9-FT10
chb05,chb05_18,21,FT10-T8,FT10-T8
chb05,chb05_18,22,T8-P8-1,T8-P8-1
chb05,chb05_19,0,FP1-F7,FP1-F7
chb05,chb05_19,1,F7-T7,F7-T7
chb05,chb05_19,2,T7-P7,T7-P7
chb05,chb05_19,3,P7-O1,P7-O1
chb05,chb05_19,4,FP1-F3,FP1-F3
chb05,chb05_19,5,F3-C3,F3-C3
chb05,chb05_19,6,C3-P3,C3-P3
chb05,chb05_19,7,P3-O1,P3-O1
chb05,chb05_19,8,FP2-F4,FP2-F4
chb05,chb05_19,9,F4-C4,F4-C4
chb05,chb05_19,10,C4-P4,C4-P4
chb05,chb05_19,11,P4-O2,P4-O2
chb05,chb05_19,12,FP2-F8,FP2-F8
chb05,chb05_19,13,F8-T8,F8-T8
chb05,chb05_19,14,T8-P8-0,T8-P8-0
chb05,chb05_19,15,P8-O2,P8-O2
chb05,chb05_19,16,FZ-CZ,FZ-CZ
chb05,chb05_19,17,CZ-PZ,CZ-PZ
chb05,chb05_19,18,P7-T7,P7-T7
chb05,chb05_19,19,T7-FT9,T7-FT9
chb05,chb05_19,20,FT9-FT10,FT9-FT10
chb05,chb05_19,21,FT10-T8,FT10-T8
chb05,chb05_19,22,T8-P8-1,T8-P8-1
chb05,chb05_20,0,FP1-F7,FP1-F7
chb05,chb05_20,1,F7-T7,F7-T7
chb05,chb05_20,2,T7-P7,T7-P7
chb05,chb05_20,3,P7-O1,P7-O1
chb05,chb05_20,4,FP1-F3,FP1-F3
chb05,chb05_20,5,F3-C3,F3-C3
chb05,chb05_20,6,C3-P3,C3-P3
chb05,chb05_20,7,P3-O1,P3-O1
chb05,chb05_20,8,FP2-F4,FP2-F4
chb05,chb05_20,9,F4-C4,F4-C4
chb05,chb05_20,10,C4-P4,C4-P4
chb05,chb05_20,11,P4-O2,P4-O2
chb05,chb05_20,12,FP2-F8,FP2-F8
chb05,chb05_20,13,F8-T8,F8-T8
chb05,chb05_20,14,T8-P8-0,T8-P8-0
chb05,chb05_20,15,P8-O2,P8-O2
chb05,chb05_20,16,FZ-CZ,FZ-CZ
chb05,chb05_20,17,CZ-PZ,CZ-PZ
chb05,chb05_20,18,P7-T7,P7-T7
chb05,chb05_20,19,T7-FT9,T7-FT9
chb05,chb05_20,20,FT9-FT10,FT9-FT10
chb05,chb05_20,21,FT10-T8,FT10-T8
chb05,chb05_20,22,T8-P8-1,T8-P8-1
chb05,chb05_21,0,FP1-F7,FP1-F7
chb05,chb05_21,1,F7-T7,F7-T7
chb05,chb05_21,2,T7-P7,T7-P7
chb05,chb05_21,3,P7-O1,P7-O1
chb05,chb05_21,4,FP1-F3,FP1-F3
chb05,chb05_21,5,F3-C3,F3-C3
chb05,chb05_21,6,C3-P3,C3-P3
chb05,chb05_21,7,P3-O1,P3-O1
chb05,chb05_21,8,FP2-F4,FP2-F4
chb05,chb05_21,9,F4-C4,F4-C4
chb05,chb05_21,10,C4-P4,C4-P4
chb05,chb05_21,11,P4-O2,P4-O2
chb05,chb05_21,12,FP2-F8,FP2-F8
chb05,chb05_21,13,F8-T8,F8-T8
chb05,chb05_21,14,T8-P8-0,T8-P8-0
chb05,chb05_21,15,P8-O2,P8-O2
chb05,chb05_21,16,FZ-CZ,FZ-CZ
chb05,chb05_21,17,CZ-PZ,CZ-PZ
chb05,chb05_21,18,P7-T7,P7-T7
chb05,chb05_21,19,T7-FT9,T7-FT9
chb05,chb05_21,20,FT9-FT10,FT9-FT10
chb05,chb05_21,21,FT10-T8,FT10-T8
chb05,chb05_21,22,T8-P8-1,T8-P8-1
chb05,chb05_22,0,FP1-F7,FP1-F7
chb05,chb05_22,1,F7-T7,F7-T7
chb05,chb05_22,2,T7-P7,T7-P7
chb05,chb05_22,3,P7-O1,P7-O1
chb05,chb05_22,4,FP1-F3,FP1-F3
chb05,chb05_22,5,F3-C3,F3-C3
chb05,chb05_22,6,C3-P3,C3-P3
chb05,chb05_22,7,P3-O1,P3-O1
chb05,chb05_22,8,FP2-F4,FP2-F4
chb05,chb05_22,9,F4-C4,F4-C4
chb05,chb05_22,10,C4-P4,C4-P4
chb05,chb05_22,11,P4-O2,P4-O2
chb05,chb05_22,12,FP2-F8,FP2-F8
chb05,chb05_22,13,F8-T8,F8-T8
chb05,chb05_22,14,T8-P8-0,T8-P8-0
chb05,chb05_22,15,P8-O2,P8-O2
chb05,chb05_22,16,FZ-CZ,FZ-CZ
chb05,chb05_22,17,CZ-PZ,CZ-PZ
chb05,chb05_22,18,P7-T7,P7-T7
chb05,chb05_22,19,T7-FT9,T7-FT9
chb05,chb05_22,20,FT9-FT10,FT9-FT10
chb05,chb05_22,21,FT10-T8,FT10-T8
chb05,chb05_22,22,T8-P8-1,T8-P8-1
chb05,chb05_23,0,FP1-F7,FP1-F7
chb05,chb05_23,1,F7-T7,F7-T7
chb05,chb05_23,2,T7-P7,T7-P7
chb05,chb05_23,3,P7-O1,P7-O1
chb05,chb05_23,4,FP1-F3,FP1-F3
chb05,chb05_23,5,F3-C3,F3-C3
chb05,chb05_23,6,C3-P3,C3-P3
chb05,chb05_23,7,P3-O1,P3-O1
chb05,chb05_23,8,FP2-F4,FP2-F4
chb05,chb05_23,9,F4-C4,F4-C4
chb05,chb05_23,10,C4-P4,C4-P4
chb05,chb05_23,11,P4-O2,P4-O2
chb05,chb05_23,12,FP2-F8,FP2-F8
chb05,chb05_23,13,F8-T8,F8-T8
chb05,chb05_23,14,T8-P8-0,T8-P8-0
chb05,chb05_23,15,P8-O2,P8-O2
chb05,chb05_23,16,FZ-CZ,FZ-CZ
chb05,chb05_23,17,CZ-PZ,CZ-PZ
chb05,chb05_23,18,P7-T7,P7-T7
chb05,chb05_23,19,T7-FT9,T7-FT9
chb05,chb05_23,20,FT9-FT10,FT9-FT10
chb05,chb05_23,21,FT10-T8,FT10-T8
chb05,chb05_23,22,T8-P8-1,T8-P8-1
chb05,chb05_24,0,FP1-F7,FP1-F7
chb05,chb05_24,1,F7-T7,F7-T7
chb05,chb05_24,2,T7-P7,T7-P7
chb05,chb05_24,3,P7-O1,P7-O1
chb05,chb05_24,4,FP1-F3,FP1-F3
chb05,chb05_24,5,F3-C3,F3-C3
chb05,chb05_24,6,C3-P3,C3-P3
chb05,chb05_24,7,P3-O1,P3-O1
chb05,chb05_24,8,FP2-F4,FP2-F4
chb05,chb05_24,9,F4-C4,F4-C4
chb05,chb05_24,10,C4-P4,C4-P4
chb05,chb05_24,11,P4-O2,P4-O2
chb05,chb05_24,12,FP2-F8,FP2-F8
chb05,chb05_24,13,F8-T8,F8-T8
chb05,chb05_24,14,T8-P8-0,T8-P8-0
chb05,chb05_24,15,P8-O2,P8-O2
chb05,chb05_24,16,FZ-CZ,FZ-CZ
chb05,chb05_24,17,CZ-PZ,CZ-PZ
chb05,chb05_24,18,P7-T7,P7-T7
chb05,chb05_24,19,T7-FT9,T7-FT9
chb05,chb05_24,20,FT9-FT10,FT9-FT10
chb05,chb05_24,21,FT10-T8,FT10-T8
chb05,chb05_24,22,T8-P8-1,T8-P8-1
chb05,chb05_25,0,FP1-F7,FP1-F7
chb05,chb05_25,1,F7-T7,F7-T7
chb05,chb05_25,2,T7-P7,T7-P7
chb05,chb05_25,3,P7-O1,P7-O1
chb05,chb05_25,4,FP1-F3,FP1-F3
chb05,chb05_25,5,F3-C3,F3-C3
chb05,chb05_25,6,C3-P3,C3-P3
chb05,chb05_25,7,P3-O1,P3-O1
chb05,chb05_25,8,FP2-F4,FP2-F4
chb05,chb05_25,9,F4-C4,F4-C4
chb05,chb05_25,10,C4-P4,C4-P4
chb05,chb05_25,11,P4-O2,P4-O2
chb05,chb05_25,12,FP2-F8,FP2-F8
chb05,chb05_25,13,F8-T8,F8-T8
chb05,chb05_25,14,T8-P8-0,T8-P8-0
chb05,chb05_25,15,P8-O2,P8-O2
chb05,chb05_25,16,FZ-CZ,FZ-CZ
chb05,chb05_25,17,CZ-PZ,CZ-PZ
chb05,chb05_25,18,P7-T7,P7-T7
chb05,chb05_25,19,T7-FT9,T7-FT9
chb05,chb05_25,20,FT9-FT10,FT9-FT10
chb05,chb05_25,21,FT10-T8,FT10-T8
chb05,chb05_25,22,T8-P8-1,T8-P8-1
chb05,chb05_26,0,FP1-F7,FP1-F7
chb05,chb05_26,1,F7-T7,F7-T7
chb05,chb05_26,2,T7-P7,T7-P7
chb05,chb05_26,3,P7-O1,P7-O1
chb05,chb05_26,4,FP1-F3,FP1-F3
chb05,chb05_26,5,F3-C3,F3-C3
chb05,chb05_26,6,C3-P3,C3-P3
chb05,chb05_26,7,P3-O1,P3-O1
chb05,chb05_26,8,FP2-F4,FP2-F4
chb05,chb05_26,9,F4-C4,F4-C4
chb05,chb05_26,10,C4-P4,C4-P4
chb05,chb05_26,11,P4-O2,P4-O2
chb05,chb05_26,12,FP2-F8,FP2-F8
chb05,chb05_26,13,F8-T8,F8-T8
chb05,chb05_26,14,T8-P8-0,T8-P8-0
chb05,chb05_26,15,P8-O2,P8-O2
chb05,chb05_26,16,FZ-CZ,FZ-CZ
chb05,chb05_26,17,CZ-PZ,CZ-PZ
chb05,chb05_26,18,P7-T7,P7-T7
chb05,chb05_26,19,T7-FT9,T7-FT9
chb05,chb05_26,20,FT9-FT10,FT9-FT10
chb05,chb05_26,21,FT10-T8,FT10-T8
chb05,chb05_26,22,T8-P8-1,T8-P8-1
chb05,chb05_27,0,FP1-F7,FP1-F7
chb05,chb05_27,1,F7-T7,F7-T7
chb05,chb05_27,2,T7-P7,T7-P7
chb05,chb05_27,3,P7-O1,P7-O1
chb05,chb05_27,4,FP1-F3,FP1-F3
chb05,chb05_27,5,F3-C3,F3-C3
chb05,chb05_27,6,C3-P3,C3-P3
chb05,chb05_27,7,P3-O1,P3-O1
chb05,chb05_27,8,FP2-F4,FP2-F4
chb05,chb05_27,9,F4-C4,F4-C4
chb05,chb05_27,10,C4-P4,C4-P4
chb05,chb05_27,11,P4-O2,P4-O2
chb05,chb05_27,12,FP2-F8,FP2-F8
chb05,chb05_27,13,F8-T8,F8-T8
chb05,chb05_27,14,T8-P8-0,T8-P8-0
chb05,chb05_27,15,P8-O2,P8-O2
chb05,chb05_27,16,FZ-CZ,FZ-CZ
chb05,chb05_27,17,CZ-PZ,CZ-PZ
chb05,chb05_27,18,P7-T7,P7-T7
chb05,chb05_27,19,T7-FT9,T7-FT9
chb05,chb05_27,20,FT9-FT10,FT9-FT10
chb05,chb05_27,21,FT10-T8,FT10-T8
chb05,chb05_27,22,T8-P8-1,T8-P8-1
chb05,chb05_28,0,FP1-F7,FP1-F7
chb05,chb05_28,1,F7-T7,F7-T7
chb05,chb05_28,2,T7-P7,T7-P7
chb05,chb05_28,3,P7-O1,P7-O1
chb05,chb05_28,4,FP1-F3,FP1-F3
chb05,chb05_28,5,F3-C3,F3-C3
chb05,chb05_28,6,C3-P3,C3-P3
chb05,chb05_28,7,P3-O1,P3-O1
chb05,chb05_28,8,FP2-F4,FP2-F4
chb05,chb05_28,9,F4-C4,F4-C4
chb05,chb05_28,10,C4-P4,C4-P4
chb05,chb05_28,11,P4-O2,P4-O2
chb05,chb05_28,12,FP2-F8,FP2-F8
chb05,chb05_28,13,F8-T8,F8-T8
chb05,chb05_28,14,T8-P8-0,T8-P8-0
chb05,chb05_28,15,P8-O2,P8-O2
chb05,chb05_28,16,FZ-CZ,FZ-CZ
chb05,chb05_28,17,CZ-PZ,CZ-PZ
chb05,chb05_28,18,P7-T7,P7-T7
chb05,chb05_28,19,T7-FT9,T7-FT9
chb05,chb05_28,20,FT9-FT10,FT9-FT10
chb05,chb05_28,21,FT10-T8,FT10-T8
chb05,chb05_28,22,T8-P8-1,T8-P8-1
chb05,chb05_29,0,FP1-F7,FP1-F7
chb05,chb05_29,1,F7-T7,F7-T7
chb05,chb05_29,2,T7-P7,T7-P7
chb05,chb05_29,3,P7-O1,P7-O1
chb05,chb05_29,4,FP1-F3,FP1-F3
chb05,chb05_29,5,F3-C3,F3-C3
chb05,chb05_29,6,C3-P3,C3-P3
chb05,chb05_29,7,P3-O1,P3-O1
chb05,chb05_29,8,FP2-F4,FP2-F4
chb05,chb05_29,9,F4-C4,F4-C4
chb05,chb05_29,10,C4-P4,C4-P4
chb05,chb05_29,11,P4-O2,P4-O2
chb05,chb05_29,12,FP2-F8,FP2-F8
chb05,chb05_29,13,F8-T8,F8-T8
chb05,chb05_29,14,T8-P8-0,T8-P8-0
chb05,chb05_29,15,P8-O2,P8-O2
chb05,chb05_29,16,FZ-CZ,FZ-CZ
chb05,chb05_29,17,CZ-PZ,CZ-PZ
chb05,chb05_29,18,P7-T7,P7-T7
chb05,chb05_29,19,T7-FT9,T7-FT9
chb05,chb05_29,20,FT9-FT10,FT9-FT10
chb05,chb05_29,21,FT10-T8,FT10-T8
chb05,chb05_29,22,T8-P8-1,T8-P8-1
chb05,chb05_30,0,FP1-F7,FP1-F7
chb05,chb05_30,1,F7-T7,F7-T7
chb05,chb05_30,2,T7-P7,T7-P7
chb05,chb05_30,3,P7-O1,P7-O1
chb05,chb05_30,4,FP1-F3,FP1-F3
chb05,chb05_30,5,F3-C3,F3-C3
chb05,chb05_30,6,C3-P3,C3-P3
chb05,chb05_30,7,P3-O1,P3-O1
chb05,chb05_30,8,FP2-F4,FP2-F4
chb05,chb05_30,9,F4-C4,F4-C4
chb05,chb05_30,10,C4-P4,C4-P4
chb05,chb05_30,11,P4-O2,P4-O2
chb05,chb05_30,12,FP2-F8,FP2-F8
chb05,chb05_30,13,F8-T8,F8-T8
chb05,chb05_30,14,T8-P8-0,T8-P8-0
chb05,chb05_30,15,P8-O2,P8-O2
chb05,chb05_30,16,FZ-CZ,FZ-CZ
chb05,chb05_30,17,CZ-PZ,CZ-PZ
chb05,chb05_30,18,P7-T7,P7-T7
chb05,chb05_30,19,T7-FT9,T7-FT9
chb05,chb05_30,20,FT9-FT10,FT9-FT10
chb05,chb05_30,21,FT10-T8,FT10-T8
chb05,chb05_30,22,T8-P8-1,T8-P8-1
chb05,chb05_31,0,FP1-F7,FP1-F7
chb05,chb05_31,1,F7-T7,F7-T7
chb05,chb05_31,2,T7-P7,T7-P7
chb05,chb05_31,3,P7-O1,P7-O1
chb05,chb05_31,4,FP1-F3,FP1-F3
chb05,chb05_31,5,F3-C3,F3-C3
chb05,chb05_31,6,C3-P3,C3-P3
chb05,chb05_31,7,P3-O1,P3-O1
chb05,chb05_31,8,FP2-F4,FP2-F4
chb05,chb05_31,9,F4-C4,F4-C4
chb05,chb05_31,10,C4-P4,C4-P4
chb05,chb05_31,11,P4-O2,P4-O2
chb05,chb05_31,12,FP2-F8,FP2-F8
chb05,chb05_31,13,F8-T8,F8-T8
chb05,chb05_31,14,T8-P8-0,T8-P8-0
chb05,chb05_31,15,P8-O2,P8-O2
chb05,chb05_31,16,FZ-CZ,FZ-CZ
chb05,chb05_31,17,CZ-PZ,CZ-PZ
chb05,chb05_31,18,P7-T7,P7-T7
chb05,chb05_31,19,T7-FT9,T7-FT9
chb05,chb05_31,20,FT9-FT10,FT9-FT10
chb05,chb05_31,21,FT10-T8,FT10-T8
chb05,chb05_31,22,T8-P8-1,T8-P8-1
chb05,chb05_32,0,FP1-F7,FP1-F7
chb05,chb05_32,1,F7-T7,F7-T7
chb05,chb05_32,2,T7-P7,T7-P7
chb05,chb05_32,3,P7-O1,P7-O1
chb05,chb05_32,4,FP1-F3,FP1-F3
chb05,chb05_32,5,F3-C3,F3-C3
chb05,chb05_32,6,C3-P3,C3-P3
chb05,chb05_32,7,P3-O1,P3-O1
chb05,chb05_32,8,FP2-F4,FP2-F4
chb05,chb05_32,9,F4-C4,F4-C4
chb05,chb05_32,10,C4-P4,C4-P4
chb05,chb05_32,11,P4-O2,P4-O2
chb05,chb05_32,12,FP2-F8,FP2-F8
chb05,chb05_32,13,F8-T8,F8-T8
chb05,chb05_32,14,T8-P8-0,T8-P8-0
chb05,chb05_32,15,P8-O2,P8-O2
chb05,chb05_32,16,FZ-CZ,FZ-CZ
chb05,chb05_32,17,CZ-PZ,CZ-PZ
chb05,chb05_32,18,P7-T7,P7-T7
chb05,chb05_32,19,T7-FT9,T7-FT9
chb05,chb05_32,20,FT9-FT10,FT9-FT10
chb05,chb05_32,21,FT10-T8,FT10-T8
chb05,chb05_32,22,T8-P8-1,T8-P8-1
chb05,chb05_33,0,FP1-F7,FP1-F7
chb05,chb05_33,1,F7-T7,F7-T7
chb05,chb05_33,2,T7-P7,T7-P7
chb05,chb05_33,3,P7-O1,P7-O1
chb05,chb05_33,4,FP1-F3,FP1-F3
chb05,chb05_33,5,F3-C3,F3-C3
chb05,chb05_33,6,C3-P3,C3-P3
chb05,chb05_33,7,P3-O1,P3-O1
chb05,chb05_33,8,FP2-F4,FP2-F4
chb05,chb05_33,9,F4-C4,F4-C4
chb05,chb05_33,10,C4-P4,C4-P4
chb05,chb05_33,11,P4-O2,P4-O2
chb05,chb05_33,12,FP2-F8,FP2-F8
chb05,chb05_33,13,F8-T8,F8-T8
chb05,chb05_33,14,T8-P8-0,T8-P8-0
chb05,chb05_33,15,P8-O2,P8-O2
chb05,chb05_33,16,FZ-CZ,FZ-CZ
chb05,chb05_33,17,CZ-PZ,CZ-PZ
chb05,chb05_33,18,P7-T7,P7-T7
chb05,chb05_33,19,T7-FT9,T7-FT9
chb05,chb05_33,20,FT9-FT10,FT9-FT10
chb05,chb05_33,21,FT10-T8,FT10-T8
chb05,chb05_33,22,T8-P8-1,T8-P8-1
chb05,chb05_34,0,FP1-F7,FP1-F7
chb05,chb05_34,1,F7-T7,F7-T7
chb05,chb05_34,2,T7-P7,T7-P7
chb05,chb05_34,3,P7-O1,P7-O1
chb05,chb05_34,4,FP1-F3,FP1-F3
chb05,chb05_34,5,F3-C3,F3-C3
chb05,chb05_34,6,C3-P3,C3-P3
chb05,chb05_34,7,P3-O1,P3-O1
chb05,chb05_34,8,FP2-F4,FP2-F4
chb05,chb05_34,9,F4-C4,F4-C4
chb05,chb05_34,10,C4-P4,C4-P4
chb05,chb05_34,11,P4-O2,P4-O2
chb05,chb05_34,12,FP2-F8,FP2-F8
chb05,chb05_34,13,F8-T8,F8-T8
chb05,chb05_34,14,T8-P8-0,T8-P8-0
chb05,chb05_34,15,P8-O2,P8-O2
chb05,chb05_34,16,FZ-CZ,FZ-CZ
chb05,chb05_34,17,CZ-PZ,CZ-PZ
chb05,chb05_34,18,P7-T7,P7-T7
chb05,chb05_34,19,T7-FT9,T7-FT9
chb05,chb05_34,20,FT9-FT10,FT9-FT10
chb05,chb05_34,21,FT10-T8,FT10-T8
chb05,chb05_34,22,T8-P8-1,T8-P8-1
chb05,chb05_35,0,FP1-F7,FP1-F7
chb05,chb05_35,1,F7-T7,F7-T7
chb05,chb05_35,2,T7-P7,T7-P7
chb05,chb05_35,3,P7-O1,P7-O1
chb05,chb05_35,4,FP1-F3,FP1-F3
chb05,chb05_35,5,F3-C3,F3-C3
chb05,chb05_35,6,C3-P3,C3-P3
chb05,chb05_35,7,P3-O1,P3-O1
chb05,chb05_35,8,FP2-F4,FP2-F4
chb05,chb05_35,9,F4-C4,F4-C4
chb05,chb05_35,10,C4-P4,C4-P4
chb05,chb05_35,11,P4-O2,P4-O2
chb05,chb05_35,12,FP2-F8,FP2-F8
chb05,chb05_35,13,F8-T8,F8-T8
chb05,chb05_35,14,T8-P8-0,T8-P8-0
chb05,chb05_35,15,P8-O2,P8-O2
chb05,chb05_35,16,FZ-CZ,FZ-CZ
chb05,chb05_35,17,CZ-PZ,CZ-PZ
chb05,chb05_35,18,P7-T7,P7-T7
chb05,chb05_35,19,T7-FT9,T7-FT9
chb05,chb05_35,20,FT9-FT10,FT9-FT10
chb05,chb05_35,21,FT10-T8,FT10-T8
chb05,chb05_35,22,T8-P8-1,T8-P8-1
chb05,chb05_36,0,FP1-F7,FP1-F7
chb05,chb05_36,1,F7-T7,F7-T7
chb05,chb05_36,2,T7-P7,T7-P7
chb05,chb05_36,3,P7-O1,P7-O1
chb05,chb05_36,4,FP1-F3,FP1-F3
chb05,chb05_36,5,F3-C3,F3-C3
chb05,chb05_36,6,C3-P3,C3-P3
chb05,chb05_36,7,P3-O1,P3-O1
chb05,chb05_36,8,FP2-F4,FP2-F4
chb05,chb05_36,9,F4-C4,F4-C4
chb05,chb05_36,10,C4-P4,C4-P4
chb05,chb05_36,11,P4-O2,P4-O2
chb05,chb05_36,12,FP2-F8,FP2-F8
chb05,chb05_36,13,F8-T8,F8-T8
chb05,chb05_36,14,T8-P8-0,T8-P8-0
chb05,chb05_36,15,P8-O2,P8-O2
chb05,chb05_36,16,FZ-CZ,FZ-CZ
chb05,chb05_36,17,CZ-PZ,CZ-PZ
chb05,chb05_36,18,P7-T7,P7-T7
chb05,chb05_36,19,T7-FT9,T7-FT9
chb05,chb05_36,20,FT9-FT10,FT9-FT10
chb05,chb05_36,21,FT10-T8,FT10-T8
chb05,chb05_36,22,T8-P8-1,T8-P8-1
chb05,chb05_37,0,FP1-F7,FP1-F7
chb05,chb05_37,1,F7-T7,F7-T7
chb05,chb05_37,2,T7-P7,T7-P7
chb05,chb05_37,3,P7-O1,P7-O1
chb05,chb05_37,4,FP1-F3,FP1-F3
chb05,chb05_37,5,F3-C3,F3-C3
chb05,chb05_37,6,C3-P3,C3-P3
chb05,chb05_37,7,P3-O1,P3-O1
chb05,chb05_37,8,FP2-F4,FP2-F4
chb05,chb05_37,9,F4-C4,F4-C4
chb05,chb05_37,10,C4-P4,C4-P4
chb05,chb05_37,11,P4-O2,P4-O2
chb05,chb05_37,12,FP2-F8,FP2-F8
chb05,chb05_37,13,F8-T8,F8-T8
chb05,chb05_37,14,T8-P8-0,T8-P8-0
chb05,chb05_37,15,P8-O2,P8-O2
chb05,chb05_37,16,FZ-CZ,FZ-CZ
chb05,chb05_37,17,CZ-PZ,CZ-PZ
chb05,chb05_37,18,P7-T7,P7-T7
chb05,chb05_37,19,T7-FT9,T7-FT9
chb05,chb05_37,20,FT9-FT10,FT9-FT10
chb05,chb05_37,21,FT10-T8,FT10-T8
chb05,chb05_37,22,T8-P8-1,T8-P8-1
chb05,chb05_38,0,FP1-F7,FP1-F7
chb05,chb05_38,1,F7-T7,F7-T7
chb05,chb05_38,2,T7-P7,T7-P7
chb05,chb05_38,3,P7-O1,P7-O1
chb05,chb05_38,4,FP1-F3,FP1-F3
chb05,chb05_38,5,F3-C3,F3-C3
chb05,chb05_38,6,C3-P3,C3-P3
chb05,chb05_38,7,P3-O1,P3-O1
chb05,chb05_38,8,FP2-F4,FP2-F4
chb05,chb05_38,9,F4-C4,F4-C4
chb05,chb05_38,10,C4-P4,C4-P4
chb05,chb05_38,11,P4-O2,P4-O2
chb05,chb05_38,12,FP2-F8,FP2-F8
chb05,chb05_38,13,F8-T8,F8-T8
chb05,chb05_38,14,T8-P8-0,T8-P8-0
chb05,chb05_38,15,P8-O2,P8-O2
chb05,chb05_38,16,FZ-CZ,FZ-CZ
chb05,chb05_38,17,CZ-PZ,CZ-PZ
chb05,chb05_38,18,P7-T7,P7-T7
chb05,chb05_38,19,T7-FT9,T7-FT9
chb05,chb05_38,20,FT9-FT10,FT9-FT10
chb05,chb05_38,21,FT10-T8,FT10-T8
chb05,chb05_38,22,T8-P8-1,T8-P8-1
chb05,chb05_39,0,FP1-F7,FP1-F7
chb05,chb05_39,1,F7-T7,F7-T7
chb05,chb05_39,2,T7-P7,T7-P7
chb05,chb05_39,3,P7-O1,P7-O1
chb05,chb05_39,4,FP1-F3,FP1-F3
chb05,chb05_39,5,F3-C3,F3-C3
chb05,chb05_39,6,C3-P3,C3-P3
chb05,chb05_39,7,P3-O1,P3-O1
chb05,chb05_39,8,FP2-F4,FP2-F4
chb05,chb05_39,9,F4-C4,F4-C4
chb05,chb05_39,10,C4-P4,C4-P4
chb05,chb05_39,11,P4-O2,P4-O2
chb05,chb05_39,12,FP2-F8,FP2-F8
chb05,chb05_39,13,F8-T8,F8-T8
chb05,chb05_39,14,T8-P8-0,T8-P8-0
chb05,chb05_39,15,P8-O2,P8-O2
chb05,chb05_39,16,FZ-CZ,FZ-CZ
chb05,chb05_39,17,CZ-PZ,CZ-PZ
chb05,chb05_39,18,P7-T7,P7-T7
chb05,chb05_39,19,T7-FT9,T7-FT9
chb05,chb05_39,20,FT9-FT10,FT9-FT10
chb05,chb05_39,21,FT10-T8,FT10-T8
chb05,chb05_39,22,T8-P8-1,T8-P8-1
chb06,chb06_01,0,FP1-F7,FP1-F7
chb06,chb06_01,1,F7-T7,F7-T7
chb06,chb06_01,2,T7-P7,T7-P7
chb06,chb06_01,3,P7-O1,P7-O1
chb06,chb06_01,4,FP1-F3,FP1-F3
chb06,chb06_01,5,F3-C3,F3-C3
chb06,chb06_01,6,C3-P3,C3-P3
chb06,chb06_01,7,P3-O1,P3-O1
chb06,chb06_01,8,FP2-F4,FP2-F4
chb06,chb06_01,9,F4-C4,F4-C4
chb06,chb06_01,10,C4-P4,C4-P4
chb06,chb06_01,11,P4-O2,P4-O2
chb06,chb06_01,12,FP2-F8,FP2-F8
chb06,chb06_01,13,F8-T8,F8-T8
chb06,chb06_01,14,T8-P8-0,T8-P8-0
chb06,chb06_01,15,P8-O2,P8-O2
chb06,chb06_01,16,FZ-CZ,FZ-CZ
chb06,chb06_01,17,CZ-PZ,CZ-PZ
chb06,chb06_01,18,P7-T7,P7-T7
chb06,chb06_01,19,T7-FT9,T7-FT9
chb06,chb06_01,20,FT9-FT10,FT9-FT10
chb06,chb06_01,21,FT10-T8,FT10-T8
chb06,chb06_01,22,T8-P8-1,T8-P8-1
chb06,chb06_02,0,FP1-F7,FP1-F7
chb06,chb06_02,1,F7-T7,F7-T7
chb06,chb06_02,2,T7-P7,T7-P7
chb06,chb06_02,3,P7-O1,P7-O1
chb06,chb06_02,4,FP1-F3,FP1-F3
chb06,chb06_02,5,F3-C3,F3-C3
chb06,chb06_02,6,C3-P3,C3-P3
chb06,chb06_02,7,P3-O1,P3-O1
chb06,chb06_02,8,FP2-F4,FP2-F4
chb06,chb06_02,9,F4-C4,F4-C4
chb06,chb06_02,10,C4-P4,C4-P4
chb06,chb06_02,11,P4-O2,P4-O2
chb06,chb06_02,12,FP2-F8,FP2-F8
chb06,chb06_02,13,F8-T8,F8-T8
chb06,chb06_02,14,T8-P8-0,T8-P8-0
chb06,chb06_02,15,P8-O2,P8-O2
chb06,chb06_02,16,FZ-CZ,FZ-CZ
chb06,chb06_02,17,CZ-PZ,CZ-PZ
chb06,chb06_02,18,P7-T7,P7-T7
chb06,chb06_02,19,T7-FT9,T7-FT9
chb06,chb06_02,20,FT9-FT10,FT9-FT10
chb06,chb06_02,21,FT10-T8,FT10-T8
chb06,chb06_02,22,T8-P8-1,T8-P8-1
chb06,chb06_03,0,FP1-F7,FP1-F7
chb06,chb06_03,1,F7-T7,F7-T7
chb06,chb06_03,2,T7-P7,T7-P7
chb06,chb06_03,3,P7-O1,P7-O1
chb06,chb06_03,4,FP1-F3,FP1-F3
chb06,chb06_03,5,F3-C3,F3-C3
chb06,chb06_03,6,C3-P3,C3-P3
chb06,chb06_03,7,P3-O1,P3-O1
chb06,chb06_03,8,FP2-F4,FP2-F4
chb06,chb06_03,9,F4-C4,F4-C4
chb06,chb06_03,10,C4-P4,C4-P4
chb06,chb06_03,11,P4-O2,P4-O2
chb06,chb06_03,12,FP2-F8,FP2-F8
chb06,chb06_03,13,F8-T8,F8-T8
chb06,chb06_03,14,T8-P8-0,T8-P8-0
chb06,chb06_03,15,P8-O2,P8-O2
chb06,chb06_03,16,FZ-CZ,FZ-CZ
chb06,chb06_03,17,CZ-PZ,CZ-PZ
chb06,chb06_03,18,P7-T7,P7-T7
chb06,chb06_03,19,T7-FT9,T7-FT9
chb06,chb06_03,20,FT9-FT10,FT9-FT10
chb06,chb06_03,21,FT10-T8,FT10-T8
chb06,chb06_03,22,T8-P8-1,T8-P8-1
chb06,chb06_04,0,FP1-F7,FP1-F7
chb06,chb06_04,1,F7-T7,F7-T7
chb06,chb06_04,2,T7-P7,T7-P7
chb06,chb06_04,3,P7-O1,P7-O1
chb06,chb06_04,4,FP1-F3,FP1-F3
chb06,chb06_04,5,F3-C3,F3-C3
chb06,chb06_04,6,C3-P3,C3-P3
chb06,chb06_04,7,P3-O1,P3-O1
chb06,chb06_04,8,FP2-F4,FP2-F4
chb06,chb06_04,9,F4-C4,F4-C4
chb06,chb06_04,10,C4-P4,C4-P4
chb06,chb06_04,11,P4-O2,P4-O2
chb06,chb06_04,12,FP2-F8,FP2-F8
chb06,chb06_04,13,F8-T8,F8-T8
chb06,chb06_04,14,T8-P8-0,T8-P8-0
chb06,chb06_04,15,P8-O2,P8-O2
chb06,chb06_04,16,FZ-CZ,FZ-CZ
chb06,chb06_04,17,CZ-PZ,CZ-PZ
chb06,chb06_04,18,P7-T7,P7-T7
chb06,chb06_04,19,T7-FT9,T7-FT9
chb06,chb06_04,20,FT9-FT10,FT9-FT10
chb06,chb06_04,21,FT10-T8,FT10-T8
chb06,chb06_04,22,T8-P8-1,T8-P8-1
chb06,chb06_05,0,FP1-F7,FP1-F7
chb06,chb06_05,1,F7-T7,F7-T7
chb06,chb06_05,2,T7-P7,T7-P7
chb06,chb06_05,3,P7-O1,P7-O1
chb06,chb06_05,4,FP1-F3,FP1-F3
chb06,chb06_05,5,F3-C3,F3-C3
chb06,chb06_05,6,C3-P3,C3-P3
chb06,chb06_05,7,P3-O1,P3-O1
chb06,chb06_05,8,FP2-F4,FP2-F4
chb06,chb06_05,9,F4-C4,F4-C4
chb06,chb06_05,10,C4-P4,C4-P4
chb06,chb06_05,11,P4-O2,P4-O2
chb06,chb06_05,12,FP2-F8,FP2-F8
chb06,chb06_05,13,F8-T8,F8-T8
chb06,chb06_05,14,T8-P8-0,T8-P8-0
chb06,chb06_05,15,P8-O2,P8-O2
chb06,chb06_05,16,FZ-CZ,FZ-CZ
chb06,chb06_05,17,CZ-PZ,CZ-PZ
chb06,chb06_05,18,P7-T7,P7-T7
chb06,chb06_05,19,T7-FT9,T7-FT9
chb06,chb06_05,20,FT9-FT10,FT9-FT10
chb06,chb06_05,21,FT10-T8,FT10-T8
chb06,chb06_05,22,T8-P8-1,T8-P8-1
chb06,chb06_06,0,FP1-F7,FP1-F7
chb06,chb06_06,1,F7-T7,F7-T7
chb06,chb06_06,2,T7-P7,T7-P7
chb06,chb06_06,3,P7-O1,P7-O1
chb06,chb06_06,4,FP1-F3,FP1-F3
chb06,chb06_06,5,F3-C3,F3-C3
chb06,chb06_06,6,C3-P3,C3-P3
chb06,chb06_06,7,P3-O1,P3-O1
chb06,chb06_06,8,FP2-F4,FP2-F4
chb06,chb06_06,9,F4-C4,F4-C4
chb06,chb06_06,10,C4-P4,C4-P4
chb06,chb06_06,11,P4-O2,P4-O2
chb06,chb06_06,12,FP2-F8,FP2-F8
chb06,chb06_06,13,F8-T8,F8-T8
chb06,chb06_06,14,T8-P8-0,T8-P8-0
chb06,chb06_06,15,P8-O2,P8-O2
chb06,chb06_06,16,FZ-CZ,FZ-CZ
chb06,chb06_06,17,CZ-PZ,CZ-PZ
chb06,chb06_06,18,P7-T7,P7-T7
chb06,chb06_06,19,T7-FT9,T7-FT9
chb06,chb06_06,20,FT9-FT10,FT9-FT10
chb06,chb06_06,21,FT10-T8,FT10-T8
chb06,chb06_06,22,T8-P8-1,T8-P8-1
chb06,chb06_07,0,FP1-F7,FP1-F7
chb06,chb06_07,1,F7-T7,F7-T7
chb06,chb06_07,2,T7-P7,T7-P7
chb06,chb06_07,3,P7-O1,P7-O1
chb06,chb06_07,4,FP1-F3,FP1-F3
chb06,chb06_07,5,F3-C3,F3-C3
chb06,chb06_07,6,C3-P3,C3-P3
chb06,chb06_07,7,P3-O1,P3-O1
chb06,chb06_07,8,FP2-F4,FP2-F4
chb06,chb06_07,9,F4-C4,F4-C4
chb06,chb06_07,10,C4-P4,C4-P4
chb06,chb06_07,11,P4-O2,P4-O2
chb06,chb06_07,12,FP2-F8,FP2-F8
chb06,chb06_07,13,F8-T8,F8-T8
chb06,chb06_07,14,T8-P8-0,T8-P8-0
chb06,chb06_07,15,P8-O2,P8-O2
chb06,chb06_07,16,FZ-CZ,FZ-CZ
chb06,chb06_07,17,CZ-PZ,CZ-PZ
chb06,chb06_07,18,P7-T7,P7-T7
chb06,chb06_07,19,T7-FT9,T7-FT9
chb06,chb06_07,20,FT9-FT10,FT9-FT10
chb06,chb06_07,21,FT10-T8,FT10-T8
chb06,chb06_07,22,T8-P8-1,T8-P8-1
chb06,chb06_08,0,FP1-F7,FP1-F7
chb06,chb06_08,1,F7-T7,F7-T7
chb06,chb06_08,2,T7-P7,T7-P7
chb06,chb06_08,3,P7-O1,P7-O1
chb06,chb06_08,4,FP1-F3,FP1-F3
chb06,chb06_08,5,F3-C3,F3-C3
chb06,chb06_08,6,C3-P3,C3-P3
chb06,chb06_08,7,P3-O1,P3-O1
chb06,chb06_08,8,FP2-F4,FP2-F4
chb06,chb06_08,9,F4-C4,F4-C4
chb06,chb06_08,10,C4-P4,C4-P4
chb06,chb06_08,11,P4-O2,P4-O2
chb06,chb06_08,12,FP2-F8,FP2-F8
chb06,chb06_08,13,F8-T8,F8-T8
chb06,chb06_08,14,T8-P8-0,T8-P8-0
chb06,chb06_08,15,P8-O2,P8-O2
chb06,chb06_08,16,FZ-CZ,FZ-CZ
chb06,chb06_08,17,CZ-PZ,CZ-PZ
chb06,chb06_08,18,P7-T7,P7-T7
chb06,chb06_08,19,T7-FT9,T7-FT9
chb06,chb06_08,20,FT9-FT10,FT9-FT10
chb06,chb06_08,21,FT10-T8,FT10-T8
chb06,chb06_08,22,T8-P8-1,T8-P8-1
chb06,chb06_09,0,FP1-F7,FP1-F7
chb06,chb06_09,1,F7-T7,F7-T7
chb06,chb06_09,2,T7-P7,T7-P7
chb06,chb06_09,3,P7-O1,P7-O1
chb06,chb06_09,4,FP1-F3,FP1-F3
chb06,chb06_09,5,F3-C3,F3-C3
chb06,chb06_09,6,C3-P3,C3-P3
chb06,chb06_09,7,P3-O1,P3-O1
chb06,chb06_09,8,FP2-F4,FP2-F4
chb06,chb06_09,9,F4-C4,F4-C4
chb06,chb06_09,10,C4-P4,C4-P4
chb06,chb06_09,11,P4-O2,P4-O2
chb06,chb06_09,12,FP2-F8,FP2-F8
chb06,chb06_09,13,F8-T8,F8-T8
chb06,chb06_09,14,T8-P8-0,T8-P8-0
chb06,chb06_09,15,P8-O2,P8-O2
chb06,chb06_09,16,FZ-CZ,FZ-CZ
chb06,chb06_09,17,CZ-PZ,CZ-PZ
chb06,chb06_09,18,P7-T7,P7-T7
chb06,chb06_09,19,T7-FT9,T7-FT9
chb06,chb06_09,20,FT9-FT10,FT9-FT10
chb06,chb06_09,21,FT10-T8,FT10-T8
chb06,chb06_09,22,T8-P8-1,T8-P8-1
chb06,chb06_10,0,FP1-F7,FP1-F7
chb06,chb06_10,1,F7-T7,F7-T7
chb06,chb06_10,2,T7-P7,T7-P7
chb06,chb06_10,3,P7-O1,P7-O1
chb06,chb06_10,4,FP1-F3,FP1-F3
chb06,chb06_10,5,F3-C3,F3-C3
chb06,chb06_10,6,C3-P3,C3-P3
chb06,chb06_10,7,P3-O1,P3-O1
chb06,chb06_10,8,FP2-F4,FP2-F4
chb06,chb06_10,9,F4-C4,F4-C4
chb06,chb06_10,10,C4-P4,C4-P4
chb06,chb06_10,11,P4-O2,P4-O2
chb06,chb06_10,12,FP2-F8,FP2-F8
chb06,chb06_10,13,F8-T8,F8-T8
chb06,chb06_10,14,T8-P8-0,T8-P8-0
chb06,chb06_10,15,P8-O2,P8-O2
chb06,chb06_10,16,FZ-CZ,FZ-CZ
chb06,chb06_10,17,CZ-PZ,CZ-PZ
chb06,chb06_10,18,P7-T7,P7-T7
chb06,chb06_10,19,T7-FT9,T7-FT9
chb06,chb06_10,20,FT9-FT10,FT9-FT10
chb06,chb06_10,21,FT10-T8,FT10-T8
chb06,chb06_10,22,T8-P8-1,T8-P8-1
chb06,chb06_12,0,FP1-F7,FP1-F7
chb06,chb06_12,1,F7-T7,F7-T7
chb06,chb06_12,2,T7-P7,T7-P7
chb06,chb06_12,3,P7-O1,P7-O1
chb06,chb06_12,4,FP1-F3,FP1-F3
chb06,chb06_12,5,F3-C3,F3-C3
chb06,chb06_12,6,C3-P3,C3-P3
chb06,chb06_12,7,P3-O1,P3-O1
chb06,chb06_12,8,FP2-F4,FP2-F4
chb06,chb06_12,9,F4-C4,F4-C4
chb06,chb06_12,10,C4-P4,C4-P4
chb06,chb06_12,11,P4-O2,P4-O2
chb06,chb06_12,12,FP2-F8,FP2-F8
chb06,chb06_12,13,F8-T8,F8-T8
chb06,chb06_12,14,T8-P8-0,T8-P8-0
chb06,chb06_12,15,P8-O2,P8-O2
chb06,chb06_12,16,FZ-CZ,FZ-CZ
chb06,chb06_12,17,CZ-PZ,CZ-PZ
chb06,chb06_12,18,P7-T7,P7-T7
chb06,chb06_12,19,T7-FT9,T7-FT9
chb06,chb06_12,20,FT9-FT10,FT9-FT10
chb06,chb06_12,21,FT10-T8,FT10-T8
chb06,chb06_12,22,T8-P8-1,T8-P8-1
chb06,chb06_13,0,FP1-F7,FP1-F7
chb06,chb06_13,1,F7-T7,F7-T7
chb06,chb06_13,2,T7-P7,T7-P7
chb06,chb06_13,3,P7-O1,P7-O1
chb06,chb06_13,4,FP1-F3,FP1-F3
chb06,chb06_13,5,F3-C3,F3-C3
chb06,chb06_13,6,C3-P3,C3-P3
chb06,chb06_13,7,P3-O1,P3-O1
chb06,chb06_13,8,FP2-F4,FP2-F4
chb06,chb06_13,9,F4-C4,F4-C4
chb06,chb06_13,10,C4-P4,C4-P4
chb06,chb06_13,11,P4-O2,P4-O2
chb06,chb06_13,12,FP2-F8,FP2-F8
chb06,chb06_13,13,F8-T8,F8-T8
chb06,chb06_13,14,T8-P8-0,T8-P8-0
chb06,chb06_13,15,P8-O2,P8-O2
chb06,chb06_13,16,FZ-CZ,FZ-CZ
chb06,chb06_13,17,CZ-PZ,CZ-PZ
chb06,chb06_13,18,P7-T7,P7-T7
chb06,chb06_13,19,T7-FT9,T7-FT9
chb06,chb06_13,20,FT9-FT10,FT9-FT10
chb06,chb06_13,21,FT10-T8,FT10-T8
chb06,chb06_13,22,T8-P8-1,T8-P8-1
chb06,chb06_14,0,FP1-F7,FP1-F7
chb06,chb06_14,1,F7-T7,F7-T7
chb06,chb06_14,2,T7-P7,T7-P7
chb06,chb06_14,3,P7-O1,P7-O1
chb06,chb06_14,4,FP1-F3,FP1-F3
chb06,chb06_14,5,F3-C3,F3-C3
chb06,chb06_14,6,C3-P3,C3-P3
chb06,chb06_14,7,P3-O1,P3-O1
chb06,chb06_14,8,FP2-F4,FP2-F4
chb06,chb06_14,9,F4-C4,F4-C4
chb06,chb06_14,10,C4-P4,C4-P4
chb06,chb06_14,11,P4-O2,P4-O2
chb06,chb06_14,12,FP2-F8,FP2-F8
chb06,chb06_14,13,F8-T8,F8-T8
chb06,chb06_14,14,T8-P8-0,T8-P8-0
chb06,chb06_14,15,P8-O2,P8-O2
chb06,chb06_14,16,FZ-CZ,FZ-CZ
chb06,chb06_14,17,CZ-PZ,CZ-PZ
chb06,chb06_14,18,P7-T7,P7-T7
chb06,chb06_14,19,T7-FT9,T7-FT9
chb06,chb06_14,20,FT9-FT10,FT9-FT10
chb06,chb06_14,21,FT10-T8,FT10-T8
chb06,chb06_14,22,T8-P8-1,T8-P8-1
chb06,chb06_15,0,FP1-F7,FP1-F7
chb06,chb06_15,1,F7-T7,F7-T7
chb06,chb06_15,2,T7-P7,T7-P7
chb06,chb06_15,3,P7-O1,P7-O1
chb06,chb06_15,4,FP1-F3,FP1-F3
chb06,chb06_15,5,F3-C3,F3-C3
chb06,chb06_15,6,C3-P3,C3-P3
chb06,chb06_15,7,P3-O1,P3-O1
chb06,chb06_15,8,FP2-F4,FP2-F4
chb06,chb06_15,9,F4-C4,F4-C4
chb06,chb06_15,10,C4-P4,C4-P4
chb06,chb06_15,11,P4-O2,P4-O2
chb06,chb06_15,12,FP2-F8,FP2-F8
chb06,chb06_15,13,F8-T8,F8-T8
chb06,chb06_15,14,T8-P8-0,T8-P8-0
chb06,chb06_15,15,P8-O2,P8-O2
chb06,chb06_15,16,FZ-CZ,FZ-CZ
chb06,chb06_15,17,CZ-PZ,CZ-PZ
chb06,chb06_15,18,P7-T7,P7-T7
chb06,chb06_15,19,T7-FT9,T7-FT9
chb06,chb06_15,20,FT9-FT10,FT9-FT10
chb06,chb06_15,21,FT10-T8,FT10-T8
chb06,chb06_15,22,T8-P8-1,T8-P8-1
chb06,chb06_16,0,FP1-F7,FP1-F7
chb06,chb06_16,1,F7-T7,F7-T7
chb06,chb06_16,2,T7-P7,T7-P7
chb06,chb06_16,3,P7-O1,P7-O1
chb06,chb06_16,4,FP1-F3,FP1-F3
chb06,chb06_16,5,F3-C3,F3-C3
chb06,chb06_16,6,C3-P3,C3-P3
chb06,chb06_16,7,P3-O1,P3-O1
chb06,chb06_16,8,FP2-F4,FP2-F4
chb06,chb06_16,9,F4-C4,F4-C4
chb06,chb06_16,10,C4-P4,C4-P4
chb06,chb06_16,11,P4-O2,P4-O2
chb06,chb06_16,12,FP2-F8,FP2-F8
chb06,chb06_16,13,F8-T8,F8-T8
chb06,chb06_16,14,T8-P8-0,T8-P8-0
chb06,chb06_16,15,P8-O2,P8-O2
chb06,chb06_16,16,FZ-CZ,FZ-CZ
chb06,chb06_16,17,CZ-PZ,CZ-PZ
chb06,chb06_16,18,P7-T7,P7-T7
chb06,chb06_16,19,T7-FT9,T7-FT9
chb06,chb06_16,20,FT9-FT10,FT9-FT10
chb06,chb06_16,21,FT10-T8,FT10-T8
chb06,chb06_16,22,T8-P8-1,T8-P8-1
chb06,chb06_17,0,FP1-F7,FP1-F7
chb06,chb06_17,1,F7-T7,F7-T7
chb06,chb06_17,2,T7-P7,T7-P7
chb06,chb06_17,3,P7-O1,P7-O1
chb06,chb06_17,4,FP1-F3,FP1-F3
chb06,chb06_17,5,F3-C3,F3-C3
chb06,chb06_17,6,C3-P3,C3-P3
chb06,chb06_17,7,P3-O1,P3-O1
chb06,chb06_17,8,FP2-F4,FP2-F4
chb06,chb06_17,9,F4-C4,F4-C4
chb06,chb06_17,10,C4-P4,C4-P4
chb06,chb06_17,11,P4-O2,P4-O2
chb06,chb06_17,12,FP2-F8,FP2-F8
chb06,chb06_17,13,F8-T8,F8-T8
chb06,chb06_17,14,T8-P8-0,T8-P8-0
chb06,chb06_17,15,P8-O2,P8-O2
chb06,chb06_17,16,FZ-CZ,FZ-CZ
chb06,chb06_17,17,CZ-PZ,CZ-PZ
chb06,chb06_17,18,P7-T7,P7-T7
chb06,chb06_17,19,T7-FT9,T7-FT9
chb06,chb06_17,20,FT9-FT10,FT9-FT10
chb06,chb06_17,21,FT10-T8,FT10-T8
chb06,chb06_17,22,T8-P8-1,T8-P8-1
chb06,chb06_18,0,FP1-F7,FP1-F7
chb06,chb06_18,1,F7-T7,F7-T7
chb06,chb06_18,2,T7-P7,T7-P7
chb06,chb06_18,3,P7-O1,P7-O1
chb06,chb06_18,4,FP1-F3,FP1-F3
chb06,chb06_18,5,F3-C3,F3-C3
chb06,chb06_18,6,C3-P3,C3-P3
chb06,chb06_18,7,P3-O1,P3-O1
chb06,chb06_18,8,FP2-F4,FP2-F4
chb06,chb06_18,9,F4-C4,F4-C4
chb06,chb06_18,10,C4-P4,C4-P4
chb06,chb06_18,11,P4-O2,P4-O2
chb06,chb06_18,12,FP2-F8,FP2-F8
chb06,chb06_18,13,F8-T8,F8-T8
chb06,chb06_18,14,T8-P8-0,T8-P8-0
chb06,chb06_18,15,P8-O2,P8-O2
chb06,chb06_18,16,FZ-CZ,FZ-CZ
chb06,chb06_18,17,CZ-PZ,CZ-PZ
chb06,chb06_18,18,P7-T7,P7-T7
chb06,chb06_18,19,T7-FT9,T7-FT9
chb06,chb06_18,20,FT9-FT10,FT9-FT10
chb06,chb06_18,21,FT10-T8,FT10-T8
chb06,chb06_18,22,T8-P8-1,T8-P8-1
chb06,chb06_24,0,FP1-F7,FP1-F7
chb06,chb06_24,1,F7-T7,F7-T7
chb06,chb06_24,2,T7-P7,T7-P7
chb06,chb06_24,3,P7-O1,P7-O1
chb06,chb06_24,4,FP1-F3,FP1-F3
chb06,chb06_24,5,F3-C3,F3-C3
chb06,chb06_24,6,C3-P3,C3-P3
chb06,chb06_24,7,P3-O1,P3-O1
chb06,chb06_24,8,FP2-F4,FP2-F4
chb06,chb06_24,9,F4-C4,F4-C4
chb06,chb06_24,10,C4-P4,C4-P4
chb06,chb06_24,11,P4-O2,P4-O2
chb06,chb06_24,12,FP2-F8,FP2-F8
chb06,chb06_24,13,F8-T8,F8-T8
chb06,chb06_24,14,T8-P8-0,T8-P8-0
chb06,chb06_24,15,P8-O2,P8-O2
chb06,chb06_24,16,FZ-CZ,FZ-CZ
chb06,chb06_24,17,CZ-PZ,CZ-PZ
chb06,chb06_24,18,P7-T7,P7-T7
chb06,chb06_24,19,T7-FT9,T7-FT9
chb06,chb06_24,20,FT9-FT10,FT9-FT10
chb06,chb06_24,21,FT10-T8,FT10-T8
chb06,chb06_24,22,T8-P8-1,T8-P8-1
chb07,chb07_01,0,FP1-F7,FP1-F7
chb07,chb07_01,1,F7-T7,F7-T7
chb07,chb07_01,2,T7-P7,T7-P7
chb07,chb07_01,3,P7-O1,P7-O1
chb07,chb07_01,4,FP1-F3,FP1-F3
chb07,chb07_01,5,F3-C3,F3-C3
chb07,chb07_01,6,C3-P3,C3-P3
chb07,chb07_01,7,P3-O1,P3-O1
chb07,chb07_01,8,FP2-F4,FP2-F4
chb07,chb07_01,9,F4-C4,F4-C4
chb07,chb07_01,10,C4-P4,C4-P4
chb07,chb07_01,11,P4-O2,P4-O2
chb07,chb07_01,12,FP2-F8,FP2-F8
chb07,chb07_01,13,F8-T8,F8-T8
chb07,chb07_01,14,T8-P8-0,T8-P8-0
chb07,chb07_01,15,P8-O2,P8-O2
chb07,chb07_01,16,FZ-CZ,FZ-CZ
chb07,chb07_01,17,CZ-PZ,CZ-PZ
chb07,chb07_01,18,P7-T7,P7-T7
chb07,chb07_01,19,T7-FT9,T7-FT9
chb07,chb07_01,20,FT9-FT10,FT9-FT10
chb07,chb07_01,21,FT10-T8,FT10-T8
chb07,chb07_01,22,T8-P8-1,T8-P8-1
chb07,chb07_02,0,FP1-F7,FP1-F7
chb07,chb07_02,1,F7-T7,F7-T7
chb07,chb07_02,2,T7-P7,T7-P7
chb07,chb07_02,3,P7-O1,P7-O1
chb07,chb07_02,4,FP1-F3,FP1-F3
chb07,chb07_02,5,F3-C3,F3-C3
chb07,chb07_02,6,C3-P3,C3-P3
chb07,chb07_02,7,P3-O1,P3-O1
chb07,chb07_02,8,FP2-F4,FP2-F4
chb07,chb07_02,9,F4-C4,F4-C4
chb07,chb07_02,10,C4-P4,C4-P4
chb07,chb07_02,11,P4-O2,P4-O2
chb07,chb07_02,12,FP2-F8,FP2-F8
chb07,chb07_02,13,F8-T8,F8-T8
chb07,chb07_02,14,T8-P8-0,T8-P8-0
chb07,chb07_02,15,P8-O2,P8-O2
chb07,chb07_02,16,FZ-CZ,FZ-CZ
chb07,chb07_02,17,CZ-PZ,CZ-PZ
chb07,chb07_02,18,P7-T7,P7-T7
chb07,chb07_02,19,T7-FT9,T7-FT9
chb07,chb07_02,20,FT9-FT10,FT9-FT10
chb07,chb07_02,21,FT10-T8,FT10-T8
chb07,chb07_02,22,T8-P8-1,T8-P8-1
chb07,chb07_03,0,FP1-F7,FP1-F7
chb07,chb07_03,1,F7-T7,F7-T7
chb07,chb07_03,2,T7-P7,T7-P7
chb07,chb07_03,3,P7-O1,P7-O1
chb07,chb07_03,4,FP1-F3,FP1-F3
chb07,chb07_03,5,F3-C3,F3-C3
chb07,chb07_03,6,C3-P3,C3-P3
chb07,chb07_03,7,P3-O1,P3-O1
chb07,chb07_03,8,FP2-F4,FP2-F4
chb07,chb07_03,9,F4-C4,F4-C4
chb07,chb07_03,10,C4-P4,C4-P4
chb07,chb07_03,11,P4-O2,P4-O2
chb07,chb07_03,12,FP2-F8,FP2-F8
chb07,chb07_03,13,F8-T8,F8-T8
chb07,chb07_03,14,T8-P8-0,T8-P8-0
chb07,chb07_03,15,P8-O2,P8-O2
chb07,chb07_03,16,FZ-CZ,FZ-CZ
chb07,chb07_03,17,CZ-PZ,CZ-PZ
chb07,chb07_03,18,P7-T7,P7-T7
chb07,chb07_03,19,T7-FT9,T7-FT9
chb07,chb07_03,20,FT9-FT10,FT9-FT10
chb07,chb07_03,21,FT10-T8,FT10-T8
chb07,chb07_03,22,T8-P8-1,T8-P8-1
chb07,chb07_04,0,FP1-F7,FP1-F7
chb07,chb07_04,1,F7-T7,F7-T7
chb07,chb07_04,2,T7-P7,T7-P7
chb07,chb07_04,3,P7-O1,P7-O1
chb07,chb07_04,4,FP1-F3,FP1-F3
chb07,chb07_04,5,F3-C3,F3-C3
chb07,chb07_04,6,C3-P3,C3-P3
chb07,chb07_04,7,P3-O1,P3-O1
chb07,chb07_04,8,FP2-F4,FP2-F4
chb07,chb07_04,9,F4-C4,F4-C4
chb07,chb07_04,10,C4-P4,C4-P4
chb07,chb07_04,11,P4-O2,P4-O2
chb07,chb07_04,12,FP2-F8,FP2-F8
chb07,chb07_04,13,F8-T8,F8-T8
chb07,chb07_04,14,T8-P8-0,T8-P8-0
chb07,chb07_04,15,P8-O2,P8-O2
chb07,chb07_04,16,FZ-CZ,FZ-CZ
chb07,chb07_04,17,CZ-PZ,CZ-PZ
chb07,chb07_04,18,P7-T7,P7-T7
chb07,chb07_04,19,T7-FT9,T7-FT9
chb07,chb07_04,20,FT9-FT10,FT9-FT10
chb07,chb07_04,21,FT10-T8,FT10-T8
chb07,chb07_04,22,T8-P8-1,T8-P8-1
chb07,chb07_05,0,FP1-F7,FP1-F7
chb07,chb07_05,1,F7-T7,F7-T7
chb07,chb07_05,2,T7-P7,T7-P7
chb07,chb07_05,3,P7-O1,P7-O1
chb07,chb07_05,4,FP1-F3,FP1-F3
chb07,chb07_05,5,F3-C3,F3-C3
chb07,chb07_05,6,C3-P3,C3-P3
chb07,chb07_05,7,P3-O1,P3-O1
chb07,chb07_05,8,FP2-F4,FP2-F4
chb07,chb07_05,9,F4-C4,F4-C4
chb07,chb07_05,10,C4-P4,C4-P4
chb07,chb07_05,11,P4-O2,P4-O2
chb07,chb07_05,12,FP2-F8,FP2-F8
chb07,chb07_05,13,F8-T8,F8-T8
chb07,chb07_05,14,T8-P8-0,T8-P8-0
chb07,chb07_05,15,P8-O2,P8-O2
chb07,chb07_05,16,FZ-CZ,FZ-CZ
chb07,chb07_05,17,CZ-PZ,CZ-PZ
chb07,chb07_05,18,P7-T7,P7-T7
chb07,chb07_05,19,T7-FT9,T7-FT9
chb07,chb07_05,20,FT9-FT10,FT9-FT10
chb07,chb07_05,21,FT10-T8,FT10-T8
chb07,chb07_05,22,T8-P8-1,T8-P8-1
chb07,chb07_06,0,FP1-F7,FP1-F7
chb07,chb07_06,1,F7-T7,F7-T7
chb07,chb07_06,2,T7-P7,T7-P7
chb07,chb07_06,3,P7-O1,P7-O1
chb07,chb07_06,4,FP1-F3,FP1-F3
chb07,chb07_06,5,F3-C3,F3-C3
chb07,chb07_06,6,C3-P3,C3-P3
chb07,chb07_06,7,P3-O1,P3-O1
chb07,chb07_06,8,FP2-F4,FP2-F4
chb07,chb07_06,9,F4-C4,F4-C4
chb07,chb07_06,10,C4-P4,C4-P4
chb07,chb07_06,11,P4-O2,P4-O2
chb07,chb07_06,12,FP2-F8,FP2-F8
chb07,chb07_06,13,F8-T8,F8-T8
chb07,chb07_06,14,T8-P8-0,T8-P8-0
chb07,chb07_06,15,P8-O2,P8-O2
chb07,chb07_06,16,FZ-CZ,FZ-CZ
chb07,chb07_06,17,CZ-PZ,CZ-PZ
chb07,chb07_06,18,P7-T7,P7-T7
chb07,chb07_06,19,T7-FT9,T7-FT9
chb07,chb07_06,20,FT9-FT10,FT9-FT10
chb07,chb07_06,21,FT10-T8,FT10-T8
chb07,chb07_06,22,T8-P8-1,T8-P8-1
chb07,chb07_07,0,FP1-F7,FP1-F7
chb07,chb07_07,1,F7-T7,F7-T7
chb07,chb07_07,2,T7-P7,T7-P7
chb07,chb07_07,3,P7-O1,P7-O1
chb07,chb07_07,4,FP1-F3,FP1-F3
chb07,chb07_07,5,F3-C3,F3-C3
chb07,chb07_07,6,C3-P3,C3-P3
chb07,chb07_07,7,P3-O1,P3-O1
chb07,chb07_07,8,FP2-F4,FP2-F4
chb07,chb07_07,9,F4-C4,F4-C4
chb07,chb07_07,10,C4-P4,C4-P4
chb07,chb07_07,11,P4-O2,P4-O2
chb07,chb07_07,12,FP2-F8,FP2-F8
chb07,chb07_07,13,F8-T8,F8-T8
chb07,chb07_07,14,T8-P8-0,T8-P8-0
chb07,chb07_07,15,P8-O2,P8-O2
chb07,chb07_07,16,FZ-CZ,FZ-CZ
chb07,chb07_07,17,CZ-PZ,CZ-PZ
chb07,chb07_07,18,P7-T7,P7-T7
chb07,chb07_07,19,T7-FT9,T7-FT9
chb07,chb07_07,20,FT9-FT10,FT9-FT10
chb07,chb07_07,21,FT10-T8,FT10-T8
chb07,chb07_07,22,T8-P8-1,T8-P8-1
chb07,chb07_08,0,FP1-F7,FP1-F7
chb07,chb07_08,1,F7-T7,F7-T7
chb07,chb07_08,2,T7-P7,T7-P7
chb07,chb07_08,3,P7-O1,P7-O1
chb07,chb07_08,4,FP1-F3,FP1-F3
chb07,chb07_08,5,F3-C3,F3-C3
chb07,chb07_08,6,C3-P3,C3-P3
chb07,chb07_08,7,P3-O1,P3-O1
chb07,chb07_08,8,FP2-F4,FP2-F4
chb07,chb07_08,9,F4-C4,F4-C4
chb07,chb07_08,10,C4-P4,C4-P4
chb07,chb07_08,11,P4-O2,P4-O2
chb07,chb07_08,12,FP2-F8,FP2-F8
chb07,chb07_08,13,F8-T8,F8-T8
chb07,chb07_08,14,T8-P8-0,T8-P8-0
chb07,chb07_08,15,P8-O2,P8-O2
chb07,chb07_08,16,FZ-CZ,FZ-CZ
chb07,chb07_08,17,CZ-PZ,CZ-PZ
chb07,chb07_08,18,P7-T7,P7-T7
chb07,chb07_08,19,T7-FT9,T7-FT9
chb07,chb07_08,20,FT9-FT10,FT9-FT10
chb07,chb07_08,21,FT10-T8,FT10-T8
chb07,chb07_08,22,T8-P8-1,T8-P8-1
chb07,chb07_09,0,FP1-F7,FP1-F7
chb07,chb07_09,1,F7-T7,F7-T7
chb07,chb07_09,2,T7-P7,T7-P7
chb07,chb07_09,3,P7-O1,P7-O1
chb07,chb07_09,4,FP1-F3,FP1-F3
chb07,chb07_09,5,F3-C3,F3-C3
chb07,chb07_09,6,C3-P3,C3-P3
chb07,chb07_09,7,P3-O1,P3-O1
chb07,chb07_09,8,FP2-F4,FP2-F4
chb07,chb07_09,9,F4-C4,F4-C4
chb07,chb07_09,10,C4-P4,C4-P4
chb07,chb07_09,11,P4-O2,P4-O2
chb07,chb07_09,12,FP2-F8,FP2-F8
chb07,chb07_09,13,F8-T8,F8-T8
chb07,chb07_09,14,T8-P8-0,T8-P8-0
chb07,chb07_09,15,P8-O2,P8-O2
chb07,chb07_09,16,FZ-CZ,FZ-CZ
chb07,chb07_09,17,CZ-PZ,CZ-PZ
chb07,chb07_09,18,P7-T7,P7-T7
chb07,chb07_09,19,T7-FT9,T7-FT9
chb07,chb07_09,20,FT9-FT10,FT9-FT10
chb07,chb07_09,21,FT10-T8,FT10-T8
chb07,chb07_09,22,T8-P8-1,T8-P8-1
chb07,chb07_10,0,FP1-F7,FP1-F7
chb07,chb07_10,1,F7-T7,F7-T7
chb07,chb07_10,2,T7-P7,T7-P7
chb07,chb07_10,3,P7-O1,P7-O1
chb07,chb07_10,4,FP1-F3,FP1-F3
chb07,chb07_10,5,F3-C3,F3-C3
chb07,chb07_10,6,C3-P3,C3-P3
chb07,chb07_10,7,P3-O1,P3-O1
chb07,chb07_10,8,FP2-F4,FP2-F4
chb07,chb07_10,9,F4-C4,F4-C4
chb07,chb07_10,10,C4-P4,C4-P4
chb07,chb07_10,11,P4-O2,P4-O2
chb07,chb07_10,12,FP2-F8,FP2-F8
chb07,chb07_10,13,F8-T8,F8-T8
chb07,chb07_10,14,T8-P8-0,T8-P8-0
chb07,chb07_10,15,P8-O2,P8-O2
chb07,chb07_10,16,FZ-CZ,FZ-CZ
chb07,chb07_10,17,CZ-PZ,CZ-PZ
chb07,chb07_10,18,P7-T7,P7-T7
chb07,chb07_10,19,T7-FT9,T7-FT9
chb07,chb07_10,20,FT9-FT10,FT9-FT10
chb07,chb07_10,21,FT10-T8,FT10-T8
chb07,chb07_10,22,T8-P8-1,T8-P8-1
chb07,chb07_11,0,FP1-F7,FP1-F7
chb07,chb07_11,1,F7-T7,F7-T7
chb07,chb07_11,2,T7-P7,T7-P7
chb07,chb07_11,3,P7-O1,P7-O1
chb07,chb07_11,4,FP1-F3,FP1-F3
chb07,chb07_11,5,F3-C3,F3-C3
chb07,chb07_11,6,C3-P3,C3-P3
chb07,chb07_11,7,P3-O1,P3-O1
chb07,chb07_11,8,FP2-F4,FP2-F4
chb07,chb07_11,9,F4-C4,F4-C4
chb07,chb07_11,10,C4-P4,C4-P4
chb07,chb07_11,11,P4-O2,P4-O2
chb07,chb07_11,12,FP2-F8,FP2-F8
chb07,chb07_11,13,F8-T8,F8-T8
chb07,chb07_11,14,T8-P8-0,T8-P8-0
chb07,chb07_11,15,P8-O2,P8-O2
chb07,chb07_11,16,FZ-CZ,FZ-CZ
chb07,chb07_11,17,CZ-PZ,CZ-PZ
chb07,chb07_11,18,P7-T7,P7-T7
chb07,chb07_11,19,T7-FT9,T7-FT9
chb07,chb07_11,20,FT9-FT10,FT9-FT10
chb07,chb07_11,21,FT10-T8,FT10-T8
chb07,chb07_11,22,T8-P8-1,T8-P8-1
chb07,chb07_12,0,FP1-F7,FP1-F7
chb07,chb07_12,1,F7-T7,F7-T7
chb07,chb07_12,2,T7-P7,T7-P7
chb07,chb07_12,3,P7-O1,P7-O1
chb07,chb07_12,4,FP1-F3,FP1-F3
chb07,chb07_12,5,F3-C3,F3-C3
chb07,chb07_12,6,C3-P3,C3-P3
chb07,chb07_12,7,P3-O1,P3-O1
chb07,chb07_12,8,FP2-F4,FP2-F4
chb07,chb07_12,9,F4-C4,F4-C4
chb07,chb07_12,10,C4-P4,C4-P4
chb07,chb07_12,11,P4-O2,P4-O2
chb07,chb07_12,12,FP2-F8,FP2-F8
chb07,chb07_12,13,F8-T8,F8-T8
chb07,chb07_12,14,T8-P8-0,T8-P8-0
chb07,chb07_12,15,P8-O2,P8-O2
chb07,chb07_12,16,FZ-CZ,FZ-CZ
chb07,chb07_12,17,CZ-PZ,CZ-PZ
chb07,chb07_12,18,P7-T7,P7-T7
chb07,chb07_12,19,T7-FT9,T7-FT9
chb07,chb07_12,20,FT9-FT10,FT9-FT10
chb07,chb07_12,21,FT10-T8,FT10-T8
chb07,chb07_12,22,T8-P8-1,T8-P8-1
chb07,chb07_13,0,FP1-F7,FP1-F7
chb07,chb07_13,1,F7-T7,F7-T7
chb07,chb07_13,2,T7-P7,T7-P7
chb07,chb07_13,3,P7-O1,P7-O1
chb07,chb07_13,4,FP1-F3,FP1-F3
chb07,chb07_13,5,F3-C3,F3-C3
chb07,chb07_13,6,C3-P3,C3-P3
chb07,chb07_13,7,P3-O1,P3-O1
chb07,chb07_13,8,FP2-F4,FP2-F4
chb07,chb07_13,9,F4-C4,F4-C4
chb07,chb07_13,10,C4-P4,C4-P4
chb07,chb07_13,11,P4-O2,P4-O2
chb07,chb07_13,12,FP2-F8,FP2-F8
chb07,chb07_13,13,F8-T8,F8-T8
chb07,chb07_13,14,T8-P8-0,T8-P8-0
chb07,chb07_13,15,P8-O2,P8-O2
chb07,chb07_13,16,FZ-CZ,FZ-CZ
chb07,chb07_13,17,CZ-PZ,CZ-PZ
chb07,chb07_13,18,P7-T7,P7-T7
chb07,chb07_13,19,T7-FT9,T7-FT9
chb07,chb07_13,20,FT9-FT10,FT9-FT10
chb07,chb07_13,21,FT10-T8,FT10-T8
chb07,chb07_13,22,T8-P8-1,T8-P8-1
chb07,chb07_14,0,FP1-F7,FP1-F7
chb07,chb07_14,1,F7-T7,F7-T7
chb07,chb07_14,2,T7-P7,T7-P7
chb07,chb07_14,3,P7-O1,P7-O1
chb07,chb07_14,4,FP1-F3,FP1-F3
chb07,chb07_14,5,F3-C3,F3-C3
chb07,chb07_14,6,C3-P3,C3-P3
chb07,chb07_14,7,P3-O1,P3-O1
chb07,chb07_14,8,FP2-F4,FP2-F4
chb07,chb07_14,9,F4-C4,F4-C4
chb07,chb07_14,10,C4-P4,C4-P4
chb07,chb07_14,11,P4-O2,P4-O2
chb07,chb07_14,12,FP2-F8,FP2-F8
chb07,chb07_14,13,F8-T8,F8-T8
chb07,chb07_14,14,T8-P8-0,T8-P8-0
chb07,chb07_14,15,P8-O2,P8-O2
chb07,chb07_14,16,FZ-CZ,FZ-CZ
chb07,chb07_14,17,CZ-PZ,CZ-PZ
chb07,chb07_14,18,P7-T7,P7-T7
chb07,chb07_14,19,T7-FT9,T7-FT9
chb07,chb07_14,20,FT9-FT10,FT9-FT10
chb07,chb07_14,21,FT10-T8,FT10-T8
chb07,chb07_14,22,T8-P8-1,T8-P8-1
chb07,chb07_15,0,FP1-F7,FP1-F7
chb07,chb07_15,1,F7-T7,F7-T7
chb07,chb07_15,2,T7-P7,T7-P7
chb07,chb07_15,3,P7-O1,P7-O1
chb07,chb07_15,4,FP1-F3,FP1-F3
chb07,chb07_15,5,F3-C3,F3-C3
chb07,chb07_15,6,C3-P3,C3-P3
chb07,chb07_15,7,P3-O1,P3-O1
chb07,chb07_15,8,FP2-F4,FP2-F4
chb07,chb07_15,9,F4-C4,F4-C4
chb07,chb07_15,10,C4-P4,C4-P4
chb07,chb07_15,11,P4-O2,P4-O2
chb07,chb07_15,12,FP2-F8,FP2-F8
chb07,chb07_15,13,F8-T8,F8-T8
chb07,chb07_15,14,T8-P8-0,T8-P8-0
chb07,chb07_15,15,P8-O2,P8-O2
chb07,chb07_15,16,FZ-CZ,FZ-CZ
chb07,chb07_15,17,CZ-PZ,CZ-PZ
chb07,chb07_15,18,P7-T7,P7-T7
chb07,chb07_15,19,T7-FT9,T7-FT9
chb07,chb07_15,20,FT9-FT10,FT9-FT10
chb07,chb07_15,21,FT10-T8,FT10-T8
chb07,chb07_15,22,T8-P8-1,T8-P8-1
chb07,chb07_16,0,FP1-F7,FP1-F7
chb07,chb07_16,1,F7-T7,F7-T7
chb07,chb07_16,2,T7-P7,T7-P7
chb07,chb07_16,3,P7-O1,P7-O1
chb07,chb07_16,4,FP1-F3,FP1-F3
chb07,chb07_16,5,F3-C3,F3-C3
chb07,chb07_16,6,C3-P3,C3-P3
chb07,chb07_16,7,P3-O1,P3-O1
chb07,chb07_16,8,FP2-F4,FP2-F4
chb07,chb07_16,9,F4-C4,F4-C4
chb07,chb07_16,10,C4-P4,C4-P4
chb07,chb07_16,11,P4-O2,P4-O2
chb07,chb07_16,12,FP2-F8,FP2-F8
chb07,chb07_16,13,F8-T8,F8-T8
chb07,chb07_16,14,T8-P8-0,T8-P8-0
chb07,chb07_16,15,P8-O2,P8-O2
chb07,chb07_16,16,FZ-CZ,FZ-CZ
chb07,chb07_16,17,CZ-PZ,CZ-PZ
chb07,chb07_16,18,P7-T7,P7-T7
chb07,chb07_16,19,T7-FT9,T7-FT9
chb07,chb07_16,20,FT9-FT10,FT9-FT10
chb07,chb07_16,21,FT10-T8,FT10-T8
chb07,chb07_16,22,T8-P8-1,T8-P8-1
chb07,chb07_17,0,FP1-F7,FP1-F7
chb07,chb07_17,1,F7-T7,F7-T7
chb07,chb07_17,2,T7-P7,T7-P7
chb07,chb07_17,3,P7-O1,P7-O1
chb07,chb07_17,4,FP1-F3,FP1-F3
chb07,chb07_17,5,F3-C3,F3-C3
chb07,chb07_17,6,C3-P3,C3-P3
chb07,chb07_17,7,P3-O1,P3-O1
chb07,chb07_17,8,FP2-F4,FP2-F4
chb07,chb07_17,9,F4-C4,F4-C4
chb07,chb07_17,10,C4-P4,C4-P4
chb07,chb07_17,11,P4-O2,P4-O2
chb07,chb07_17,12,FP2-F8,FP2-F8
chb07,chb07_17,13,F8-T8,F8-T8
chb07,chb07_17,14,T8-P8-0,T8-P8-0
chb07,chb07_17,15,P8-O2,P8-O2
chb07,chb07_17,16,FZ-CZ,FZ-CZ
chb07,chb07_17,17,CZ-PZ,CZ-PZ
chb07,chb07_17,18,P7-T7,P7-T7
chb07,chb07_17,19,T7-FT9,T7-FT9
chb07,chb07_17,20,FT9-FT10,FT9-FT10
chb07,chb07_17,21,FT10-T8,FT10-T8
chb07,chb07_17,22,T8-P8-1,T8-P8-1
chb07,chb07_18,0,FP1-F7,FP1-F7
chb07,chb07_18,1,F7-T7,F7-T7
chb07,chb07_18,2,T7-P7,T7-P7
chb07,chb07_18,3,P7-O1,P7-O1
chb07,chb07_18,4,FP1-F3,FP1-F3
chb07,chb07_18,5,F3-C3,F3-C3
chb07,chb07_18,6,C3-P3,C3-P3
chb07,chb07_18,7,P3-O1,P3-O1
chb07,chb07_18,8,FP2-F4,FP2-F4
chb07,chb07_18,9,F4-C4,F4-C4
chb07,chb07_18,10,C4-P4,C4-P4
chb07,chb07_18,11,P4-O2,P4-O2
chb07,chb07_18,12,FP2-F8,FP2-F8
chb07,chb07_18,13,F8-T8,F8-T8
chb07,chb07_18,14,T8-P8-0,T8-P8-0
chb07,chb07_18,15,P8-O2,P8-O2
chb07,chb07_18,16,FZ-CZ,FZ-CZ
chb07,chb07_18,17,CZ-PZ,CZ-PZ
chb07,chb07_18,18,P7-T7,P7-T7
chb07,chb07_18,19,T7-FT9,T7-FT9
chb07,chb07_18,20,FT9-FT10,FT9-FT10
chb07,chb07_18,21,FT10-T8,FT10-T8
chb07,chb07_18,22,T8-P8-1,T8-P8-1
chb07,chb07_19,0,FP1-F7,FP1-F7
chb07,chb07_19,1,F7-T7,F7-T7
chb07,chb07_19,2,T7-P7,T7-P7
chb07,chb07_19,3,P7-O1,P7-O1
chb07,chb07_19,4,FP1-F3,FP1-F3
chb07,chb07_19,5,F3-C3,F3-C3
chb07,chb07_19,6,C3-P3,C3-P3
chb07,chb07_19,7,P3-O1,P3-O1
chb07,chb07_19,8,FP2-F4,FP2-F4
chb07,chb07_19,9,F4-C4,F4-C4
chb07,chb07_19,10,C4-P4,C4-P4
chb07,chb07_19,11,P4-O2,P4-O2
chb07,chb07_19,12,FP2-F8,FP2-F8
chb07,chb07_19,13,F8-T8,F8-T8
chb07,chb07_19,14,T8-P8-0,T8-P8-0
chb07,chb07_19,15,P8-O2,P8-O2
chb07,chb07_19,16,FZ-CZ,FZ-CZ
chb07,chb07_19,17,CZ-PZ,CZ-PZ
chb07,chb07_19,18,P7-T7,P7-T7
chb07,chb07_19,19,T7-FT9,T7-FT9
chb07,chb07_19,20,FT9-FT10,FT9-FT10
chb07,chb07_19,21,FT10-T8,FT10-T8
chb07,chb07_19,22,T8-P8-1,T8-P8-1
chb08,chb08_02,0,FP1-F7,FP1-F7
chb08,chb08_02,1,F7-T7,F7-T7
chb08,chb08_02,2,T7-P7,T7-P7
chb08,chb08_02,3,P7-O1,P7-O1
chb08,chb08_02,4,FP1-F3,FP1-F3
chb08,chb08_02,5,F3-C3,F3-C3
chb08,chb08_02,6,C3-P3,C3-P3
chb08,chb08_02,7,P3-O1,P3-O1
chb08,chb08_02,8,FP2-F4,FP2-F4
chb08,chb08_02,9,F4-C4,F4-C4
chb08,chb08_02,10,C4-P4,C4-P4
chb08,chb08_02,11,P4-O2,P4-O2
chb08,chb08_02,12,FP2-F8,FP2-F8
chb08,chb08_02,13,F8-T8,F8-T8
chb08,chb08_02,14,T8-P8-0,T8-P8-0
chb08,chb08_02,15,P8-O2,P8-O2
chb08,chb08_02,16,FZ-CZ,FZ-CZ
chb08,chb08_02,17,CZ-PZ,CZ-PZ
chb08,chb08_02,18,P7-T7,P7-T7
chb08,chb08_02,19,T7-FT9,T7-FT9
chb08,chb08_02,20,FT9-FT10,FT9-FT10
chb08,chb08_02,21,FT10-T8,FT10-T8
chb08,chb08_02,22,T8-P8-1,T8-P8-1
chb08,chb08_03,0,FP1-F7,FP1-F7
chb08,chb08_03,1,F7-T7,F7-T7
chb08,chb08_03,2,T7-P7,T7-P7
chb08,chb08_03,3,P7-O1,P7-O1
chb08,chb08_03,4,FP1-F3,FP1-F3
chb08,chb08_03,5,F3-C3,F3-C3
chb08,chb08_03,6,C3-P3,C3-P3
chb08,chb08_03,7,P3-O1,P3-O1
chb08,chb08_03,8,FP2-F4,FP2-F4
chb08,chb08_03,9,F4-C4,F4-C4
chb08,chb08_03,10,C4-P4,C4-P4
chb08,chb08_03,11,P4-O2,P4-O2
chb08,chb08_03,12,FP2-F8,FP2-F8
chb08,chb08_03,13,F8-T8,F8-T8
chb08,chb08_03,14,T8-P8-0,T8-P8-0
chb08,chb08_03,15,P8-O2,P8-O2
chb08,chb08_03,16,FZ-CZ,FZ-CZ
chb08,chb08_03,17,CZ-PZ,CZ-PZ
chb08,chb08_03,18,P7-T7,P7-T7
chb08,chb08_03,19,T7-FT9,T7-FT9
chb08,chb08_03,20,FT9-FT10,FT9-FT10
chb08,chb08_03,21,FT10-T8,FT10-T8
chb08,chb08_03,22,T8-P8-1,T8-P8-1
chb08,chb08_04,0,FP1-F7,FP1-F7
chb08,chb08_04,1,F7-T7,F7-T7
chb08,chb08_04,2,T7-P7,T7-P7
chb08,chb08_04,3,P7-O1,P7-O1
chb08,chb08_04,4,FP1-F3,FP1-F3
chb08,chb08_04,5,F3-C3,F3-C3
chb08,chb08_04,6,C3-P3,C3-P3
chb08,chb08_04,7,P3-O1,P3-O1
chb08,chb08_04,8,FP2-F4,FP2-F4
chb08,chb08_04,9,F4-C4,F4-C4
chb08,chb08_04,10,C4-P4,C4-P4
chb08,chb08_04,11,P4-O2,P4-O2
chb08,chb08_04,12,FP2-F8,FP2-F8
chb08,chb08_04,13,F8-T8,F8-T8
chb08,chb08_04,14,T8-P8-0,T8-P8-0
chb08,chb08_04,15,P8-O2,P8-O2
chb08,chb08_04,16,FZ-CZ,FZ-CZ
chb08,chb08_04,17,CZ-PZ,CZ-PZ
chb08,chb08_04,18,P7-T7,P7-T7
chb08,chb08_04,19,T7-FT9,T7-FT9
chb08,chb08_04,20,FT9-FT10,FT9-FT10
chb08,chb08_04,21,FT10-T8,FT10-T8
chb08,chb08_04,22,T8-P8-1,T8-P8-1
chb08,chb08_05,0,FP1-F7,FP1-F7
chb08,chb08_05,1,F7-T7,F7-T7
chb08,chb08_05,2,T7-P7,T7-P7
chb08,chb08_05,3,P7-O1,P7-O1
chb08,chb08_05,4,FP1-F3,FP1-F3
chb08,chb08_05,5,F3-C3,F3-C3
chb08,chb08_05,6,C3-P3,C3-P3
chb08,chb08_05,7,P3-O1,P3-O1
chb08,chb08_05,8,FP2-F4,FP2-F4
chb08,chb08_05,9,F4-C4,F4-C4
chb08,chb08_05,10,C4-P4,C4-P4
chb08,chb08_05,11,P4-O2,P4-O2
chb08,chb08_05,12,FP2-F8,FP2-F8
chb08,chb08_05,13,F8-T8,F8-T8
chb08,chb08_05,14,T8-P8-0,T8-P8-0
chb08,chb08_05,15,P8-O2,P8-O2
chb08,chb08_05,16,FZ-CZ,FZ-CZ
chb08,chb08_05,17,CZ-PZ,CZ-PZ
chb08,chb08_05,18,P7-T7,P7-T7
chb08,chb08_05,19,T7-FT9,T7-FT9
chb08,chb08_05,20,FT9-FT10,FT9-FT10
chb08,chb08_05,21,FT10-T8,FT10-T8
chb08,chb08_05,22,T8-P8-1,T8-P8-1
chb08,chb08_10,0,FP1-F7,FP1-F7
chb08,chb08_10,1,F7-T7,F7-T7
chb08,chb08_10,2,T7-P7,T7-P7
chb08,chb08_10,3,P7-O1,P7-O1
chb08,chb08_10,4,FP1-F3,FP1-F3
chb08,chb08_10,5,F3-C3,F3-C3
chb08,chb08_10,6,C3-P3,C3-P3
chb08,chb08_10,7,P3-O1,P3-O1
chb08,chb08_10,8,FP2-F4,FP2-F4
chb08,chb08_10,9,F4-C4,F4-C4
chb08,chb08_10,10,C4-P4,C4-P4
chb08,chb08_10,11,P4-O2,P4-O2
chb08,chb08_10,12,FP2-F8,FP2-F8
chb08,chb08_10,13,F8-T8,F8-T8
chb08,chb08_10,14,T8-P8-0,T8-P8-0
chb08,chb08_10,15,P8-O2,P8-O2
chb08,chb08_10,16,FZ-CZ,FZ-CZ
chb08,chb08_10,17,CZ-PZ,CZ-PZ
chb08,chb08_10,18,P7-T7,P7-T7
chb08,chb08_10,19,T7-FT9,T7-FT9
chb08,chb08_10,20,FT9-FT10,FT9-FT10
chb08,chb08_10,21,FT10-T8,FT10-T8
chb08,chb08_10,22,T8-P8-1,T8-P8-1
chb08,chb08_11,0,FP1-F7,FP1-F7
chb08,chb08_11,1,F7-T7,F7-T7
chb08,chb08_11,2,T7-P7,T7-P7
chb08,chb08_11,3,P7-O1,P7-O1
chb08,chb08_11,4,FP1-F3,FP1-F3
chb08,chb08_11,5,F3-C3,F3-C3
chb08,chb08_11,6,C3-P3,C3-P3
chb08,chb08_11,7,P3-O1,P3-O1
chb08,chb08_11,8,FP2-F4,FP2-F4
chb08,chb08_11,9,F4-C4,F4-C4
chb08,chb08_11,10,C4-P4,C4-P4
chb08,chb08_11,11,P4-O2,P4-O2
chb08,chb08_11,12,FP2-F8,FP2-F8
chb08,chb08_11,13,F8-T8,F8-T8
chb08,chb08_11,14,T8-P8-0,T8-P8-0
chb08,chb08_11,15,P8-O2,P8-O2
chb08,chb08_11,16,FZ-CZ,FZ-CZ
chb08,chb08_11,17,CZ-PZ,CZ-PZ
chb08,chb08_11,18,P7-T7,P7-T7
chb08,chb08_11,19,T7-FT9,T7-FT9
chb08,chb08_11,20,FT9-FT10,FT9-FT10
chb08,chb08_11,21,FT10-T8,FT10-T8
chb08,chb08_11,22,T8-P8-1,T8-P8-1
chb08,chb08_12,0,FP1-F7,FP1-F7
chb08,chb08_12,1,F7-T7,F7-T7
chb08,chb08_12,2,T7-P7,T7-P7
chb08,chb08_12,3,P7-O1,P7-O1
chb08,chb08_12,4,FP1-F3,FP1-F3
chb08,chb08_12,5,F3-C3,F3-C3
chb08,chb08_12,6,C3-P3,C3-P3
chb08,chb08_12,7,P3-O1,P3-O1
chb08,chb08_12,8,FP2-F4,FP2-F4
chb08,chb08_12,9,F4-C4,F4-C4
chb08,chb08_12,10,C4-P4,C4-P4
chb08,chb08_12,11,P4-O2,P4-O2
chb08,chb08_12,12,FP2-F8,FP2-F8
chb08,chb08_12,13,F8-T8,F8-T8
chb08,chb08_12,14,T8-P8-0,T8-P8-0
chb08,chb08_12,15,P8-O2,P8-O2
chb08,chb08_12,16,FZ-CZ,FZ-CZ
chb08,chb08_12,17,CZ-PZ,CZ-PZ
chb08,chb08_12,18,P7-T7,P7-T7
chb08,chb08_12,19,T7-FT9,T7-FT9
chb08,chb08_12,20,FT9-FT10,FT9-FT10
chb08,chb08_12,21,FT10-T8,FT10-T8
chb08,chb08_12,22,T8-P8-1,T8-P8-1
chb08,chb08_13,0,FP1-F7,FP1-F7
chb08,chb08_13,1,F7-T7,F7-T7
chb08,chb08_13,2,T7-P7,T7-P7
chb08,chb08_13,3,P7-O1,P7-O1
chb08,chb08_13,4,FP1-F3,FP1-F3
chb08,chb08_13,5,F3-C3,F3-C3
chb08,chb08_13,6,C3-P3,C3-P3
chb08,chb08_13,7,P3-O1,P3-O1
chb08,chb08_13,8,FP2-F4,FP2-F4
chb08,chb08_13,9,F4-C4,F4-C4
chb08,chb08_13,10,C4-P4,C4-P4
chb08,chb08_13,11,P4-O2,P4-O2
chb08,chb08_13,12,FP2-F8,FP2-F8
chb08,chb08_13,13,F8-T8,F8-T8
chb08,chb08_13,14,T8-P8-0,T8-P8-0
chb08,chb08_13,15,P8-O2,P8-O2
chb08,chb08_13,16,FZ-CZ,FZ-CZ
chb08,chb08_13,17,CZ-PZ,CZ-PZ
chb08,chb08_13,18,P7-T7,P7-T7
chb08,chb08_13,19,T7-FT9,T7-FT9
chb08,chb08_13,20,FT9-FT10,FT9-FT10
chb08,chb08_13,21,FT10-T8,FT10-T8
chb08,chb08_13,22,T8-P8-1,T8-P8-1
chb08,chb08_14,0,FP1-F7,FP1-F7
chb08,chb08_14,1,F7-T7,F7-T7
chb08,chb08_14,2,T7-P7,T7-P7
chb08,chb08_14,3,P7-O1,P7-O1
chb08,chb08_14,4,FP1-F3,FP1-F3
chb08,chb08_14,5,F3-C3,F3-C3
chb08,chb08_14,6,C3-P3,C3-P3
chb08,chb08_14,7,P3-O1,P3-O1
chb08,chb08_14,8,FP2-F4,FP2-F4
chb08,chb08_14,9,F4-C4,F4-C4
chb08,chb08_14,10,C4-P4,C4-P4
chb08,chb08_14,11,P4-O2,P4-O2
chb08,chb08_14,12,FP2-F8,FP2-F8
chb08,chb08_14,13,F8-T8,F8-T8
chb08,chb08_14,14,T8-P8-0,T8-P8-0
chb08,chb08_14,15,P8-O2,P8-O2
chb08,chb08_14,16,FZ-CZ,FZ-CZ
chb08,chb08_14,17,CZ-PZ,CZ-PZ
chb08,chb08_14,18,P7-T7,P7-T7
chb08,chb08_14,19,T7-FT9,T7-FT9
chb08,chb08_14,20,FT9-FT10,FT9-FT10
chb08,chb08_14,21,FT10-T8,FT10-T8
chb08,chb08_14,22,T8-P8-1,T8-P8-1
chb08,chb08_15,0,FP1-F7,FP1-F7
chb08,chb08_15,1,F7-T7,F7-T7
chb08,chb08_15,2,T7-P7,T7-P7
chb08,chb08_15,3,P7-O1,P7-O1
chb08,chb08_15,4,FP1-F3,FP1-F3
chb08,chb08_15,5,F3-C3,F3-C3
chb08,chb08_15,6,C3-P3,C3-P3
chb08,chb08_15,7,P3-O1,P3-O1
chb08,chb08_15,8,FP2-F4,FP2-F4
chb08,chb08_15,9,F4-C4,F4-C4
chb08,chb08_15,10,C4-P4,C4-P4
chb08,chb08_15,11,P4-O2,P4-O2
chb08,chb08_15,12,FP2-F8,FP2-F8
chb08,chb08_15,13,F8-T8,F8-T8
chb08,chb08_15,14,T8-P8-0,T8-P8-0
chb08,chb08_15,15,P8-O2,P8-O2
chb08,chb08_15,16,FZ-CZ,FZ-CZ
chb08,chb08_15,17,CZ-PZ,CZ-PZ
chb08,chb08_15,18,P7-T7,P7-T7
chb08,chb08_15,19,T7-FT9,T7-FT9
chb08,chb08_15,20,FT9-FT10,FT9-FT10
chb08,chb08_15,21,FT10-T8,FT10-T8
chb08,chb08_15,22,T8-P8-1,T8-P8-1
chb08,chb08_16,0,FP1-F7,FP1-F7
chb08,chb08_16,1,F7-T7,F7-T7
chb08,chb08_16,2,T7-P7,T7-P7
chb08,chb08_16,3,P7-O1,P7-O1
chb08,chb08_16,4,FP1-F3,FP1-F3
chb08,chb08_16,5,F3-C3,F3-C3
chb08,chb08_16,6,C3-P3,C3-P3
chb08,chb08_16,7,P3-O1,P3-O1
chb08,chb08_16,8,FP2-F4,FP2-F4
chb08,chb08_16,9,F4-C4,F4-C4
chb08,chb08_16,10,C4-P4,C4-P4
chb08,chb08_16,11,P4-O2,P4-O2
chb08,chb08_16,12,FP2-F8,FP2-F8
chb08,chb08_16,13,F8-T8,F8-T8
chb08,chb08_16,14,T8-P8-0,T8-P8-0
chb08,chb08_16,15,P8-O2,P8-O2
chb08,chb08_16,16,FZ-CZ,FZ-CZ
chb08,chb08_16,17,CZ-PZ,CZ-PZ
chb08,chb08_16,18,P7-T7,P7-T7
chb08,chb08_16,19,T7-FT9,T7-FT9
chb08,chb08_16,20,FT9-FT10,FT9-FT10
chb08,chb08_16,21,FT10-T8,FT10-T8
chb08,chb08_16,22,T8-P8-1,T8-P8-1
chb08,chb08_17,0,FP1-F7,FP1-F7
chb08,chb08_17,1,F7-T7,F7-T7
chb08,chb08_17,2,T7-P7,T7-P7
chb08,chb08_17,3,P7-O1,P7-O1
chb08,chb08_17,4,FP1-F3,FP1-F3
chb08,chb08_17,5,F3-C3,F3-C3
chb08,chb08_17,6,C3-P3,C3-P3
chb08,chb08_17,7,P3-O1,P3-O1
chb08,chb08_17,8,FP2-F4,FP2-F4
chb08,chb08_17,9,F4-C4,F4-C4
chb08,chb08_17,10,C4-P4,C4-P4
chb08,chb08_17,11,P4-O2,P4-O2
chb08,chb08_17,12,FP2-F8,FP2-F8
chb08,chb08_17,13,F8-T8,F8-T8
chb08,chb08_17,14,T8-P8-0,T8-P8-0
chb08,chb08_17,15,P8-O2,P8-O2
chb08,chb08_17,16,FZ-CZ,FZ-CZ
chb08,chb08_17,17,CZ-PZ,CZ-PZ
chb08,chb08_17,18,P7-T7,P7-T7
chb08,chb08_17,19,T7-FT9,T7-FT9
chb08,chb08_17,20,FT9-FT10,FT9-FT10
chb08,chb08_17,21,FT10-T8,FT10-T8
chb08,chb08_17,22,T8-P8-1,T8-P8-1
chb08,chb08_18,0,FP1-F7,FP1-F7
chb08,chb08_18,1,F7-T7,F7-T7
chb08,chb08_18,2,T7-P7,T7-P7
chb08,chb08_18,3,P7-O1,P7-O1
chb08,chb08_18,4,FP1-F3,FP1-F3
chb08,chb08_18,5,F3-C3,F3-C3
chb08,chb08_18,6,C3-P3,C3-P3
chb08,chb08_18,7,P3-O1,P3-O1
chb08,chb08_18,8,FP2-F4,FP2-F4
chb08,chb08_18,9,F4-C4,F4-C4
chb08,chb08_18,10,C4-P4,C4-P4
chb08,chb08_18,11,P4-O2,P4-O2
chb08,chb08_18,12,FP2-F8,FP2-F8
chb08,chb08_18,13,F8-T8,F8-T8
chb08,chb08_18,14,T8-P8-0,T8-P8-0
chb08,chb08_18,15,P8-O2,P8-O2
chb08,chb08_18,16,FZ-CZ,FZ-CZ
chb08,chb08_18,17,CZ-PZ,CZ-PZ
chb08,chb08_18,18,P7-T7,P7-T7
chb08,chb08_18,19,T7-FT9,T7-FT9
chb08,chb08_18,20,FT9-FT10,FT9-FT10
chb08,chb08_18,21,FT10-T8,FT10-T8
chb08,chb08_18,22,T8-P8-1,T8-P8-1
chb08,chb08_19,0,FP1-F7,FP1-F7
chb08,chb08_19,1,F7-T7,F7-T7
chb08,chb08_19,2,T7-P7,T7-P7
chb08,chb08_19,3,P7-O1,P7-O1
chb08,chb08_19,4,FP1-F3,FP1-F3
chb08,chb08_19,5,F3-C3,F3-C3
chb08,chb08_19,6,C3-P3,C3-P3
chb08,chb08_19,7,P3-O1,P3-O1
chb08,chb08_19,8,FP2-F4,FP2-F4
chb08,chb08_19,9,F4-C4,F4-C4
chb08,chb08_19,10,C4-P4,C4-P4
chb08,chb08_19,11,P4-O2,P4-O2
chb08,chb08_19,12,FP2-F8,FP2-F8
chb08,chb08_19,13,F8-T8,F8-T8
chb08,chb08_19,14,T8-P8-0,T8-P8-0
chb08,chb08_19,15,P8-O2,P8-O2
chb08,chb08_19,16,FZ-CZ,FZ-CZ
chb08,chb08_19,17,CZ-PZ,CZ-PZ
chb08,chb08_19,18,P7-T7,P7-T7
chb08,chb08_19,19,T7-FT9,T7-FT9
chb08,chb08_19,20,FT9-FT10,FT9-FT10
chb08,chb08_19,21,FT10-T8,FT10-T8
chb08,chb08_19,22,T8-P8-1,T8-P8-1
chb08,chb08_20,0,FP1-F7,FP1-F7
chb08,chb08_20,1,F7-T7,F7-T7
chb08,chb08_20,2,T7-P7,T7-P7
chb08,chb08_20,3,P7-O1,P7-O1
chb08,chb08_20,4,FP1-F3,FP1-F3
chb08,chb08_20,5,F3-C3,F3-C3
chb08,chb08_20,6,C3-P3,C3-P3
chb08,chb08_20,7,P3-O1,P3-O1
chb08,chb08_20,8,FP2-F4,FP2-F4
chb08,chb08_20,9,F4-C4,F4-C4
chb08,chb08_20,10,C4-P4,C4-P4
chb08,chb08_20,11,P4-O2,P4-O2
chb08,chb08_20,12,FP2-F8,FP2-F8
chb08,chb08_20,13,F8-T8,F8-T8
chb08,chb08_20,14,T8-P8-0,T8-P8-0
chb08,chb08_20,15,P8-O2,P8-O2
chb08,chb08_20,16,FZ-CZ,FZ-CZ
chb08,chb08_20,17,CZ-PZ,CZ-PZ
chb08,chb08_20,18,P7-T7,P7-T7
chb08,chb08_20,19,T7-FT9,T7-FT9
chb08,chb08_20,20,FT9-FT10,FT9-FT10
chb08,chb08_20,21,FT10-T8,FT10-T8
chb08,chb08_20,22,T8-P8-1,T8-P8-1
chb08,chb08_21,0,FP1-F7,FP1-F7
chb08,chb08_21,1,F7-T7,F7-T7
chb08,chb08_21,2,T7-P7,T7-P7
chb08,chb08_21,3,P7-O1,P7-O1
chb08,chb08_21,4,FP1-F3,FP1-F3
chb08,chb08_21,5,F3-C3,F3-C3
chb08,chb08_21,6,C3-P3,C3-P3
chb08,chb08_21,7,P3-O1,P3-O1
chb08,chb08_21,8,FP2-F4,FP2-F4
chb08,chb08_21,9,F4-C4,F4-C4
chb08,chb08_21,10,C4-P4,C4-P4
chb08,chb08_21,11,P4-O2,P4-O2
chb08,chb08_21,12,FP2-F8,FP2-F8
chb08,chb08_21,13,F8-T8,F8-T8
chb08,chb08_21,14,T8-P8-0,T8-P8-0
chb08,chb08_21,15,P8-O2,P8-O2
chb08,chb08_21,16,FZ-CZ,FZ-CZ
chb08,chb08_21,17,CZ-PZ,CZ-PZ
chb08,chb08_21,18,P7-T7,P7-T7
chb08,chb08_21,19,T7-FT9,T7-FT9
chb08,chb08_21,20,FT9-FT10,FT9-FT10
chb08,chb08_21,21,FT10-T8,FT10-T8
chb08,chb08_21,22,T8-P8-1,T8-P8-1
chb08,chb08_22,0,FP1-F7,FP1-F7
chb08,chb08_22,1,F7-T7,F7-T7
chb08,chb08_22,2,T7-P7,T7-P7
chb08,chb08_22,3,P7-O1,P7-O1
chb08,chb08_22,4,FP1-F3,FP1-F3
chb08,chb08_22,5,F3-C3,F3-C3
chb08,chb08_22,6,C3-P3,C3-P3
chb08,chb08_22,7,P3-O1,P3-O1
chb08,chb08_22,8,FP2-F4,FP2-F4
chb08,chb08_22,9,F4-C4,F4-C4
chb08,chb08_22,10,C4-P4,C4-P4
chb08,chb08_22,11,P4-O2,P4-O2
chb08,chb08_22,12,FP2-F8,FP2-F8
chb08,chb08_22,13,F8-T8,F8-T8
chb08,chb08_22,14,T8-P8-0,T8-P8-0
chb08,chb08_22,15,P8-O2,P8-O2
chb08,chb08_22,16,FZ-CZ,FZ-CZ
chb08,chb08_22,17,CZ-PZ,CZ-PZ
chb08,chb08_22,18,P7-T7,P7-T7
chb08,chb08_22,19,T7-FT9,T7-FT9
chb08,chb08_22,20,FT9-FT10,FT9-FT10
chb08,chb08_22,21,FT10-T8,FT10-T8
chb08,chb08_22,22,T8-P8-1,T8-P8-1
chb08,chb08_23,0,FP1-F7,FP1-F7
chb08,chb08_23,1,F7-T7,F7-T7
chb08,chb08_23,2,T7-P7,T7-P7
chb08,chb08_23,3,P7-O1,P7-O1
chb08,chb08_23,4,FP1-F3,FP1-F3
chb08,chb08_23,5,F3-C3,F3-C3
chb08,chb08_23,6,C3-P3,C3-P3
chb08,chb08_23,7,P3-O1,P3-O1
chb08,chb08_23,8,FP2-F4,FP2-F4
chb08,chb08_23,9,F4-C4,F4-C4
chb08,chb08_23,10,C4-P4,C4-P4
chb08,chb08_23,11,P4-O2,P4-O2
chb08,chb08_23,12,FP2-F8,FP2-F8
chb08,chb08_23,13,F8-T8,F8-T8
chb08,chb08_23,14,T8-P8-0,T8-P8-0
chb08,chb08_23,15,P8-O2,P8-O2
chb08,chb08_23,16,FZ-CZ,FZ-CZ
chb08,chb08_23,17,CZ-PZ,CZ-PZ
chb08,chb08_23,18,P7-T7,P7-T7
chb08,chb08_23,19,T7-FT9,T7-FT9
chb08,chb08_23,20,FT9-FT10,FT9-FT10
chb08,chb08_23,21,FT10-T8,FT10-T8
chb08,chb08_23,22,T8-P8-1,T8-P8-1
chb08,chb08_24,0,FP1-F7,FP1-F7
chb08,chb08_24,1,F7-T7,F7-T7
chb08,chb08_24,2,T7-P7,T7-P7
chb08,chb08_24,3,P7-O1,P7-O1
chb08,chb08_24,4,FP1-F3,FP1-F3
chb08,chb08_24,5,F3-C3,F3-C3
chb08,chb08_24,6,C3-P3,C3-P3
chb08,chb08_24,7,P3-O1,P3-O1
chb08,chb08_24,8,FP2-F4,FP2-F4
chb08,chb08_24,9,F4-C4,F4-C4
chb08,chb08_24,10,C4-P4,C4-P4
chb08,chb08_24,11,P4-O2,P4-O2
chb08,chb08_24,12,FP2-F8,FP2-F8
chb08,chb08_24,13,F8-T8,F8-T8
chb08,chb08_24,14,T8-P8-0,T8-P8-0
chb08,chb08_24,15,P8-O2,P8-O2
chb08,chb08_24,16,FZ-CZ,FZ-CZ
chb08,chb08_24,17,CZ-PZ,CZ-PZ
chb08,chb08_24,18,P7-T7,P7-T7
chb08,chb08_24,19,T7-FT9,T7-FT9
chb08,chb08_24,20,FT9-FT10,FT9-FT10
chb08,chb08_24,21,FT10-T8,FT10-T8
chb08,chb08_24,22,T8-P8-1,T8-P8-1
chb08,chb08_29,0,FP1-F7,FP1-F7
chb08,chb08_29,1,F7-T7,F7-T7
chb08,chb08_29,2,T7-P7,T7-P7
chb08,chb08_29,3,P7-O1,P7-O1
chb08,chb08_29,4,FP1-F3,FP1-F3
chb08,chb08_29,5,F3-C3,F3-C3
chb08,chb08_29,6,C3-P3,C3-P3
chb08,chb08_29,7,P3-O1,P3-O1
chb08,chb08_29,8,FP2-F4,FP2-F4
chb08,chb08_29,9,F4-C4,F4-C4
chb08,chb08_29,10,C4-P4,C4-P4
chb08,chb08_29,11,P4-O2,P4-O2
chb08,chb08_29,12,FP2-F8,FP2-F8
chb08,chb08_29,13,F8-T8,F8-T8
chb08,chb08_29,14,T8-P8-0,T8-P8-0
chb08,chb08_29,15,P8-O2,P8-O2
chb08,chb08_29,16,FZ-CZ,FZ-CZ
chb08,chb08_29,17,CZ-PZ,CZ-PZ
chb08,chb08_29,18,P7-T7,P7-T7
chb08,chb08_29,19,T7-FT9,T7-FT9
chb08,chb08_29,20,FT9-FT10,FT9-FT10
chb08,chb08_29,21,FT10-T8,FT10-T8
chb08,chb08_29,22,T8-P8-1,T8-P8-1
chb09,chb09_01,0,FP1-F7,FP1-F7
chb09,chb09_01,1,F7-T7,F7-T7
chb09,chb09_01,2,T7-P7,T7-P7
chb09,chb09_01,3,P7-O1,P7-O1
chb09,chb09_01,4,FP1-F3,FP1-F3
chb09,chb09_01,5,F3-C3,F3-C3
chb09,chb09_01,6,C3-P3,C3-P3
chb09,chb09_01,7,P3-O1,P3-O1
chb09,chb09_01,8,FP2-F4,FP2-F4
chb09,chb09_01,9,F4-C4,F4-C4
chb09,chb09_01,10,C4-P4,C4-P4
chb09,chb09_01,11,P4-O2,P4-O2
chb09,chb09_01,12,FP2-F8,FP2-F8
chb09,chb09_01,13,F8-T8,F8-T8
chb09,chb09_01,14,T8-P8-0,T8-P8-0
chb09,chb09_01,15,P8-O2,P8-O2
chb09,chb09_01,16,FZ-CZ,FZ-CZ
chb09,chb09_01,17,CZ-PZ,CZ-PZ
chb09,chb09_01,18,P7-T7,P7-T7
chb09,chb09_01,19,T7-FT9,T7-FT9
chb09,chb09_01,20,FT9-FT10,FT9-FT10
chb09,chb09_01,21,FT10-T8,FT10-T8
chb09,chb09_01,22,T8-P8-1,T8-P8-1
chb09,chb09_02,0,FP1-F7,FP1-F7
chb09,chb09_02,1,F7-T7,F7-T7
chb09,chb09_02,2,T7-P7,T7-P7
chb09,chb09_02,3,P7-O1,P7-O1
chb09,chb09_02,4,FP1-F3,FP1-F3
chb09,chb09_02,5,F3-C3,F3-C3
chb09,chb09_02,6,C3-P3,C3-P3
chb09,chb09_02,7,P3-O1,P3-O1
chb09,chb09_02,8,FP2-F4,FP2-F4
chb09,chb09_02,9,F4-C4,F4-C4
chb09,chb09_02,10,C4-P4,C4-P4
chb09,chb09_02,11,P4-O2,P4-O2
chb09,chb09_02,12,FP2-F8,FP2-F8
chb09,chb09_02,13,F8-T8,F8-T8
chb09,chb09_02,14,T8-P8-0,T8-P8-0
chb09,chb09_02,15,P8-O2,P8-O2
chb09,chb09_02,16,FZ-CZ,FZ-CZ
chb09,chb09_02,17,CZ-PZ,CZ-PZ
chb09,chb09_02,18,P7-T7,P7-T7
chb09,chb09_02,19,T7-FT9,T7-FT9
chb09,chb09_02,20,FT9-FT10,FT9-FT10
chb09,chb09_02,21,FT10-T8,FT10-T8
chb09,chb09_02,22,T8-P8-1,T8-P8-1
chb09,chb09_02,23,VNS,VNS
chb09,chb09_03,0,FP1-F7,FP1-F7
chb09,chb09_03,1,F7-T7,F7-T7
chb09,chb09_03,2,T7-P7,T7-P7
chb09,chb09_03,3,P7-O1,P7-O1
chb09,chb09_03,4,FP1-F3,FP1-F3
chb09,chb09_03,5,F3-C3,F3-C3
chb09,chb09_03,6,C3-P3,C3-P3
chb09,chb09_03,7,P3-O1,P3-O1
chb09,chb09_03,8,FP2-F4,FP2-F4
chb09,chb09_03,9,F4-C4,F4-C4
chb09,chb09_03,10,C4-P4,C4-P4
chb09,chb09_03,11,P4-O2,P4-O2
chb09,chb09_03,12,FP2-F8,FP2-F8
chb09,chb09_03,13,F8-T8,F8-T8
chb09,chb09_03,14,T8-P8-0,T8-P8-0
chb09,chb09_03,15,P8-O2,P8-O2
chb09,chb09_03,16,FZ-CZ,FZ-CZ
chb09,chb09_03,17,CZ-PZ,CZ-PZ
chb09,chb09_03,18,P7-T7,P7-T7
chb09,chb09_03,19,T7-FT9,T7-FT9
chb09,chb09_03,20,FT9-FT10,FT9-FT10
chb09,chb09_03,21,FT10-T8,FT10-T8
chb09,chb09_03,22,T8-P8-1,T8-P8-1
chb09,chb09_03,23,VNS,VNS
chb09,chb09_04,0,FP1-F7,FP1-F7
chb09,chb09_04,1,F7-T7,F7-T7
chb09,chb09_04,2,T7-P7,T7-P7
chb09,chb09_04,3,P7-O1,P7-O1
chb09,chb09_04,4,FP1-F3,FP1-F3
chb09,chb09_04,5,F3-C3,F3-C3
chb09,chb09_04,6,C3-P3,C3-P3
chb09,chb09_04,7,P3-O1,P3-O1
chb09,chb09_04,8,FP2-F4,FP2-F4
chb09,chb09_04,9,F4-C4,F4-C4
chb09,chb09_04,10,C4-P4,C4-P4
chb09,chb09_04,11,P4-O2,P4-O2
chb09,chb09_04,12,FP2-F8,FP2-F8
chb09,chb09_04,13,F8-T8,F8-T8
chb09,chb09_04,14,T8-P8-0,T8-P8-0
chb09,chb09_04,15,P8-O2,P8-O2
chb09,chb09_04,16,FZ-CZ,FZ-CZ
chb09,chb09_04,17,CZ-PZ,CZ-PZ
chb09,chb09_04,18,P7-T7,P7-T7
chb09,chb09_04,19,T7-FT9,T7-FT9
chb09,chb09_04,20,FT9-FT10,FT9-FT10
chb09,chb09_04,21,FT10-T8,FT10-T8
chb09,chb09_04,22,T8-P8-1,T8-P8-1
chb09,chb09_04,23,VNS,VNS
chb09,chb09_05,0,FP1-F7,FP1-F7
chb09,chb09_05,1,F7-T7,F7-T7
chb09,chb09_05,2,T7-P7,T7-P7
chb09,chb09_05,3,P7-O1,P7-O1
chb09,chb09_05,4,FP1-F3,FP1-F3
chb09,chb09_05,5,F3-C3,F3-C3
chb09,chb09_05,6,C3-P3,C3-P3
chb09,chb09_05,7,P3-O1,P3-O1
chb09,chb09_05,8,FP2-F4,FP2-F4
chb09,chb09_05,9,F4-C4,F4-C4
chb09,chb09_05,10,C4-P4,C4-P4
chb09,chb09_05,11,P4-O2,P4-O2
chb09,chb09_05,12,FP2-F8,FP2-F8
chb09,chb09_05,13,F8-T8,F8-T8
chb09,chb09_05,14,T8-P8-0,T8-P8-0
chb09,chb09_05,15,P8-O2,P8-O2
chb09,chb09_05,16,FZ-CZ,FZ-CZ
chb09,chb09_05,17,CZ-PZ,CZ-PZ
chb09,chb09_05,18,P7-T7,P7-T7
chb09,chb09_05,19,T7-FT9,T7-FT9
chb09,chb09_05,20,FT9-FT10,FT9-FT10
chb09,chb09_05,21,FT10-T8,FT10-T8
chb09,chb09_05,22,T8-P8-1,T8-P8-1
chb09,chb09_05,23,VNS,VNS
chb09,chb09_06,0,FP1-F7,FP1-F7
chb09,chb09_06,1,F7-T7,F7-T7
chb09,chb09_06,2,T7-P7,T7-P7
chb09,chb09_06,3,P7-O1,P7-O1
chb09,chb09_06,4,FP1-F3,FP1-F3
chb09,chb09_06,5,F3-C3,F3-C3
chb09,chb09_06,6,C3-P3,C3-P3
chb09,chb09_06,7,P3-O1,P3-O1
chb09,chb09_06,8,FP2-F4,FP2-F4
chb09,chb09_06,9,F4-C4,F4-C4
chb09,chb09_06,10,C4-P4,C4-P4
chb09,chb09_06,11,P4-O2,P4-O2
chb09,chb09_06,12,FP2-F8,FP2-F8
chb09,chb09_06,13,F8-T8,F8-T8
chb09,chb09_06,14,T8-P8-0,T8-P8-0
chb09,chb09_06,15,P8-O2,P8-O2
chb09,chb09_06,16,FZ-CZ,FZ-CZ
chb09,chb09_06,17,CZ-PZ,CZ-PZ
chb09,chb09_06,18,P7-T7,P7-T7
chb09,chb09_06,19,T7-FT9,T7-FT9
chb09,chb09_06,20,FT9-FT10,FT9-FT10
chb09,chb09_06,21,FT10-T8,FT10-T8
chb09,chb09_06,22,T8-P8-1,T8-P8-1
chb09,chb09_06,23,VNS,VNS
chb09,chb09_07,0,FP1-F7,FP1-F7
chb09,chb09_07,1,F7-T7,F7-T7
chb09,chb09_07,2,T7-P7,T7-P7
chb09,chb09_07,3,P7-O1,P7-O1
chb09,chb09_07,4,FP1-F3,FP1-F3
chb09,chb09_07,5,F3-C3,F3-C3
chb09,chb09_07,6,C3-P3,C3-P3
chb09,chb09_07,7,P3-O1,P3-O1
chb09,chb09_07,8,FP2-F4,FP2-F4
chb09,chb09_07,9,F4-C4,F4-C4
chb09,chb09_07,10,C4-P4,C4-P4
chb09,chb09_07,11,P4-O2,P4-O2
chb09,chb09_07,12,FP2-F8,FP2-F8
chb09,chb09_07,13,F8-T8,F8-T8
chb09,chb09_07,14,T8-P8-0,T8-P8-0
chb09,chb09_07,15,P8-O2,P8-O2
chb09,chb09_07,16,FZ-CZ,FZ-CZ
chb09,chb09_07,17,CZ-PZ,CZ-PZ
chb09,chb09_07,18,P7-T7,P7-T7
chb09,chb09_07,19,T7-FT9,T7-FT9
chb09,chb09_07,20,FT9-FT10,FT9-FT10
chb09,chb09_07,21,FT10-T8,FT10-T8
chb09,chb09_07,22,T8-P8-1,T8-P8-1
chb09,chb09_07,23,VNS,VNS
chb09,chb09_08,0,FP1-F7,FP1-F7
chb09,chb09_08,1,F7-T7,F7-T7
chb09,chb09_08,2,T7-P7,T7-P7
chb09,chb09_08,3,P7-O1,P7-O1
chb09,chb09_08,4,FP1-F3,FP1-F3
chb09,chb09_08,5,F3-C3,F3-C3
chb09,chb09_08,6,C3-P3,C3-P3
chb09,chb09_08,7,P3-O1,P3-O1
chb09,chb09_08,8,FP2-F4,FP2-F4
chb09,chb09_08,9,F4-C4,F4-C4
chb09,chb09_08,10,C4-P4,C4-P4
chb09,chb09_08,11,P4-O2,P4-O2
chb09,chb09_08,12,FP2-F8,FP2-F8
chb09,chb09_08,13,F8-T8,F8-T8
chb09,chb09_08,14,T8-P8-0,T8-P8-0
chb09,chb09_08,15,P8-O2,P8-O2
chb09,chb09_08,16,FZ-CZ,FZ-CZ
chb09,chb09_08,17,CZ-PZ,CZ-PZ
chb09,chb09_08,18,P7-T7,P7-T7
chb09,chb09_08,19,T7-FT9,T7-FT9
chb09,chb09_08,20,FT9-FT10,FT9-FT10
chb09,chb09_08,21,FT10-T8,FT10-T8
chb09,chb09_08,22,T8-P8-1,T8-P8-1
chb09,chb09_08,23,VNS,VNS
chb09,chb09_09,0,FP1-F7,FP1-F7
chb09,chb09_09,1,F7-T7,F7-T7
chb09,chb09_09,2,T7-P7,T7-P7
chb09,chb09_09,3,P7-O1,P7-O1
chb09,chb09_09,4,FP1-F3,FP1-F3
chb09,chb09_09,5,F3-C3,F3-C3
chb09,chb09_09,6,C3-P3,C3-P3
chb09,chb09_09,7,P3-O1,P3-O1
chb09,chb09_09,8,FP2-F4,FP2-F4
chb09,chb09_09,9,F4-C4,F4-C4
chb09,chb09_09,10,C4-P4,C4-P4
chb09,chb09_09,11,P4-O2,P4-O2
chb09,chb09_09,12,FP2-F8,FP2-F8
chb09,chb09_09,13,F8-T8,F8-T8
chb09,chb09_09,14,T8-P8-0,T8-P8-0
chb09,chb09_09,15,P8-O2,P8-O2
chb09,chb09_09,16,FZ-CZ,FZ-CZ
chb09,chb09_09,17,CZ-PZ,CZ-PZ
chb09,chb09_09,18,P7-T7,P7-T7
chb09,chb09_09,19,T7-FT9,T7-FT9
chb09,chb09_09,20,FT9-FT10,FT9-FT10
chb09,chb09_09,21,FT10-T8,FT10-T8
chb09,chb09_09,22,T8-P8-1,T8-P8-1
chb09,chb09_09,23,VNS,VNS
chb09,chb09_10,0,FP1-F7,FP1-F7
chb09,chb09_10,1,F7-T7,F7-T7
chb09,chb09_10,2,T7-P7,T7-P7
chb09,chb09_10,3,P7-O1,P7-O1
chb09,chb09_10,4,FP1-F3,FP1-F3
chb09,chb09_10,5,F3-C3,F3-C3
chb09,chb09_10,6,C3-P3,C3-P3
chb09,chb09_10,7,P3-O1,P3-O1
chb09,chb09_10,8,FP2-F4,FP2-F4
chb09,chb09_10,9,F4-C4,F4-C4
chb09,chb09_10,10,C4-P4,C4-P4
chb09,chb09_10,11,P4-O2,P4-O2
chb09,chb09_10,12,FP2-F8,FP2-F8
chb09,chb09_10,13,F8-T8,F8-T8
chb09,chb09_10,14,T8-P8-0,T8-P8-0
chb09,chb09_10,15,P8-O2,P8-O2
chb09,chb09_10,16,FZ-CZ,FZ-CZ
chb09,chb09_10,17,CZ-PZ,CZ-PZ
chb09,chb09_10,18,P7-T7,P7-T7
chb09,chb09_10,19,T7-FT9,T7-FT9
chb09,chb09_10,20,FT9-FT10,FT9-FT10
chb09,chb09_10,21,FT10-T8,FT10-T8
chb09,chb09_10,22,T8-P8-1,T8-P8-1
chb09,chb09_10,23,VNS,VNS
chb09,chb09_11,0,FP1-F7,FP1-F7
chb09,chb09_11,1,F7-T7,F7-T7
chb09,chb09_11,2,T7-P7,T7-P7
chb09,chb09_11,3,P7-O1,P7-O1
chb09,chb09_11,4,FP1-F3,FP1-F3
chb09,chb09_11,5,F3-C3,F3-C3
chb09,chb09_11,6,C3-P3,C3-P3
chb09,chb09_11,7,P3-O1,P3-O1
chb09,chb09_11,8,FP2-F4,FP2-F4
chb09,chb09_11,9,F4-C4,F4-C4
chb09,chb09_11,10,C4-P4,C4-P4
chb09,chb09_11,11,P4-O2,P4-O2
chb09,chb09_11,12,FP2-F8,FP2-F8
chb09,chb09_11,13,F8-T8,F8-T8
chb09,chb09_11,14,T8-P8-0,T8-P8-0
chb09,chb09_11,15,P8-O2,P8-O2
chb09,chb09_11,16,FZ-CZ,FZ-CZ
chb09,chb09_11,17,CZ-PZ,CZ-PZ
chb09,chb09_11,18,P7-T7,P7-T7
chb09,chb09_11,19,T7-FT9,T7-FT9
chb09,chb09_11,20,FT9-FT10,FT9-FT10
chb09,chb09_11,21,FT10-T8,FT10-T8
chb09,chb09_11,22,T8-P8-1,T8-P8-1
chb09,chb09_11,23,VNS,VNS
chb09,chb09_12,0,FP1-F7,FP1-F7
chb09,chb09_12,1,F7-T7,F7-T7
chb09,chb09_12,2,T7-P7,T7-P7
chb09,chb09_12,3,P7-O1,P7-O1
chb09,chb09_12,4,FP1-F3,FP1-F3
chb09,chb09_12,5,F3-C3,F3-C3
chb09,chb09_12,6,C3-P3,C3-P3
chb09,chb09_12,7,P3-O1,P3-O1
chb09,chb09_12,8,FP2-F4,FP2-F4
chb09,chb09_12,9,F4-C4,F4-C4
chb09,chb09_12,10,C4-P4,C4-P4
chb09,chb09_12,11,P4-O2,P4-O2
chb09,chb09_12,12,FP2-F8,FP2-F8
chb09,chb09_12,13,F8-T8,F8-T8
chb09,chb09_12,14,T8-P8-0,T8-P8-0
chb09,chb09_12,15,P8-O2,P8-O2
chb09,chb09_12,16,FZ-CZ,FZ-CZ
chb09,chb09_12,17,CZ-PZ,CZ-PZ
chb09,chb09_12,18,P7-T7,P7-T7
chb09,chb09_12,19,T7-FT9,T7-FT9
chb09,chb09_12,20,FT9-FT10,FT9-FT10
chb09,chb09_12,21,FT10-T8,FT10-T8
chb09,chb09_12,22,T8-P8-1,T8-P8-1
chb09,chb09_12,23,VNS,VNS
chb09,chb09_13,0,FP1-F7,FP1-F7
chb09,chb09_13,1,F7-T7,F7-T7
chb09,chb09_13,2,T7-P7,T7-P7
chb09,chb09_13,3,P7-O1,P7-O1
chb09,chb09_13,4,FP1-F3,FP1-F3
chb09,chb09_13,5,F3-C3,F3-C3
chb09,chb09_13,6,C3-P3,C3-P3
chb09,chb09_13,7,P3-O1,P3-O1
chb09,chb09_13,8,FP2-F4,FP2-F4
chb09,chb09_13,9,F4-C4,F4-C4
chb09,chb09_13,10,C4-P4,C4-P4
chb09,chb09_13,11,P4-O2,P4-O2
chb09,chb09_13,12,FP2-F8,FP2-F8
chb09,chb09_13,13,F8-T8,F8-T8
chb09,chb09_13,14,T8-P8-0,T8-P8-0
chb09,chb09_13,15,P8-O2,P8-O2
chb09,chb09_13,16,FZ-CZ,FZ-CZ
chb09,chb09_13,17,CZ-PZ,CZ-PZ
chb09,chb09_13,18,P7-T7,P7-T7
chb09,chb09_13,19,T7-FT9,T7-FT9
chb09,chb09_13,20,FT9-FT10,FT9-FT10
chb09,chb09_13,21,FT10-T8,FT10-T8
chb09,chb09_13,22,T8-P8-1,T8-P8-1
chb09,chb09_13,23,VNS,VNS
chb09,chb09_14,0,FP1-F7,FP1-F7
chb09,chb09_14,1,F7-T7,F7-T7
chb09,chb09_14,2,T7-P7,T7-P7
chb09,chb09_14,3,P7-O1,P7-O1
chb09,chb09_14,4,FP1-F3,FP1-F3
chb09,chb09_14,5,F3-C3,F3-C3
chb09,chb09_14,6,C3-P3,C3-P3
chb09,chb09_14,7,P3-O1,P3-O1
chb09,chb09_14,8,FP2-F4,FP2-F4
chb09,chb09_14,9,F4-C4,F4-C4
chb09,chb09_14,10,C4-P4,C4-P4
chb09,chb09_14,11,P4-O2,P4-O2
chb09,chb09_14,12,FP2-F8,FP2-F8
chb09,chb09_14,13,F8-T8,F8-T8
chb09,chb09_14,14,T8-P8-0,T8-P8-0
chb09,chb09_14,15,P8-O2,P8-O2
chb09,chb09_14,16,FZ-CZ,FZ-CZ
chb09,chb09_14,17,CZ-PZ,CZ-PZ
chb09,chb09_14,18,P7-T7,P7-T7
chb09,chb09_14,19,T7-FT9,T7-FT9
chb09,chb09_14,20,FT9-FT10,FT9-FT10
chb09,chb09_14,21,FT10-T8,FT10-T8
chb09,chb09_14,22,T8-P8-1,T8-P8-1
chb09,chb09_14,23,VNS,VNS
chb09,chb09_15,0,FP1-F7,FP1-F7
chb09,chb09_15,1,F7-T7,F7-T7
chb09,chb09_15,2,T7-P7,T7-P7
chb09,chb09_15,3,P7-O1,P7-O1
chb09,chb09_15,4,FP1-F3,FP1-F3
chb09,chb09_15,5,F3-C3,F3-C3
chb09,chb09_15,6,C3-P3,C3-P3
chb09,chb09_15,7,P3-O1,P3-O1
chb09,chb09_15,8,FP2-F4,FP2-F4
chb09,chb09_15,9,F4-C4,F4-C4
chb09,chb09_15,10,C4-P4,C4-P4
chb09,chb09_15,11,P4-O2,P4-O2
chb09,chb09_15,12,FP2-F8,FP2-F8
chb09,chb09_15,13,F8-T8,F8-T8
chb09,chb09_15,14,T8-P8-0,T8-P8-0
chb09,chb09_15,15,P8-O2,P8-O2
chb09,chb09_15,16,FZ-CZ,FZ-CZ
chb09,chb09_15,17,CZ-PZ,CZ-PZ
chb09,chb09_15,18,P7-T7,P7-T7
chb09,chb09_15,19,T7-FT9,T7-FT9
chb09,chb09_15,20,FT9-FT10,FT9-FT10
chb09,chb09_15,21,FT10-T8,FT10-T8
chb09,chb09_15,22,T8-P8-1,T8-P8-1
chb09,chb09_15,23,VNS,VNS
chb09,chb09_16,0,FP1-F7,FP1-F7
chb09,chb09_16,1,F7-T7,F7-T7
chb09,chb09_16,2,T7-P7,T7-P7
chb09,chb09_16,3,P7-O1,P7-O1
chb09,chb09_16,4,FP1-F3,FP1-F3
chb09,chb09_16,5,F3-C3,F3-C3
chb09,chb09_16,6,C3-P3,C3-P3
chb09,chb09_16,7,P3-O1,P3-O1
chb09,chb09_16,8,FP2-F4,FP2-F4
chb09,chb09_16,9,F4-C4,F4-C4
chb09,chb09_16,10,C4-P4,C4-P4
chb09,chb09_16,11,P4-O2,P4-O2
chb09,chb09_16,12,FP2-F8,FP2-F8
chb09,chb09_16,13,F8-T8,F8-T8
chb09,chb09_16,14,T8-P8-0,T8-P8-0
chb09,chb09_16,15,P8-O2,P8-O2
chb09,chb09_16,16,FZ-CZ,FZ-CZ
chb09,chb09_16,17,CZ-PZ,CZ-PZ
chb09,chb09_16,18,P7-T7,P7-T7
chb09,chb09_16,19,T7-FT9,T7-FT9
chb09,chb09_16,20,FT9-FT10,FT9-FT10
chb09,chb09_16,21,FT10-T8,FT10-T8
chb09,chb09_16,22,T8-P8-1,T8-P8-1
chb09,chb09_16,23,VNS,VNS
chb09,chb09_17,0,FP1-F7,FP1-F7
chb09,chb09_17,1,F7-T7,F7-T7
chb09,chb09_17,2,T7-P7,T7-P7
chb09,chb09_17,3,P7-O1,P7-O1
chb09,chb09_17,4,FP1-F3,FP1-F3
chb09,chb09_17,5,F3-C3,F3-C3
chb09,chb09_17,6,C3-P3,C3-P3
chb09,chb09_17,7,P3-O1,P3-O1
chb09,chb09_17,8,FP2-F4,FP2-F4
chb09,chb09_17,9,F4-C4,F4-C4
chb09,chb09_17,10,C4-P4,C4-P4
chb09,chb09_17,11,P4-O2,P4-O2
chb09,chb09_17,12,FP2-F8,FP2-F8
chb09,chb09_17,13,F8-T8,F8-T8
chb09,chb09_17,14,T8-P8-0,T8-P8-0
chb09,chb09_17,15,P8-O2,P8-O2
chb09,chb09_17,16,FZ-CZ,FZ-CZ
chb09,chb09_17,17,CZ-PZ,CZ-PZ
chb09,chb09_17,18,P7-T7,P7-T7
chb09,chb09_17,19,T7-FT9,T7-FT9
chb09,chb09_17,20,FT9-FT10,FT9-FT10
chb09,chb09_17,21,FT10-T8,FT10-T8
chb09,chb09_17,22,T8-P8-1,T8-P8-1
chb09,chb09_17,23,VNS,VNS
chb09,chb09_18,0,FP1-F7,FP1-F7
chb09,chb09_18,1,F7-T7,F7-T7
chb09,chb09_18,2,T7-P7,T7-P7
chb09,chb09_18,3,P7-O1,P7-O1
chb09,chb09_18,4,FP1-F3,FP1-F3
chb09,chb09_18,5,F3-C3,F3-C3
chb09,chb09_18,6,C3-P3,C3-P3
chb09,chb09_18,7,P3-O1,P3-O1
chb09,chb09_18,8,FP2-F4,FP2-F4
chb09,chb09_18,9,F4-C4,F4-C4
chb09,chb09_18,10,C4-P4,C4-P4
chb09,chb09_18,11,P4-O2,P4-O2
chb09,chb09_18,12,FP2-F8,FP2-F8
chb09,chb09_18,13,F8-T8,F8-T8
chb09,chb09_18,14,T8-P8-0,T8-P8-0
chb09,chb09_18,15,P8-O2,P8-O2
chb09,chb09_18,16,FZ-CZ,FZ-CZ
chb09,chb09_18,17,CZ-PZ,CZ-PZ
chb09,chb09_18,18,P7-T7,P7-T7
chb09,chb09_18,19,T7-FT9,T7-FT9
chb09,chb09_18,20,FT9-FT10,FT9-FT10
chb09,chb09_18,21,FT10-T8,FT10-T8
chb09,chb09_18,22,T8-P8-1,T8-P8-1
chb09,chb09_18,23,VNS,VNS
chb09,chb09_19,0,FP1-F7,FP1-F7
chb09,chb09_19,1,F7-T7,F7-T7
chb09,chb09_19,2,T7-P7,T7-P7
chb09,chb09_19,3,P7-O1,P7-O1
chb09,chb09_19,4,FP1-F3,FP1-F3
chb09,chb09_19,5,F3-C3,F3-C3
chb09,chb09_19,6,C3-P3,C3-P3
chb09,chb09_19,7,P3-O1,P3-O1
chb09,chb09_19,8,FP2-F4,FP2-F4
chb09,chb09_19,9,F4-C4,F4-C4
chb09,chb09_19,10,C4-P4,C4-P4
chb09,chb09_19,11,P4-O2,P4-O2
chb09,chb09_19,12,FP2-F8,FP2-F8
chb09,chb09_19,13,F8-T8,F8-T8
chb09,chb09_19,14,T8-P8-0,T8-P8-0
chb09,chb09_19,15,P8-O2,P8-O2
chb09,chb09_19,16,FZ-CZ,FZ-CZ
chb09,chb09_19,17,CZ-PZ,CZ-PZ
chb09,chb09_19,18,P7-T7,P7-T7
chb09,chb09_19,19,T7-FT9,T7-FT9
chb09,chb09_19,20,FT9-FT10,FT9-FT10
chb09,chb09_19,21,FT10-T8,FT10-T8
chb09,chb09_19,22,T8-P8-1,T8-P8-1
chb09,chb09_19,23,VNS,VNS
chb10,chb10_01,0,FP1-F7,FP1-F7
chb10,chb10_01,1,F7-T7,F7-T7
chb10,chb10_01,2,T7-P7,T7-P7
chb10,chb10_01,3,P7-O1,P7-O1
chb10,chb10_01,4,FP1-F3,FP1-F3
chb10,chb10_01,5,F3-C3,F3-C3
chb10,chb10_01,6,C3-P3,C3-P3
chb10,chb10_01,7,P3-O1,P3-O1
chb10,chb10_01,8,FP2-F4,FP2-F4
chb10,chb10_01,9,F4-C4,F4-C4
chb10,chb10_01,10,C4-P4,C4-P4
chb10,chb10_01,11,P4-O2,P4-O2
chb10,chb10_01,12,FP2-F8,FP2-F8
chb10,chb10_01,13,F8-T8,F8-T8
chb10,chb10_01,14,T8-P8-0,T8-P8-0
chb10,chb10_01,15,P8-O2,P8-O2
chb10,chb10_01,16,FZ-CZ,FZ-CZ
chb10,chb10_01,17,CZ-PZ,CZ-PZ
chb10,chb10_01,18,P7-T7,P7-T7
chb10,chb10_01,19,T7-FT9,T7-FT9
chb10,chb10_01,20,FT9-FT10,FT9-FT10
chb10,chb10_01,21,FT10-T8,FT10-T8
chb10,chb10_01,22,T8-P8-1,T8-P8-1
chb10,chb10_02,0,FP1-F7,FP1-F7
chb10,chb10_02,1,F7-T7,F7-T7
chb10,chb10_02,2,T7-P7,T7-P7
chb10,chb10_02,3,P7-O1,P7-O1
chb10,chb10_02,4,FP1-F3,FP1-F3
chb10,chb10_02,5,F3-C3,F3-C3
chb10,chb10_02,6,C3-P3,C3-P3
chb10,chb10_02,7,P3-O1,P3-O1
chb10,chb10_02,8,FP2-F4,FP2-F4
chb10,chb10_02,9,F4-C4,F4-C4
chb10,chb10_02,10,C4-P4,C4-P4
chb10,chb10_02,11,P4-O2,P4-O2
chb10,chb10_02,12,FP2-F8,FP2-F8
chb10,chb10_02,13,F8-T8,F8-T8
chb10,chb10_02,14,T8-P8-0,T8-P8-0
chb10,chb10_02,15,P8-O2,P8-O2
chb10,chb10_02,16,FZ-CZ,FZ-CZ
chb10,chb10_02,17,CZ-PZ,CZ-PZ
chb10,chb10_02,18,P7-T7,P7-T7
chb10,chb10_02,19,T7-FT9,T7-FT9
chb10,chb10_02,20,FT9-FT10,FT9-FT10
chb10,chb10_02,21,FT10-T8,FT10-T8
chb10,chb10_02,22,T8-P8-1,T8-P8-1
chb10,chb10_03,0,FP1-F7,FP1-F7
chb10,chb10_03,1,F7-T7,F7-T7
chb10,chb10_03,2,T7-P7,T7-P7
chb10,chb10_03,3,P7-O1,P7-O1
chb10,chb10_03,4,FP1-F3,FP1-F3
chb10,chb10_03,5,F3-C3,F3-C3
chb10,chb10_03,6,C3-P3,C3-P3
chb10,chb10_03,7,P3-O1,P3-O1
chb10,chb10_03,8,FP2-F4,FP2-F4
chb10,chb10_03,9,F4-C4,F4-C4
chb10,chb10_03,10,C4-P4,C4-P4
chb10,chb10_03,11,P4-O2,P4-O2
chb10,chb10_03,12,FP2-F8,FP2-F8
chb10,chb10_03,13,F8-T8,F8-T8
chb10,chb10_03,14,T8-P8-0,T8-P8-0
chb10,chb10_03,15,P8-O2,P8-O2
chb10,chb10_03,16,FZ-CZ,FZ-CZ
chb10,chb10_03,17,CZ-PZ,CZ-PZ
chb10,chb10_03,18,P7-T7,P7-T7
chb10,chb10_03,19,T7-FT9,T7-FT9
chb10,chb10_03,20,FT9-FT10,FT9-FT10
chb10,chb10_03,21,FT10-T8,FT10-T8
chb10,chb10_03,22,T8-P8-1,T8-P8-1
chb10,chb10_04,0,FP1-F7,FP1-F7
chb10,chb10_04,1,F7-T7,F7-T7
chb10,chb10_04,2,T7-P7,T7-P7
chb10,chb10_04,3,P7-O1,P7-O1
chb10,chb10_04,4,FP1-F3,FP1-F3
chb10,chb10_04,5,F3-C3,F3-C3
chb10,chb10_04,6,C3-P3,C3-P3
chb10,chb10_04,7,P3-O1,P3-O1
chb10,chb10_04,8,FP2-F4,FP2-F4
chb10,chb10_04,9,F4-C4,F4-C4
chb10,chb10_04,10,C4-P4,C4-P4
chb10,chb10_04,11,P4-O2,P4-O2
chb10,chb10_04,12,FP2-F8,FP2-F8
chb10,chb10_04,13,F8-T8,F8-T8
chb10,chb10_04,14,T8-P8-0,T8-P8-0
chb10,chb10_04,15,P8-O2,P8-O2
chb10,chb10_04,16,FZ-CZ,FZ-CZ
chb10,chb10_04,17,CZ-PZ,CZ-PZ
chb10,chb10_04,18,P7-T7,P7-T7
chb10,chb10_04,19,T7-FT9,T7-FT9
chb10,chb10_04,20,FT9-FT10,FT9-FT10
chb10,chb10_04,21,FT10-T8,FT10-T8
chb10,chb10_04,22,T8-P8-1,T8-P8-1
chb10,chb10_05,0,FP1-F7,FP1-F7
chb10,chb10_05,1,F7-T7,F7-T7
chb10,chb10_05,2,T7-P7,T7-P7
chb10,chb10_05,3,P7-O1,P7-O1
chb10,chb10_05,4,FP1-F3,FP1-F3
chb10,chb10_05,5,F3-C3,F3-C3
chb10,chb10_05,6,C3-P3,C3-P3
chb10,chb10_05,7,P3-O1,P3-O1
chb10,chb10_05,8,FP2-F4,FP2-F4
chb10,chb10_05,9,F4-C4,F4-C4
chb10,chb10_05,10,C4-P4,C4-P4
chb10,chb10_05,11,P4-O2,P4-O2
chb10,chb10_05,12,FP2-F8,FP2-F8
chb10,chb10_05,13,F8-T8,F8-T8
chb10,chb10_05,14,T8-P8-0,T8-P8-0
chb10,chb10_05,15,P8-O2,P8-O2
chb10,chb10_05,16,FZ-CZ,FZ-CZ
chb10,chb10_05,17,CZ-PZ,CZ-PZ
chb10,chb10_05,18,P7-T7,P7-T7
chb10,chb10_05,19,T7-FT9,T7-FT9
chb10,chb10_05,20,FT9-FT10,FT9-FT10
chb10,chb10_05,21,FT10-T8,FT10-T8
chb10,chb10_05,22,T8-P8-1,T8-P8-1
chb10,chb10_06,0,FP1-F7,FP1-F7
chb10,chb10_06,1,F7-T7,F7-T7
chb10,chb10_06,2,T7-P7,T7-P7
chb10,chb10_06,3,P7-O1,P7-O1
chb10,chb10_06,4,FP1-F3,FP1-F3
chb10,chb10_06,5,F3-C3,F3-C3
chb10,chb10_06,6,C3-P3,C3-P3
chb10,chb10_06,7,P3-O1,P3-O1
chb10,chb10_06,8,FP2-F4,FP2-F4
chb10,chb10_06,9,F4-C4,F4-C4
chb10,chb10_06,10,C4-P4,C4-P4
chb10,chb10_06,11,P4-O2,P4-O2
chb10,chb10_06,12,FP2-F8,FP2-F8
chb10,chb10_06,13,F8-T8,F8-T8
chb10,chb10_06,14,T8-P8-0,T8-P8-0
chb10,chb10_06,15,P8-O2,P8-O2
chb10,chb10_06,16,FZ-CZ,FZ-CZ
chb10,chb10_06,17,CZ-PZ,CZ-PZ
chb10,chb10_06,18,P7-T7,P7-T7
chb10,chb10_06,19,T7-FT9,T7-FT9
chb10,chb10_06,20,FT9-FT10,FT9-FT10
chb10,chb10_06,21,FT10-T8,FT10-T8
chb10,chb10_06,22,T8-P8-1,T8-P8-1
chb10,chb10_07,0,FP1-F7,FP1-F7
chb10,chb10_07,1,F7-T7,F7-T7
chb10,chb10_07,2,T7-P7,T7-P7
chb10,chb10_07,3,P7-O1,P7-O1
chb10,chb10_07,4,FP1-F3,FP1-F3
chb10,chb10_07,5,F3-C3,F3-C3
chb10,chb10_07,6,C3-P3,C3-P3
chb10,chb10_07,7,P3-O1,P3-O1
chb10,chb10_07,8,FP2-F4,FP2-F4
chb10,chb10_07,9,F4-C4,F4-C4
chb10,chb10_07,10,C4-P4,C4-P4
chb10,chb10_07,11,P4-O2,P4-O2
chb10,chb10_07,12,FP2-F8,FP2-F8
chb10,chb10_07,13,F8-T8,F8-T8
chb10,chb10_07,14,T8-P8-0,T8-P8-0
chb10,chb10_07,15,P8-O2,P8-O2
chb10,chb10_07,16,FZ-CZ,FZ-CZ
chb10,chb10_07,17,CZ-PZ,CZ-PZ
chb10,chb10_07,18,P7-T7,P7-T7
chb10,chb10_07,19,T7-FT9,T7-FT9
chb10,chb10_07,20,FT9-FT10,FT9-FT10
chb10,chb10_07,21,FT10-T8,FT10-T8
chb10,chb10_07,22,T8-P8-1,T8-P8-1
chb10,chb10_08,0,FP1-F7,FP1-F7
chb10,chb10_08,1,F7-T7,F7-T7
chb10,chb10_08,2,T7-P7,T7-P7
chb10,chb10_08,3,P7-O1,P7-O1
chb10,chb10_08,4,FP1-F3,FP1-F3
chb10,chb10_08,5,F3-C3,F3-C3
chb10,chb10_08,6,C3-P3,C3-P3
chb10,chb10_08,7,P3-O1,P3-O1
chb10,chb10_08,8,FP2-F4,FP2-F4
chb10,chb10_08,9,F4-C4,F4-C4
chb10,chb10_08,10,C4-P4,C4-P4
chb10,chb10_08,11,P4-O2,P4-O2
chb10,chb10_08,12,FP2-F8,FP2-F8
chb10,chb10_08,13,F8-T8,F8-T8
chb10,chb10_08,14,T8-P8-0,T8-P8-0
chb10,chb10_08,15,P8-O2,P8-O2
chb10,chb10_08,16,FZ-CZ,FZ-CZ
chb10,chb10_08,17,CZ-PZ,CZ-PZ
chb10,chb10_08,18,P7-T7,P7-T7
chb10,chb10_08,19,T7-FT9,T7-FT9
chb10,chb10_08,20,FT9-FT10,FT9-FT10
chb10,chb10_08,21,FT10-T8,FT10-T8
chb10,chb10_08,22,T8-P8-1,T8-P8-1
chb10,chb10_12,0,FP1-F7,FP1-F7
chb10,chb10_12,1,F7-T7,F7-T7
chb10,chb10_12,2,T7-P7,T7-P7
chb10,chb10_12,3,P7-O1,P7-O1
chb10,chb10_12,4,FP1-F3,FP1-F3
chb10,chb10_12,5,F3-C3,F3-C3
chb10,chb10_12,6,C3-P3,C3-P3
chb10,chb10_12,7,P3-O1,P3-O1
chb10,chb10_12,8,FP2-F4,FP2-F4
chb10,chb10_12,9,F4-C4,F4-C4
chb10,chb10_12,10,C4-P4,C4-P4
chb10,chb10_12,11,P4-O2,P4-O2
chb10,chb10_12,12,FP2-F8,FP2-F8
chb10,chb10_12,13,F8-T8,F8-T8
chb10,chb10_12,14,T8-P8-0,T8-P8-0
chb10,chb10_12,15,P8-O2,P8-O2
chb10,chb10_12,16,FZ-CZ,FZ-CZ
chb10,chb10_12,17,CZ-PZ,CZ-PZ
chb10,chb10_12,18,P7-T7,P7-T7
chb10,chb10_12,19,T7-FT9,T7-FT9
chb10,chb10_12,20,FT9-FT10,FT9-FT10
chb10,chb10_12,21,FT10-T8,FT10-T8
chb10,chb10_12,22,T8-P8-1,T8-P8-1
chb10,chb10_13,0,FP1-F7,FP1-F7
chb10,chb10_13,1,F7-T7,F7-T7
chb10,chb10_13,2,T7-P7,T7-P7
chb10,chb10_13,3,P7-O1,P7-O1
chb10,chb10_13,4,FP1-F3,FP1-F3
chb10,chb10_13,5,F3-C3,F3-C3
chb10,chb10_13,6,C3-P3,C3-P3
chb10,chb10_13,7,P3-O1,P3-O1
chb10,chb10_13,8,FP2-F4,FP2-F4
chb10,chb10_13,9,F4-C4,F4-C4
chb10,chb10_13,10,C4-P4,C4-P4
chb10,chb10_13,11,P4-O2,P4-O2
chb10,chb10_13,12,FP2-F8,FP2-F8
chb10,chb10_13,13,F8-T8,F8-T8
chb10,chb10_13,14,T8-P8-0,T8-P8-0
chb10,chb10_13,15,P8-O2,P8-O2
chb10,chb10_13,16,FZ-CZ,FZ-CZ
chb10,chb10_13,17,CZ-PZ,CZ-PZ
chb10,chb10_13,18,P7-T7,P7-T7
chb10,chb10_13,19,T7-FT9,T7-FT9
chb10,chb10_13,20,FT9-FT10,FT9-FT10
chb10,chb10_13,21,FT10-T8,FT10-T8
chb10,chb10_13,22,T8-P8-1,T8-P8-1
chb10,chb10_14,0,FP1-F7,FP1-F7
chb10,chb10_14,1,F7-T7,F7-T7
chb10,chb10_14,2,T7-P7,T7-P7
chb10,chb10_14,3,P7-O1,P7-O1
chb10,chb10_14,4,FP1-F3,FP1-F3
chb10,chb10_14,5,F3-C3,F3-C3
chb10,chb10_14,6,C3-P3,C3-P3
chb10,chb10_14,7,P3-O1,P3-O1
chb10,chb10_14,8,FP2-F4,FP2-F4
chb10,chb10_14,9,F4-C4,F4-C4
chb10,chb10_14,10,C4-P4,C4-P4
chb10,chb10_14,11,P4-O2,P4-O2
chb10,chb10_14,12,FP2-F8,FP2-F8
chb10,chb10_14,13,F8-T8,F8-T8
chb10,chb10_14,14,T8-P8-0,T8-P8-0
chb10,chb10_14,15,P8-O2,P8-O2
chb10,chb10_14,16,FZ-CZ,FZ-CZ
chb10,chb10_14,17,CZ-PZ,CZ-PZ
chb10,chb10_14,18,P7-T7,P7-T7
chb10,chb10_14,19,T7-FT9,T7-FT9
chb10,chb10_14,20,FT9-FT10,FT9-FT10
chb10,chb10_14,21,FT10-T8,FT10-T8
chb10,chb10_14,22,T8-P8-1,T8-P8-1
chb10,chb10_15,0,FP1-F7,FP1-F7
chb10,chb10_15,1,F7-T7,F7-T7
chb10,chb10_15,2,T7-P7,T7-P7
chb10,chb10_15,3,P7-O1,P7-O1
chb10,chb10_15,4,FP1-F3,FP1-F3
chb10,chb10_15,5,F3-C3,F3-C3
chb10,chb10_15,6,C3-P3,C3-P3
chb10,chb10_15,7,P3-O1,P3-O1
chb10,chb10_15,8,FP2-F4,FP2-F4
chb10,chb10_15,9,F4-C4,F4-C4
chb10,chb10_15,10,C4-P4,C4-P4
chb10,chb10_15,11,P4-O2,P4-O2
chb10,chb10_15,12,FP2-F8,FP2-F8
chb10,chb10_15,13,F8-T8,F8-T8
chb10,chb10_15,14,T8-P8-0,T8-P8-0
chb10,chb10_15,15,P8-O2,P8-O2
chb10,chb10_15,16,FZ-CZ,FZ-CZ
chb10,chb10_15,17,CZ-PZ,CZ-PZ
chb10,chb10_15,18,P7-T7,P7-T7
chb10,chb10_15,19,T7-FT9,T7-FT9
chb10,chb10_15,20,FT9-FT10,FT9-FT10
chb10,chb10_15,21,FT10-T8,FT10-T8
chb10,chb10_15,22,T8-P8-1,T8-P8-1
chb10,chb10_16,0,FP1-F7,FP1-F7
chb10,chb10_16,1,F7-T7,F7-T7
chb10,chb10_16,2,T7-P7,T7-P7
chb10,chb10_16,3,P7-O1,P7-O1
chb10,chb10_16,4,FP1-F3,FP1-F3
chb10,chb10_16,5,F3-C3,F3-C3
chb10,chb10_16,6,C3-P3,C3-P3
chb10,chb10_16,7,P3-O1,P3-O1
chb10,chb10_16,8,FP2-F4,FP2-F4
chb10,chb10_16,9,F4-C4,F4-C4
chb10,chb10_16,10,C4-P4,C4-P4
chb10,chb10_16,11,P4-O2,P4-O2
chb10,chb10_16,12,FP2-F8,FP2-F8
chb10,chb10_16,13,F8-T8,F8-T8
chb10,chb10_16,14,T8-P8-0,T8-P8-0
chb10,chb10_16,15,P8-O2,P8-O2
chb10,chb10_16,16,FZ-CZ,FZ-CZ
chb10,chb10_16,17,CZ-PZ,CZ-PZ
chb10,chb10_16,18,P7-T7,P7-T7
chb10,chb10_16,19,T7-FT9,T7-FT9
chb10,chb10_16,20,FT9-FT10,FT9-FT10
chb10,chb10_16,21,FT10-T8,FT10-T8
chb10,chb10_16,22,T8-P8-1,T8-P8-1
chb10,chb10_17,0,FP1-F7,FP1-F7
chb10,chb10_17,1,F7-T7,F7-T7
chb10,chb10_17,2,T7-P7,T7-P7
chb10,chb10_17,3,P7-O1,P7-O1
chb10,chb10_17,4,FP1-F3,FP1-F3
chb10,chb10_17,5,F3-C3,F3-C3
chb10,chb10_17,6,C3-P3,C3-P3
chb10,chb10_17,7,P3-O1,P3-O1
chb10,chb10_17,8,FP2-F4,FP2-F4
chb10,chb10_17,9,F4-C4,F4-C4
chb10,chb10_17,10,C4-P4,C4-P4
chb10,chb10_17,11,P4-O2,P4-O2
chb10,chb10_17,12,FP2-F8,FP2-F8
chb10,chb10_17,13,F8-T8,F8-T8
chb10,chb10_17,14,T8-P8-0,T8-P8-0
chb10,chb10_17,15,P8-O2,P8-O2
chb10,chb10_17,16,FZ-CZ,FZ-CZ
chb10,chb10_17,17,CZ-PZ,CZ-PZ
chb10,chb10_17,18,P7-T7,P7-T7
chb10,chb10_17,19,T7-FT9,T7-FT9
chb10,chb10_17,20,FT9-FT10,FT9-FT10
chb10,chb10_17,21,FT10-T8,FT10-T8
chb10,chb10_17,22,T8-P8-1,T8-P8-1
chb10,chb10_18,0,FP1-F7,FP1-F7
chb10,chb10_18,1,F7-T7,F7-T7
chb10,chb10_18,2,T7-P7,T7-P7
chb10,chb10_18,3,P7-O1,P7-O1
chb10,chb10_18,4,FP1-F3,FP1-F3
chb10,chb10_18,5,F3-C3,F3-C3
chb10,chb10_18,6,C3-P3,C3-P3
chb10,chb10_18,7,P3-O1,P3-O1
chb10,chb10_18,8,FP2-F4,FP2-F4
chb10,chb10_18,9,F4-C4,F4-C4
chb10,chb10_18,10,C4-P4,C4-P4
chb10,chb10_18,11,P4-O2,P4-O2
chb10,chb10_18,12,FP2-F8,FP2-F8
chb10,chb10_18,13,F8-T8,F8-T8
chb10,chb10_18,14,T8-P8-0,T8-P8-0
chb10,chb10_18,15,P8-O2,P8-O2
chb10,chb10_18,16,FZ-CZ,FZ-CZ
chb10,chb10_18,17,CZ-PZ,CZ-PZ
chb10,chb10_18,18,P7-T7,P7-T7
chb10,chb10_18,19,T7-FT9,T7-FT9
chb10,chb10_18,20,FT9-FT10,FT9-FT10
chb10,chb10_18,21,FT10-T8,FT10-T8
chb10,chb10_18,22,T8-P8-1,T8-P8-1
chb10,chb10_19,0,FP1-F7,FP1-F7
chb10,chb10_19,1,F7-T7,F7-T7
chb10,chb10_19,2,T7-P7,T7-P7
chb10,chb10_19,3,P7-O1,P7-O1
chb10,chb10_19,4,FP1-F3,FP1-F3
chb10,chb10_19,5,F3-C3,F3-C3
chb10,chb10_19,6,C3-P3,C3-P3
chb10,chb10_19,7,P3-O1,P3-O1
chb10,chb10_19,8,FP2-F4,FP2-F4
chb10,chb10_19,9,F4-C4,F4-C4
chb10,chb10_19,10,C4-P4,C4-P4
chb10,chb10_19,11,P4-O2,P4-O2
chb10,chb10_19,12,FP2-F8,FP2-F8
chb10,chb10_19,13,F8-T8,F8-T8
chb10,chb10_19,14,T8-P8-0,T8-P8-0
chb10,chb10_19,15,P8-O2,P8-O2
chb10,chb10_19,16,FZ-CZ,FZ-CZ
chb10,chb10_19,17,CZ-PZ,CZ-PZ
chb10,chb10_19,18,P7-T7,P7-T7
chb10,chb10_19,19,T7-FT9,T7-FT9
chb10,chb10_19,20,FT9-FT10,FT9-FT10
chb10,chb10_19,21,FT10-T8,FT10-T8
chb10,chb10_19,22,T8-P8-1,T8-P8-1
chb10,chb10_20,0,FP1-F7,FP1-F7
chb10,chb10_20,1,F7-T7,F7-T7
chb10,chb10_20,2,T7-P7,T7-P7
chb10,chb10_20,3,P7-O1,P7-O1
chb10,chb10_20,4,FP1-F3,FP1-F3
chb10,chb10_20,5,F3-C3,F3-C3
chb10,chb10_20,6,C3-P3,C3-P3
chb10,chb10_20,7,P3-O1,P3-O1
chb10,chb10_20,8,FP2-F4,FP2-F4
chb10,chb10_20,9,F4-C4,F4-C4
chb10,chb10_20,10,C4-P4,C4-P4
chb10,chb10_20,11,P4-O2,P4-O2
chb10,chb10_20,12,FP2-F8,FP2-F8
chb10,chb10_20,13,F8-T8,F8-T8
chb10,chb10_20,14,T8-P8-0,T8-P8-0
chb10,chb10_20,15,P8-O2,P8-O2
chb10,chb10_20,16,FZ-CZ,FZ-CZ
chb10,chb10_20,17,CZ-PZ,CZ-PZ
chb10,chb10_20,18,P7-T7,P7-T7
chb10,chb10_20,19,T7-FT9,T7-FT9
chb10,chb10_20,20,FT9-FT10,FT9-FT10
chb10,chb10_20,21,FT10-T8,FT10-T8
chb10,chb10_20,22,T8-P8-1,T8-P8-1
chb10,chb10_21,0,FP1-F7,FP1-F7
chb10,chb10_21,1,F7-T7,F7-T7
chb10,chb10_21,2,T7-P7,T7-P7
chb10,chb10_21,3,P7-O1,P7-O1
chb10,chb10_21,4,FP1-F3,FP1-F3
chb10,chb10_21,5,F3-C3,F3-C3
chb10,chb10_21,6,C3-P3,C3-P3
chb10,chb10_21,7,P3-O1,P3-O1
chb10,chb10_21,8,FP2-F4,FP2-F4
chb10,chb10_21,9,F4-C4,F4-C4
chb10,chb10_21,10,C4-P4,C4-P4
chb10,chb10_21,11,P4-O2,P4-O2
chb10,chb10_21,12,FP2-F8,FP2-F8
chb10,chb10_21,13,F8-T8,F8-T8
chb10,chb10_21,14,T8-P8-0,T8-P8-0
chb10,chb10_21,15,P8-O2,P8-O2
chb10,chb10_21,16,FZ-CZ,FZ-CZ
chb10,chb10_21,17,CZ-PZ,CZ-PZ
chb10,chb10_21,18,P7-T7,P7-T7
chb10,chb10_21,19,T7-FT9,T7-FT9
chb10,chb10_21,20,FT9-FT10,FT9-FT10
chb10,chb10_21,21,FT10-T8,FT10-T8
chb10,chb10_21,22,T8-P8-1,T8-P8-1
chb10,chb10_22,0,FP1-F7,FP1-F7
chb10,chb10_22,1,F7-T7,F7-T7
chb10,chb10_22,2,T7-P7,T7-P7
chb10,chb10_22,3,P7-O1,P7-O1
chb10,chb10_22,4,FP1-F3,FP1-F3
chb10,chb10_22,5,F3-C3,F3-C3
chb10,chb10_22,6,C3-P3,C3-P3
chb10,chb10_22,7,P3-O1,P3-O1
chb10,chb10_22,8,FP2-F4,FP2-F4
chb10,chb10_22,9,F4-C4,F4-C4
chb10,chb10_22,10,C4-P4,C4-P4
chb10,chb10_22,11,P4-O2,P4-O2
chb10,chb10_22,12,FP2-F8,FP2-F8
chb10,chb10_22,13,F8-T8,F8-T8
chb10,chb10_22,14,T8-P8-0,T8-P8-0
chb10,chb10_22,15,P8-O2,P8-O2
chb10,chb10_22,16,FZ-CZ,FZ-CZ
chb10,chb10_22,17,CZ-PZ,CZ-PZ
chb10,chb10_22,18,P7-T7,P7-T7
chb10,chb10_22,19,T7-FT9,T7-FT9
chb10,chb10_22,20,FT9-FT10,FT9-FT10
chb10,chb10_22,21,FT10-T8,FT10-T8
chb10,chb10_22,22,T8-P8-1,T8-P8-1
chb10,chb10_27,0,FP1-F7,FP1-F7
chb10,chb10_27,1,F7-T7,F7-T7
chb10,chb10_27,2,T7-P7,T7-P7
chb10,chb10_27,3,P7-O1,P7-O1
chb10,chb10_27,4,FP1-F3,FP1-F3
chb10,chb10_27,5,F3-C3,F3-C3
chb10,chb10_27,6,C3-P3,C3-P3
chb10,chb10_27,7,P3-O1,P3-O1
chb10,chb10_27,8,FP2-F4,FP2-F4
chb10,chb10_27,9,F4-C4,F4-C4
chb10,chb10_27,10,C4-P4,C4-P4
chb10,chb10_27,11,P4-O2,P4-O2
chb10,chb10_27,12,FP2-F8,FP2-F8
chb10,chb10_27,13,F8-T8,F8-T8
chb10,chb10_27,14,T8-P8-0,T8-P8-0
chb10,chb10_27,15,P8-O2,P8-O2
chb10,chb10_27,16,FZ-CZ,FZ-CZ
chb10,chb10_27,17,CZ-PZ,CZ-PZ
chb10,chb10_27,18,P7-T7,P7-T7
chb10,chb10_27,19,T7-FT9,T7-FT9
chb10,chb10_27,20,FT9-FT10,FT9-FT10
chb10,chb10_27,21,FT10-T8,FT10-T8
chb10,chb10_27,22,T8-P8-1,T8-P8-1
chb10,chb10_28,0,FP1-F7,FP1-F7
chb10,chb10_28,1,F7-T7,F7-T7
chb10,chb10_28,2,T7-P7,T7-P7
chb10,chb10_28,3,P7-O1,P7-O1
chb10,chb10_28,4,FP1-F3,FP1-F3
chb10,chb10_28,5,F3-C3,F3-C3
chb10,chb10_28,6,C3-P3,C3-P3
chb10,chb10_28,7,P3-O1,P3-O1
chb10,chb10_28,8,FP2-F4,FP2-F4
chb10,chb10_28,9,F4-C4,F4-C4
chb10,chb10_28,10,C4-P4,C4-P4
chb10,chb10_28,11,P4-O2,P4-O2
chb10,chb10_28,12,FP2-F8,FP2-F8
chb10,chb10_28,13,F8-T8,F8-T8
chb10,chb10_28,14,T8-P8-0,T8-P8-0
chb10,chb10_28,15,P8-O2,P8-O2
chb10,chb10_28,16,FZ-CZ,FZ-CZ
chb10,chb10_28,17,CZ-PZ,CZ-PZ
chb10,chb10_28,18,P7-T7,P7-T7
chb10,chb10_28,19,T7-FT9,T7-FT9
chb10,chb10_28,20,FT9-FT10,FT9-FT10
chb10,chb10_28,21,FT10-T8,FT10-T8
chb10,chb10_28,22,T8-P8-1,T8-P8-1
chb10,chb10_30,0,FP1-F7,FP1-F7
chb10,chb10_30,1,F7-T7,F7-T7
chb10,chb10_30,2,T7-P7,T7-P7
chb10,chb10_30,3,P7-O1,P7-O1
chb10,chb10_30,4,FP1-F3,FP1-F3
chb10,chb10_30,5,F3-C3,F3-C3
chb10,chb10_30,6,C3-P3,C3-P3
chb10,chb10_30,7,P3-O1,P3-O1
chb10,chb10_30,8,FP2-F4,FP2-F4
chb10,chb10_30,9,F4-C4,F4-C4
chb10,chb10_30,10,C4-P4,C4-P4
chb10,chb10_30,11,P4-O2,P4-O2
chb10,chb10_30,12,FP2-F8,FP2-F8
chb10,chb10_30,13,F8-T8,F8-T8
chb10,chb10_30,14,T8-P8-0,T8-P8-0
chb10,chb10_30,15,P8-O2,P8-O2
chb10,chb10_30,16,FZ-CZ,FZ-CZ
chb10,chb10_30,17,CZ-PZ,CZ-PZ
chb10,chb10_30,18,P7-T7,P7-T7
chb10,chb10_30,19,T7-FT9,T7-FT9
chb10,chb10_30,20,FT9-FT10,FT9-FT10
chb10,chb10_30,21,FT10-T8,FT10-T8
chb10,chb10_30,22,T8-P8-1,T8-P8-1
chb10,chb10_31,0,FP1-F7,FP1-F7
chb10,chb10_31,1,F7-T7,F7-T7
chb10,chb10_31,2,T7-P7,T7-P7
chb10,chb10_31,3,P7-O1,P7-O1
chb10,chb10_31,4,FP1-F3,FP1-F3
chb10,chb10_31,5,F3-C3,F3-C3
chb10,chb10_31,6,C3-P3,C3-P3
chb10,chb10_31,7,P3-O1,P3-O1
chb10,chb10_31,8,FP2-F4,FP2-F4
chb10,chb10_31,9,F4-C4,F4-C4
chb10,chb10_31,10,C4-P4,C4-P4
chb10,chb10_31,11,P4-O2,P4-O2
chb10,chb10_31,12,FP2-F8,FP2-F8
chb10,chb10_31,13,F8-T8,F8-T8
chb10,chb10_31,14,T8-P8-0,T8-P8-0
chb10,chb10_31,15,P8-O2,P8-O2
chb10,chb10_31,16,FZ-CZ,FZ-CZ
chb10,chb10_31,17,CZ-PZ,CZ-PZ
chb10,chb10_31,18,P7-T7,P7-T7
chb10,chb10_31,19,T7-FT9,T7-FT9
chb10,chb10_31,20,FT9-FT10,FT9-FT10
chb10,chb10_31,21,FT10-T8,FT10-T8
chb10,chb10_31,22,T8-P8-1,T8-P8-1
chb10,chb10_38,0,FP1-F7,FP1-F7
chb10,chb10_38,1,F7-T7,F7-T7
chb10,chb10_38,2,T7-P7,T7-P7
chb10,chb10_38,3,P7-O1,P7-O1
chb10,chb10_38,4,FP1-F3,FP1-F3
chb10,chb10_38,5,F3-C3,F3-C3
chb10,chb10_38,6,C3-P3,C3-P3
chb10,chb10_38,7,P3-O1,P3-O1
chb10,chb10_38,8,FP2-F4,FP2-F4
chb10,chb10_38,9,F4-C4,F4-C4
chb10,chb10_38,10,C4-P4,C4-P4
chb10,chb10_38,11,P4-O2,P4-O2
chb10,chb10_38,12,FP2-F8,FP2-F8
chb10,chb10_38,13,F8-T8,F8-T8
chb10,chb10_38,14,T8-P8-0,T8-P8-0
chb10,chb10_38,15,P8-O2,P8-O2
chb10,chb10_38,16,FZ-CZ,FZ-CZ
chb10,chb10_38,17,CZ-PZ,CZ-PZ
chb10,chb10_38,18,P7-T7,P7-T7
chb10,chb10_38,19,T7-FT9,T7-FT9
chb10,chb10_38,20,FT9-FT10,FT9-FT10
chb10,chb10_38,21,FT10-T8,FT10-T8
chb10,chb10_38,22,T8-P8-1,T8-P8-1
chb10,chb10_89,0,FP1-F7,FP1-F7
chb10,chb10_89,1,F7-T7,F7-T7
chb10,chb10_89,2,T7-P7,T7-P7
chb10,chb10_89,3,P7-O1,P7-O1
chb10,chb10_89,4,FP1-F3,FP1-F3
chb10,chb10_89,5,F3-C3,F3-C3
chb10,chb10_89,6,C3-P3,C3-P3
chb10,chb10_89,7,P3-O1,P3-O1
chb10,chb10_89,8,FP2-F4,FP2-F4
chb10,chb10_89,9,F4-C4,F4-C4
chb10,chb10_89,10,C4-P4,C4-P4
chb10,chb10_89,11,P4-O2,P4-O2
chb10,chb10_89,12,FP2-F8,FP2-F8
chb10,chb10_89,13,F8-T8,F8-T8
chb10,chb10_89,14,T8-P8-0,T8-P8-0
chb10,chb10_89,15,P8-O2,P8-O2
chb10,chb10_89,16,FZ-CZ,FZ-CZ
chb10,chb10_89,17,CZ-PZ,CZ-PZ
chb10,chb10_89,18,P7-T7,P7-T7
chb10,chb10_89,19,T7-FT9,T7-FT9
chb10,chb10_89,20,FT9-FT10,FT9-FT10
chb10,chb10_89,21,FT10-T8,FT10-T8
chb10,chb10_89,22,T8-P8-1,T8-P8-1
chb11,chb11_01,0,FP1-F7,FP1-F7
chb11,chb11_01,1,F7-T7,F7-T7
chb11,chb11_01,2,T7-P7,T7-P7
chb11,chb11_01,3,P7-O1,P7-O1
chb11,chb11_01,4,FP1-F3,FP1-F3
chb11,chb11_01,5,F3-C3,F3-C3
chb11,chb11_01,6,C3-P3,C3-P3
chb11,chb11_01,7,P3-O1,P3-O1
chb11,chb11_01,8,FP2-F4,FP2-F4
chb11,chb11_01,9,F4-C4,F4-C4
chb11,chb11_01,10,C4-P4,C4-P4
chb11,chb11_01,11,P4-O2,P4-O2
chb11,chb11_01,12,FP2-F8,FP2-F8
chb11,chb11_01,13,F8-T8,F8-T8
chb11,chb11_01,14,T8-P8-0,T8-P8-0
chb11,chb11_01,15,P8-O2,P8-O2
chb11,chb11_01,16,FZ-CZ,FZ-CZ
chb11,chb11_01,17,CZ-PZ,CZ-PZ
chb11,chb11_01,18,P7-T7,P7-T7
chb11,chb11_01,19,T7-FT9,T7-FT9
chb11,chb11_01,20,FT9-FT10,FT9-FT10
chb11,chb11_01,21,FT10-T8,FT10-T8
chb11,chb11_01,22,T8-P8-1,T8-P8-1
chb11,chb11_02,0,FP1-F7,FP1-F7
chb11,chb11_02,1,F7-T7,F7-T7
chb11,chb11_02,2,T7-P7,T7-P7
chb11,chb11_02,3,P7-O1,P7-O1
chb11,chb11_02,4,--0,--0
chb11,chb11_02,5,FP1-F3,FP1-F3
chb11,chb11_02,6,F3-C3,F3-C3
chb11,chb11_02,7,C3-P3,C3-P3
chb11,chb11_02,8,P3-O1,P3-O1
chb11,chb11_02,9,--1,--1
chb11,chb11_02,10,FZ-CZ,FZ-CZ
chb11,chb11_02,11,CZ-PZ,CZ-PZ
chb11,chb11_02,12,--2,--2
chb11,chb11_02,13,FP2-F4,FP2-F4
chb11,chb11_02,14,F4-C4,F4-C4
chb11,chb11_02,15,C4-P4,C4-P4
chb11,chb11_02,16,P4-O2,P4-O2
chb11,chb11_02,17,--3,--3
chb11,chb11_02,18,FP2-F8,FP2-F8
chb11,chb11_02,19,F8-T8,F8-T8
chb11,chb11_02,20,T8-P8-0,T8-P8-0
chb11,chb11_02,21,P8-O2,P8-O2
chb11,chb11_02,22,--4,--4
chb11,chb11_02,23,P7-T7,P7-T7
chb11,chb11_02,24,T7-FT9,T7-FT9
chb11,chb11_02,25,FT9-FT10,FT9-FT10
chb11,chb11_02,26,FT10-T8,FT10-T8
chb11,chb11_02,27,T8-P8-1,T8-P8-1
chb11,chb11_03,0,FP1-F7,FP1-F7
chb11,chb11_03,1,F7-T7,F7-T7
chb11,chb11_03,2,T7-P7,T7-P7
chb11,chb11_03,3,P7-O1,P7-O1
chb11,chb11_03,4,--0,--0
chb11,chb11_03,5,FP1-F3,FP1-F3
chb11,chb11_03,6,F3-C3,F3-C3
chb11,chb11_03,7,C3-P3,C3-P3
chb11,chb11_03,8,P3-O1,P3-O1
chb11,chb11_03,9,--1,--1
chb11,chb11_03,10,FZ-CZ,FZ-CZ
chb11,chb11_03,11,CZ-PZ,CZ-PZ
chb11,chb11_03,12,--2,--2
chb11,chb11_03,13,FP2-F4,FP2-F4
chb11,chb11_03,14,F4-C4,F4-C4
chb11,chb11_03,15,C4-P4,C4-P4
chb11,chb11_03,16,P4-O2,P4-O2
chb11,chb11_03,17,--3,--3
chb11,chb11_03,18,FP2-F8,FP2-F8
chb11,chb11_03,19,F8-T8,F8-T8
chb11,chb11_03,20,T8-P8-0,T8-P8-0
chb11,chb11_03,21,P8-O2,P8-O2
chb11,chb11_03,22,--4,--4
chb11,chb11_03,23,P7-T7,P7-T7
chb11,chb11_03,24,T7-FT9,T7-FT9
chb11,chb11_03,25,FT9-FT10,FT9-FT10
chb11,chb11_03,26,FT10-T8,FT10-T8
chb11,chb11_03,27,T8-P8-1,T8-P8-1
chb11,chb11_04,0,FP1-F7,FP1-F7
chb11,chb11_04,1,F7-T7,F7-T7
chb11,chb11_04,2,T7-P7,T7-P7
chb11,chb11_04,3,P7-O1,P7-O1
chb11,chb11_04,4,--0,--0
chb11,chb11_04,5,FP1-F3,FP1-F3
chb11,chb11_04,6,F3-C3,F3-C3
chb11,chb11_04,7,C3-P3,C3-P3
chb11,chb11_04,8,P3-O1,P3-O1
chb11,chb11_04,9,--1,--1
chb11,chb11_04,10,FZ-CZ,FZ-CZ
chb11,chb11_04,11,CZ-PZ,CZ-PZ
chb11,chb11_04,12,--2,--2
chb11,chb11_04,13,FP2-F4,FP2-F4
chb11,chb11_04,14,F4-C4,F4-C4
chb11,chb11_04,15,C4-P4,C4-P4
chb11,chb11_04,16,P4-O2,P4-O2
chb11,chb11_04,17,--3,--3
chb11,chb11_04,18,FP2-F8,FP2-F8
chb11,chb11_04,19,F8-T8,F8-T8
chb11,chb11_04,20,T8-P8-0,T8-P8-0
chb11,chb11_04,21,P8-O2,P8-O2
chb11,chb11_04,22,--4,--4
chb11,chb11_04,23,P7-T7,P7-T7
chb11,chb11_04,24,T7-FT9,T7-FT9
chb11,chb11_04,25,FT9-FT10,FT9-FT10
chb11,chb11_04,26,FT10-T8,FT10-T8
chb11,chb11_04,27,T8-P8-1,T8-P8-1
chb11,chb11_05,0,FP1-F7,FP1-F7
chb11,chb11_05,1,F7-T7,F7-T7
chb11,chb11_05,2,T7-P7,T7-P7
chb11,chb11_05,3,P7-O1,P7-O1
chb11,chb11_05,4,--0,--0
chb11,chb11_05,5,FP1-F3,FP1-F3
chb11,chb11_05,6,F3-C3,F3-C3
chb11,chb11_05,7,C3-P3,C3-P3
chb11,chb11_05,8,P3-O1,P3-O1
chb11,chb11_05,9,--1,--1
chb11,chb11_05,10,FZ-CZ,FZ-CZ
chb11,chb11_05,11,CZ-PZ,CZ-PZ
chb11,chb11_05,12,--2,--2
chb11,chb11_05,13,FP2-F4,FP2-F4
chb11,chb11_05,14,F4-C4,F4-C4
chb11,chb11_05,15,C4-P4,C4-P4
chb11,chb11_05,16,P4-O2,P4-O2
chb11,chb11_05,17,--3,--3
chb11,chb11_05,18,FP2-F8,FP2-F8
chb11,chb11_05,19,F8-T8,F8-T8
chb11,chb11_05,20,T8-P8-0,T8-P8-0
chb11,chb11_05,21,P8-O2,P8-O2
chb11,chb11_05,22,--4,--4
chb11,chb11_05,23,P7-T7,P7-T7
chb11,chb11_05,24,T7-FT9,T7-FT9
chb11,chb11_05,25,FT9-FT10,FT9-FT10
chb11,chb11_05,26,FT10-T8,FT10-T8
chb11,chb11_05,27,T8-P8-1,T8-P8-1
chb11,chb11_06,0,FP1-F7,FP1-F7
chb11,chb11_06,1,F7-T7,F7-T7
chb11,chb11_06,2,T7-P7,T7-P7
chb11,chb11_06,3,P7-O1,P7-O1
chb11,chb11_06,4,--0,--0
chb11,chb11_06,5,FP1-F3,FP1-F3
chb11,chb11_06,6,F3-C3,F3-C3
chb11,chb11_06,7,C3-P3,C3-P3
chb11,chb11_06,8,P3-O1,P3-O1
chb11,chb11_06,9,--1,--1
chb11,chb11_06,10,FZ-CZ,FZ-CZ
chb11,chb11_06,11,CZ-PZ,CZ-PZ
chb11,chb11_06,12,--2,--2
chb11,chb11_06,13,FP2-F4,FP2-F4
chb11,chb11_06,14,F4-C4,F4-C4
chb11,chb11_06,15,C4-P4,C4-P4
chb11,chb11_06,16,P4-O2,P4-O2
chb11,chb11_06,17,--3,--3
chb11,chb11_06,18,FP2-F8,FP2-F8
chb11,chb11_06,19,F8-T8,F8-T8
chb11,chb11_06,20,T8-P8-0,T8-P8-0
chb11,chb11_06,21,P8-O2,P8-O2
chb11,chb11_06,22,--4,--4
chb11,chb11_06,23,P7-T7,P7-T7
chb11,chb11_06,24,T7-FT9,T7-FT9
chb11,chb11_06,25,FT9-FT10,FT9-FT10
chb11,chb11_06,26,FT10-T8,FT10-T8
chb11,chb11_06,27,T8-P8-1,T8-P8-1
chb11,chb11_07,0,FP1-F7,FP1-F7
chb11,chb11_07,1,F7-T7,F7-T7
chb11,chb11_07,2,T7-P7,T7-P7
chb11,chb11_07,3,P7-O1,P7-O1
chb11,chb11_07,4,--0,--0
chb11,chb11_07,5,FP1-F3,FP1-F3
chb11,chb11_07,6,F3-C3,F3-C3
chb11,chb11_07,7,C3-P3,C3-P3
chb11,chb11_07,8,P3-O1,P3-O1
chb11,chb11_07,9,--1,--1
chb11,chb11_07,10,FZ-CZ,FZ-CZ
chb11,chb11_07,11,CZ-PZ,CZ-PZ
chb11,chb11_07,12,--2,--2
chb11,chb11_07,13,FP2-F4,FP2-F4
chb11,chb11_07,14,F4-C4,F4-C4
chb11,chb11_07,15,C4-P4,C4-P4
chb11,chb11_07,16,P4-O2,P4-O2
chb11,chb11_07,17,--3,--3
chb11,chb11_07,18,FP2-F8,FP2-F8
chb11,chb11_07,19,F8-T8,F8-T8
chb11,chb11_07,20,T8-P8-0,T8-P8-0
chb11,chb11_07,21,P8-O2,P8-O2
chb11,chb11_07,22,--4,--4
chb11,chb11_07,23,P7-T7,P7-T7
chb11,chb11_07,24,T7-FT9,T7-FT9
chb11,chb11_07,25,FT9-FT10,FT9-FT10
chb11,chb11_07,26,FT10-T8,FT10-T8
chb11,chb11_07,27,T8-P8-1,T8-P8-1
chb11,chb11_08,0,FP1-F7,FP1-F7
chb11,chb11_08,1,F7-T7,F7-T7
chb11,chb11_08,2,T7-P7,T7-P7
chb11,chb11_08,3,P7-O1,P7-O1
chb11,chb11_08,4,--0,--0
chb11,chb11_08,5,FP1-F3,FP1-F3
chb11,chb11_08,6,F3-C3,F3-C3
chb11,chb11_08,7,C3-P3,C3-P3
chb11,chb11_08,8,P3-O1,P3-O1
chb11,chb11_08,9,--1,--1
chb11,chb11_08,10,FZ-CZ,FZ-CZ
chb11,chb11_08,11,CZ-PZ,CZ-PZ
chb11,chb11_08,12,--2,--2
chb11,chb11_08,13,FP2-F4,FP2-F4
chb11,chb11_08,14,F4-C4,F4-C4
chb11,chb11_08,15,C4-P4,C4-P4
chb11,chb11_08,16,P4-O2,P4-O2
chb11,chb11_08,17,--3,--3
chb11,chb11_08,18,FP2-F8,FP2-F8
chb11,chb11_08,19,F8-T8,F8-T8
chb11,chb11_08,20,T8-P8-0,T8-P8-0
chb11,chb11_08,21,P8-O2,P8-O2
chb11,chb11_08,22,--4,--4
chb11,chb11_08,23,P7-T7,P7-T7
chb11,chb11_08,24,T7-FT9,T7-FT9
chb11,chb11_08,25,FT9-FT10,FT9-FT10
chb11,chb11_08,26,FT10-T8,FT10-T8
chb11,chb11_08,27,T8-P8-1,T8-P8-1
chb11,chb11_09,0,FP1-F7,FP1-F7
chb11,chb11_09,1,F7-T7,F7-T7
chb11,chb11_09,2,T7-P7,T7-P7
chb11,chb11_09,3,P7-O1,P7-O1
chb11,chb11_09,4,--0,--0
chb11,chb11_09,5,FP1-F3,FP1-F3
chb11,chb11_09,6,F3-C3,F3-C3
chb11,chb11_09,7,C3-P3,C3-P3
chb11,chb11_09,8,P3-O1,P3-O1
chb11,chb11_09,9,--1,--1
chb11,chb11_09,10,FZ-CZ,FZ-CZ
chb11,chb11_09,11,CZ-PZ,CZ-PZ
chb11,chb11_09,12,--2,--2
chb11,chb11_09,13,FP2-F4,FP2-F4
chb11,chb11_09,14,F4-C4,F4-C4
chb11,chb11_09,15,C4-P4,C4-P4
chb11,chb11_09,16,P4-O2,P4-O2
chb11,chb11_09,17,--3,--3
chb11,chb11_09,18,FP2-F8,FP2-F8
chb11,chb11_09,19,F8-T8,F8-T8
chb11,chb11_09,20,T8-P8-0,T8-P8-0
chb11,chb11_09,21,P8-O2,P8-O2
chb11,chb11_09,22,--4,--4
chb11,chb11_09,23,P7-T7,P7-T7
chb11,chb11_09,24,T7-FT9,T7-FT9
chb11,chb11_09,25,FT9-FT10,FT9-FT10
chb11,chb11_09,26,FT10-T8,FT10-T8
chb11,chb11_09,27,T8-P8-1,T8-P8-1
chb11,chb11_10,0,FP1-F7,FP1-F7
chb11,chb11_10,1,F7-T7,F7-T7
chb11,chb11_10,2,T7-P7,T7-P7
chb11,chb11_10,3,P7-O1,P7-O1
chb11,chb11_10,4,--0,--0
chb11,chb11_10,5,FP1-F3,FP1-F3
chb11,chb11_10,6,F3-C3,F3-C3
chb11,chb11_10,7,C3-P3,C3-P3
chb11,chb11_10,8,P3-O1,P3-O1
chb11,chb11_10,9,--1,--1
chb11,chb11_10,10,FZ-CZ,FZ-CZ
chb11,chb11_10,11,CZ-PZ,CZ-PZ
chb11,chb11_10,12,--2,--2
chb11,chb11_10,13,FP2-F4,FP2-F4
chb11,chb11_10,14,F4-C4,F4-C4
chb11,chb11_10,15,C4-P4,C4-P4
chb11,chb11_10,16,P4-O2,P4-O2
chb11,chb11_10,17,--3,--3
chb11,chb11_10,18,FP2-F8,FP2-F8
chb11,chb11_10,19,F8-T8,F8-T8
chb11,chb11_10,20,T8-P8-0,T8-P8-0
chb11,chb11_10,21,P8-O2,P8-O2
chb11,chb11_10,22,--4,--4
chb11,chb11_10,23,P7-T7,P7-T7
chb11,chb11_10,24,T7-FT9,T7-FT9
chb11,chb11_10,25,FT9-FT10,FT9-FT10
chb11,chb11_10,26,FT10-T8,FT10-T8
chb11,chb11_10,27,T8-P8-1,T8-P8-1
chb11,chb11_11,0,FP1-F7,FP1-F7
chb11,chb11_11,1,F7-T7,F7-T7
chb11,chb11_11,2,T7-P7,T7-P7
chb11,chb11_11,3,P7-O1,P7-O1
chb11,chb11_11,4,--0,--0
chb11,chb11_11,5,FP1-F3,FP1-F3
chb11,chb11_11,6,F3-C3,F3-C3
chb11,chb11_11,7,C3-P3,C3-P3
chb11,chb11_11,8,P3-O1,P3-O1
chb11,chb11_11,9,--1,--1
chb11,chb11_11,10,FZ-CZ,FZ-CZ
chb11,chb11_11,11,CZ-PZ,CZ-PZ
chb11,chb11_11,12,--2,--2
chb11,chb11_11,13,FP2-F4,FP2-F4
chb11,chb11_11,14,F4-C4,F4-C4
chb11,chb11_11,15,C4-P4,C4-P4
chb11,chb11_11,16,P4-O2,P4-O2
chb11,chb11_11,17,--3,--3
chb11,chb11_11,18,FP2-F8,FP2-F8
chb11,chb11_11,19,F8-T8,F8-T8
chb11,chb11_11,20,T8-P8-0,T8-P8-0
chb11,chb11_11,21,P8-O2,P8-O2
chb11,chb11_11,22,--4,--4
chb11,chb11_11,23,P7-T7,P7-T7
chb11,chb11_11,24,T7-FT9,T7-FT9
chb11,chb11_11,25,FT9-FT10,FT9-FT10
chb11,chb11_11,26,FT10-T8,FT10-T8
chb11,chb11_11,27,T8-P8-1,T8-P8-1
chb11,chb11_12,0,FP1-F7,FP1-F7
chb11,chb11_12,1,F7-T7,F7-T7
chb11,chb11_12,2,T7-P7,T7-P7
chb11,chb11_12,3,P7-O1,P7-O1
chb11,chb11_12,4,--0,--0
chb11,chb11_12,5,FP1-F3,FP1-F3
chb11,chb11_12,6,F3-C3,F3-C3
chb11,chb11_12,7,C3-P3,C3-P3
chb11,chb11_12,8,P3-O1,P3-O1
chb11,chb11_12,9,--1,--1
chb11,chb11_12,10,FZ-CZ,FZ-CZ
chb11,chb11_12,11,CZ-PZ,CZ-PZ
chb11,chb11_12,12,--2,--2
chb11,chb11_12,13,FP2-F4,FP2-F4
chb11,chb11_12,14,F4-C4,F4-C4
chb11,chb11_12,15,C4-P4,C4-P4
chb11,chb11_12,16,P4-O2,P4-O2
chb11,chb11_12,17,--3,--3
chb11,chb11_12,18,FP2-F8,FP2-F8
chb11,chb11_12,19,F8-T8,F8-T8
chb11,chb11_12,20,T8-P8-0,T8-P8-0
chb11,chb11_12,21,P8-O2,P8-O2
chb11,chb11_12,22,--4,--4
chb11,chb11_12,23,P7-T7,P7-T7
chb11,chb11_12,24,T7-FT9,T7-FT9
chb11,chb11_12,25,FT9-FT10,FT9-FT10
chb11,chb11_12,26,FT10-T8,FT10-T8
chb11,chb11_12,27,T8-P8-1,T8-P8-1
chb11,chb11_13,0,FP1-F7,FP1-F7
chb11,chb11_13,1,F7-T7,F7-T7
chb11,chb11_13,2,T7-P7,T7-P7
chb11,chb11_13,3,P7-O1,P7-O1
chb11,chb11_13,4,--0,--0
chb11,chb11_13,5,FP1-F3,FP1-F3
chb11,chb11_13,6,F3-C3,F3-C3
chb11,chb11_13,7,C3-P3,C3-P3
chb11,chb11_13,8,P3-O1,P3-O1
chb11,chb11_13,9,--1,--1
chb11,chb11_13,10,FZ-CZ,FZ-CZ
chb11,chb11_13,11,CZ-PZ,CZ-PZ
chb11,chb11_13,12,--2,--2
chb11,chb11_13,13,FP2-F4,FP2-F4
chb11,chb11_13,14,F4-C4,F4-C4
chb11,chb11_13,15,C4-P4,C4-P4
chb11,chb11_13,16,P4-O2,P4-O2
chb11,chb11_13,17,--3,--3
chb11,chb11_13,18,FP2-F8,FP2-F8
chb11,chb11_13,19,F8-T8,F8-T8
chb11,chb11_13,20,T8-P8-0,T8-P8-0
chb11,chb11_13,21,P8-O2,P8-O2
chb11,chb11_13,22,--4,--4
chb11,chb11_13,23,P7-T7,P7-T7
chb11,chb11_13,24,T7-FT9,T7-FT9
chb11,chb11_13,25,FT9-FT10,FT9-FT10
chb11,chb11_13,26,FT10-T8,FT10-T8
chb11,chb11_13,27,T8-P8-1,T8-P8-1
chb11,chb11_14,0,FP1-F7,FP1-F7
chb11,chb11_14,1,F7-T7,F7-T7
chb11,chb11_14,2,T7-P7,T7-P7
chb11,chb11_14,3,P7-O1,P7-O1
chb11,chb11_14,4,--0,--0
chb11,chb11_14,5,FP1-F3,FP1-F3
chb11,chb11_14,6,F3-C3,F3-C3
chb11,chb11_14,7,C3-P3,C3-P3
chb11,chb11_14,8,P3-O1,P3-O1
chb11,chb11_14,9,--1,--1
chb11,chb11_14,10,FZ-CZ,FZ-CZ
chb11,chb11_14,11,CZ-PZ,CZ-PZ
chb11,chb11_14,12,--2,--2
chb11,chb11_14,13,FP2-F4,FP2-F4
chb11,chb11_14,14,F4-C4,F4-C4
chb11,chb11_14,15,C4-P4,C4-P4
chb11,chb11_14,16,P4-O2,P4-O2
chb11,chb11_14,17,--3,--3
chb11,chb11_14,18,FP2-F8,FP2-F8
chb11,chb11_14,19,F8-T8,F8-T8
chb11,chb11_14,20,T8-P8-0,T8-P8-0
chb11,chb11_14,21,P8-O2,P8-O2
chb11,chb11_14,22,--4,--4
chb11,chb11_14,23,P7-T7,P7-T7
chb11,chb11_14,24,T7-FT9,T7-FT9
chb11,chb11_14,25,FT9-FT10,FT9-FT10
chb11,chb11_14,26,FT10-T8,FT10-T8
chb11,chb11_14,27,T8-P8-1,T8-P8-1
chb11,chb11_15,0,FP1-F7,FP1-F7
chb11,chb11_15,1,F7-T7,F7-T7
chb11,chb11_15,2,T7-P7,T7-P7
chb11,chb11_15,3,P7-O1,P7-O1
chb11,chb11_15,4,--0,--0
chb11,chb11_15,5,FP1-F3,FP1-F3
chb11,chb11_15,6,F3-C3,F3-C3
chb11,chb11_15,7,C3-P3,C3-P3
chb11,chb11_15,8,P3-O1,P3-O1
chb11,chb11_15,9,--1,--1
chb11,chb11_15,10,FZ-CZ,FZ-CZ
chb11,chb11_15,11,CZ-PZ,CZ-PZ
chb11,chb11_15,12,--2,--2
chb11,chb11_15,13,FP2-F4,FP2-F4
chb11,chb11_15,14,F4-C4,F4-C4
chb11,chb11_15,15,C4-P4,C4-P4
chb11,chb11_15,16,P4-O2,P4-O2
chb11,chb11_15,17,--3,--3
chb11,chb11_15,18,FP2-F8,FP2-F8
chb11,chb11_15,19,F8-T8,F8-T8
chb11,chb11_15,20,T8-P8-0,T8-P8-0
chb11,chb11_15,21,P8-O2,P8-O2
chb11,chb11_15,22,--4,--4
chb11,chb11_15,23,P7-T7,P7-T7
chb11,chb11_15,24,T7-FT9,T7-FT9
chb11,chb11_15,25,FT9-FT10,FT9-FT10
chb11,chb11_15,26,FT10-T8,FT10-T8
chb11,chb11_15,27,T8-P8-1,T8-P8-1
chb11,chb11_16,0,FP1-F7,FP1-F7
chb11,chb11_16,1,F7-T7,F7-T7
chb11,chb11_16,2,T7-P7,T7-P7
chb11,chb11_16,3,P7-O1,P7-O1
chb11,chb11_16,4,--0,--0
chb11,chb11_16,5,FP1-F3,FP1-F3
chb11,chb11_16,6,F3-C3,F3-C3
chb11,chb11_16,7,C3-P3,C3-P3
chb11,chb11_16,8,P3-O1,P3-O1
chb11,chb11_16,9,--1,--1
chb11,chb11_16,10,FZ-CZ,FZ-CZ
chb11,chb11_16,11,CZ-PZ,CZ-PZ
chb11,chb11_16,12,--2,--2
chb11,chb11_16,13,FP2-F4,FP2-F4
chb11,chb11_16,14,F4-C4,F4-C4
chb11,chb11_16,15,C4-P4,C4-P4
chb11,chb11_16,16,P4-O2,P4-O2
chb11,chb11_16,17,--3,--3
chb11,chb11_16,18,FP2-F8,FP2-F8
chb11,chb11_16,19,F8-T8,F8-T8
chb11,chb11_16,20,T8-P8-0,T8-P8-0
chb11,chb11_16,21,P8-O2,P8-O2
chb11,chb11_16,22,--4,--4
chb11,chb11_16,23,P7-T7,P7-T7
chb11,chb11_16,24,T7-FT9,T7-FT9
chb11,chb11_16,25,FT9-FT10,FT9-FT10
chb11,chb11_16,26,FT10-T8,FT10-T8
chb11,chb11_16,27,T8-P8-1,T8-P8-1
chb11,chb11_17,0,FP1-F7,FP1-F7
chb11,chb11_17,1,F7-T7,F7-T7
chb11,chb11_17,2,T7-P7,T7-P7
chb11,chb11_17,3,P7-O1,P7-O1
chb11,chb11_17,4,--0,--0
chb11,chb11_17,5,FP1-F3,FP1-F3
chb11,chb11_17,6,F3-C3,F3-C3
chb11,chb11_17,7,C3-P3,C3-P3
chb11,chb11_17,8,P3-O1,P3-O1
chb11,chb11_17,9,--1,--1
chb11,chb11_17,10,FZ-CZ,FZ-CZ
chb11,chb11_17,11,CZ-PZ,CZ-PZ
chb11,chb11_17,12,--2,--2
chb11,chb11_17,13,FP2-F4,FP2-F4
chb11,chb11_17,14,F4-C4,F4-C4
chb11,chb11_17,15,C4-P4,C4-P4
chb11,chb11_17,16,P4-O2,P4-O2
chb11,chb11_17,17,--3,--3
chb11,chb11_17,18,FP2-F8,FP2-F8
chb11,chb11_17,19,F8-T8,F8-T8
chb11,chb11_17,20,T8-P8-0,T8-P8-0
chb11,chb11_17,21,P8-O2,P8-O2
chb11,chb11_17,22,--4,--4
chb11,chb11_17,23,P7-T7,P7-T7
chb11,chb11_17,24,T7-FT9,T7-FT9
chb11,chb11_17,25,FT9-FT10,FT9-FT10
chb11,chb11_17,26,FT10-T8,FT10-T8
chb11,chb11_17,27,T8-P8-1,T8-P8-1
chb11,chb11_18,0,FP1-F7,FP1-F7
chb11,chb11_18,1,F7-T7,F7-T7
chb11,chb11_18,2,T7-P7,T7-P7
chb11,chb11_18,3,P7-O1,P7-O1
chb11,chb11_18,4,--0,--0
chb11,chb11_18,5,FP1-F3,FP1-F3
chb11,chb11_18,6,F3-C3,F3-C3
chb11,chb11_18,7,C3-P3,C3-P3
chb11,chb11_18,8,P3-O1,P3-O1
chb11,chb11_18,9,--1,--1
chb11,chb11_18,10,FZ-CZ,FZ-CZ
chb11,chb11_18,11,CZ-PZ,CZ-PZ
chb11,chb11_18,12,--2,--2
chb11,chb11_18,13,FP2-F4,FP2-F4
chb11,chb11_18,14,F4-C4,F4-C4
chb11,chb11_18,15,C4-P4,C4-P4
chb11,chb11_18,16,P4-O2,P4-O2
chb11,chb11_18,17,--3,--3
chb11,chb11_18,18,FP2-F8,FP2-F8
chb11,chb11_18,19,F8-T8,F8-T8
chb11,chb11_18,20,T8-P8-0,T8-P8-0
chb11,chb11_18,21,P8-O2,P8-O2
chb11,chb11_18,22,--4,--4
chb11,chb11_18,23,P7-T7,P7-T7
chb11,chb11_18,24,T7-FT9,T7-FT9
chb11,chb11_18,25,FT9-FT10,FT9-FT10
chb11,chb11_18,26,FT10-T8,FT10-T8
chb11,chb11_18,27,T8-P8-1,T8-P8-1
chb11,chb11_19,0,FP1-F7,FP1-F7
chb11,chb11_19,1,F7-T7,F7-T7
chb11,chb11_19,2,T7-P7,T7-P7
chb11,chb11_19,3,P7-O1,P7-O1
chb11,chb11_19,4,--0,--0
chb11,chb11_19,5,FP1-F3,FP1-F3
chb11,chb11_19,6,F3-C3,F3-C3
chb11,chb11_19,7,C3-P3,C3-P3
chb11,chb11_19,8,P3-O1,P3-O1
chb11,chb11_19,9,--1,--1
chb11,chb11_19,10,FZ-CZ,FZ-CZ
chb11,chb11_19,11,CZ-PZ,CZ-PZ
chb11,chb11_19,12,--2,--2
chb11,chb11_19,13,FP2-F4,FP2-F4
chb11,chb11_19,14,F4-C4,F4-C4
chb11,chb11_19,15,C4-P4,C4-P4
chb11,chb11_19,16,P4-O2,P4-O2
chb11,chb11_19,17,--3,--3
chb11,chb11_19,18,FP2-F8,FP2-F8
chb11,chb11_19,19,F8-T8,F8-T8
chb11,chb11_19,20,T8-P8-0,T8-P8-0
chb11,chb11_19,21,P8-O2,P8-O2
chb11,chb11_19,22,--4,--4
chb11,chb11_19,23,P7-T7,P7-T7
chb11,chb11_19,24,T7-FT9,T7-FT9
chb11,chb11_19,25,FT9-FT10,FT9-FT10
chb11,chb11_19,26,FT10-T8,FT10-T8
chb11,chb11_19,27,T8-P8-1,T8-P8-1
chb11,chb11_24,0,FP1-F7,FP1-F7
chb11,chb11_24,1,F7-T7,F7-T7
chb11,chb11_24,2,T7-P7,T7-P7
chb11,chb11_24,3,P7-O1,P7-O1
chb11,chb11_24,4,--0,--0
chb11,chb11_24,5,FP1-F3,FP1-F3
chb11,chb11_24,6,F3-C3,F3-C3
chb11,chb11_24,7,C3-P3,C3-P3
chb11,chb11_24,8,P3-O1,P3-O1
chb11,chb11_24,9,--1,--1
chb11,chb11_24,10,FZ-CZ,FZ-CZ
chb11,chb11_24,11,CZ-PZ,CZ-PZ
chb11,chb11_24,12,--2,--2
chb11,chb11_24,13,FP2-F4,FP2-F4
chb11,chb11_24,14,F4-C4,F4-C4
chb11,chb11_24,15,C4-P4,C4-P4
chb11,chb11_24,16,P4-O2,P4-O2
chb11,chb11_24,17,--3,--3
chb11,chb11_24,18,FP2-F8,FP2-F8
chb11,chb11_24,19,F8-T8,F8-T8
chb11,chb11_24,20,T8-P8-0,T8-P8-0
chb11,chb11_24,21,P8-O2,P8-O2
chb11,chb11_24,22,--4,--4
chb11,chb11_24,23,P7-T7,P7-T7
chb11,chb11_24,24,T7-FT9,T7-FT9
chb11,chb11_24,25,FT9-FT10,FT9-FT10
chb11,chb11_24,26,FT10-T8,FT10-T8
chb11,chb11_24,27,T8-P8-1,T8-P8-1
chb11,chb11_25,0,FP1-F7,FP1-F7
chb11,chb11_25,1,F7-T7,F7-T7
chb11,chb11_25,2,T7-P7,T7-P7
chb11,chb11_25,3,P7-O1,P7-O1
chb11,chb11_25,4,--0,--0
chb11,chb11_25,5,FP1-F3,FP1-F3
chb11,chb11_25,6,F3-C3,F3-C3
chb11,chb11_25,7,C3-P3,C3-P3
chb11,chb11_25,8,P3-O1,P3-O1
chb11,chb11_25,9,--1,--1
chb11,chb11_25,10,FZ-CZ,FZ-CZ
chb11,chb11_25,11,CZ-PZ,CZ-PZ
chb11,chb11_25,12,--2,--2
chb11,chb11_25,13,FP2-F4,FP2-F4
chb11,chb11_25,14,F4-C4,F4-C4
chb11,chb11_25,15,C4-P4,C4-P4
chb11,chb11_25,16,P4-O2,P4-O2
chb11,chb11_25,17,--3,--3
chb11,chb11_25,18,FP2-F8,FP2-F8
chb11,chb11_25,19,F8-T8,F8-T8
chb11,chb11_25,20,T8-P8-0,T8-P8-0
chb11,chb11_25,21,P8-O2,P8-O2
chb11,chb11_25,22,--4,--4
chb11,chb11_25,23,P7-T7,P7-T7
chb11,chb11_25,24,T7-FT9,T7-FT9
chb11,chb11_25,25,FT9-FT10,FT9-FT10
chb11,chb11_25,26,FT10-T8,FT10-T8
chb11,chb11_25,27,T8-P8-1,T8-P8-1
chb11,chb11_26,0,FP1-F7,FP1-F7
chb11,chb11_26,1,F7-T7,F7-T7
chb11,chb11_26,2,T7-P7,T7-P7
chb11,chb11_26,3,P7-O1,P7-O1
chb11,chb11_26,4,--0,--0
chb11,chb11_26,5,FP1-F3,FP1-F3
chb11,chb11_26,6,F3-C3,F3-C3
chb11,chb11_26,7,C3-P3,C3-P3
chb11,chb11_26,8,P3-O1,P3-O1
chb11,chb11_26,9,--1,--1
chb11,chb11_26,10,FZ-CZ,FZ-CZ
chb11,chb11_26,11,CZ-PZ,CZ-PZ
chb11,chb11_26,12,--2,--2
chb11,chb11_26,13,FP2-F4,FP2-F4
chb11,chb11_26,14,F4-C4,F4-C4
chb11,chb11_26,15,C4-P4,C4-P4
chb11,chb11_26,16,P4-O2,P4-O2
chb11,chb11_26,17,--3,--3
chb11,chb11_26,18,FP2-F8,FP2-F8
chb11,chb11_26,19,F8-T8,F8-T8
chb11,chb11_26,20,T8-P8-0,T8-P8-0
chb11,chb11_26,21,P8-O2,P8-O2
chb11,chb11_26,22,--4,--4
chb11,chb11_26,23,P7-T7,P7-T7
chb11,chb11_26,24,T7-FT9,T7-FT9
chb11,chb11_26,25,FT9-FT10,FT9-FT10
chb11,chb11_26,26,FT10-T8,FT10-T8
chb11,chb11_26,27,T8-P8-1,T8-P8-1
chb11,chb11_27,0,FP1-F7,FP1-F7
chb11,chb11_27,1,F7-T7,F7-T7
chb11,chb11_27,2,T7-P7,T7-P7
chb11,chb11_27,3,P7-O1,P7-O1
chb11,chb11_27,4,--0,--0
chb11,chb11_27,5,FP1-F3,FP1-F3
chb11,chb11_27,6,F3-C3,F3-C3
chb11,chb11_27,7,C3-P3,C3-P3
chb11,chb11_27,8,P3-O1,P3-O1
chb11,chb11_27,9,--1,--1
chb11,chb11_27,10,FZ-CZ,FZ-CZ
chb11,chb11_27,11,CZ-PZ,CZ-PZ
chb11,chb11_27,12,--2,--2
chb11,chb11_27,13,FP2-F4,FP2-F4
chb11,chb11_27,14,F4-C4,F4-C4
chb11,chb11_27,15,C4-P4,C4-P4
chb11,chb11_27,16,P4-O2,P4-O2
chb11,chb11_27,17,--3,--3
chb11,chb11_27,18,FP2-F8,FP2-F8
chb11,chb11_27,19,F8-T8,F8-T8
chb11,chb11_27,20,T8-P8-0,T8-P8-0
chb11,chb11_27,21,P8-O2,P8-O2
chb11,chb11_27,22,--4,--4
chb11,chb11_27,23,P7-T7,P7-T7
chb11,chb11_27,24,T7-FT9,T7-FT9
chb11,chb11_27,25,FT9-FT10,FT9-FT10
chb11,chb11_27,26,FT10-T8,FT10-T8
chb11,chb11_27,27,T8-P8-1,T8-P8-1
chb11,chb11_53,0,FP1-F7,FP1-F7
chb11,chb11_53,1,F7-T7,F7-T7
chb11,chb11_53,2,T7-P7,T7-P7
chb11,chb11_53,3,P7-O1,P7-O1
chb11,chb11_53,4,--0,--0
chb11,chb11_53,5,FP1-F3,FP1-F3
chb11,chb11_53,6,F3-C3,F3-C3
chb11,chb11_53,7,C3-P3,C3-P3
chb11,chb11_53,8,P3-O1,P3-O1
chb11,chb11_53,9,--1,--1
chb11,chb11_53,10,FZ-CZ,FZ-CZ
chb11,chb11_53,11,CZ-PZ,CZ-PZ
chb11,chb11_53,12,--2,--2
chb11,chb11_53,13,FP2-F4,FP2-F4
chb11,chb11_53,14,F4-C4,F4-C4
chb11,chb11_53,15,C4-P4,C4-P4
chb11,chb11_53,16,P4-O2,P4-O2
chb11,chb11_53,17,--3,--3
chb11,chb11_53,18,FP2-F8,FP2-F8
chb11,chb11_53,19,F8-T8,F8-T8
chb11,chb11_53,20,T8-P8-0,T8-P8-0
chb11,chb11_53,21,P8-O2,P8-O2
chb11,chb11_53,22,--4,--4
chb11,chb11_53,23,P7-T7,P7-T7
chb11,chb11_53,24,T7-FT9,T7-FT9
chb11,chb11_53,25,FT9-FT10,FT9-FT10
chb11,chb11_53,26,FT10-T8,FT10-T8
chb11,chb11_53,27,T8-P8-1,T8-P8-1
chb11,chb11_54,0,FP1-F7,FP1-F7
chb11,chb11_54,1,F7-T7,F7-T7
chb11,chb11_54,2,T7-P7,T7-P7
chb11,chb11_54,3,P7-O1,P7-O1
chb11,chb11_54,4,--0,--0
chb11,chb11_54,5,FP1-F3,FP1-F3
chb11,chb11_54,6,F3-C3,F3-C3
chb11,chb11_54,7,C3-P3,C3-P3
chb11,chb11_54,8,P3-O1,P3-O1
chb11,chb11_54,9,--1,--1
chb11,chb11_54,10,FZ-CZ,FZ-CZ
chb11,chb11_54,11,CZ-PZ,CZ-PZ
chb11,chb11_54,12,--2,--2
chb11,chb11_54,13,FP2-F4,FP2-F4
chb11,chb11_54,14,F4-C4,F4-C4
chb11,chb11_54,15,C4-P4,C4-P4
chb11,chb11_54,16,P4-O2,P4-O2
chb11,chb11_54,17,--3,--3
chb11,chb11_54,18,FP2-F8,FP2-F8
chb11,chb11_54,19,F8-T8,F8-T8
chb11,chb11_54,20,T8-P8-0,T8-P8-0
chb11,chb11_54,21,P8-O2,P8-O2
chb11,chb11_54,22,--4,--4
chb11,chb11_54,23,P7-T7,P7-T7
chb11,chb11_54,24,T7-FT9,T7-FT9
chb11,chb11_54,25,FT9-FT10,FT9-FT10
chb11,chb11_54,26,FT10-T8,FT10-T8
chb11,chb11_54,27,T8-P8-1,T8-P8-1
chb11,chb11_55,0,FP1-F7,FP1-F7
chb11,chb11_55,1,F7-T7,F7-T7
chb11,chb11_55,2,T7-P7,T7-P7
chb11,chb11_55,3,P7-O1,P7-O1
chb11,chb11_55,4,--0,--0
chb11,chb11_55,5,FP1-F3,FP1-F3
chb11,chb11_55,6,F3-C3,F3-C3
chb11,chb11_55,7,C3-P3,C3-P3
chb11,chb11_55,8,P3-O1,P3-O1
chb11,chb11_55,9,--1,--1
chb11,chb11_55,10,FZ-CZ,FZ-CZ
chb11,chb11_55,11,CZ-PZ,CZ-PZ
chb11,chb11_55,12,--2,--2
chb11,chb11_55,13,FP2-F4,FP2-F4
chb11,chb11_55,14,F4-C4,F4-C4
chb11,chb11_55,15,C4-P4,C4-P4
chb11,chb11_55,16,P4-O2,P4-O2
chb11,chb11_55,17,--3,--3
chb11,chb11_55,18,FP2-F8,FP2-F8
chb11,chb11_55,19,F8-T8,F8-T8
chb11,chb11_55,20,T8-P8-0,T8-P8-0
chb11,chb11_55,21,P8-O2,P8-O2
chb11,chb11_55,22,--4,--4
chb11,chb11_55,23,P7-T7,P7-T7
chb11,chb11_55,24,T7-FT9,T7-FT9
chb11,chb11_55,25,FT9-FT10,FT9-FT10
chb11,chb11_55,26,FT10-T8,FT10-T8
chb11,chb11_55,27,T8-P8-1,T8-P8-1
chb11,chb11_56,0,FP1-F7,FP1-F7
chb11,chb11_56,1,F7-T7,F7-T7
chb11,chb11_56,2,T7-P7,T7-P7
chb11,chb11_56,3,P7-O1,P7-O1
chb11,chb11_56,4,--0,--0
chb11,chb11_56,5,FP1-F3,FP1-F3
chb11,chb11_56,6,F3-C3,F3-C3
chb11,chb11_56,7,C3-P3,C3-P3
chb11,chb11_56,8,P3-O1,P3-O1
chb11,chb11_56,9,--1,--1
chb11,chb11_56,10,FZ-CZ,FZ-CZ
chb11,chb11_56,11,CZ-PZ,CZ-PZ
chb11,chb11_56,12,--2,--2
chb11,chb11_56,13,FP2-F4,FP2-F4
chb11,chb11_56,14,F4-C4,F4-C4
chb11,chb11_56,15,C4-P4,C4-P4
chb11,chb11_56,16,P4-O2,P4-O2
chb11,chb11_56,17,--3,--3
chb11,chb11_56,18,FP2-F8,FP2-F8
chb11,chb11_56,19,F8-T8,F8-T8
chb11,chb11_56,20,T8-P8-0,T8-P8-0
chb11,chb11_56,21,P8-O2,P8-O2
chb11,chb11_56,22,--4,--4
chb11,chb11_56,23,P7-T7,P7-T7
chb11,chb11_56,24,T7-FT9,T7-FT9
chb11,chb11_56,25,FT9-FT10,FT9-FT10
chb11,chb11_56,26,FT10-T8,FT10-T8
chb11,chb11_56,27,T8-P8-1,T8-P8-1
chb11,chb11_58,0,FP1-F7,FP1-F7
chb11,chb11_58,1,F7-T7,F7-T7
chb11,chb11_58,2,T7-P7,T7-P7
chb11,chb11_58,3,P7-O1,P7-O1
chb11,chb11_58,4,--0,--0
chb11,chb11_58,5,FP1-F3,FP1-F3
chb11,chb11_58,6,F3-C3,F3-C3
chb11,chb11_58,7,C3-P3,C3-P3
chb11,chb11_58,8,P3-O1,P3-O1
chb11,chb11_58,9,--1,--1
chb11,chb11_58,10,FZ-CZ,FZ-CZ
chb11,chb11_58,11,CZ-PZ,CZ-PZ
chb11,chb11_58,12,--2,--2
chb11,chb11_58,13,FP2-F4,FP2-F4
chb11,chb11_58,14,F4-C4,F4-C4
chb11,chb11_58,15,C4-P4,C4-P4
chb11,chb11_58,16,P4-O2,P4-O2
chb11,chb11_58,17,--3,--3
chb11,chb11_58,18,FP2-F8,FP2-F8
chb11,chb11_58,19,F8-T8,F8-T8
chb11,chb11_58,20,T8-P8-0,T8-P8-0
chb11,chb11_58,21,P8-O2,P8-O2
chb11,chb11_58,22,--4,--4
chb11,chb11_58,23,P7-T7,P7-T7
chb11,chb11_58,24,T7-FT9,T7-FT9
chb11,chb11_58,25,FT9-FT10,FT9-FT10
chb11,chb11_58,26,FT10-T8,FT10-T8
chb11,chb11_58,27,T8-P8-1,T8-P8-1
chb11,chb11_60,0,FP1-F7,FP1-F7
chb11,chb11_60,1,F7-T7,F7-T7
chb11,chb11_60,2,T7-P7,T7-P7
chb11,chb11_60,3,P7-O1,P7-O1
chb11,chb11_60,4,--0,--0
chb11,chb11_60,5,FP1-F3,FP1-F3
chb11,chb11_60,6,F3-C3,F3-C3
chb11,chb11_60,7,C3-P3,C3-P3
chb11,chb11_60,8,P3-O1,P3-O1
chb11,chb11_60,9,--1,--1
chb11,chb11_60,10,FZ-CZ,FZ-CZ
chb11,chb11_60,11,CZ-PZ,CZ-PZ
chb11,chb11_60,12,--2,--2
chb11,chb11_60,13,FP2-F4,FP2-F4
chb11,chb11_60,14,F4-C4,F4-C4
chb11,chb11_60,15,C4-P4,C4-P4
chb11,chb11_60,16,P4-O2,P4-O2
chb11,chb11_60,17,--3,--3
chb11,chb11_60,18,FP2-F8,FP2-F8
chb11,chb11_60,19,F8-T8,F8-T8
chb11,chb11_60,20,T8-P8-0,T8-P8-0
chb11,chb11_60,21,P8-O2,P8-O2
chb11,chb11_60,22,--4,--4
chb11,chb11_60,23,P7-T7,P7-T7
chb11,chb11_60,24,T7-FT9,T7-FT9
chb11,chb11_60,25,FT9-FT10,FT9-FT10
chb11,chb11_60,26,FT10-T8,FT10-T8
chb11,chb11_60,27,T8-P8-1,T8-P8-1
chb11,chb11_61,0,FP1-F7,FP1-F7
chb11,chb11_61,1,F7-T7,F7-T7
chb11,chb11_61,2,T7-P7,T7-P7
chb11,chb11_61,3,P7-O1,P7-O1
chb11,chb11_61,4,--0,--0
chb11,chb11_61,5,FP1-F3,FP1-F3
chb11,chb11_61,6,F3-C3,F3-C3
chb11,chb11_61,7,C3-P3,C3-P3
chb11,chb11_61,8,P3-O1,P3-O1
chb11,chb11_61,9,--1,--1
chb11,chb11_61,10,FZ-CZ,FZ-CZ
chb11,chb11_61,11,CZ-PZ,CZ-PZ
chb11,chb11_61,12,--2,--2
chb11,chb11_61,13,FP2-F4,FP2-F4
chb11,chb11_61,14,F4-C4,F4-C4
chb11,chb11_61,15,C4-P4,C4-P4
chb11,chb11_61,16,P4-O2,P4-O2
chb11,chb11_61,17,--3,--3
chb11,chb11_61,18,FP2-F8,FP2-F8
chb11,chb11_61,19,F8-T8,F8-T8
chb11,chb11_61,20,T8-P8-0,T8-P8-0
chb11,chb11_61,21,P8-O2,P8-O2
chb11,chb11_61,22,--4,--4
chb11,chb11_61,23,P7-T7,P7-T7
chb11,chb11_61,24,T7-FT9,T7-FT9
chb11,chb11_61,25,FT9-FT10,FT9-FT10
chb11,chb11_61,26,FT10-T8,FT10-T8
chb11,chb11_61,27,T8-P8-1,T8-P8-1
chb11,chb11_62,0,FP1-F7,FP1-F7
chb11,chb11_62,1,F7-T7,F7-T7
chb11,chb11_62,2,T7-P7,T7-P7
chb11,chb11_62,3,P7-O1,P7-O1
chb11,chb11_62,4,--0,--0
chb11,chb11_62,5,FP1-F3,FP1-F3
chb11,chb11_62,6,F3-C3,F3-C3
chb11,chb11_62,7,C3-P3,C3-P3
chb11,chb11_62,8,P3-O1,P3-O1
chb11,chb11_62,9,--1,--1
chb11,chb11_62,10,FZ-CZ,FZ-CZ
chb11,chb11_62,11,CZ-PZ,CZ-PZ
chb11,chb11_62,12,--2,--2
chb11,chb11_62,13,FP2-F4,FP2-F4
chb11,chb11_62,14,F4-C4,F4-C4
chb11,chb11_62,15,C4-P4,C4-P4
chb11,chb11_62,16,P4-O2,P4-O2
chb11,chb11_62,17,--3,--3
chb11,chb11_62,18,FP2-F8,FP2-F8
chb11,chb11_62,19,F8-T8,F8-T8
chb11,chb11_62,20,T8-P8-0,T8-P8-0
chb11,chb11_62,21,P8-O2,P8-O2
chb11,chb11_62,22,--4,--4
chb11,chb11_62,23,P7-T7,P7-T7
chb11,chb11_62,24,T7-FT9,T7-FT9
chb11,chb11_62,25,FT9-FT10,FT9-FT10
chb11,chb11_62,26,FT10-T8,FT10-T8
chb11,chb11_62,27,T8-P8-1,T8-P8-1
chb11,chb11_63,0,FP1-F7,FP1-F7
chb11,chb11_63,1,F7-T7,F7-T7
chb11,chb11_63,2,T7-P7,T7-P7
chb11,chb11_63,3,P7-O1,P7-O1
chb11,chb11_63,4,--0,--0
chb11,chb11_63,5,FP1-F3,FP1-F3
chb11,chb11_63,6,F3-C3,F3-C3
chb11,chb11_63,7,C3-P3,C3-P3
chb11,chb11_63,8,P3-O1,P3-O1
chb11,chb11_63,9,--1,--1
chb11,chb11_63,10,FZ-CZ,FZ-CZ
chb11,chb11_63,11,CZ-PZ,CZ-PZ
chb11,chb11_63,12,--2,--2
chb11,chb11_63,13,FP2-F4,FP2-F4
chb11,chb11_63,14,F4-C4,F4-C4
chb11,chb11_63,15,C4-P4,C4-P4
chb11,chb11_63,16,P4-O2,P4-O2
chb11,chb11_63,17,--3,--3
chb11,chb11_63,18,FP2-F8,FP2-F8
chb11,chb11_63,19,F8-T8,F8-T8
chb11,chb11_63,20,T8-P8-0,T8-P8-0
chb11,chb11_63,21,P8-O2,P8-O2
chb11,chb11_63,22,--4,--4
chb11,chb11_63,23,P7-T7,P7-T7
chb11,chb11_63,24,T7-FT9,T7-FT9
chb11,chb11_63,25,FT9-FT10,FT9-FT10
chb11,chb11_63,26,FT10-T8,FT10-T8
chb11,chb11_63,27,T8-P8-1,T8-P8-1
chb11,chb11_82,0,FP1-F7,FP1-F7
chb11,chb11_82,1,F7-T7,F7-T7
chb11,chb11_82,2,T7-P7,T7-P7
chb11,chb11_82,3,P7-O1,P7-O1
chb11,chb11_82,4,--0,--0
chb11,chb11_82,5,FP1-F3,FP1-F3
chb11,chb11_82,6,F3-C3,F3-C3
chb11,chb11_82,7,C3-P3,C3-P3
chb11,chb11_82,8,P3-O1,P3-O1
chb11,chb11_82,9,--1,--1
chb11,chb11_82,10,FZ-CZ,FZ-CZ
chb11,chb11_82,11,CZ-PZ,CZ-PZ
chb11,chb11_82,12,--2,--2
chb11,chb11_82,13,FP2-F4,FP2-F4
chb11,chb11_82,14,F4-C4,F4-C4
chb11,chb11_82,15,C4-P4,C4-P4
chb11,chb11_82,16,P4-O2,P4-O2
chb11,chb11_82,17,--3,--3
chb11,chb11_82,18,FP2-F8,FP2-F8
chb11,chb11_82,19,F8-T8,F8-T8
chb11,chb11_82,20,T8-P8-0,T8-P8-0
chb11,chb11_82,21,P8-O2,P8-O2
chb11,chb11_82,22,--4,--4
chb11,chb11_82,23,P7-T7,P7-T7
chb11,chb11_82,24,T7-FT9,T7-FT9
chb11,chb11_82,25,FT9-FT10,FT9-FT10
chb11,chb11_82,26,FT10-T8,FT10-T8
chb11,chb11_82,27,T8-P8-1,T8-P8-1
chb11,chb11_92,0,FP1-F7,FP1-F7
chb11,chb11_92,1,F7-T7,F7-T7
chb11,chb11_92,2,T7-P7,T7-P7
chb11,chb11_92,3,P7-O1,P7-O1
chb11,chb11_92,4,--0,--0
chb11,chb11_92,5,FP1-F3,FP1-F3
chb11,chb11_92,6,F3-C3,F3-C3
chb11,chb11_92,7,C3-P3,C3-P3
chb11,chb11_92,8,P3-O1,P3-O1
chb11,chb11_92,9,--1,--1
chb11,chb11_92,10,FZ-CZ,FZ-CZ
chb11,chb11_92,11,CZ-PZ,CZ-PZ
chb11,chb11_92,12,--2,--2
chb11,chb11_92,13,FP2-F4,FP2-F4
chb11,chb11_92,14,F4-C4,F4-C4
chb11,chb11_92,15,C4-P4,C4-P4
chb11,chb11_92,16,P4-O2,P4-O2
chb11,chb11_92,17,--3,--3
chb11,chb11_92,18,FP2-F8,FP2-F8
chb11,chb11_92,19,F8-T8,F8-T8
chb11,chb11_92,20,T8-P8-0,T8-P8-0
chb11,chb11_92,21,P8-O2,P8-O2
chb11,chb11_92,22,--4,--4
chb11,chb11_92,23,P7-T7,P7-T7
chb11,chb11_92,24,T7-FT9,T7-FT9
chb11,chb11_92,25,FT9-FT10,FT9-FT10
chb11,chb11_92,26,FT10-T8,FT10-T8
chb11,chb11_92,27,T8-P8-1,T8-P8-1
chb11,chb11_99,0,FP1-F7,FP1-F7
chb11,chb11_99,1,F7-T7,F7-T7
chb11,chb11_99,2,T7-P7,T7-P7
chb11,chb11_99,3,P7-O1,P7-O1
chb11,chb11_99,4,--0,--0
chb11,chb11_99,5,FP1-F3,FP1-F3
chb11,chb11_99,6,F3-C3,F3-C3
chb11,chb11_99,7,C3-P3,C3-P3
chb11,chb11_99,8,P3-O1,P3-O1
chb11,chb11_99,9,--1,--1
chb11,chb11_99,10,FZ-CZ,FZ-CZ
chb11,chb11_99,11,CZ-PZ,CZ-PZ
chb11,chb11_99,12,--2,--2
chb11,chb11_99,13,FP2-F4,FP2-F4
chb11,chb11_99,14,F4-C4,F4-C4
chb11,chb11_99,15,C4-P4,C4-P4
chb11,chb11_99,16,P4-O2,P4-O2
chb11,chb11_99,17,--3,--3
chb11,chb11_99,18,FP2-F8,FP2-F8
chb11,chb11_99,19,F8-T8,F8-T8
chb11,chb11_99,20,T8-P8-0,T8-P8-0
chb11,chb11_99,21,P8-O2,P8-O2
chb11,chb11_99,22,--4,--4
chb11,chb11_99,23,P7-T7,P7-T7
chb11,chb11_99,24,T7-FT9,T7-FT9
chb11,chb11_99,25,FT9-FT10,FT9-FT10
chb11,chb11_99,26,FT10-T8,FT10-T8
chb11,chb11_99,27,T8-P8-1,T8-P8-1
chb12,chb12_06,0,FP1-F7,FP1-F7
chb12,chb12_06,1,F7-T7,F7-T7
chb12,chb12_06,2,T7-P7,T7-P7
chb12,chb12_06,3,P7-O1,P7-O1
chb12,chb12_06,4,--0,--0
chb12,chb12_06,5,FP1-F3,FP1-F3
chb12,chb12_06,6,F3-C3,F3-C3
chb12,chb12_06,7,C3-P3,C3-P3
chb12,chb12_06,8,P3-O1,P3-O1
chb12,chb12_06,9,--1,--1
chb12,chb12_06,10,FZ-CZ,FZ-CZ
chb12,chb12_06,11,CZ-PZ,CZ-PZ
chb12,chb12_06,12,--2,--2
chb12,chb12_06,13,FP2-F4,FP2-F4
chb12,chb12_06,14,F4-C4,F4-C4
chb12,chb12_06,15,C4-P4,C4-P4
chb12,chb12_06,16,P4-O2,P4-O2
chb12,chb12_06,17,--3,--3
chb12,chb12_06,18,FP2-F8,FP2-F8
chb12,chb12_06,19,F8-T8,F8-T8
chb12,chb12_06,20,T8-P8-0,T8-P8-0
chb12,chb12_06,21,P8-O2,P8-O2
chb12,chb12_06,22,--4,--4
chb12,chb12_06,23,P7-T7,P7-T7
chb12,chb12_06,24,T7-FT9,T7-FT9
chb12,chb12_06,25,FT9-FT10,FT9-FT10
chb12,chb12_06,26,FT10-T8,FT10-T8
chb12,chb12_06,27,T8-P8-1,T8-P8-1
chb12,chb12_08,0,FP1-F7,FP1-F7
chb12,chb12_08,1,F7-T7,F7-T7
chb12,chb12_08,2,T7-P7,T7-P7
chb12,chb12_08,3,P7-O1,P7-O1
chb12,chb12_08,4,--0,--0
chb12,chb12_08,5,FP1-F3,FP1-F3
chb12,chb12_08,6,F3-C3,F3-C3
chb12,chb12_08,7,C3-P3,C3-P3
chb12,chb12_08,8,P3-O1,P3-O1
chb12,chb12_08,9,--1,--1
chb12,chb12_08,10,FZ-CZ,FZ-CZ
chb12,chb12_08,11,CZ-PZ,CZ-PZ
chb12,chb12_08,12,--2,--2
chb12,chb12_08,13,FP2-F4,FP2-F4
chb12,chb12_08,14,F4-C4,F4-C4
chb12,chb12_08,15,C4-P4,C4-P4
chb12,chb12_08,16,P4-O2,P4-O2
chb12,chb12_08,17,--3,--3
chb12,chb12_08,18,FP2-F8,FP2-F8
chb12,chb12_08,19,F8-T8,F8-T8
chb12,chb12_08,20,T8-P8-0,T8-P8-0
chb12,chb12_08,21,P8-O2,P8-O2
chb12,chb12_08,22,--4,--4
chb12,chb12_08,23,P7-T7,P7-T7
chb12,chb12_08,24,T7-FT9,T7-FT9
chb12,chb12_08,25,FT9-FT10,FT9-FT10
chb12,chb12_08,26,FT10-T8,FT10-T8
chb12,chb12_08,27,T8-P8-1,T8-P8-1
chb12,chb12_09,0,FP1-F7,FP1-F7
chb12,chb12_09,1,F7-T7,F7-T7
chb12,chb12_09,2,T7-P7,T7-P7
chb12,chb12_09,3,P7-O1,P7-O1
chb12,chb12_09,4,--0,--0
chb12,chb12_09,5,FP1-F3,FP1-F3
chb12,chb12_09,6,F3-C3,F3-C3
chb12,chb12_09,7,C3-P3,C3-P3
chb12,chb12_09,8,P3-O1,P3-O1
chb12,chb12_09,9,--1,--1
chb12,chb12_09,10,FZ-CZ,FZ-CZ
chb12,chb12_09,11,CZ-PZ,CZ-PZ
chb12,chb12_09,12,--2,--2
chb12,chb12_09,13,FP2-F4,FP2-F4
chb12,chb12_09,14,F4-C4,F4-C4
chb12,chb12_09,15,C4-P4,C4-P4
chb12,chb12_09,16,P4-O2,P4-O2
chb12,chb12_09,17,--3,--3
chb12,chb12_09,18,FP2-F8,FP2-F8
chb12,chb12_09,19,F8-T8,F8-T8
chb12,chb12_09,20,T8-P8-0,T8-P8-0
chb12,chb12_09,21,P8-O2,P8-O2
chb12,chb12_09,22,--4,--4
chb12,chb12_09,23,P7-T7,P7-T7
chb12,chb12_09,24,T7-FT9,T7-FT9
chb12,chb12_09,25,FT9-FT10,FT9-FT10
chb12,chb12_09,26,FT10-T8,FT10-T8
chb12,chb12_09,27,T8-P8-1,T8-P8-1
chb12,chb12_10,0,FP1-F7,FP1-F7
chb12,chb12_10,1,F7-T7,F7-T7
chb12,chb12_10,2,T7-P7,T7-P7
chb12,chb12_10,3,P7-O1,P7-O1
chb12,chb12_10,4,--0,--0
chb12,chb12_10,5,FP1-F3,FP1-F3
chb12,chb12_10,6,F3-C3,F3-C3
chb12,chb12_10,7,C3-P3,C3-P3
chb12,chb12_10,8,P3-O1,P3-O1
chb12,chb12_10,9,--1,--1
chb12,chb12_10,10,FZ-CZ,FZ-CZ
chb12,chb12_10,11,CZ-PZ,CZ-PZ
chb12,chb12_10,12,--2,--2
chb12,chb12_10,13,FP2-F4,FP2-F4
chb12,chb12_10,14,F4-C4,F4-C4
chb12,chb12_10,15,C4-P4,C4-P4
chb12,chb12_10,16,P4-O2,P4-O2
chb12,chb12_10,17,--3,--3
chb12,chb12_10,18,FP2-F8,FP2-F8
chb12,chb12_10,19,F8-T8,F8-T8
chb12,chb12_10,20,T8-P8-0,T8-P8-0
chb12,chb12_10,21,P8-O2,P8-O2
chb12,chb12_10,22,--4,--4
chb12,chb12_10,23,P7-T7,P7-T7
chb12,chb12_10,24,T7-FT9,T7-FT9
chb12,chb12_10,25,FT9-FT10,FT9-FT10
chb12,chb12_10,26,FT10-T8,FT10-T8
chb12,chb12_10,27,T8-P8-1,T8-P8-1
chb12,chb12_11,0,FP1-F7,FP1-F7
chb12,chb12_11,1,F7-T7,F7-T7
chb12,chb12_11,2,T7-P7,T7-P7
chb12,chb12_11,3,P7-O1,P7-O1
chb12,chb12_11,4,--0,--0
chb12,chb12_11,5,FP1-F3,FP1-F3
chb12,chb12_11,6,F3-C3,F3-C3
chb12,chb12_11,7,C3-P3,C3-P3
chb12,chb12_11,8,P3-O1,P3-O1
chb12,chb12_11,9,--1,--1
chb12,chb12_11,10,FZ-CZ,FZ-CZ
chb12,chb12_11,11,CZ-PZ,CZ-PZ
chb12,chb12_11,12,--2,--2
chb12,chb12_11,13,FP2-F4,FP2-F4
chb12,chb12_11,14,F4-C4,F4-C4
chb12,chb12_11,15,C4-P4,C4-P4
chb12,chb12_11,16,P4-O2,P4-O2
chb12,chb12_11,17,--3,--3
chb12,chb12_11,18,FP2-F8,FP2-F8
chb12,chb12_11,19,F8-T8,F8-T8
chb12,chb12_11,20,T8-P8-0,T8-P8-0
chb12,chb12_11,21,P8-O2,P8-O2
chb12,chb12_11,22,--4,--4
chb12,chb12_11,23,P7-T7,P7-T7
chb12,chb12_11,24,T7-FT9,T7-FT9
chb12,chb12_11,25,FT9-FT10,FT9-FT10
chb12,chb12_11,26,FT10-T8,FT10-T8
chb12,chb12_11,27,T8-P8-1,T8-P8-1
chb12,chb12_19,0,FP1-F7,FP1-F7
chb12,chb12_19,1,F7-T7,F7-T7
chb12,chb12_19,2,T7-P7,T7-P7
chb12,chb12_19,3,P7-O1,P7-O1
chb12,chb12_19,4,--0,--0
chb12,chb12_19,5,FP1-F3,FP1-F3
chb12,chb12_19,6,F3-C3,F3-C3
chb12,chb12_19,7,C3-P3,C3-P3
chb12,chb12_19,8,P3-O1,P3-O1
chb12,chb12_19,9,--1,--1
chb12,chb12_19,10,FZ-CZ,FZ-CZ
chb12,chb12_19,11,CZ-PZ,CZ-PZ
chb12,chb12_19,12,--2,--2
chb12,chb12_19,13,FP2-F4,FP2-F4
chb12,chb12_19,14,F4-C4,F4-C4
chb12,chb12_19,15,C4-P4,C4-P4
chb12,chb12_19,16,P4-O2,P4-O2
chb12,chb12_19,17,--3,--3
chb12,chb12_19,18,FP2-F8,FP2-F8
chb12,chb12_19,19,F8-T8,F8-T8
chb12,chb12_19,20,T8-P8-0,T8-P8-0
chb12,chb12_19,21,P8-O2,P8-O2
chb12,chb12_19,22,--4,--4
chb12,chb12_19,23,P7-T7,P7-T7
chb12,chb12_19,24,T7-FT9,T7-FT9
chb12,chb12_19,25,FT9-FT10,FT9-FT10
chb12,chb12_19,26,FT10-T8,FT10-T8
chb12,chb12_19,27,T8-P8-1,T8-P8-1
chb12,chb12_20,0,FP1-F7,FP1-F7
chb12,chb12_20,1,F7-T7,F7-T7
chb12,chb12_20,2,T7-P7,T7-P7
chb12,chb12_20,3,P7-O1,P7-O1
chb12,chb12_20,4,--0,--0
chb12,chb12_20,5,FP1-F3,FP1-F3
chb12,chb12_20,6,F3-C3,F3-C3
chb12,chb12_20,7,C3-P3,C3-P3
chb12,chb12_20,8,P3-O1,P3-O1
chb12,chb12_20,9,--1,--1
chb12,chb12_20,10,FZ-CZ,FZ-CZ
chb12,chb12_20,11,CZ-PZ,CZ-PZ
chb12,chb12_20,12,--2,--2
chb12,chb12_20,13,FP2-F4,FP2-F4
chb12,chb12_20,14,F4-C4,F4-C4
chb12,chb12_20,15,C4-P4,C4-P4
chb12,chb12_20,16,P4-O2,P4-O2
chb12,chb12_20,17,--3,--3
chb12,chb12_20,18,FP2-F8,FP2-F8
chb12,chb12_20,19,F8-T8,F8-T8
chb12,chb12_20,20,T8-P8-0,T8-P8-0
chb12,chb12_20,21,P8-O2,P8-O2
chb12,chb12_20,22,--4,--4
chb12,chb12_20,23,P7-T7,P7-T7
chb12,chb12_20,24,T7-FT9,T7-FT9
chb12,chb12_20,25,FT9-FT10,FT9-FT10
chb12,chb12_20,26,FT10-T8,FT10-T8
chb12,chb12_20,27,T8-P8-1,T8-P8-1
chb12,chb12_21,0,FP1-F7,FP1-F7
chb12,chb12_21,1,F7-T7,F7-T7
chb12,chb12_21,2,T7-P7,T7-P7
chb12,chb12_21,3,P7-O1,P7-O1
chb12,chb12_21,4,--0,--0
chb12,chb12_21,5,FP1-F3,FP1-F3
chb12,chb12_21,6,F3-C3,F3-C3
chb12,chb12_21,7,C3-P3,C3-P3
chb12,chb12_21,8,P3-O1,P3-O1
chb12,chb12_21,9,--1,--1
chb12,chb12_21,10,FZ-CZ,FZ-CZ
chb12,chb12_21,11,CZ-PZ,CZ-PZ
chb12,chb12_21,12,--2,--2
chb12,chb12_21,13,FP2-F4,FP2-F4
chb12,chb12_21,14,F4-C4,F4-C4
chb12,chb12_21,15,C4-P4,C4-P4
chb12,chb12_21,16,P4-O2,P4-O2
chb12,chb12_21,17,--3,--3
chb12,chb12_21,18,FP2-F8,FP2-F8
chb12,chb12_21,19,F8-T8,F8-T8
chb12,chb12_21,20,T8-P8-0,T8-P8-0
chb12,chb12_21,21,P8-O2,P8-O2
chb12,chb12_21,22,--4,--4
chb12,chb12_21,23,P7-T7,P7-T7
chb12,chb12_21,24,T7-FT9,T7-FT9
chb12,chb12_21,25,FT9-FT10,FT9-FT10
chb12,chb12_21,26,FT10-T8,FT10-T8
chb12,chb12_21,27,T8-P8-1,T8-P8-1
chb12,chb12_23,0,FP1-F7,FP1-F7
chb12,chb12_23,1,F7-T7,F7-T7
chb12,chb12_23,2,T7-P7,T7-P7
chb12,chb12_23,3,P7-O1,P7-O1
chb12,chb12_23,4,--0,--0
chb12,chb12_23,5,FP1-F3,FP1-F3
chb12,chb12_23,6,F3-C3,F3-C3
chb12,chb12_23,7,C3-P3,C3-P3
chb12,chb12_23,8,P3-O1,P3-O1
chb12,chb12_23,9,--1,--1
chb12,chb12_23,10,FZ-CZ,FZ-CZ
chb12,chb12_23,11,CZ-PZ,CZ-PZ
chb12,chb12_23,12,--2,--2
chb12,chb12_23,13,FP2-F4,FP2-F4
chb12,chb12_23,14,F4-C4,F4-C4
chb12,chb12_23,15,C4-P4,C4-P4
chb12,chb12_23,16,P4-O2,P4-O2
chb12,chb12_23,17,--3,--3
chb12,chb12_23,18,FP2-F8,FP2-F8
chb12,chb12_23,19,F8-T8,F8-T8
chb12,chb12_23,20,T8-P8-0,T8-P8-0
chb12,chb12_23,21,P8-O2,P8-O2
chb12,chb12_23,22,--4,--4
chb12,chb12_23,23,P7-T7,P7-T7
chb12,chb12_23,24,T7-FT9,T7-FT9
chb12,chb12_23,25,FT9-FT10,FT9-FT10
chb12,chb12_23,26,FT10-T8,FT10-T8
chb12,chb12_23,27,T8-P8-1,T8-P8-1
chb12,chb12_24,0,FP1-F7,FP1-F7
chb12,chb12_24,1,F7-T7,F7-T7
chb12,chb12_24,2,T7-P7,T7-P7
chb12,chb12_24,3,P7-O1,P7-O1
chb12,chb12_24,4,--0,--0
chb12,chb12_24,5,FP1-F3,FP1-F3
chb12,chb12_24,6,F3-C3,F3-C3
chb12,chb12_24,7,C3-P3,C3-P3
chb12,chb12_24,8,P3-O1,P3-O1
chb12,chb12_24,9,--1,--1
chb12,chb12_24,10,FZ-CZ,FZ-CZ
chb12,chb12_24,11,CZ-PZ,CZ-PZ
chb12,chb12_24,12,--2,--2
chb12,chb12_24,13,FP2-F4,FP2-F4
chb12,chb12_24,14,F4-C4,F4-C4
chb12,chb12_24,15,C4-P4,C4-P4
chb12,chb12_24,16,P4-O2,P4-O2
chb12,chb12_24,17,--3,--3
chb12,chb12_24,18,FP2-F8,FP2-F8
chb12,chb12_24,19,F8-T8,F8-T8
chb12,chb12_24,20,T8-P8-0,T8-P8-0
chb12,chb12_24,21,P8-O2,P8-O2
chb12,chb12_24,22,--4,--4
chb12,chb12_24,23,P7-T7,P7-T7
chb12,chb12_24,24,T7-FT9,T7-FT9
chb12,chb12_24,25,FT9-FT10,FT9-FT10
chb12,chb12_24,26,FT10-T8,FT10-T8
chb12,chb12_24,27,T8-P8-1,T8-P8-1
chb12,chb12_27,0,F7-CS2,F7-CS2
chb12,chb12_27,1,T7-CS2,T7-CS2
chb12,chb12_27,2,P7-CS2,P7-CS2
chb12,chb12_27,3,--0,--0
chb12,chb12_27,4,FP1-CS2,FP1-CS2
chb12,chb12_27,5,F3-CS2,F3-CS2
chb12,chb12_27,6,C3-CS2,C3-CS2
chb12,chb12_27,7,P3-CS2,P3-CS2
chb12,chb12_27,8,O1-CS2,O1-CS2
chb12,chb12_27,9,--1,--1
chb12,chb12_27,10,FZ-CS2,FZ-CS2
chb12,chb12_27,11,CZ-CS2,CZ-CS2
chb12,chb12_27,12,PZ-CS2,PZ-CS2
chb12,chb12_27,13,--2,--2
chb12,chb12_27,14,FP2-CS2,FP2-CS2
chb12,chb12_27,15,F4-CS2,F4-CS2
chb12,chb12_27,16,C4-CS2,C4-CS2
chb12,chb12_27,17,P4-CS2,P4-CS2
chb12,chb12_27,18,O2-CS2,O2-CS2
chb12,chb12_27,19,--3,--3
chb12,chb12_27,20,F8-CS2,F8-CS2
chb12,chb12_27,21,T8-CS2,T8-CS2
chb12,chb12_27,22,P8-CS2,P8-CS2
chb12,chb12_27,23,--4,--4
chb12,chb12_27,24,C2-CS2,C2-CS2
chb12,chb12_27,25,C6-CS2,C6-CS2
chb12,chb12_27,26,CP2-CS2,CP2-CS2
chb12,chb12_27,27,CP4-CS2,CP4-CS2
chb12,chb12_27,28,CP6-CS2,CP6-CS2
chb12,chb12_28,0,F7,F7
chb12,chb12_28,1,T7,T7
chb12,chb12_28,2,P7,P7
chb12,chb12_28,3,--0,--0
chb12,chb12_28,4,FP1,FP1
chb12,chb12_28,5,F3,F3
chb12,chb12_28,6,C3,C3
chb12,chb12_28,7,P3,P3
chb12,chb12_28,8,01,01
chb12,chb12_28,9,--1,--1
chb12,chb12_28,10,FZ,FZ
chb12,chb12_28,11,CZ,CZ
chb12,chb12_28,12,PZ,PZ
chb12,chb12_28,13,--2,--2
chb12,chb12_28,14,FP2,FP2
chb12,chb12_28,15,F4,F4
chb12,chb12_28,16,C4,C4
chb12,chb12_28,17,P4,P4
chb12,chb12_28,18,O2,O2
chb12,chb12_28,19,--3,--3
chb12,chb12_28,20,F8,F8
chb12,chb12_28,21,T8,T8
chb12,chb12_28,22,P8,P8
chb12,chb12_28,23,EKG1-CHIN,EKG1-CHIN
chb12,chb12_28,24,C2,C2
chb12,chb12_28,25,C6,C6
chb12,chb12_28,26,CP2,CP2
chb12,chb12_28,27,CP4,CP4
chb12,chb12_28,28,CP6,CP6
chb12,chb12_29,0,F7,F7
chb12,chb12_29,1,T7,T7
chb12,chb12_29,2,P7,P7
chb12,chb12_29,3,--0,--0
chb12,chb12_29,4,FP1,FP1
chb12,chb12_29,5,F3,F3
chb12,chb12_29,6,C3,C3
chb12,chb12_29,7,P3,P3
chb12,chb12_29,8,01,01
chb12,chb12_29,9,--1,--1
chb12,chb12_29,10,FZ,FZ
chb12,chb12_29,11,CZ,CZ
chb12,chb12_29,12,PZ,PZ
chb12,chb12_29,13,--2,--2
chb12,chb12_29,14,FP2,FP2
chb12,chb12_29,15,F4,F4
chb12,chb12_29,16,C4,C4
chb12,chb12_29,17,P4,P4
chb12,chb12_29,18,O2,O2
chb12,chb12_29,19,--3,--3
chb12,chb12_29,20,F8,F8
chb12,chb12_29,21,T8,T8
chb12,chb12_29,22,P8,P8
chb12,chb12_29,23,EKG1-CHIN,EKG1-CHIN
chb12,chb12_29,24,C2,C2
chb12,chb12_29,25,C6,C6
chb12,chb12_29,26,CP2,CP2
chb12,chb12_29,27,CP4,CP4
chb12,chb12_29,28,CP6,CP6
chb12,chb12_32,0,FP1-F7,FP1-F7
chb12,chb12_32,1,F7-T7,F7-T7
chb12,chb12_32,2,T7-P7,T7-P7
chb12,chb12_32,3,P7-O1,P7-O1
chb12,chb12_32,4,--0,--0
chb12,chb12_32,5,FP1-F3,FP1-F3
chb12,chb12_32,6,F3-C3,F3-C3
chb12,chb12_32,7,C3-P3,C3-P3
chb12,chb12_32,8,P3-O1,P3-O1
chb12,chb12_32,9,--1,--1
chb12,chb12_32,10,FZ-CZ,FZ-CZ
chb12,chb12_32,11,CZ-PZ,CZ-PZ
chb12,chb12_32,12,--2,--2
chb12,chb12_32,13,FP2-F4,FP2-F4
chb12,chb12_32,14,F4-C4,F4-C4
chb12,chb12_32,15,C4-P4,C4-P4
chb12,chb12_32,16,P4-O2,P4-O2
chb12,chb12_32,17,--3,--3
chb12,chb12_32,18,FP2-F8,FP2-F8
chb12,chb12_32,19,F8-T8,F8-T8
chb12,chb12_32,20,T8-P8-0,T8-P8-0
chb12,chb12_32,21,P8-O2,P8-O2
chb12,chb12_32,22,--4,--4
chb12,chb12_32,23,P7-T7,P7-T7
chb12,chb12_32,24,T7-FT9,T7-FT9
chb12,chb12_32,25,FT9-FT10,FT9-FT10
chb12,chb12_32,26,FT10-T8,FT10-T8
chb12,chb12_32,27,T8-P8-1,T8-P8-1
chb12,chb12_32,28,LOC-ROC,LOC-ROC
chb12,chb12_33,0,FP1-F7,FP1-F7
chb12,chb12_33,1,F7-T7,F7-T7
chb12,chb12_33,2,T7-P7,T7-P7
chb12,chb12_33,3,P7-O1,P7-O1
chb12,chb12_33,4,--0,--0
chb12,chb12_33,5,FP1-F3,FP1-F3
chb12,chb12_33,6,F3-C3,F3-C3
chb12,chb12_33,7,C3-P3,C3-P3
chb12,chb12_33,8,P3-O1,P3-O1
chb12,chb12_33,9,--1,--1
chb12,chb12_33,10,FZ-CZ,FZ-CZ
chb12,chb12_33,11,CZ-PZ,CZ-PZ
chb12,chb12_33,12,--2,--2
chb12,chb12_33,13,FP2-F4,FP2-F4
chb12,chb12_33,14,F4-C4,F4-C4
chb12,chb12_33,15,C4-P4,C4-P4
chb12,chb12_33,16,P4-O2,P4-O2
chb12,chb12_33,17,--3,--3
chb12,chb12_33,18,FP2-F8,FP2-F8
chb12,chb12_33,19,F8-T8,F8-T8
chb12,chb12_33,20,T8-P8-0,T8-P8-0
chb12,chb12_33,21,P8-O2,P8-O2
chb12,chb12_33,22,--4,--4
chb12,chb12_33,23,P7-T7,P7-T7
chb12,chb12_33,24,T7-FT9,T7-FT9
chb12,chb12_33,25,FT9-FT10,FT9-FT10
chb12,chb12_33,26,FT10-T8,FT10-T8
chb12,chb12_33,27,T8-P8-1,T8-P8-1
chb12,chb12_33,28,LOC-ROC,LOC-ROC
chb12,chb12_34,0,FP1-F7,FP1-F7
chb12,chb12_34,1,F7-T7,F7-T7
chb12,chb12_34,2,T7-P7,T7-P7
chb12,chb12_34,3,P7-O1,P7-O1
chb12,chb12_34,4,--0,--0
chb12,chb12_34,5,FP1-F3,FP1-F3
chb12,chb12_34,6,F3-C3,F3-C3
chb12,chb12_34,7,C3-P3,C3-P3
chb12,chb12_34,8,P3-O1,P3-O1
chb12,chb12_34,9,--1,--1
chb12,chb12_34,10,FZ-CZ,FZ-CZ
chb12,chb12_34,11,CZ-PZ,CZ-PZ
chb12,chb12_34,12,--2,--2
chb12,chb12_34,13,FP2-F4,FP2-F4
chb12,chb12_34,14,F4-C4,F4-C4
chb12,chb12_34,15,C4-P4,C4-P4
chb12,chb12_34,16,P4-O2,P4-O2
chb12,chb12_34,17,--3,--3
chb12,chb12_34,18,FP2-F8,FP2-F8
chb12,chb12_34,19,F8-T8,F8-T8
chb12,chb12_34,20,T8-P8-0,T8-P8-0
chb12,chb12_34,21,P8-O2,P8-O2
chb12,chb12_34,22,--4,--4
chb12,chb12_34,23,P7-T7,P7-T7
chb12,chb12_34,24,T7-FT9,T7-FT9
chb12,chb12_34,25,FT9-FT10,FT9-FT10
chb12,chb12_34,26,FT10-T8,FT10-T8
chb12,chb12_34,27,T8-P8-1,T8-P8-1
chb12,chb12_34,28,LOC-ROC,LOC-ROC
chb12,chb12_35,0,FP1-F7,FP1-F7
chb12,chb12_35,1,F7-T7,F7-T7
chb12,chb12_35,2,T7-P7,T7-P7
chb12,chb12_35,3,P7-O1,P7-O1
chb12,chb12_35,4,--0,--0
chb12,chb12_35,5,FP1-F3,FP1-F3
chb12,chb12_35,6,F3-C3,F3-C3
chb12,chb12_35,7,C3-P3,C3-P3
chb12,chb12_35,8,P3-O1,P3-O1
chb12,chb12_35,9,--1,--1
chb12,chb12_35,10,FZ-CZ,FZ-CZ
chb12,chb12_35,11,CZ-PZ,CZ-PZ
chb12,chb12_35,12,--2,--2
chb12,chb12_35,13,FP2-F4,FP2-F4
chb12,chb12_35,14,F4-C4,F4-C4
chb12,chb12_35,15,C4-P4,C4-P4
chb12,chb12_35,16,P4-O2,P4-O2
chb12,chb12_35,17,--3,--3
chb12,chb12_35,18,FP2-F8,FP2-F8
chb12,chb12_35,19,F8-T8,F8-T8
chb12,chb12_35,20,T8-P8-0,T8-P8-0
chb12,chb12_35,21,P8-O2,P8-O2
chb12,chb12_35,22,--4,--4
chb12,chb12_35,23,P7-T7,P7-T7
chb12,chb12_35,24,T7-FT9,T7-FT9
chb12,chb12_35,25,FT9-FT10,FT9-FT10
chb12,chb12_35,26,FT10-T8,FT10-T8
chb12,chb12_35,27,T8-P8-1,T8-P8-1
chb12,chb12_35,28,LOC-ROC,LOC-ROC
chb12,chb12_36,0,FP1-F7,FP1-F7
chb12,chb12_36,1,F7-T7,F7-T7
chb12,chb12_36,2,T7-P7,T7-P7
chb12,chb12_36,3,P7-O1,P7-O1
chb12,chb12_36,4,--0,--0
chb12,chb12_36,5,FP1-F3,FP1-F3
chb12,chb12_36,6,F3-C3,F3-C3
chb12,chb12_36,7,C3-P3,C3-P3
chb12,chb12_36,8,P3-O1,P3-O1
chb12,chb12_36,9,--1,--1
chb12,chb12_36,10,FZ-CZ,FZ-CZ
chb12,chb12_36,11,CZ-PZ,CZ-PZ
chb12,chb12_36,12,--2,--2
chb12,chb12_36,13,FP2-F4,FP2-F4
chb12,chb12_36,14,F4-C4,F4-C4
chb12,chb12_36,15,C4-P4,C4-P4
chb12,chb12_36,16,P4-O2,P4-O2
chb12,chb12_36,17,--3,--3
chb12,chb12_36,18,FP2-F8,FP2-F8
chb12,chb12_36,19,F8-T8,F8-T8
chb12,chb12_36,20,T8-P8-0,T8-P8-0
chb12,chb12_36,21,P8-O2,P8-O2
chb12,chb12_36,22,--4,--4
chb12,chb12_36,23,P7-T7,P7-T7
chb12,chb12_36,24,T7-FT9,T7-FT9
chb12,chb12_36,25,FT9-FT10,FT9-FT10
chb12,chb12_36,26,FT10-T8,FT10-T8
chb12,chb12_36,27,T8-P8-1,T8-P8-1
chb12,chb12_36,28,LOC-ROC,LOC-ROC
chb12,chb12_37,0,FP1-F7,FP1-F7
chb12,chb12_37,1,F7-T7,F7-T7
chb12,chb12_37,2,T7-P7,T7-P7
chb12,chb12_37,3,P7-O1,P7-O1
chb12,chb12_37,4,--0,--0
chb12,chb12_37,5,FP1-F3,FP1-F3
chb12,chb12_37,6,F3-C3,F3-C3
chb12,chb12_37,7,C3-P3,C3-P3
chb12,chb12_37,8,P3-O1,P3-O1
chb12,chb12_37,9,--1,--1
chb12,chb12_37,10,FZ-CZ,FZ-CZ
chb12,chb12_37,11,CZ-PZ,CZ-PZ
chb12,chb12_37,12,--2,--2
chb12,chb12_37,13,FP2-F4,FP2-F4
chb12,chb12_37,14,F4-C4,F4-C4
chb12,chb12_37,15,C4-P4,C4-P4
chb12,chb12_37,16,P4-O2,P4-O2
chb12,chb12_37,17,--3,--3
chb12,chb12_37,18,FP2-F8,FP2-F8
chb12,chb12_37,19,F8-T8,F8-T8
chb12,chb12_37,20,T8-P8-0,T8-P8-0
chb12,chb12_37,21,P8-O2,P8-O2
chb12,chb12_37,22,--4,--4
chb12,chb12_37,23,P7-T7,P7-T7
chb12,chb12_37,24,T7-FT9,T7-FT9
chb12,chb12_37,25,FT9-FT10,FT9-FT10
chb12,chb12_37,26,FT10-T8,FT10-T8
chb12,chb12_37,27,T8-P8-1,T8-P8-1
chb12,chb12_37,28,LOC-ROC,LOC-ROC
chb12,chb12_38,0,FP1-F7,FP1-F7
chb12,chb12_38,1,F7-T7,F7-T7
chb12,chb12_38,2,T7-P7,T7-P7
chb12,chb12_38,3,P7-O1,P7-O1
chb12,chb12_38,4,--0,--0
chb12,chb12_38,5,FP1-F3,FP1-F3
chb12,chb12_38,6,F3-C3,F3-C3
chb12,chb12_38,7,C3-P3,C3-P3
chb12,chb12_38,8,P3-O1,P3-O1
chb12,chb12_38,9,--1,--1
chb12,chb12_38,10,FZ-CZ,FZ-CZ
chb12,chb12_38,11,CZ-PZ,CZ-PZ
chb12,chb12_38,12,--2,--2
chb12,chb12_38,13,FP2-F4,FP2-F4
chb12,chb12_38,14,F4-C4,F4-C4
chb12,chb12_38,15,C4-P4,C4-P4
chb12,chb12_38,16,P4-O2,P4-O2
chb12,chb12_38,17,--3,--3
chb12,chb12_38,18,FP2-F8,FP2-F8
chb12,chb12_38,19,F8-T8,F8-T8
chb12,chb12_38,20,T8-P8-0,T8-P8-0
chb12,chb12_38,21,P8-O2,P8-O2
chb12,chb12_38,22,--4,--4
chb12,chb12_38,23,P7-T7,P7-T7
chb12,chb12_38,24,T7-FT9,T7-FT9
chb12,chb12_38,25,FT9-FT10,FT9-FT10
chb12,chb12_38,26,FT10-T8,FT10-T8
chb12,chb12_38,27,T8-P8-1,T8-P8-1
chb12,chb12_38,28,LOC-ROC,LOC-ROC
chb12,chb12_39,0,FP1-F7,FP1-F7
chb12,chb12_39,1,F7-T7,F7-T7
chb12,chb12_39,2,T7-P7,T7-P7
chb12,chb12_39,3,P7-O1,P7-O1
chb12,chb12_39,4,--0,--0
chb12,chb12_39,5,FP1-F3,FP1-F3
chb12,chb12_39,6,F3-C3,F3-C3
chb12,chb12_39,7,C3-P3,C3-P3
chb12,chb12_39,8,P3-O1,P3-O1
chb12,chb12_39,9,--1,--1
chb12,chb12_39,10,FZ-CZ,FZ-CZ
chb12,chb12_39,11,CZ-PZ,CZ-PZ
chb12,chb12_39,12,--2,--2
chb12,chb12_39,13,FP2-F4,FP2-F4
chb12,chb12_39,14,F4-C4,F4-C4
chb12,chb12_39,15,C4-P4,C4-P4
chb12,chb12_39,16,P4-O2,P4-O2
chb12,chb12_39,17,--3,--3
chb12,chb12_39,18,FP2-F8,FP2-F8
chb12,chb12_39,19,F8-T8,F8-T8
chb12,chb12_39,20,T8-P8-0,T8-P8-0
chb12,chb12_39,21,P8-O2,P8-O2
chb12,chb12_39,22,--4,--4
chb12,chb12_39,23,P7-T7,P7-T7
chb12,chb12_39,24,T7-FT9,T7-FT9
chb12,chb12_39,25,FT9-FT10,FT9-FT10
chb12,chb12_39,26,FT10-T8,FT10-T8
chb12,chb12_39,27,T8-P8-1,T8-P8-1
chb12,chb12_39,28,LOC-ROC,LOC-ROC
chb12,chb12_40,0,FP1-F7,FP1-F7
chb12,chb12_40,1,F7-T7,F7-T7
chb12,chb12_40,2,T7-P7,T7-P7
chb12,chb12_40,3,P7-O1,P7-O1
chb12,chb12_40,4,--0,--0
chb12,chb12_40,5,FP1-F3,FP1-F3
chb12,chb12_40,6,F3-C3,F3-C3
chb12,chb12_40,7,C3-P3,C3-P3
chb12,chb12_40,8,P3-O1,P3-O1
chb12,chb12_40,9,--1,--1
chb12,chb12_40,10,FZ-CZ,FZ-CZ
chb12,chb12_40,11,CZ-PZ,CZ-PZ
chb12,chb12_40,12,--2,--2
chb12,chb12_40,13,FP2-F4,FP2-F4
chb12,chb12_40,14,F4-C4,F4-C4
chb12,chb12_40,15,C4-P4,C4-P4
chb12,chb12_40,16,P4-O2,P4-O2
chb12,chb12_40,17,--3,--3
chb12,chb12_40,18,FP2-F8,FP2-F8
chb12,chb12_40,19,F8-T8,F8-T8
chb12,chb12_40,20,T8-P8-0,T8-P8-0
chb12,chb12_40,21,P8-O2,P8-O2
chb12,chb12_40,22,--4,--4
chb12,chb12_40,23,P7-T7,P7-T7
chb12,chb12_40,24,T7-FT9,T7-FT9
chb12,chb12_40,25,FT9-FT10,FT9-FT10
chb12,chb12_40,26,FT10-T8,FT10-T8
chb12,chb12_40,27,T8-P8-1,T8-P8-1
chb12,chb12_40,28,LOC-ROC,LOC-ROC
chb12,chb12_41,0,FP1-F7,FP1-F7
chb12,chb12_41,1,F7-T7,F7-T7
chb12,chb12_41,2,T7-P7,T7-P7
chb12,chb12_41,3,P7-O1,P7-O1
chb12,chb12_41,4,--0,--0
chb12,chb12_41,5,FP1-F3,FP1-F3
chb12,chb12_41,6,F3-C3,F3-C3
chb12,chb12_41,7,C3-P3,C3-P3
chb12,chb12_41,8,P3-O1,P3-O1
chb12,chb12_41,9,--1,--1
chb12,chb12_41,10,FZ-CZ,FZ-CZ
chb12,chb12_41,11,CZ-PZ,CZ-PZ
chb12,chb12_41,12,--2,--2
chb12,chb12_41,13,FP2-F4,FP2-F4
chb12,chb12_41,14,F4-C4,F4-C4
chb12,chb12_41,15,C4-P4,C4-P4
chb12,chb12_41,16,P4-O2,P4-O2
chb12,chb12_41,17,--3,--3
chb12,chb12_41,18,FP2-F8,FP2-F8
chb12,chb12_41,19,F8-T8,F8-T8
chb12,chb12_41,20,T8-P8-0,T8-P8-0
chb12,chb12_41,21,P8-O2,P8-O2
chb12,chb12_41,22,--4,--4
chb12,chb12_41,23,P7-T7,P7-T7
chb12,chb12_41,24,T7-FT9,T7-FT9
chb12,chb12_41,25,FT9-FT10,FT9-FT10
chb12,chb12_41,26,FT10-T8,FT10-T8
chb12,chb12_41,27,T8-P8-1,T8-P8-1
chb12,chb12_41,28,LOC-ROC,LOC-ROC
chb12,chb12_42,0,FP1-F7,FP1-F7
chb12,chb12_42,1,F7-T7,F7-T7
chb12,chb12_42,2,T7-P7,T7-P7
chb12,chb12_42,3,P7-O1,P7-O1
chb12,chb12_42,4,--0,--0
chb12,chb12_42,5,FP1-F3,FP1-F3
chb12,chb12_42,6,F3-C3,F3-C3
chb12,chb12_42,7,C3-P3,C3-P3
chb12,chb12_42,8,P3-O1,P3-O1
chb12,chb12_42,9,--1,--1
chb12,chb12_42,10,FZ-CZ,FZ-CZ
chb12,chb12_42,11,CZ-PZ,CZ-PZ
chb12,chb12_42,12,--2,--2
chb12,chb12_42,13,FP2-F4,FP2-F4
chb12,chb12_42,14,F4-C4,F4-C4
chb12,chb12_42,15,C4-P4,C4-P4
chb12,chb12_42,16,P4-O2,P4-O2
chb12,chb12_42,17,--3,--3
chb12,chb12_42,18,FP2-F8,FP2-F8
chb12,chb12_42,19,F8-T8,F8-T8
chb12,chb12_42,20,T8-P8-0,T8-P8-0
chb12,chb12_42,21,P8-O2,P8-O2
chb12,chb12_42,22,--4,--4
chb12,chb12_42,23,P7-T7,P7-T7
chb12,chb12_42,24,T7-FT9,T7-FT9
chb12,chb12_42,25,FT9-FT10,FT9-FT10
chb12,chb12_42,26,FT10-T8,FT10-T8
chb12,chb12_42,27,T8-P8-1,T8-P8-1
chb12,chb12_42,28,LOC-ROC,LOC-ROC
chb13,chb13_02,0,FP1-F7,FP1-F7
chb13,chb13_02,1,F7-T7,F7-T7
chb13,chb13_02,2,T7-P7,T7-P7
chb13,chb13_02,3,P7-O1,P7-O1
chb13,chb13_02,4,--0,--0
chb13,chb13_02,5,FP1-F3,FP1-F3
chb13,chb13_02,6,F3-C3,F3-C3
chb13,chb13_02,7,C3-P3,C3-P3
chb13,chb13_02,8,P3-O1,P3-O1
chb13,chb13_02,9,--1,--1
chb13,chb13_02,10,FZ-CZ,FZ-CZ
chb13,chb13_02,11,CZ-PZ,CZ-PZ
chb13,chb13_02,12,--2,--2
chb13,chb13_02,13,FP2-F4,FP2-F4
chb13,chb13_02,14,F4-C4,F4-C4
chb13,chb13_02,15,C4-P4,C4-P4
chb13,chb13_02,16,P4-O2,P4-O2
chb13,chb13_02,17,--3,--3
chb13,chb13_02,18,FP2-F8,FP2-F8
chb13,chb13_02,19,F8-T8,F8-T8
chb13,chb13_02,20,T8-P8-0,T8-P8-0
chb13,chb13_02,21,P8-O2,P8-O2
chb13,chb13_02,22,--4,--4
chb13,chb13_02,23,P7-T7,P7-T7
chb13,chb13_02,24,T7-FT9,T7-FT9
chb13,chb13_02,25,FT9-FT10,FT9-FT10
chb13,chb13_02,26,FT10-T8,FT10-T8
chb13,chb13_02,27,T8-P8-1,T8-P8-1
chb13,chb13_03,0,FP1-F7,FP1-F7
chb13,chb13_03,1,F7-T7,F7-T7
chb13,chb13_03,2,T7-P7,T7-P7
chb13,chb13_03,3,P7-O1,P7-O1
chb13,chb13_03,4,--0,--0
chb13,chb13_03,5,FP1-F3,FP1-F3
chb13,chb13_03,6,F3-C3,F3-C3
chb13,chb13_03,7,C3-P3,C3-P3
chb13,chb13_03,8,P3-O1,P3-O1
chb13,chb13_03,9,--1,--1
chb13,chb13_03,10,FZ-CZ,FZ-CZ
chb13,chb13_03,11,CZ-PZ,CZ-PZ
chb13,chb13_03,12,--2,--2
chb13,chb13_03,13,FP2-F4,FP2-F4
chb13,chb13_03,14,F4-C4,F4-C4
chb13,chb13_03,15,C4-P4,C4-P4
chb13,chb13_03,16,P4-O2,P4-O2
chb13,chb13_03,17,--3,--3
chb13,chb13_03,18,FP2-F8,FP2-F8
chb13,chb13_03,19,F8-T8,F8-T8
chb13,chb13_03,20,T8-P8-0,T8-P8-0
chb13,chb13_03,21,P8-O2,P8-O2
chb13,chb13_03,22,--4,--4
chb13,chb13_03,23,P7-T7,P7-T7
chb13,chb13_03,24,T7-FT9,T7-FT9
chb13,chb13_03,25,FT9-FT10,FT9-FT10
chb13,chb13_03,26,FT10-T8,FT10-T8
chb13,chb13_03,27,T8-P8-1,T8-P8-1
chb13,chb13_04,0,FP1-F7,FP1-F7
chb13,chb13_04,1,F7-T7,F7-T7
chb13,chb13_04,2,T7-P7,T7-P7
chb13,chb13_04,3,P7-O1,P7-O1
chb13,chb13_04,4,--0,--0
chb13,chb13_04,5,FP1-F3,FP1-F3
chb13,chb13_04,6,F3-C3,F3-C3
chb13,chb13_04,7,C3-P3,C3-P3
chb13,chb13_04,8,P3-O1,P3-O1
chb13,chb13_04,9,--1,--1
chb13,chb13_04,10,FZ-CZ,FZ-CZ
chb13,chb13_04,11,CZ-PZ,CZ-PZ
chb13,chb13_04,12,--2,--2
chb13,chb13_04,13,FP2-F4,FP2-F4
chb13,chb13_04,14,F4-C4,F4-C4
chb13,chb13_04,15,C4-P4,C4-P4
chb13,chb13_04,16,P4-O2,P4-O2
chb13,chb13_04,17,--3,--3
chb13,chb13_04,18,FP2-F8,FP2-F8
chb13,chb13_04,19,F8-T8,F8-T8
chb13,chb13_04,20,T8-P8,T8-P8
chb13,chb13_04,21,P8-O2,P8-O2
chb13,chb13_04,22,--4,--4
chb13,chb13_04,23,LUE-RAE,LUE-RAE
chb13,chb13_04,24,EKG1-EKG2,EKG1-EKG2
chb13,chb13_05,0,FP1-F7,FP1-F7
chb13,chb13_05,1,F7-T7,F7-T7
chb13,chb13_05,2,T7-P7,T7-P7
chb13,chb13_05,3,P7-O1,P7-O1
chb13,chb13_05,4,--0,--0
chb13,chb13_05,5,FP1-F3,FP1-F3
chb13,chb13_05,6,F3-C3,F3-C3
chb13,chb13_05,7,C3-P3,C3-P3
chb13,chb13_05,8,P3-O1,P3-O1
chb13,chb13_05,9,--1,--1
chb13,chb13_05,10,FZ-CZ,FZ-CZ
chb13,chb13_05,11,CZ-PZ,CZ-PZ
chb13,chb13_05,12,--2,--2
chb13,chb13_05,13,FP2-F4,FP2-F4
chb13,chb13_05,14,F4-C4,F4-C4
chb13,chb13_05,15,C4-P4,C4-P4
chb13,chb13_05,16,P4-O2,P4-O2
chb13,chb13_05,17,--3,--3
chb13,chb13_05,18,FP2-F8,FP2-F8
chb13,chb13_05,19,F8-T8,F8-T8
chb13,chb13_05,20,T8-P8,T8-P8
chb13,chb13_05,21,P8-O2,P8-O2
chb13,chb13_06,0,FP1-F7,FP1-F7
chb13,chb13_06,1,F7-T7,F7-T7
chb13,chb13_06,2,T7-P7,T7-P7
chb13,chb13_06,3,P7-O1,P7-O1
chb13,chb13_06,4,--0,--0
chb13,chb13_06,5,FP1-F3,FP1-F3
chb13,chb13_06,6,F3-C3,F3-C3
chb13,chb13_06,7,C3-P3,C3-P3
chb13,chb13_06,8,P3-O1,P3-O1
chb13,chb13_06,9,--1,--1
chb13,chb13_06,10,FZ-CZ,FZ-CZ
chb13,chb13_06,11,CZ-PZ,CZ-PZ
chb13,chb13_06,12,--2,--2
chb13,chb13_06,13,FP2-F4,FP2-F4
chb13,chb13_06,14,F4-C4,F4-C4
chb13,chb13_06,15,C4-P4,C4-P4
chb13,chb13_06,16,P4-O2,P4-O2
chb13,chb13_06,17,--3,--3
chb13,chb13_06,18,FP2-F8,FP2-F8
chb13,chb13_06,19,F8-T8,F8-T8
chb13,chb13_06,20,T8-P8,T8-P8
chb13,chb13_06,21,P8-O2,P8-O2
chb13,chb13_07,0,FP1-F7,FP1-F7
chb13,chb13_07,1,F7-T7,F7-T7
chb13,chb13_07,2,T7-P7,T7-P7
chb13,chb13_07,3,P7-O1,P7-O1
chb13,chb13_07,4,--0,--0
chb13,chb13_07,5,FP1-F3,FP1-F3
chb13,chb13_07,6,F3-C3,F3-C3
chb13,chb13_07,7,C3-P3,C3-P3
chb13,chb13_07,8,P3-O1,P3-O1
chb13,chb13_07,9,--1,--1
chb13,chb13_07,10,FZ-CZ,FZ-CZ
chb13,chb13_07,11,CZ-PZ,CZ-PZ
chb13,chb13_07,12,--2,--2
chb13,chb13_07,13,FP2-F4,FP2-F4
chb13,chb13_07,14,F4-C4,F4-C4
chb13,chb13_07,15,C4-P4,C4-P4
chb13,chb13_07,16,P4-O2,P4-O2
chb13,chb13_07,17,--3,--3
chb13,chb13_07,18,FP2-F8,FP2-F8
chb13,chb13_07,19,F8-T8,F8-T8
chb13,chb13_07,20,T8-P8,T8-P8
chb13,chb13_07,21,P8-O2,P8-O2
chb13,chb13_08,0,FP1-F7,FP1-F7
chb13,chb13_08,1,F7-T7,F7-T7
chb13,chb13_08,2,T7-P7,T7-P7
chb13,chb13_08,3,P7-O1,P7-O1
chb13,chb13_08,4,--0,--0
chb13,chb13_08,5,FP1-F3,FP1-F3
chb13,chb13_08,6,F3-C3,F3-C3
chb13,chb13_08,7,C3-P3,C3-P3
chb13,chb13_08,8,P3-O1,P3-O1
chb13,chb13_08,9,--1,--1
chb13,chb13_08,10,FZ-CZ,FZ-CZ
chb13,chb13_08,11,CZ-PZ,CZ-PZ
chb13,chb13_08,12,--2,--2
chb13,chb13_08,13,FP2-F4,FP2-F4
chb13,chb13_08,14,F4-C4,F4-C4
chb13,chb13_08,15,C4-P4,C4-P4
chb13,chb13_08,16,P4-O2,P4-O2
chb13,chb13_08,17,--3,--3
chb13,chb13_08,18,FP2-F8,FP2-F8
chb13,chb13_08,19,F8-T8,F8-T8
chb13,chb13_08,20,T8-P8,T8-P8
chb13,chb13_08,21,P8-O2,P8-O2
chb13,chb13_09,0,FP1-F7,FP1-F7
chb13,chb13_09,1,F7-T7,F7-T7
chb13,chb13_09,2,T7-P7,T7-P7
chb13,chb13_09,3,P7-O1,P7-O1
chb13,chb13_09,4,--0,--0
chb13,chb13_09,5,FP1-F3,FP1-F3
chb13,chb13_09,6,F3-C3,F3-C3
chb13,chb13_09,7,C3-P3,C3-P3
chb13,chb13_09,8,P3-O1,P3-O1
chb13,chb13_09,9,--1,--1
chb13,chb13_09,10,FZ-CZ,FZ-CZ
chb13,chb13_09,11,CZ-PZ,CZ-PZ
chb13,chb13_09,12,--2,--2
chb13,chb13_09,13,FP2-F4,FP2-F4
chb13,chb13_09,14,F4-C4,F4-C4
chb13,chb13_09,15,C4-P4,C4-P4
chb13,chb13_09,16,P4-O2,P4-O2
chb13,chb13_09,17,--3,--3
chb13,chb13_09,18,FP2-F8,FP2-F8
chb13,chb13_09,19,F8-T8,F8-T8
chb13,chb13_09,20,T8-P8,T8-P8
chb13,chb13_09,21,P8-O2,P8-O2
chb13,chb13_10,0,FP1-F7,FP1-F7
chb13,chb13_10,1,F7-T7,F7-T7
chb13,chb13_10,2,T7-P7,T7-P7
chb13,chb13_10,3,P7-O1,P7-O1
chb13,chb13_10,4,--0,--0
chb13,chb13_10,5,FP1-F3,FP1-F3
chb13,chb13_10,6,F3-C3,F3-C3
chb13,chb13_10,7,C3-P3,C3-P3
chb13,chb13_10,8,P3-O1,P3-O1
chb13,chb13_10,9,--1,--1
chb13,chb13_10,10,FZ-CZ,FZ-CZ
chb13,chb13_10,11,CZ-PZ,CZ-PZ
chb13,chb13_10,12,--2,--2
chb13,chb13_10,13,FP2-F4,FP2-F4
chb13,chb13_10,14,F4-C4,F4-C4
chb13,chb13_10,15,C4-P4,C4-P4
chb13,chb13_10,16,P4-O2,P4-O2
chb13,chb13_10,17,--3,--3
chb13,chb13_10,18,FP2-F8,FP2-F8
chb13,chb13_10,19,F8-T8,F8-T8
chb13,chb13_10,20,T8-P8,T8-P8
chb13,chb13_10,21,P8-O2,P8-O2
chb13,chb13_11,0,FP1-F7,FP1-F7
chb13,chb13_11,1,F7-T7,F7-T7
chb13,chb13_11,2,T7-P7,T7-P7
chb13,chb13_11,3,P7-O1,P7-O1
chb13,chb13_11,4,--0,--0
chb13,chb13_11,5,FP1-F3,FP1-F3
chb13,chb13_11,6,F3-C3,F3-C3
chb13,chb13_11,7,C3-P3,C3-P3
chb13,chb13_11,8,P3-O1,P3-O1
chb13,chb13_11,9,--1,--1
chb13,chb13_11,10,FZ-CZ,FZ-CZ
chb13,chb13_11,11,CZ-PZ,CZ-PZ
chb13,chb13_11,12,--2,--2
chb13,chb13_11,13,FP2-F4,FP2-F4
chb13,chb13_11,14,F4-C4,F4-C4
chb13,chb13_11,15,C4-P4,C4-P4
chb13,chb13_11,16,P4-O2,P4-O2
chb13,chb13_11,17,--3,--3
chb13,chb13_11,18,FP2-F8,FP2-F8
chb13,chb13_11,19,F8-T8,F8-T8
chb13,chb13_11,20,T8-P8,T8-P8
chb13,chb13_11,21,P8-O2,P8-O2
chb13,chb13_12,0,FP1-F7,FP1-F7
chb13,chb13_12,1,F7-T7,F7-T7
chb13,chb13_12,2,T7-P7,T7-P7
chb13,chb13_12,3,P7-O1,P7-O1
chb13,chb13_12,4,--0,--0
chb13,chb13_12,5,FP1-F3,FP1-F3
chb13,chb13_12,6,F3-C3,F3-C3
chb13,chb13_12,7,C3-P3,C3-P3
chb13,chb13_12,8,P3-O1,P3-O1
chb13,chb13_12,9,--1,--1
chb13,chb13_12,10,FZ-CZ,FZ-CZ
chb13,chb13_12,11,CZ-PZ,CZ-PZ
chb13,chb13_12,12,--2,--2
chb13,chb13_12,13,FP2-F4,FP2-F4
chb13,chb13_12,14,F4-C4,F4-C4
chb13,chb13_12,15,C4-P4,C4-P4
chb13,chb13_12,16,P4-O2,P4-O2
chb13,chb13_12,17,--3,--3
chb13,chb13_12,18,FP2-F8,FP2-F8
chb13,chb13_12,19,F8-T8,F8-T8
chb13,chb13_12,20,T8-P8,T8-P8
chb13,chb13_12,21,P8-O2,P8-O2
chb13,chb13_13,0,FP1-F7,FP1-F7
chb13,chb13_13,1,F7-T7,F7-T7
chb13,chb13_13,2,T7-P7,T7-P7
chb13,chb13_13,3,P7-O1,P7-O1
chb13,chb13_13,4,--0,--0
chb13,chb13_13,5,FP1-F3,FP1-F3
chb13,chb13_13,6,F3-C3,F3-C3
chb13,chb13_13,7,C3-P3,C3-P3
chb13,chb13_13,8,P3-O1,P3-O1
chb13,chb13_13,9,--1,--1
chb13,chb13_13,10,FZ-CZ,FZ-CZ
chb13,chb13_13,11,CZ-PZ,CZ-PZ
chb13,chb13_13,12,--2,--2
chb13,chb13_13,13,FP2-F4,FP2-F4
chb13,chb13_13,14,F4-C4,F4-C4
chb13,chb13_13,15,C4-P4,C4-P4
chb13,chb13_13,16,P4-O2,P4-O2
chb13,chb13_13,17,--3,--3
chb13,chb13_13,18,FP2-F8,FP2-F8
chb13,chb13_13,19,F8-T8,F8-T8
chb13,chb13_13,20,T8-P8,T8-P8
chb13,chb13_13,21,P8-O2,P8-O2
chb13,chb13_14,0,FP1-F7,FP1-F7
chb13,chb13_14,1,F7-T7,F7-T7
chb13,chb13_14,2,T7-P7,T7-P7
chb13,chb13_14,3,P7-O1,P7-O1
chb13,chb13_14,4,--0,--0
chb13,chb13_14,5,FP1-F3,FP1-F3
chb13,chb13_14,6,F3-C3,F3-C3
chb13,chb13_14,7,C3-P3,C3-P3
chb13,chb13_14,8,P3-O1,P3-O1
chb13,chb13_14,9,--1,--1
chb13,chb13_14,10,FZ-CZ,FZ-CZ
chb13,chb13_14,11,CZ-PZ,CZ-PZ
chb13,chb13_14,12,--2,--2
chb13,chb13_14,13,FP2-F4,FP2-F4
chb13,chb13_14,14,F4-C4,F4-C4
chb13,chb13_14,15,C4-P4,C4-P4
chb13,chb13_14,16,P4-O2,P4-O2
chb13,chb13_14,17,--3,--3
chb13,chb13_14,18,FP2-F8,FP2-F8
chb13,chb13_14,19,F8-T8,F8-T8
chb13,chb13_14,20,T8-P8,T8-P8
chb13,chb13_14,21,P8-O2,P8-O2
chb13,chb13_15,0,FP1-F7,FP1-F7
chb13,chb13_15,1,F7-T7,F7-T7
chb13,chb13_15,2,T7-P7,T7-P7
chb13,chb13_15,3,P7-O1,P7-O1
chb13,chb13_15,4,--0,--0
chb13,chb13_15,5,FP1-F3,FP1-F3
chb13,chb13_15,6,F3-C3,F3-C3
chb13,chb13_15,7,C3-P3,C3-P3
chb13,chb13_15,8,P3-O1,P3-O1
chb13,chb13_15,9,--1,--1
chb13,chb13_15,10,FZ-CZ,FZ-CZ
chb13,chb13_15,11,CZ-PZ,CZ-PZ
chb13,chb13_15,12,--2,--2
chb13,chb13_15,13,FP2-F4,FP2-F4
chb13,chb13_15,14,F4-C4,F4-C4
chb13,chb13_15,15,C4-P4,C4-P4
chb13,chb13_15,16,P4-O2,P4-O2
chb13,chb13_15,17,--3,--3
chb13,chb13_15,18,FP2-F8,FP2-F8
chb13,chb13_15,19,F8-T8,F8-T8
chb13,chb13_15,20,T8-P8,T8-P8
chb13,chb13_15,21,P8-O2,P8-O2
chb13,chb13_16,0,FP1-F7,FP1-F7
chb13,chb13_16,1,F7-T7,F7-T7
chb13,chb13_16,2,T7-P7,T7-P7
chb13,chb13_16,3,P7-O1,P7-O1
chb13,chb13_16,4,--0,--0
chb13,chb13_16,5,FP1-F3,FP1-F3
chb13,chb13_16,6,F3-C3,F3-C3
chb13,chb13_16,7,C3-P3,C3-P3
chb13,chb13_16,8,P3-O1,P3-O1
chb13,chb13_16,9,--1,--1
chb13,chb13_16,10,FZ-CZ,FZ-CZ
chb13,chb13_16,11,CZ-PZ,CZ-PZ
chb13,chb13_16,12,--2,--2
chb13,chb13_16,13,FP2-F4,FP2-F4
chb13,chb13_16,14,F4-C4,F4-C4
chb13,chb13_16,15,C4-P4,C4-P4
chb13,chb13_16,16,P4-O2,P4-O2
chb13,chb13_16,17,--3,--3
chb13,chb13_16,18,FP2-F8,FP2-F8
chb13,chb13_16,19,F8-T8,F8-T8
chb13,chb13_16,20,T8-P8,T8-P8
chb13,chb13_16,21,P8-O2,P8-O2
chb13,chb13_18,0,FP1-F7,FP1-F7
chb13,chb13_18,1,F7-T7,F7-T7
chb13,chb13_18,2,T7-P7,T7-P7
chb13,chb13_18,3,P7-O1,P7-O1
chb13,chb13_18,4,--0,--0
chb13,chb13_18,5,FP1-F3,FP1-F3
chb13,chb13_18,6,F3-C3,F3-C3
chb13,chb13_18,7,C3-P3,C3-P3
chb13,chb13_18,8,P3-O1,P3-O1
chb13,chb13_18,9,--1,--1
chb13,chb13_18,10,FZ-CZ,FZ-CZ
chb13,chb13_18,11,CZ-PZ,CZ-PZ
chb13,chb13_18,12,--2,--2
chb13,chb13_18,13,FP2-F4,FP2-F4
chb13,chb13_18,14,F4-C4,F4-C4
chb13,chb13_18,15,C4-P4,C4-P4
chb13,chb13_18,16,P4-O2,P4-O2
chb13,chb13_18,17,--3,--3
chb13,chb13_18,18,FP2-F8,FP2-F8
chb13,chb13_18,19,F8-T8,F8-T8
chb13,chb13_18,20,T8-P8,T8-P8
chb13,chb13_18,21,P8-O2,P8-O2
chb13,chb13_19,0,FP1-F7,FP1-F7
chb13,chb13_19,1,F7-T7,F7-T7
chb13,chb13_19,2,T7-P7,T7-P7
chb13,chb13_19,3,P7-O1,P7-O1
chb13,chb13_19,4,--0,--0
chb13,chb13_19,5,FP1-F3,FP1-F3
chb13,chb13_19,6,F3-C3,F3-C3
chb13,chb13_19,7,C3-P3,C3-P3
chb13,chb13_19,8,P3-O1,P3-O1
chb13,chb13_19,9,--1,--1
chb13,chb13_19,10,FZ-CZ,FZ-CZ
chb13,chb13_19,11,CZ-PZ,CZ-PZ
chb13,chb13_19,12,--2,--2
chb13,chb13_19,13,FP2-F4,FP2-F4
chb13,chb13_19,14,F4-C4,F4-C4
chb13,chb13_19,15,C4-P4,C4-P4
chb13,chb13_19,16,P4-O2,P4-O2
chb13,chb13_19,17,--3,--3
chb13,chb13_19,18,FP2-F8,FP2-F8
chb13,chb13_19,19,F8-T8,F8-T8
chb13,chb13_19,20,T8-P8-0,T8-P8-0
chb13,chb13_19,21,P8-O2,P8-O2
chb13,chb13_19,22,--4,--4
chb13,chb13_19,23,P7-T7,P7-T7
chb13,chb13_19,24,T7-FT9,T7-FT9
chb13,chb13_19,25,FT9-FT10,FT9-FT10
chb13,chb13_19,26,FT10-T8,FT10-T8
chb13,chb13_19,27,T8-P8-1,T8-P8-1
chb13,chb13_21,0,FP1-F7,FP1-F7
chb13,chb13_21,1,F7-T7,F7-T7
chb13,chb13_21,2,T7-P7,T7-P7
chb13,chb13_21,3,P7-O1,P7-O1
chb13,chb13_21,4,--0,--0
chb13,chb13_21,5,FP1-F3,FP1-F3
chb13,chb13_21,6,F3-C3,F3-C3
chb13,chb13_21,7,C3-P3,C3-P3
chb13,chb13_21,8,P3-O1,P3-O1
chb13,chb13_21,9,--1,--1
chb13,chb13_21,10,FZ-CZ,FZ-CZ
chb13,chb13_21,11,CZ-PZ,CZ-PZ
chb13,chb13_21,12,--2,--2
chb13,chb13_21,13,FP2-F4,FP2-F4
chb13,chb13_21,14,F4-C4,F4-C4
chb13,chb13_21,15,C4-P4,C4-P4
chb13,chb13_21,16,P4-O2,P4-O2
chb13,chb13_21,17,--3,--3
chb13,chb13_21,18,FP2-F8,FP2-F8
chb13,chb13_21,19,F8-T8,F8-T8
chb13,chb13_21,20,T8-P8-0,T8-P8-0
chb13,chb13_21,21,P8-O2,P8-O2
chb13,chb13_21,22,--4,--4
chb13,chb13_21,23,P7-T7,P7-T7
chb13,chb13_21,24,T7-FT9,T7-FT9
chb13,chb13_21,25,FT9-FT10,FT9-FT10
chb13,chb13_21,26,FT10-T8,FT10-T8
chb13,chb13_21,27,T8-P8-1,T8-P8-1
chb13,chb13_22,0,FP1-F7,FP1-F7
chb13,chb13_22,1,F7-T7,F7-T7
chb13,chb13_22,2,T7-P7,T7-P7
chb13,chb13_22,3,P7-O1,P7-O1
chb13,chb13_22,4,--0,--0
chb13,chb13_22,5,FP1-F3,FP1-F3
chb13,chb13_22,6,F3-C3,F3-C3
chb13,chb13_22,7,C3-P3,C3-P3
chb13,chb13_22,8,P3-O1,P3-O1
chb13,chb13_22,9,--1,--1
chb13,chb13_22,10,FZ-CZ,FZ-CZ
chb13,chb13_22,11,CZ-PZ,CZ-PZ
chb13,chb13_22,12,--2,--2
chb13,chb13_22,13,FP2-F4,FP2-F4
chb13,chb13_22,14,F4-C4,F4-C4
chb13,chb13_22,15,C4-P4,C4-P4
chb13,chb13_22,16,P4-O2,P4-O2
chb13,chb13_22,17,--3,--3
chb13,chb13_22,18,FP2-F8,FP2-F8
chb13,chb13_22,19,F8-T8,F8-T8
chb13,chb13_22,20,T8-P8-0,T8-P8-0
chb13,chb13_22,21,P8-O2,P8-O2
chb13,chb13_22,22,--4,--4
chb13,chb13_22,23,P7-T7,P7-T7
chb13,chb13_22,24,T7-FT9,T7-FT9
chb13,chb13_22,25,FT9-FT10,FT9-FT10
chb13,chb13_22,26,FT10-T8,FT10-T8
chb13,chb13_22,27,T8-P8-1,T8-P8-1
chb13,chb13_24,0,FP1-F7,FP1-F7
chb13,chb13_24,1,F7-T7,F7-T7
chb13,chb13_24,2,T7-P7,T7-P7
chb13,chb13_24,3,P7-O1,P7-O1
chb13,chb13_24,4,--0,--0
chb13,chb13_24,5,FP1-F3,FP1-F3
chb13,chb13_24,6,F3-C3,F3-C3
chb13,chb13_24,7,C3-P3,C3-P3
chb13,chb13_24,8,P3-O1,P3-O1
chb13,chb13_24,9,--1,--1
chb13,chb13_24,10,FZ-CZ,FZ-CZ
chb13,chb13_24,11,CZ-PZ,CZ-PZ
chb13,chb13_24,12,--2,--2
chb13,chb13_24,13,FP2-F4,FP2-F4
chb13,chb13_24,14,F4-C4,F4-C4
chb13,chb13_24,15,C4-P4,C4-P4
chb13,chb13_24,16,P4-O2,P4-O2
chb13,chb13_24,17,--3,--3
chb13,chb13_24,18,FP2-F8,FP2-F8
chb13,chb13_24,19,F8-T8,F8-T8
chb13,chb13_24,20,T8-P8,T8-P8
chb13,chb13_24,21,P8-O2,P8-O2
chb13,chb13_30,0,FP1-F7,FP1-F7
chb13,chb13_30,1,F7-T7,F7-T7
chb13,chb13_30,2,T7-P7,T7-P7
chb13,chb13_30,3,P7-O1,P7-O1
chb13,chb13_30,4,--0,--0
chb13,chb13_30,5,FP1-F3,FP1-F3
chb13,chb13_30,6,F3-C3,F3-C3
chb13,chb13_30,7,C3-P3,C3-P3
chb13,chb13_30,8,P3-O1,P3-O1
chb13,chb13_30,9,--1,--1
chb13,chb13_30,10,FZ-CZ,FZ-CZ
chb13,chb13_30,11,CZ-PZ,CZ-PZ
chb13,chb13_30,12,--2,--2
chb13,chb13_30,13,FP2-F4,FP2-F4
chb13,chb13_30,14,F4-C4,F4-C4
chb13,chb13_30,15,C4-P4,C4-P4
chb13,chb13_30,16,P4-O2,P4-O2
chb13,chb13_30,17,--3,--3
chb13,chb13_30,18,FP2-F8,FP2-F8
chb13,chb13_30,19,F8-T8,F8-T8
chb13,chb13_30,20,T8-P8,T8-P8
chb13,chb13_30,21,P8-O2,P8-O2
chb13,chb13_36,0,FP1-F7,FP1-F7
chb13,chb13_36,1,F7-T7,F7-T7
chb13,chb13_36,2,T7-P7,T7-P7
chb13,chb13_36,3,P7-O1,P7-O1
chb13,chb13_36,4,--0,--0
chb13,chb13_36,5,FP1-F3,FP1-F3
chb13,chb13_36,6,F3-C3,F3-C3
chb13,chb13_36,7,C3-P3,C3-P3
chb13,chb13_36,8,P3-O1,P3-O1
chb13,chb13_36,9,--1,--1
chb13,chb13_36,10,FZ-CZ,FZ-CZ
chb13,chb13_36,11,CZ-PZ,CZ-PZ
chb13,chb13_36,12,--2,--2
chb13,chb13_36,13,FP2-F4,FP2-F4
chb13,chb13_36,14,F4-C4,F4-C4
chb13,chb13_36,15,C4-P4,C4-P4
chb13,chb13_36,16,P4-O2,P4-O2
chb13,chb13_36,17,--3,--3
chb13,chb13_36,18,FP2-F8,FP2-F8
chb13,chb13_36,19,F8-T8,F8-T8
chb13,chb13_36,20,T8-P8,T8-P8
chb13,chb13_36,21,P8-O2,P8-O2
chb13,chb13_37,0,FP1-F7,FP1-F7
chb13,chb13_37,1,F7-T7,F7-T7
chb13,chb13_37,2,T7-P7,T7-P7
chb13,chb13_37,3,P7-O1,P7-O1
chb13,chb13_37,4,--0,--0
chb13,chb13_37,5,FP1-F3,FP1-F3
chb13,chb13_37,6,F3-C3,F3-C3
chb13,chb13_37,7,C3-P3,C3-P3
chb13,chb13_37,8,P3-O1,P3-O1
chb13,chb13_37,9,--1,--1
chb13,chb13_37,10,FZ-CZ,FZ-CZ
chb13,chb13_37,11,CZ-PZ,CZ-PZ
chb13,chb13_37,12,--2,--2
chb13,chb13_37,13,FP2-F4,FP2-F4
chb13,chb13_37,14,F4-C4,F4-C4
chb13,chb13_37,15,C4-P4,C4-P4
chb13,chb13_37,16,P4-O2,P4-O2
chb13,chb13_37,17,--3,--3
chb13,chb13_37,18,FP2-F8,FP2-F8
chb13,chb13_37,19,F8-T8,F8-T8
chb13,chb13_37,20,T8-P8,T8-P8
chb13,chb13_37,21,P8-O2,P8-O2
chb13,chb13_38,0,FP1-F7,FP1-F7
chb13,chb13_38,1,F7-T7,F7-T7
chb13,chb13_38,2,T7-P7,T7-P7
chb13,chb13_38,3,P7-O1,P7-O1
chb13,chb13_38,4,--0,--0
chb13,chb13_38,5,FP1-F3,FP1-F3
chb13,chb13_38,6,F3-C3,F3-C3
chb13,chb13_38,7,C3-P3,C3-P3
chb13,chb13_38,8,P3-O1,P3-O1
chb13,chb13_38,9,--1,--1
chb13,chb13_38,10,FZ-CZ,FZ-CZ
chb13,chb13_38,11,CZ-PZ,CZ-PZ
chb13,chb13_38,12,--2,--2
chb13,chb13_38,13,FP2-F4,FP2-F4
chb13,chb13_38,14,F4-C4,F4-C4
chb13,chb13_38,15,C4-P4,C4-P4
chb13,chb13_38,16,P4-O2,P4-O2
chb13,chb13_38,17,--3,--3
chb13,chb13_38,18,FP2-F8,FP2-F8
chb13,chb13_38,19,F8-T8,F8-T8
chb13,chb13_38,20,T8-P8,T8-P8
chb13,chb13_38,21,P8-O2,P8-O2
chb13,chb13_39,0,FP1-F7,FP1-F7
chb13,chb13_39,1,F7-T7,F7-T7
chb13,chb13_39,2,T7-P7,T7-P7
chb13,chb13_39,3,P7-O1,P7-O1
chb13,chb13_39,4,--0,--0
chb13,chb13_39,5,FP1-F3,FP1-F3
chb13,chb13_39,6,F3-C3,F3-C3
chb13,chb13_39,7,C3-P3,C3-P3
chb13,chb13_39,8,P3-O1,P3-O1
chb13,chb13_39,9,--1,--1
chb13,chb13_39,10,FZ-CZ,FZ-CZ
chb13,chb13_39,11,CZ-PZ,CZ-PZ
chb13,chb13_39,12,--2,--2
chb13,chb13_39,13,FP2-F4,FP2-F4
chb13,chb13_39,14,F4-C4,F4-C4
chb13,chb13_39,15,C4-P4,C4-P4
chb13,chb13_39,16,P4-O2,P4-O2
chb13,chb13_39,17,--3,--3
chb13,chb13_39,18,FP2-F8,FP2-F8
chb13,chb13_39,19,F8-T8,F8-T8
chb13,chb13_39,20,T8-P8,T8-P8
chb13,chb13_39,21,P8-O2,P8-O2
chb13,chb13_40,0,FP1-F7,FP1-F7
chb13,chb13_40,1,F7-T7,F7-T7
chb13,chb13_40,2,T7-P7,T7-P7
chb13,chb13_40,3,P7-O1,P7-O1
chb13,chb13_40,4,--0,--0
chb13,chb13_40,5,FP1-F3,FP1-F3
chb13,chb13_40,6,F3-C3,F3-C3
chb13,chb13_40,7,C3-P3,C3-P3
chb13,chb13_40,8,P3-O1,P3-O1
chb13,chb13_40,9,--1,--1
chb13,chb13_40,10,FZ-CZ,FZ-CZ
chb13,chb13_40,11,CZ-PZ,CZ-PZ
chb13,chb13_40,12,--2,--2
chb13,chb13_40,13,FP2-F4,FP2-F4
chb13,chb13_40,14,F4-C4,F4-C4
chb13,chb13_40,15,C4-P4,C4-P4
chb13,chb13_40,16,P4-O2,P4-O2
chb13,chb13_40,17,--3,--3
chb13,chb13_40,18,FP2-F8,FP2-F8
chb13,chb13_40,19,F8-T8,F8-T8
chb13,chb13_40,20,T8-P8,T8-P8
chb13,chb13_40,21,P8-O2,P8-O2
chb13,chb13_47,0,FP1-F7,FP1-F7
chb13,chb13_47,1,F7-T7,F7-T7
chb13,chb13_47,2,T7-P7,T7-P7
chb13,chb13_47,3,P7-O1,P7-O1
chb13,chb13_47,4,--0,--0
chb13,chb13_47,5,FP1-F3,FP1-F3
chb13,chb13_47,6,F3-C3,F3-C3
chb13,chb13_47,7,C3-P3,C3-P3
chb13,chb13_47,8,P3-O1,P3-O1
chb13,chb13_47,9,--1,--1
chb13,chb13_47,10,FZ-CZ,FZ-CZ
chb13,chb13_47,11,CZ-PZ,CZ-PZ
chb13,chb13_47,12,--2,--2
chb13,chb13_47,13,FP2-F4,FP2-F4
chb13,chb13_47,14,F4-C4,F4-C4
chb13,chb13_47,15,C4-P4,C4-P4
chb13,chb13_47,16,P4-O2,P4-O2
chb13,chb13_47,17,--3,--3
chb13,chb13_47,18,FP2-F8,FP2-F8
chb13,chb13_47,19,F8-T8,F8-T8
chb13,chb13_47,20,T8-P8,T8-P8
chb13,chb13_47,21,P8-O2,P8-O2
chb13,chb13_55,0,FP1-F7,FP1-F7
chb13,chb13_55,1,F7-T7,F7-T7
chb13,chb13_55,2,T7-P7,T7-P7
chb13,chb13_55,3,P7-O1,P7-O1
chb13,chb13_55,4,--0,--0
chb13,chb13_55,5,FP1-F3,FP1-F3
chb13,chb13_55,6,F3-C3,F3-C3
chb13,chb13_55,7,C3-P3,C3-P3
chb13,chb13_55,8,P3-O1,P3-O1
chb13,chb13_55,9,--1,--1
chb13,chb13_55,10,FZ-CZ,FZ-CZ
chb13,chb13_55,11,CZ-PZ,CZ-PZ
chb13,chb13_55,12,--2,--2
chb13,chb13_55,13,FP2-F4,FP2-F4
chb13,chb13_55,14,F4-C4,F4-C4
chb13,chb13_55,15,C4-P4,C4-P4
chb13,chb13_55,16,P4-O2,P4-O2
chb13,chb13_55,17,--3,--3
chb13,chb13_55,18,FP2-F8,FP2-F8
chb13,chb13_55,19,F8-T8,F8-T8
chb13,chb13_55,20,T8-P8-0,T8-P8-0
chb13,chb13_55,21,P8-O2,P8-O2
chb13,chb13_55,22,--4,--4
chb13,chb13_55,23,P7-T7,P7-T7
chb13,chb13_55,24,T7-FT9,T7-FT9
chb13,chb13_55,25,FT9-FT10,FT9-FT10
chb13,chb13_55,26,FT10-T8,FT10-T8
chb13,chb13_55,27,T8-P8-1,T8-P8-1
chb13,chb13_56,0,FP1-F7,FP1-F7
chb13,chb13_56,1,F7-T7,F7-T7
chb13,chb13_56,2,T7-P7,T7-P7
chb13,chb13_56,3,P7-O1,P7-O1
chb13,chb13_56,4,--0,--0
chb13,chb13_56,5,FP1-F3,FP1-F3
chb13,chb13_56,6,F3-C3,F3-C3
chb13,chb13_56,7,C3-P3,C3-P3
chb13,chb13_56,8,P3-O1,P3-O1
chb13,chb13_56,9,--1,--1
chb13,chb13_56,10,FZ-CZ,FZ-CZ
chb13,chb13_56,11,CZ-PZ,CZ-PZ
chb13,chb13_56,12,--2,--2
chb13,chb13_56,13,FP2-F4,FP2-F4
chb13,chb13_56,14,F4-C4,F4-C4
chb13,chb13_56,15,C4-P4,C4-P4
chb13,chb13_56,16,P4-O2,P4-O2
chb13,chb13_56,17,--3,--3
chb13,chb13_56,18,FP2-F8,FP2-F8
chb13,chb13_56,19,F8-T8,F8-T8
chb13,chb13_56,20,T8-P8-0,T8-P8-0
chb13,chb13_56,21,P8-O2,P8-O2
chb13,chb13_56,22,--4,--4
chb13,chb13_56,23,P7-T7,P7-T7
chb13,chb13_56,24,T7-FT9,T7-FT9
chb13,chb13_56,25,FT9-FT10,FT9-FT10
chb13,chb13_56,26,FT10-T8,FT10-T8
chb13,chb13_56,27,T8-P8-1,T8-P8-1
chb13,chb13_58,0,FP1-F7,FP1-F7
chb13,chb13_58,1,F7-T7,F7-T7
chb13,chb13_58,2,T7-P7,T7-P7
chb13,chb13_58,3,P7-O1,P7-O1
chb13,chb13_58,4,--0,--0
chb13,chb13_58,5,FP1-F3,FP1-F3
chb13,chb13_58,6,F3-C3,F3-C3
chb13,chb13_58,7,C3-P3,C3-P3
chb13,chb13_58,8,P3-O1,P3-O1
chb13,chb13_58,9,--1,--1
chb13,chb13_58,10,FZ-CZ,FZ-CZ
chb13,chb13_58,11,CZ-PZ,CZ-PZ
chb13,chb13_58,12,--2,--2
chb13,chb13_58,13,FP2-F4,FP2-F4
chb13,chb13_58,14,F4-C4,F4-C4
chb13,chb13_58,15,C4-P4,C4-P4
chb13,chb13_58,16,P4-O2,P4-O2
chb13,chb13_58,17,--3,--3
chb13,chb13_58,18,FP2-F8,FP2-F8
chb13,chb13_58,19,F8-T8,F8-T8
chb13,chb13_58,20,T8-P8-0,T8-P8-0
chb13,chb13_58,21,P8-O2,P8-O2
chb13,chb13_58,22,--4,--4
chb13,chb13_58,23,P7-T7,P7-T7
chb13,chb13_58,24,T7-FT9,T7-FT9
chb13,chb13_58,25,FT9-FT10,FT9-FT10
chb13,chb13_58,26,FT10-T8,FT10-T8
chb13,chb13_58,27,T8-P8-1,T8-P8-1
chb13,chb13_59,0,FP1-F7,FP1-F7
chb13,chb13_59,1,F7-T7,F7-T7
chb13,chb13_59,2,T7-P7,T7-P7
chb13,chb13_59,3,P7-O1,P7-O1
chb13,chb13_59,4,--0,--0
chb13,chb13_59,5,FP1-F3,FP1-F3
chb13,chb13_59,6,F3-C3,F3-C3
chb13,chb13_59,7,C3-P3,C3-P3
chb13,chb13_59,8,P3-O1,P3-O1
chb13,chb13_59,9,--1,--1
chb13,chb13_59,10,FZ-CZ,FZ-CZ
chb13,chb13_59,11,CZ-PZ,CZ-PZ
chb13,chb13_59,12,--2,--2
chb13,chb13_59,13,FP2-F4,FP2-F4
chb13,chb13_59,14,F4-C4,F4-C4
chb13,chb13_59,15,C4-P4,C4-P4
chb13,chb13_59,16,P4-O2,P4-O2
chb13,chb13_59,17,--3,--3
chb13,chb13_59,18,FP2-F8,FP2-F8
chb13,chb13_59,19,F8-T8,F8-T8
chb13,chb13_59,20,T8-P8-0,T8-P8-0
chb13,chb13_59,21,P8-O2,P8-O2
chb13,chb13_59,22,--4,--4
chb13,chb13_59,23,P7-T7,P7-T7
chb13,chb13_59,24,T7-FT9,T7-FT9
chb13,chb13_59,25,FT9-FT10,FT9-FT10
chb13,chb13_59,26,FT10-T8,FT10-T8
chb13,chb13_59,27,T8-P8-1,T8-P8-1
chb13,chb13_60,0,FP1-F7,FP1-F7
chb13,chb13_60,1,F7-T7,F7-T7
chb13,chb13_60,2,T7-P7,T7-P7
chb13,chb13_60,3,P7-O1,P7-O1
chb13,chb13_60,4,--0,--0
chb13,chb13_60,5,FP1-F3,FP1-F3
chb13,chb13_60,6,F3-C3,F3-C3
chb13,chb13_60,7,C3-P3,C3-P3
chb13,chb13_60,8,P3-O1,P3-O1
chb13,chb13_60,9,--1,--1
chb13,chb13_60,10,FZ-CZ,FZ-CZ
chb13,chb13_60,11,CZ-PZ,CZ-PZ
chb13,chb13_60,12,--2,--2
chb13,chb13_60,13,FP2-F4,FP2-F4
chb13,chb13_60,14,F4-C4,F4-C4
chb13,chb13_60,15,C4-P4,C4-P4
chb13,chb13_60,16,P4-O2,P4-O2
chb13,chb13_60,17,--3,--3
chb13,chb13_60,18,FP2-F8,FP2-F8
chb13,chb13_60,19,F8-T8,F8-T8
chb13,chb13_60,20,T8-P8-0,T8-P8-0
chb13,chb13_60,21,P8-O2,P8-O2
chb13,chb13_60,22,--4,--4
chb13,chb13_60,23,P7-T7,P7-T7
chb13,chb13_60,24,T7-FT9,T7-FT9
chb13,chb13_60,25,FT9-FT10,FT9-FT10
chb13,chb13_60,26,FT10-T8,FT10-T8
chb13,chb13_60,27,T8-P8-1,T8-P8-1
chb13,chb13_62,0,FP1-F7,FP1-F7
chb13,chb13_62,1,F7-T7,F7-T7
chb13,chb13_62,2,T7-P7,T7-P7
chb13,chb13_62,3,P7-O1,P7-O1
chb13,chb13_62,4,--0,--0
chb13,chb13_62,5,FP1-F3,FP1-F3
chb13,chb13_62,6,F3-C3,F3-C3
chb13,chb13_62,7,C3-P3,C3-P3
chb13,chb13_62,8,P3-O1,P3-O1
chb13,chb13_62,9,--1,--1
chb13,chb13_62,10,FZ-CZ,FZ-CZ
chb13,chb13_62,11,CZ-PZ,CZ-PZ
chb13,chb13_62,12,--2,--2
chb13,chb13_62,13,FP2-F4,FP2-F4
chb13,chb13_62,14,F4-C4,F4-C4
chb13,chb13_62,15,C4-P4,C4-P4
chb13,chb13_62,16,P4-O2,P4-O2
chb13,chb13_62,17,--3,--3
chb13,chb13_62,18,FP2-F8,FP2-F8
chb13,chb13_62,19,F8-T8,F8-T8
chb13,chb13_62,20,T8-P8-0,T8-P8-0
chb13,chb13_62,21,P8-O2,P8-O2
chb13,chb13_62,22,--4,--4
chb13,chb13_62,23,P7-T7,P7-T7
chb13,chb13_62,24,T7-FT9,T7-FT9
chb13,chb13_62,25,FT9-FT10,FT9-FT10
chb13,chb13_62,26,FT10-T8,FT10-T8
chb13,chb13_62,27,T8-P8-1,T8-P8-1
chb14,chb14_01,0,FP1-F7,FP1-F7
chb14,chb14_01,1,F7-T7,F7-T7
chb14,chb14_01,2,T7-P7,T7-P7
chb14,chb14_01,3,P7-O1,P7-O1
chb14,chb14_01,4,--0,--0
chb14,chb14_01,5,FP1-F3,FP1-F3
chb14,chb14_01,6,F3-C3,F3-C3
chb14,chb14_01,7,C3-P3,C3-P3
chb14,chb14_01,8,P3-O1,P3-O1
chb14,chb14_01,9,--1,--1
chb14,chb14_01,10,FZ-CZ,FZ-CZ
chb14,chb14_01,11,CZ-PZ,CZ-PZ
chb14,chb14_01,12,--2,--2
chb14,chb14_01,13,FP2-F4,FP2-F4
chb14,chb14_01,14,F4-C4,F4-C4
chb14,chb14_01,15,C4-P4,C4-P4
chb14,chb14_01,16,P4-O2,P4-O2
chb14,chb14_01,17,--3,--3
chb14,chb14_01,18,FP2-F8,FP2-F8
chb14,chb14_01,19,F8-T8,F8-T8
chb14,chb14_01,20,T8-P8-0,T8-P8-0
chb14,chb14_01,21,P8-O2,P8-O2
chb14,chb14_01,22,--4,--4
chb14,chb14_01,23,P7-T7,P7-T7
chb14,chb14_01,24,T7-FT9,T7-FT9
chb14,chb14_01,25,FT9-FT10,FT9-FT10
chb14,chb14_01,26,FT10-T8,FT10-T8
chb14,chb14_01,27,T8-P8-1,T8-P8-1
chb14,chb14_02,0,FP1-F7,FP1-F7
chb14,chb14_02,1,F7-T7,F7-T7
chb14,chb14_02,2,T7-P7,T7-P7
chb14,chb14_02,3,P7-O1,P7-O1
chb14,chb14_02,4,--0,--0
chb14,chb14_02,5,FP1-F3,FP1-F3
chb14,chb14_02,6,F3-C3,F3-C3
chb14,chb14_02,7,C3-P3,C3-P3
chb14,chb14_02,8,P3-O1,P3-O1
chb14,chb14_02,9,--1,--1
chb14,chb14_02,10,FZ-CZ,FZ-CZ
chb14,chb14_02,11,CZ-PZ,CZ-PZ
chb14,chb14_02,12,--2,--2
chb14,chb14_02,13,FP2-F4,FP2-F4
chb14,chb14_02,14,F4-C4,F4-C4
chb14,chb14_02,15,C4-P4,C4-P4
chb14,chb14_02,16,P4-O2,P4-O2
chb14,chb14_02,17,--3,--3
chb14,chb14_02,18,FP2-F8,FP2-F8
chb14,chb14_02,19,F8-T8,F8-T8
chb14,chb14_02,20,T8-P8-0,T8-P8-0
chb14,chb14_02,21,P8-O2,P8-O2
chb14,chb14_02,22,--4,--4
chb14,chb14_02,23,P7-T7,P7-T7
chb14,chb14_02,24,T7-FT9,T7-FT9
chb14,chb14_02,25,FT9-FT10,FT9-FT10
chb14,chb14_02,26,FT10-T8,FT10-T8
chb14,chb14_02,27,T8-P8-1,T8-P8-1
chb14,chb14_03,0,FP1-F7,FP1-F7
chb14,chb14_03,1,F7-T7,F7-T7
chb14,chb14_03,2,T7-P7,T7-P7
chb14,chb14_03,3,P7-O1,P7-O1
chb14,chb14_03,4,--0,--0
chb14,chb14_03,5,FP1-F3,FP1-F3
chb14,chb14_03,6,F3-C3,F3-C3
chb14,chb14_03,7,C3-P3,C3-P3
chb14,chb14_03,8,P3-O1,P3-O1
chb14,chb14_03,9,--1,--1
chb14,chb14_03,10,FZ-CZ,FZ-CZ
chb14,chb14_03,11,CZ-PZ,CZ-PZ
chb14,chb14_03,12,--2,--2
chb14,chb14_03,13,FP2-F4,FP2-F4
chb14,chb14_03,14,F4-C4,F4-C4
chb14,chb14_03,15,C4-P4,C4-P4
chb14,chb14_03,16,P4-O2,P4-O2
chb14,chb14_03,17,--3,--3
chb14,chb14_03,18,FP2-F8,FP2-F8
chb14,chb14_03,19,F8-T8,F8-T8
chb14,chb14_03,20,T8-P8-0,T8-P8-0
chb14,chb14_03,21,P8-O2,P8-O2
chb14,chb14_03,22,--4,--4
chb14,chb14_03,23,P7-T7,P7-T7
chb14,chb14_03,24,T7-FT9,T7-FT9
chb14,chb14_03,25,FT9-FT10,FT9-FT10
chb14,chb14_03,26,FT10-T8,FT10-T8
chb14,chb14_03,27,T8-P8-1,T8-P8-1
chb14,chb14_04,0,FP1-F7,FP1-F7
chb14,chb14_04,1,F7-T7,F7-T7
chb14,chb14_04,2,T7-P7,T7-P7
chb14,chb14_04,3,P7-O1,P7-O1
chb14,chb14_04,4,--0,--0
chb14,chb14_04,5,FP1-F3,FP1-F3
chb14,chb14_04,6,F3-C3,F3-C3
chb14,chb14_04,7,C3-P3,C3-P3
chb14,chb14_04,8,P3-O1,P3-O1
chb14,chb14_04,9,--1,--1
chb14,chb14_04,10,FZ-CZ,FZ-CZ
chb14,chb14_04,11,CZ-PZ,CZ-PZ
chb14,chb14_04,12,--2,--2
chb14,chb14_04,13,FP2-F4,FP2-F4
chb14,chb14_04,14,F4-C4,F4-C4
chb14,chb14_04,15,C4-P4,C4-P4
chb14,chb14_04,16,P4-O2,P4-O2
chb14,chb14_04,17,--3,--3
chb14,chb14_04,18,FP2-F8,FP2-F8
chb14,chb14_04,19,F8-T8,F8-T8
chb14,chb14_04,20,T8-P8-0,T8-P8-0
chb14,chb14_04,21,P8-O2,P8-O2
chb14,chb14_04,22,--4,--4
chb14,chb14_04,23,P7-T7,P7-T7
chb14,chb14_04,24,T7-FT9,T7-FT9
chb14,chb14_04,25,FT9-FT10,FT9-FT10
chb14,chb14_04,26,FT10-T8,FT10-T8
chb14,chb14_04,27,T8-P8-1,T8-P8-1
chb14,chb14_06,0,FP1-F7,FP1-F7
chb14,chb14_06,1,F7-T7,F7-T7
chb14,chb14_06,2,T7-P7,T7-P7
chb14,chb14_06,3,P7-O1,P7-O1
chb14,chb14_06,4,--0,--0
chb14,chb14_06,5,FP1-F3,FP1-F3
chb14,chb14_06,6,F3-C3,F3-C3
chb14,chb14_06,7,C3-P3,C3-P3
chb14,chb14_06,8,P3-O1,P3-O1
chb14,chb14_06,9,--1,--1
chb14,chb14_06,10,FZ-CZ,FZ-CZ
chb14,chb14_06,11,CZ-PZ,CZ-PZ
chb14,chb14_06,12,--2,--2
chb14,chb14_06,13,FP2-F4,FP2-F4
chb14,chb14_06,14,F4-C4,F4-C4
chb14,chb14_06,15,C4-P4,C4-P4
chb14,chb14_06,16,P4-O2,P4-O2
chb14,chb14_06,17,--3,--3
chb14,chb14_06,18,FP2-F8,FP2-F8
chb14,chb14_06,19,F8-T8,F8-T8
chb14,chb14_06,20,T8-P8-0,T8-P8-0
chb14,chb14_06,21,P8-O2,P8-O2
chb14,chb14_06,22,--4,--4
chb14,chb14_06,23,P7-T7,P7-T7
chb14,chb14_06,24,T7-FT9,T7-FT9
chb14,chb14_06,25,FT9-FT10,FT9-FT10
chb14,chb14_06,26,FT10-T8,FT10-T8
chb14,chb14_06,27,T8-P8-1,T8-P8-1
chb14,chb14_07,0,FP1-F7,FP1-F7
chb14,chb14_07,1,F7-T7,F7-T7
chb14,chb14_07,2,T7-P7,T7-P7
chb14,chb14_07,3,P7-O1,P7-O1
chb14,chb14_07,4,--0,--0
chb14,chb14_07,5,FP1-F3,FP1-F3
chb14,chb14_07,6,F3-C3,F3-C3
chb14,chb14_07,7,C3-P3,C3-P3
chb14,chb14_07,8,P3-O1,P3-O1
chb14,chb14_07,9,--1,--1
chb14,chb14_07,10,FZ-CZ,FZ-CZ
chb14,chb14_07,11,CZ-PZ,CZ-PZ
chb14,chb14_07,12,--2,--2
chb14,chb14_07,13,FP2-F4,FP2-F4
chb14,chb14_07,14,F4-C4,F4-C4
chb14,chb14_07,15,C4-P4,C4-P4
chb14,chb14_07,16,P4-O2,P4-O2
chb14,chb14_07,17,--3,--3
chb14,chb14_07,18,FP2-F8,FP2-F8
chb14,chb14_07,19,F8-T8,F8-T8
chb14,chb14_07,20,T8-P8-0,T8-P8-0
chb14,chb14_07,21,P8-O2,P8-O2
chb14,chb14_07,22,--4,--4
chb14,chb14_07,23,P7-T7,P7-T7
chb14,chb14_07,24,T7-FT9,T7-FT9
chb14,chb14_07,25,FT9-FT10,FT9-FT10
chb14,chb14_07,26,FT10-T8,FT10-T8
chb14,chb14_07,27,T8-P8-1,T8-P8-1
chb14,chb14_11,0,FP1-F7,FP1-F7
chb14,chb14_11,1,F7-T7,F7-T7
chb14,chb14_11,2,T7-P7,T7-P7
chb14,chb14_11,3,P7-O1,P7-O1
chb14,chb14_11,4,--0,--0
chb14,chb14_11,5,FP1-F3,FP1-F3
chb14,chb14_11,6,F3-C3,F3-C3
chb14,chb14_11,7,C3-P3,C3-P3
chb14,chb14_11,8,P3-O1,P3-O1
chb14,chb14_11,9,--1,--1
chb14,chb14_11,10,FZ-CZ,FZ-CZ
chb14,chb14_11,11,CZ-PZ,CZ-PZ
chb14,chb14_11,12,--2,--2
chb14,chb14_11,13,FP2-F4,FP2-F4
chb14,chb14_11,14,F4-C4,F4-C4
chb14,chb14_11,15,C4-P4,C4-P4
chb14,chb14_11,16,P4-O2,P4-O2
chb14,chb14_11,17,--3,--3
chb14,chb14_11,18,FP2-F8,FP2-F8
chb14,chb14_11,19,F8-T8,F8-T8
chb14,chb14_11,20,T8-P8-0,T8-P8-0
chb14,chb14_11,21,P8-O2,P8-O2
chb14,chb14_11,22,--4,--4
chb14,chb14_11,23,P7-T7,P7-T7
chb14,chb14_11,24,T7-FT9,T7-FT9
chb14,chb14_11,25,FT9-FT10,FT9-FT10
chb14,chb14_11,26,FT10-T8,FT10-T8
chb14,chb14_11,27,T8-P8-1,T8-P8-1
chb14,chb14_12,0,FP1-F7,FP1-F7
chb14,chb14_12,1,F7-T7,F7-T7
chb14,chb14_12,2,T7-P7,T7-P7
chb14,chb14_12,3,P7-O1,P7-O1
chb14,chb14_12,4,--0,--0
chb14,chb14_12,5,FP1-F3,FP1-F3
chb14,chb14_12,6,F3-C3,F3-C3
chb14,chb14_12,7,C3-P3,C3-P3
chb14,chb14_12,8,P3-O1,P3-O1
chb14,chb14_12,9,--1,--1
chb14,chb14_12,10,FZ-CZ,FZ-CZ
chb14,chb14_12,11,CZ-PZ,CZ-PZ
chb14,chb14_12,12,--2,--2
chb14,chb14_12,13,FP2-F4,FP2-F4
chb14,chb14_12,14,F4-C4,F4-C4
chb14,chb14_12,15,C4-P4,C4-P4
chb14,chb14_12,16,P4-O2,P4-O2
chb14,chb14_12,17,--3,--3
chb14,chb14_12,18,FP2-F8,FP2-F8
chb14,chb14_12,19,F8-T8,F8-T8
chb14,chb14_12,20,T8-P8-0,T8-P8-0
chb14,chb14_12,21,P8-O2,P8-O2
chb14,chb14_12,22,--4,--4
chb14,chb14_12,23,P7-T7,P7-T7
chb14,chb14_12,24,T7-FT9,T7-FT9
chb14,chb14_12,25,FT9-FT10,FT9-FT10
chb14,chb14_12,26,FT10-T8,FT10-T8
chb14,chb14_12,27,T8-P8-1,T8-P8-1
chb14,chb14_13,0,FP1-F7,FP1-F7
chb14,chb14_13,1,F7-T7,F7-T7
chb14,chb14_13,2,T7-P7,T7-P7
chb14,chb14_13,3,P7-O1,P7-O1
chb14,chb14_13,4,--0,--0
chb14,chb14_13,5,FP1-F3,FP1-F3
chb14,chb14_13,6,F3-C3,F3-C3
chb14,chb14_13,7,C3-P3,C3-P3
chb14,chb14_13,8,P3-O1,P3-O1
chb14,chb14_13,9,--1,--1
chb14,chb14_13,10,FZ-CZ,FZ-CZ
chb14,chb14_13,11,CZ-PZ,CZ-PZ
chb14,chb14_13,12,--2,--2
chb14,chb14_13,13,FP2-F4,FP2-F4
chb14,chb14_13,14,F4-C4,F4-C4
chb14,chb14_13,15,C4-P4,C4-P4
chb14,chb14_13,16,P4-O2,P4-O2
chb14,chb14_13,17,--3,--3
chb14,chb14_13,18,FP2-F8,FP2-F8
chb14,chb14_13,19,F8-T8,F8-T8
chb14,chb14_13,20,T8-P8-0,T8-P8-0
chb14,chb14_13,21,P8-O2,P8-O2
chb14,chb14_13,22,--4,--4
chb14,chb14_13,23,P7-T7,P7-T7
chb14,chb14_13,24,T7-FT9,T7-FT9
chb14,chb14_13,25,FT9-FT10,FT9-FT10
chb14,chb14_13,26,FT10-T8,FT10-T8
chb14,chb14_13,27,T8-P8-1,T8-P8-1
chb14,chb14_14,0,FP1-F7,FP1-F7
chb14,chb14_14,1,F7-T7,F7-T7
chb14,chb14_14,2,T7-P7,T7-P7
chb14,chb14_14,3,P7-O1,P7-O1
chb14,chb14_14,4,--0,--0
chb14,chb14_14,5,FP1-F3,FP1-F3
chb14,chb14_14,6,F3-C3,F3-C3
chb14,chb14_14,7,C3-P3,C3-P3
chb14,chb14_14,8,P3-O1,P3-O1
chb14,chb14_14,9,--1,--1
chb14,chb14_14,10,FZ-CZ,FZ-CZ
chb14,chb14_14,11,CZ-PZ,CZ-PZ
chb14,chb14_14,12,--2,--2
chb14,chb14_14,13,FP2-F4,FP2-F4
chb14,chb14_14,14,F4-C4,F4-C4
chb14,chb14_14,15,C4-P4,C4-P4
chb14,chb14_14,16,P4-O2,P4-O2
chb14,chb14_14,17,--3,--3
chb14,chb14_14,18,FP2-F8,FP2-F8
chb14,chb14_14,19,F8-T8,F8-T8
chb14,chb14_14,20,T8-P8-0,T8-P8-0
chb14,chb14_14,21,P8-O2,P8-O2
chb14,chb14_14,22,--4,--4
chb14,chb14_14,23,P7-T7,P7-T7
chb14,chb14_14,24,T7-FT9,T7-FT9
chb14,chb14_14,25,FT9-FT10,FT9-FT10
chb14,chb14_14,26,FT10-T8,FT10-T8
chb14,chb14_14,27,T8-P8-1,T8-P8-1
chb14,chb14_16,0,FP1-F7,FP1-F7
chb14,chb14_16,1,F7-T7,F7-T7
chb14,chb14_16,2,T7-P7,T7-P7
chb14,chb14_16,3,P7-O1,P7-O1
chb14,chb14_16,4,--0,--0
chb14,chb14_16,5,FP1-F3,FP1-F3
chb14,chb14_16,6,F3-C3,F3-C3
chb14,chb14_16,7,C3-P3,C3-P3
chb14,chb14_16,8,P3-O1,P3-O1
chb14,chb14_16,9,--1,--1
chb14,chb14_16,10,FZ-CZ,FZ-CZ
chb14,chb14_16,11,CZ-PZ,CZ-PZ
chb14,chb14_16,12,--2,--2
chb14,chb14_16,13,FP2-F4,FP2-F4
chb14,chb14_16,14,F4-C4,F4-C4
chb14,chb14_16,15,C4-P4,C4-P4
chb14,chb14_16,16,P4-O2,P4-O2
chb14,chb14_16,17,--3,--3
chb14,chb14_16,18,FP2-F8,FP2-F8
chb14,chb14_16,19,F8-T8,F8-T8
chb14,chb14_16,20,T8-P8-0,T8-P8-0
chb14,chb14_16,21,P8-O2,P8-O2
chb14,chb14_16,22,--4,--4
chb14,chb14_16,23,P7-T7,P7-T7
chb14,chb14_16,24,T7-FT9,T7-FT9
chb14,chb14_16,25,FT9-FT10,FT9-FT10
chb14,chb14_16,26,FT10-T8,FT10-T8
chb14,chb14_16,27,T8-P8-1,T8-P8-1
chb14,chb14_17,0,FP1-F7,FP1-F7
chb14,chb14_17,1,F7-T7,F7-T7
chb14,chb14_17,2,T7-P7,T7-P7
chb14,chb14_17,3,P7-O1,P7-O1
chb14,chb14_17,4,--0,--0
chb14,chb14_17,5,FP1-F3,FP1-F3
chb14,chb14_17,6,F3-C3,F3-C3
chb14,chb14_17,7,C3-P3,C3-P3
chb14,chb14_17,8,P3-O1,P3-O1
chb14,chb14_17,9,--1,--1
chb14,chb14_17,10,FZ-CZ,FZ-CZ
chb14,chb14_17,11,CZ-PZ,CZ-PZ
chb14,chb14_17,12,--2,--2
chb14,chb14_17,13,FP2-F4,FP2-F4
chb14,chb14_17,14,F4-C4,F4-C4
chb14,chb14_17,15,C4-P4,C4-P4
chb14,chb14_17,16,P4-O2,P4-O2
chb14,chb14_17,17,--3,--3
chb14,chb14_17,18,FP2-F8,FP2-F8
chb14,chb14_17,19,F8-T8,F8-T8
chb14,chb14_17,20,T8-P8-0,T8-P8-0
chb14,chb14_17,21,P8-O2,P8-O2
chb14,chb14_17,22,--4,--4
chb14,chb14_17,23,P7-T7,P7-T7
chb14,chb14_17,24,T7-FT9,T7-FT9
chb14,chb14_17,25,FT9-FT10,FT9-FT10
chb14,chb14_17,26,FT10-T8,FT10-T8
chb14,chb14_17,27,T8-P8-1,T8-P8-1
chb14,chb14_18,0,FP1-F7,FP1-F7
chb14,chb14_18,1,F7-T7,F7-T7
chb14,chb14_18,2,T7-P7,T7-P7
chb14,chb14_18,3,P7-O1,P7-O1
chb14,chb14_18,4,--0,--0
chb14,chb14_18,5,FP1-F3,FP1-F3
chb14,chb14_18,6,F3-C3,F3-C3
chb14,chb14_18,7,C3-P3,C3-P3
chb14,chb14_18,8,P3-O1,P3-O1
chb14,chb14_18,9,--1,--1
chb14,chb14_18,10,FZ-CZ,FZ-CZ
chb14,chb14_18,11,CZ-PZ,CZ-PZ
chb14,chb14_18,12,--2,--2
chb14,chb14_18,13,FP2-F4,FP2-F4
chb14,chb14_18,14,F4-C4,F4-C4
chb14,chb14_18,15,C4-P4,C4-P4
chb14,chb14_18,16,P4-O2,P4-O2
chb14,chb14_18,17,--3,--3
chb14,chb14_18,18,FP2-F8,FP2-F8
chb14,chb14_18,19,F8-T8,F8-T8
chb14,chb14_18,20,T8-P8-0,T8-P8-0
chb14,chb14_18,21,P8-O2,P8-O2
chb14,chb14_18,22,--4,--4
chb14,chb14_18,23,P7-T7,P7-T7
chb14,chb14_18,24,T7-FT9,T7-FT9
chb14,chb14_18,25,FT9-FT10,FT9-FT10
chb14,chb14_18,26,FT10-T8,FT10-T8
chb14,chb14_18,27,T8-P8-1,T8-P8-1
chb14,chb14_19,0,FP1-F7,FP1-F7
chb14,chb14_19,1,F7-T7,F7-T7
chb14,chb14_19,2,T7-P7,T7-P7
chb14,chb14_19,3,P7-O1,P7-O1
chb14,chb14_19,4,--0,--0
chb14,chb14_19,5,FP1-F3,FP1-F3
chb14,chb14_19,6,F3-C3,F3-C3
chb14,chb14_19,7,C3-P3,C3-P3
chb14,chb14_19,8,P3-O1,P3-O1
chb14,chb14_19,9,--1,--1
chb14,chb14_19,10,FZ-CZ,FZ-CZ
chb14,chb14_19,11,CZ-PZ,CZ-PZ
chb14,chb14_19,12,--2,--2
chb14,chb14_19,13,FP2-F4,FP2-F4
chb14,chb14_19,14,F4-C4,F4-C4
chb14,chb14_19,15,C4-P4,C4-P4
chb14,chb14_19,16,P4-O2,P4-O2
chb14,chb14_19,17,--3,--3
chb14,chb14_19,18,FP2-F8,FP2-F8
chb14,chb14_19,19,F8-T8,F8-T8
chb14,chb14_19,20,T8-P8-0,T8-P8-0
chb14,chb14_19,21,P8-O2,P8-O2
chb14,chb14_19,22,--4,--4
chb14,chb14_19,23,P7-T7,P7-T7
chb14,chb14_19,24,T7-FT9,T7-FT9
chb14,chb14_19,25,FT9-FT10,FT9-FT10
chb14,chb14_19,26,FT10-T8,FT10-T8
chb14,chb14_19,27,T8-P8-1,T8-P8-1
chb14,chb14_20,0,FP1-F7,FP1-F7
chb14,chb14_20,1,F7-T7,F7-T7
chb14,chb14_20,2,T7-P7,T7-P7
chb14,chb14_20,3,P7-O1,P7-O1
chb14,chb14_20,4,--0,--0
chb14,chb14_20,5,FP1-F3,FP1-F3
chb14,chb14_20,6,F3-C3,F3-C3
chb14,chb14_20,7,C3-P3,C3-P3
chb14,chb14_20,8,P3-O1,P3-O1
chb14,chb14_20,9,--1,--1
chb14,chb14_20,10,FZ-CZ,FZ-CZ
chb14,chb14_20,11,CZ-PZ,CZ-PZ
chb14,chb14_20,12,--2,--2
chb14,chb14_20,13,FP2-F4,FP2-F4
chb14,chb14_20,14,F4-C4,F4-C4
chb14,chb14_20,15,C4-P4,C4-P4
chb14,chb14_20,16,P4-O2,P4-O2
chb14,chb14_20,17,--3,--3
chb14,chb14_20,18,FP2-F8,FP2-F8
chb14,chb14_20,19,F8-T8,F8-T8
chb14,chb14_20,20,T8-P8-0,T8-P8-0
chb14,chb14_20,21,P8-O2,P8-O2
chb14,chb14_20,22,--4,--4
chb14,chb14_20,23,P7-T7,P7-T7
chb14,chb14_20,24,T7-FT9,T7-FT9
chb14,chb14_20,25,FT9-FT10,FT9-FT10
chb14,chb14_20,26,FT10-T8,FT10-T8
chb14,chb14_20,27,T8-P8-1,T8-P8-1
chb14,chb14_22,0,FP1-F7,FP1-F7
chb14,chb14_22,1,F7-T7,F7-T7
chb14,chb14_22,2,T7-P7,T7-P7
chb14,chb14_22,3,P7-O1,P7-O1
chb14,chb14_22,4,--0,--0
chb14,chb14_22,5,FP1-F3,FP1-F3
chb14,chb14_22,6,F3-C3,F3-C3
chb14,chb14_22,7,C3-P3,C3-P3
chb14,chb14_22,8,P3-O1,P3-O1
chb14,chb14_22,9,--1,--1
chb14,chb14_22,10,FZ-CZ,FZ-CZ
chb14,chb14_22,11,CZ-PZ,CZ-PZ
chb14,chb14_22,12,--2,--2
chb14,chb14_22,13,FP2-F4,FP2-F4
chb14,chb14_22,14,F4-C4,F4-C4
chb14,chb14_22,15,C4-P4,C4-P4
chb14,chb14_22,16,P4-O2,P4-O2
chb14,chb14_22,17,--3,--3
chb14,chb14_22,18,FP2-F8,FP2-F8
chb14,chb14_22,19,F8-T8,F8-T8
chb14,chb14_22,20,T8-P8-0,T8-P8-0
chb14,chb14_22,21,P8-O2,P8-O2
chb14,chb14_22,22,--4,--4
chb14,chb14_22,23,P7-T7,P7-T7
chb14,chb14_22,24,T7-FT9,T7-FT9
chb14,chb14_22,25,FT9-FT10,FT9-FT10
chb14,chb14_22,26,FT10-T8,FT10-T8
chb14,chb14_22,27,T8-P8-1,T8-P8-1
chb14,chb14_24,0,FP1-F7,FP1-F7
chb14,chb14_24,1,F7-T7,F7-T7
chb14,chb14_24,2,T7-P7,T7-P7
chb14,chb14_24,3,P7-O1,P7-O1
chb14,chb14_24,4,--0,--0
chb14,chb14_24,5,FP1-F3,FP1-F3
chb14,chb14_24,6,F3-C3,F3-C3
chb14,chb14_24,7,C3-P3,C3-P3
chb14,chb14_24,8,P3-O1,P3-O1
chb14,chb14_24,9,--1,--1
chb14,chb14_24,10,FZ-CZ,FZ-CZ
chb14,chb14_24,11,CZ-PZ,CZ-PZ
chb14,chb14_24,12,--2,--2
chb14,chb14_24,13,FP2-F4,FP2-F4
chb14,chb14_24,14,F4-C4,F4-C4
chb14,chb14_24,15,C4-P4,C4-P4
chb14,chb14_24,16,P4-O2,P4-O2
chb14,chb14_24,17,--3,--3
chb14,chb14_24,18,FP2-F8,FP2-F8
chb14,chb14_24,19,F8-T8,F8-T8
chb14,chb14_24,20,T8-P8-0,T8-P8-0
chb14,chb14_24,21,P8-O2,P8-O2
chb14,chb14_24,22,--4,--4
chb14,chb14_24,23,P7-T7,P7-T7
chb14,chb14_24,24,T7-FT9,T7-FT9
chb14,chb14_24,25,FT9-FT10,FT9-FT10
chb14,chb14_24,26,FT10-T8,FT10-T8
chb14,chb14_24,27,T8-P8-1,T8-P8-1
chb14,chb14_25,0,FP1-F7,FP1-F7
chb14,chb14_25,1,F7-T7,F7-T7
chb14,chb14_25,2,T7-P7,T7-P7
chb14,chb14_25,3,P7-O1,P7-O1
chb14,chb14_25,4,--0,--0
chb14,chb14_25,5,FP1-F3,FP1-F3
chb14,chb14_25,6,F3-C3,F3-C3
chb14,chb14_25,7,C3-P3,C3-P3
chb14,chb14_25,8,P3-O1,P3-O1
chb14,chb14_25,9,--1,--1
chb14,chb14_25,10,FZ-CZ,FZ-CZ
chb14,chb14_25,11,CZ-PZ,CZ-PZ
chb14,chb14_25,12,--2,--2
chb14,chb14_25,13,FP2-F4,FP2-F4
chb14,chb14_25,14,F4-C4,F4-C4
chb14,chb14_25,15,C4-P4,C4-P4
chb14,chb14_25,16,P4-O2,P4-O2
chb14,chb14_25,17,--3,--3
chb14,chb14_25,18,FP2-F8,FP2-F8
chb14,chb14_25,19,F8-T8,F8-T8
chb14,chb14_25,20,T8-P8-0,T8-P8-0
chb14,chb14_25,21,P8-O2,P8-O2
chb14,chb14_25,22,--4,--4
chb14,chb14_25,23,P7-T7,P7-T7
chb14,chb14_25,24,T7-FT9,T7-FT9
chb14,chb14_25,25,FT9-FT10,FT9-FT10
chb14,chb14_25,26,FT10-T8,FT10-T8
chb14,chb14_25,27,T8-P8-1,T8-P8-1
chb14,chb14_26,0,FP1-F7,FP1-F7
chb14,chb14_26,1,F7-T7,F7-T7
chb14,chb14_26,2,T7-P7,T7-P7
chb14,chb14_26,3,P7-O1,P7-O1
chb14,chb14_26,4,--0,--0
chb14,chb14_26,5,FP1-F3,FP1-F3
chb14,chb14_26,6,F3-C3,F3-C3
chb14,chb14_26,7,C3-P3,C3-P3
chb14,chb14_26,8,P3-O1,P3-O1
chb14,chb14_26,9,--1,--1
chb14,chb14_26,10,FZ-CZ,FZ-CZ
chb14,chb14_26,11,CZ-PZ,CZ-PZ
chb14,chb14_26,12,--2,--2
chb14,chb14_26,13,FP2-F4,FP2-F4
chb14,chb14_26,14,F4-C4,F4-C4
chb14,chb14_26,15,C4-P4,C4-P4
chb14,chb14_26,16,P4-O2,P4-O2
chb14,chb14_26,17,--3,--3
chb14,chb14_26,18,FP2-F8,FP2-F8
chb14,chb14_26,19,F8-T8,F8-T8
chb14,chb14_26,20,T8-P8-0,T8-P8-0
chb14,chb14_26,21,P8-O2,P8-O2
chb14,chb14_26,22,--4,--4
chb14,chb14_26,23,P7-T7,P7-T7
chb14,chb14_26,24,T7-FT9,T7-FT9
chb14,chb14_26,25,FT9-FT10,FT9-FT10
chb14,chb14_26,26,FT10-T8,FT10-T8
chb14,chb14_26,27,T8-P8-1,T8-P8-1
chb14,chb14_27,0,FP1-F7,FP1-F7
chb14,chb14_27,1,F7-T7,F7-T7
chb14,chb14_27,2,T7-P7,T7-P7
chb14,chb14_27,3,P7-O1,P7-O1
chb14,chb14_27,4,--0,--0
chb14,chb14_27,5,FP1-F3,FP1-F3
chb14,chb14_27,6,F3-C3,F3-C3
chb14,chb14_27,7,C3-P3,C3-P3
chb14,chb14_27,8,P3-O1,P3-O1
chb14,chb14_27,9,--1,--1
chb14,chb14_27,10,FZ-CZ,FZ-CZ
chb14,chb14_27,11,CZ-PZ,CZ-PZ
chb14,chb14_27,12,--2,--2
chb14,chb14_27,13,FP2-F4,FP2-F4
chb14,chb14_27,14,F4-C4,F4-C4
chb14,chb14_27,15,C4-P4,C4-P4
chb14,chb14_27,16,P4-O2,P4-O2
chb14,chb14_27,17,--3,--3
chb14,chb14_27,18,FP2-F8,FP2-F8
chb14,chb14_27,19,F8-T8,F8-T8
chb14,chb14_27,20,T8-P8-0,T8-P8-0
chb14,chb14_27,21,P8-O2,P8-O2
chb14,chb14_27,22,--4,--4
chb14,chb14_27,23,P7-T7,P7-T7
chb14,chb14_27,24,T7-FT9,T7-FT9
chb14,chb14_27,25,FT9-FT10,FT9-FT10
chb14,chb14_27,26,FT10-T8,FT10-T8
chb14,chb14_27,27,T8-P8-1,T8-P8-1
chb14,chb14_29,0,FP1-F7,FP1-F7
chb14,chb14_29,1,F7-T7,F7-T7
chb14,chb14_29,2,T7-P7,T7-P7
chb14,chb14_29,3,P7-O1,P7-O1
chb14,chb14_29,4,--0,--0
chb14,chb14_29,5,FP1-F3,FP1-F3
chb14,chb14_29,6,F3-C3,F3-C3
chb14,chb14_29,7,C3-P3,C3-P3
chb14,chb14_29,8,P3-O1,P3-O1
chb14,chb14_29,9,--1,--1
chb14,chb14_29,10,FZ-CZ,FZ-CZ
chb14,chb14_29,11,CZ-PZ,CZ-PZ
chb14,chb14_29,12,--2,--2
chb14,chb14_29,13,FP2-F4,FP2-F4
chb14,chb14_29,14,F4-C4,F4-C4
chb14,chb14_29,15,C4-P4,C4-P4
chb14,chb14_29,16,P4-O2,P4-O2
chb14,chb14_29,17,--3,--3
chb14,chb14_29,18,FP2-F8,FP2-F8
chb14,chb14_29,19,F8-T8,F8-T8
chb14,chb14_29,20,T8-P8-0,T8-P8-0
chb14,chb14_29,21,P8-O2,P8-O2
chb14,chb14_29,22,--4,--4
chb14,chb14_29,23,P7-T7,P7-T7
chb14,chb14_29,24,T7-FT9,T7-FT9
chb14,chb14_29,25,FT9-FT10,FT9-FT10
chb14,chb14_29,26,FT10-T8,FT10-T8
chb14,chb14_29,27,T8-P8-1,T8-P8-1
chb14,chb14_30,0,FP1-F7,FP1-F7
chb14,chb14_30,1,F7-T7,F7-T7
chb14,chb14_30,2,T7-P7,T7-P7
chb14,chb14_30,3,P7-O1,P7-O1
chb14,chb14_30,4,--0,--0
chb14,chb14_30,5,FP1-F3,FP1-F3
chb14,chb14_30,6,F3-C3,F3-C3
chb14,chb14_30,7,C3-P3,C3-P3
chb14,chb14_30,8,P3-O1,P3-O1
chb14,chb14_30,9,--1,--1
chb14,chb14_30,10,FZ-CZ,FZ-CZ
chb14,chb14_30,11,CZ-PZ,CZ-PZ
chb14,chb14_30,12,--2,--2
chb14,chb14_30,13,FP2-F4,FP2-F4
chb14,chb14_30,14,F4-C4,F4-C4
chb14,chb14_30,15,C4-P4,C4-P4
chb14,chb14_30,16,P4-O2,P4-O2
chb14,chb14_30,17,--3,--3
chb14,chb14_30,18,FP2-F8,FP2-F8
chb14,chb14_30,19,F8-T8,F8-T8
chb14,chb14_30,20,T8-P8-0,T8-P8-0
chb14,chb14_30,21,P8-O2,P8-O2
chb14,chb14_30,22,--4,--4
chb14,chb14_30,23,P7-T7,P7-T7
chb14,chb14_30,24,T7-FT9,T7-FT9
chb14,chb14_30,25,FT9-FT10,FT9-FT10
chb14,chb14_30,26,FT10-T8,FT10-T8
chb14,chb14_30,27,T8-P8-1,T8-P8-1
chb14,chb14_32,0,FP1-F7,FP1-F7
chb14,chb14_32,1,F7-T7,F7-T7
chb14,chb14_32,2,T7-P7,T7-P7
chb14,chb14_32,3,P7-O1,P7-O1
chb14,chb14_32,4,--0,--0
chb14,chb14_32,5,FP1-F3,FP1-F3
chb14,chb14_32,6,F3-C3,F3-C3
chb14,chb14_32,7,C3-P3,C3-P3
chb14,chb14_32,8,P3-O1,P3-O1
chb14,chb14_32,9,--1,--1
chb14,chb14_32,10,FZ-CZ,FZ-CZ
chb14,chb14_32,11,CZ-PZ,CZ-PZ
chb14,chb14_32,12,--2,--2
chb14,chb14_32,13,FP2-F4,FP2-F4
chb14,chb14_32,14,F4-C4,F4-C4
chb14,chb14_32,15,C4-P4,C4-P4
chb14,chb14_32,16,P4-O2,P4-O2
chb14,chb14_32,17,--3,--3
chb14,chb14_32,18,FP2-F8,FP2-F8
chb14,chb14_32,19,F8-T8,F8-T8
chb14,chb14_32,20,T8-P8-0,T8-P8-0
chb14,chb14_32,21,P8-O2,P8-O2
chb14,chb14_32,22,--4,--4
chb14,chb14_32,23,P7-T7,P7-T7
chb14,chb14_32,24,T7-FT9,T7-FT9
chb14,chb14_32,25,FT9-FT10,FT9-FT10
chb14,chb14_32,26,FT10-T8,FT10-T8
chb14,chb14_32,27,T8-P8-1,T8-P8-1
chb14,chb14_37,0,FP1-F7,FP1-F7
chb14,chb14_37,1,F7-T7,F7-T7
chb14,chb14_37,2,T7-P7,T7-P7
chb14,chb14_37,3,P7-O1,P7-O1
chb14,chb14_37,4,--0,--0
chb14,chb14_37,5,FP1-F3,FP1-F3
chb14,chb14_37,6,F3-C3,F3-C3
chb14,chb14_37,7,C3-P3,C3-P3
chb14,chb14_37,8,P3-O1,P3-O1
chb14,chb14_37,9,--1,--1
chb14,chb14_37,10,FZ-CZ,FZ-CZ
chb14,chb14_37,11,CZ-PZ,CZ-PZ
chb14,chb14_37,12,--2,--2
chb14,chb14_37,13,FP2-F4,FP2-F4
chb14,chb14_37,14,F4-C4,F4-C4
chb14,chb14_37,15,C4-P4,C4-P4
chb14,chb14_37,16,P4-O2,P4-O2
chb14,chb14_37,17,--3,--3
chb14,chb14_37,18,FP2-F8,FP2-F8
chb14,chb14_37,19,F8-T8,F8-T8
chb14,chb14_37,20,T8-P8-0,T8-P8-0
chb14,chb14_37,21,P8-O2,P8-O2
chb14,chb14_37,22,--4,--4
chb14,chb14_37,23,P7-T7,P7-T7
chb14,chb14_37,24,T7-FT9,T7-FT9
chb14,chb14_37,25,FT9-FT10,FT9-FT10
chb14,chb14_37,26,FT10-T8,FT10-T8
chb14,chb14_37,27,T8-P8-1,T8-P8-1
chb14,chb14_39,0,FP1-F7,FP1-F7
chb14,chb14_39,1,F7-T7,F7-T7
chb14,chb14_39,2,T7-P7,T7-P7
chb14,chb14_39,3,P7-O1,P7-O1
chb14,chb14_39,4,--0,--0
chb14,chb14_39,5,FP1-F3,FP1-F3
chb14,chb14_39,6,F3-C3,F3-C3
chb14,chb14_39,7,C3-P3,C3-P3
chb14,chb14_39,8,P3-O1,P3-O1
chb14,chb14_39,9,--1,--1
chb14,chb14_39,10,FZ-CZ,FZ-CZ
chb14,chb14_39,11,CZ-PZ,CZ-PZ
chb14,chb14_39,12,--2,--2
chb14,chb14_39,13,FP2-F4,FP2-F4
chb14,chb14_39,14,F4-C4,F4-C4
chb14,chb14_39,15,C4-P4,C4-P4
chb14,chb14_39,16,P4-O2,P4-O2
chb14,chb14_39,17,--3,--3
chb14,chb14_39,18,FP2-F8,FP2-F8
chb14,chb14_39,19,F8-T8,F8-T8
chb14,chb14_39,20,T8-P8-0,T8-P8-0
chb14,chb14_39,21,P8-O2,P8-O2
chb14,chb14_39,22,--4,--4
chb14,chb14_39,23,P7-T7,P7-T7
chb14,chb14_39,24,T7-FT9,T7-FT9
chb14,chb14_39,25,FT9-FT10,FT9-FT10
chb14,chb14_39,26,FT10-T8,FT10-T8
chb14,chb14_39,27,T8-P8-1,T8-P8-1
chb14,chb14_42,0,FP1-F7,FP1-F7
chb14,chb14_42,1,F7-T7,F7-T7
chb14,chb14_42,2,T7-P7,T7-P7
chb14,chb14_42,3,P7-O1,P7-O1
chb14,chb14_42,4,--0,--0
chb14,chb14_42,5,FP1-F3,FP1-F3
chb14,chb14_42,6,F3-C3,F3-C3
chb14,chb14_42,7,C3-P3,C3-P3
chb14,chb14_42,8,P3-O1,P3-O1
chb14,chb14_42,9,--1,--1
chb14,chb14_42,10,FZ-CZ,FZ-CZ
chb14,chb14_42,11,CZ-PZ,CZ-PZ
chb14,chb14_42,12,--2,--2
chb14,chb14_42,13,FP2-F4,FP2-F4
chb14,chb14_42,14,F4-C4,F4-C4
chb14,chb14_42,15,C4-P4,C4-P4
chb14,chb14_42,16,P4-O2,P4-O2
chb14,chb14_42,17,--3,--3
chb14,chb14_42,18,FP2-F8,FP2-F8
chb14,chb14_42,19,F8-T8,F8-T8
chb14,chb14_42,20,T8-P8-0,T8-P8-0
chb14,chb14_42,21,P8-O2,P8-O2
chb14,chb14_42,22,--4,--4
chb14,chb14_42,23,P7-T7,P7-T7
chb14,chb14_42,24,T7-FT9,T7-FT9
chb14,chb14_42,25,FT9-FT10,FT9-FT10
chb14,chb14_42,26,FT10-T8,FT10-T8
chb14,chb14_42,27,T8-P8-1,T8-P8-1
chb15,chb15_01,0,FP1-F7,FP1-F7
chb15,chb15_01,1,F7-T7,F7-T7
chb15,chb15_01,2,T7-P7,T7-P7
chb15,chb15_01,3,P7-O1,P7-O1
chb15,chb15_01,4,--0,--0
chb15,chb15_01,5,FP1-F3,FP1-F3
chb15,chb15_01,6,F3-C3,F3-C3
chb15,chb15_01,7,C3-P3,C3-P3
chb15,chb15_01,8,P3-O1,P3-O1
chb15,chb15_01,9,--1,--1
chb15,chb15_01,10,FZ-CZ,FZ-CZ
chb15,chb15_01,11,CZ-PZ,CZ-PZ
chb15,chb15_01,12,--2,--2
chb15,chb15_01,13,FP2-F4,FP2-F4
chb15,chb15_01,14,F4-C4,F4-C4
chb15,chb15_01,15,C4-P4,C4-P4
chb15,chb15_01,16,P4-O2,P4-O2
chb15,chb15_01,17,--3,--3
chb15,chb15_01,18,FP2-F8,FP2-F8
chb15,chb15_01,19,F8-T8,F8-T8
chb15,chb15_01,20,T8-P8,T8-P8
chb15,chb15_01,21,P8-O2,P8-O2
chb15,chb15_01,22,--4,--4
chb15,chb15_01,23,FC1-Ref,FC1
chb15,chb15_01,24,FC2-Ref,FC2
chb15,chb15_01,25,FC5-Ref,FC5
chb15,chb15_01,26,FC6-Ref,FC6
chb15,chb15_01,27,CP1-Ref,CP1
chb15,chb15_01,28,CP2-Ref,CP2
chb15,chb15_01,29,CP5-Ref,CP5
chb15,chb15_01,30,CP6-Ref,CP6
chb15,chb15_02,0,FP1-F7,FP1-F7
chb15,chb15_02,1,F7-T7,F7-T7
chb15,chb15_02,2,T7-P7,T7-P7
chb15,chb15_02,3,P7-O1,P7-O1
chb15,chb15_02,4,--0,--0
chb15,chb15_02,5,FP1-F3,FP1-F3
chb15,chb15_02,6,F3-C3,F3-C3
chb15,chb15_02,7,C3-P3,C3-P3
chb15,chb15_02,8,P3-O1,P3-O1
chb15,chb15_02,9,--1,--1
chb15,chb15_02,10,FZ-CZ,FZ-CZ
chb15,chb15_02,11,CZ-PZ,CZ-PZ
chb15,chb15_02,12,PZ-OZ,PZ-OZ
chb15,chb15_02,13,--2,--2
chb15,chb15_02,14,FP2-F4,FP2-F4
chb15,chb15_02,15,F4-C4,F4-C4
chb15,chb15_02,16,C4-P4,C4-P4
chb15,chb15_02,17,P4-O2,P4-O2
chb15,chb15_02,18,--3,--3
chb15,chb15_02,19,FP2-F8,FP2-F8
chb15,chb15_02,20,F8-T8,F8-T8
chb15,chb15_02,21,T8-P8-0,T8-P8-0
chb15,chb15_02,22,P8-O2,P8-O2
chb15,chb15_02,23,--4,--4
chb15,chb15_02,24,P7-T7,P7-T7
chb15,chb15_02,25,T7-FT9,T7-FT9
chb15,chb15_02,26,FT9-FT10,FT9-FT10
chb15,chb15_02,27,FT10-T8,FT10-T8
chb15,chb15_02,28,T8-P8-1,T8-P8-1
chb15,chb15_02,29,--5,--5
chb15,chb15_02,30,FC1-Ref,FC1
chb15,chb15_02,31,FC2-Ref,FC2
chb15,chb15_02,32,FC5-Ref,FC5
chb15,chb15_02,33,FC6-Ref,FC6
chb15,chb15_02,34,CP1-Ref,CP1
chb15,chb15_02,35,CP2-Ref,CP2
chb15,chb15_02,36,CP5-Ref,CP5
chb15,chb15_02,37,CP6-Ref,CP6
chb15,chb15_03,0,FP1-F7,FP1-F7
chb15,chb15_03,1,F7-T7,F7-T7
chb15,chb15_03,2,T7-P7,T7-P7
chb15,chb15_03,3,P7-O1,P7-O1
chb15,chb15_03,4,--0,--0
chb15,chb15_03,5,FP1-F3,FP1-F3
chb15,chb15_03,6,F3-C3,F3-C3
chb15,chb15_03,7,C3-P3,C3-P3
chb15,chb15_03,8,P3-O1,P3-O1
chb15,chb15_03,9,--1,--1
chb15,chb15_03,10,FZ-CZ,FZ-CZ
chb15,chb15_03,11,CZ-PZ,CZ-PZ
chb15,chb15_03,12,PZ-OZ,PZ-OZ
chb15,chb15_03,13,--2,--2
chb15,chb15_03,14,FP2-F4,FP2-F4
chb15,chb15_03,15,F4-C4,F4-C4
chb15,chb15_03,16,C4-P4,C4-P4
chb15,chb15_03,17,P4-O2,P4-O2
chb15,chb15_03,18,--3,--3
chb15,chb15_03,19,FP2-F8,FP2-F8
chb15,chb15_03,20,F8-T8,F8-T8
chb15,chb15_03,21,T8-P8-0,T8-P8-0
chb15,chb15_03,22,P8-O2,P8-O2
chb15,chb15_03,23,--4,--4
chb15,chb15_03,24,P7-T7,P7-T7
chb15,chb15_03,25,T7-FT9,T7-FT9
chb15,chb15_03,26,FT9-FT10,FT9-FT10
chb15,chb15_03,27,FT10-T8,FT10-T8
chb15,chb15_03,28,T8-P8-1,T8-P8-1
chb15,chb15_03,29,--5,--5
chb15,chb15_03,30,FC1-Ref,FC1
chb15,chb15_03,31,FC2-Ref,FC2
chb15,chb15_03,32,FC5-Ref,FC5
chb15,chb15_03,33,FC6-Ref,FC6
chb15,chb15_03,34,CP1-Ref,CP1
chb15,chb15_03,35,CP2-Ref,CP2
chb15,chb15_03,36,CP5-Ref,CP5
chb15,chb15_03,37,CP6-Ref,CP6
chb15,chb15_04,0,FP1-F7,FP1-F7
chb15,chb15_04,1,F7-T7,F7-T7
chb15,chb15_04,2,T7-P7,T7-P7
chb15,chb15_04,3,P7-O1,P7-O1
chb15,chb15_04,4,--0,--0
chb15,chb15_04,5,FP1-F3,FP1-F3
chb15,chb15_04,6,F3-C3,F3-C3
chb15,chb15_04,7,C3-P3,C3-P3
chb15,chb15_04,8,P3-O1,P3-O1
chb15,chb15_04,9,--1,--1
chb15,chb15_04,10,FZ-CZ,FZ-CZ
chb15,chb15_04,11,CZ-PZ,CZ-PZ
chb15,chb15_04,12,PZ-OZ,PZ-OZ
chb15,chb15_04,13,--2,--2
chb15,chb15_04,14,FP2-F4,FP2-F4
chb15,chb15_04,15,F4-C4,F4-C4
chb15,chb15_04,16,C4-P4,C4-P4
chb15,chb15_04,17,P4-O2,P4-O2
chb15,chb15_04,18,--3,--3
chb15,chb15_04,19,FP2-F8,FP2-F8
chb15,chb15_04,20,F8-T8,F8-T8
chb15,chb15_04,21,T8-P8-0,T8-P8-0
chb15,chb15_04,22,P8-O2,P8-O2
chb15,chb15_04,23,--4,--4
chb15,chb15_04,24,P7-T7,P7-T7
chb15,chb15_04,25,T7-FT9,T7-FT9
chb15,chb15_04,26,FT9-FT10,FT9-FT10
chb15,chb15_04,27,FT10-T8,FT10-T8
chb15,chb15_04,28,T8-P8-1,T8-P8-1
chb15,chb15_04,29,--5,--5
chb15,chb15_04,30,FC1-Ref,FC1
chb15,chb15_04,31,FC2-Ref,FC2
chb15,chb15_04,32,FC5-Ref,FC5
chb15,chb15_04,33,FC6-Ref,FC6
chb15,chb15_04,34,CP1-Ref,CP1
chb15,chb15_04,35,CP2-Ref,CP2
chb15,chb15_04,36,CP5-Ref,CP5
chb15,chb15_04,37,CP6-Ref,CP6
chb15,chb15_05,0,FP1-F7,FP1-F7
chb15,chb15_05,1,F7-T7,F7-T7
chb15,chb15_05,2,T7-P7,T7-P7
chb15,chb15_05,3,P7-O1,P7-O1
chb15,chb15_05,4,--0,--0
chb15,chb15_05,5,FP1-F3,FP1-F3
chb15,chb15_05,6,F3-C3,F3-C3
chb15,chb15_05,7,C3-P3,C3-P3
chb15,chb15_05,8,P3-O1,P3-O1
chb15,chb15_05,9,--1,--1
chb15,chb15_05,10,FZ-CZ,FZ-CZ
chb15,chb15_05,11,CZ-PZ,CZ-PZ
chb15,chb15_05,12,PZ-OZ,PZ-OZ
chb15,chb15_05,13,--2,--2
chb15,chb15_05,14,FP2-F4,FP2-F4
chb15,chb15_05,15,F4-C4,F4-C4
chb15,chb15_05,16,C4-P4,C4-P4
chb15,chb15_05,17,P4-O2,P4-O2
chb15,chb15_05,18,--3,--3
chb15,chb15_05,19,FP2-F8,FP2-F8
chb15,chb15_05,20,F8-T8,F8-T8
chb15,chb15_05,21,T8-P8-0,T8-P8-0
chb15,chb15_05,22,P8-O2,P8-O2
chb15,chb15_05,23,--4,--4
chb15,chb15_05,24,P7-T7,P7-T7
chb15,chb15_05,25,T7-FT9,T7-FT9
chb15,chb15_05,26,FT9-FT10,FT9-FT10
chb15,chb15_05,27,FT10-T8,FT10-T8
chb15,chb15_05,28,T8-P8-1,T8-P8-1
chb15,chb15_05,29,--5,--5
chb15,chb15_05,30,FC1-Ref,FC1
chb15,chb15_05,31,FC2-Ref,FC2
chb15,chb15_05,32,FC5-Ref,FC5
chb15,chb15_05,33,FC6-Ref,FC6
chb15,chb15_05,34,CP1-Ref,CP1
chb15,chb15_05,35,CP2-Ref,CP2
chb15,chb15_05,36,CP5-Ref,CP5
chb15,chb15_05,37,CP6-Ref,CP6
chb15,chb15_06,0,FP1-F7,FP1-F7
chb15,chb15_06,1,F7-T7,F7-T7
chb15,chb15_06,2,T7-P7,T7-P7
chb15,chb15_06,3,P7-O1,P7-O1
chb15,chb15_06,4,--0,--0
chb15,chb15_06,5,FP1-F3,FP1-F3
chb15,chb15_06,6,F3-C3,F3-C3
chb15,chb15_06,7,C3-P3,C3-P3
chb15,chb15_06,8,P3-O1,P3-O1
chb15,chb15_06,9,--1,--1
chb15,chb15_06,10,FZ-CZ,FZ-CZ
chb15,chb15_06,11,CZ-PZ,CZ-PZ
chb15,chb15_06,12,PZ-OZ,PZ-OZ
chb15,chb15_06,13,--2,--2
chb15,chb15_06,14,FP2-F4,FP2-F4
chb15,chb15_06,15,F4-C4,F4-C4
chb15,chb15_06,16,C4-P4,C4-P4
chb15,chb15_06,17,P4-O2,P4-O2
chb15,chb15_06,18,--3,--3
chb15,chb15_06,19,FP2-F8,FP2-F8
chb15,chb15_06,20,F8-T8,F8-T8
chb15,chb15_06,21,T8-P8-0,T8-P8-0
chb15,chb15_06,22,P8-O2,P8-O2
chb15,chb15_06,23,--4,--4
chb15,chb15_06,24,P7-T7,P7-T7
chb15,chb15_06,25,T7-FT9,T7-FT9
chb15,chb15_06,26,FT9-FT10,FT9-FT10
chb15,chb15_06,27,FT10-T8,FT10-T8
chb15,chb15_06,28,T8-P8-1,T8-P8-1
chb15,chb15_06,29,--5,--5
chb15,chb15_06,30,FC1-Ref,FC1
chb15,chb15_06,31,FC2-Ref,FC2
chb15,chb15_06,32,FC5-Ref,FC5
chb15,chb15_06,33,FC6-Ref,FC6
chb15,chb15_06,34,CP1-Ref,CP1
chb15,chb15_06,35,CP2-Ref,CP2
chb15,chb15_06,36,CP5-Ref,CP5
chb15,chb15_06,37,CP6-Ref,CP6
chb15,chb15_07,0,FP1-F7,FP1-F7
chb15,chb15_07,1,F7-T7,F7-T7
chb15,chb15_07,2,T7-P7,T7-P7
chb15,chb15_07,3,P7-O1,P7-O1
chb15,chb15_07,4,--0,--0
chb15,chb15_07,5,FP1-F3,FP1-F3
chb15,chb15_07,6,F3-C3,F3-C3
chb15,chb15_07,7,C3-P3,C3-P3
chb15,chb15_07,8,P3-O1,P3-O1
chb15,chb15_07,9,--1,--1
chb15,chb15_07,10,FZ-CZ,FZ-CZ
chb15,chb15_07,11,CZ-PZ,CZ-PZ
chb15,chb15_07,12,PZ-OZ,PZ-OZ
chb15,chb15_07,13,--2,--2
chb15,chb15_07,14,FP2-F4,FP2-F4
chb15,chb15_07,15,F4-C4,F4-C4
chb15,chb15_07,16,C4-P4,C4-P4
chb15,chb15_07,17,P4-O2,P4-O2
chb15,chb15_07,18,--3,--3
chb15,chb15_07,19,FP2-F8,FP2-F8
chb15,chb15_07,20,F8-T8,F8-T8
chb15,chb15_07,21,T8-P8-0,T8-P8-0
chb15,chb15_07,22,P8-O2,P8-O2
chb15,chb15_07,23,--4,--4
chb15,chb15_07,24,P7-T7,P7-T7
chb15,chb15_07,25,T7-FT9,T7-FT9
chb15,chb15_07,26,FT9-FT10,FT9-FT10
chb15,chb15_07,27,FT10-T8,FT10-T8
chb15,chb15_07,28,T8-P8-1,T8-P8-1
chb15,chb15_07,29,--5,--5
chb15,chb15_07,30,FC1-Ref,FC1
chb15,chb15_07,31,FC2-Ref,FC2
chb15,chb15_07,32,FC5-Ref,FC5
chb15,chb15_07,33,FC6-Ref,FC6
chb15,chb15_07,34,CP1-Ref,CP1
chb15,chb15_07,35,CP2-Ref,CP2
chb15,chb15_07,36,CP5-Ref,CP5
chb15,chb15_07,37,CP6-Ref,CP6
chb15,chb15_08,0,FP1-F7,FP1-F7
chb15,chb15_08,1,F7-T7,F7-T7
chb15,chb15_08,2,T7-P7,T7-P7
chb15,chb15_08,3,P7-O1,P7-O1
chb15,chb15_08,4,--0,--0
chb15,chb15_08,5,FP1-F3,FP1-F3
chb15,chb15_08,6,F3-C3,F3-C3
chb15,chb15_08,7,C3-P3,C3-P3
chb15,chb15_08,8,P3-O1,P3-O1
chb15,chb15_08,9,--1,--1
chb15,chb15_08,10,FZ-CZ,FZ-CZ
chb15,chb15_08,11,CZ-PZ,CZ-PZ
chb15,chb15_08,12,PZ-OZ,PZ-OZ
chb15,chb15_08,13,--2,--2
chb15,chb15_08,14,FP2-F4,FP2-F4
chb15,chb15_08,15,F4-C4,F4-C4
chb15,chb15_08,16,C4-P4,C4-P4
chb15,chb15_08,17,P4-O2,P4-O2
chb15,chb15_08,18,--3,--3
chb15,chb15_08,19,FP2-F8,FP2-F8
chb15,chb15_08,20,F8-T8,F8-T8
chb15,chb15_08,21,T8-P8-0,T8-P8-0
chb15,chb15_08,22,P8-O2,P8-O2
chb15,chb15_08,23,--4,--4
chb15,chb15_08,24,P7-T7,P7-T7
chb15,chb15_08,25,T7-FT9,T7-FT9
chb15,chb15_08,26,FT9-FT10,FT9-FT10
chb15,chb15_08,27,FT10-T8,FT10-T8
chb15,chb15_08,28,T8-P8-1,T8-P8-1
chb15,chb15_08,29,--5,--5
chb15,chb15_08,30,FC1-Ref,FC1
chb15,chb15_08,31,FC2-Ref,FC2
chb15,chb15_08,32,FC5-Ref,FC5
chb15,chb15_08,33,FC6-Ref,FC6
chb15,chb15_08,34,CP1-Ref,CP1
chb15,chb15_08,35,CP2-Ref,CP2
chb15,chb15_08,36,CP5-Ref,CP5
chb15,chb15_08,37,CP6-Ref,CP6
chb15,chb15_09,0,FP1-F7,FP1-F7
chb15,chb15_09,1,F7-T7,F7-T7
chb15,chb15_09,2,T7-P7,T7-P7
chb15,chb15_09,3,P7-O1,P7-O1
chb15,chb15_09,4,--0,--0
chb15,chb15_09,5,FP1-F3,FP1-F3
chb15,chb15_09,6,F3-C3,F3-C3
chb15,chb15_09,7,C3-P3,C3-P3
chb15,chb15_09,8,P3-O1,P3-O1
chb15,chb15_09,9,--1,--1
chb15,chb15_09,10,FZ-CZ,FZ-CZ
chb15,chb15_09,11,CZ-PZ,CZ-PZ
chb15,chb15_09,12,PZ-OZ,PZ-OZ
chb15,chb15_09,13,--2,--2
chb15,chb15_09,14,FP2-F4,FP2-F4
chb15,chb15_09,15,F4-C4,F4-C4
chb15,chb15_09,16,C4-P4,C4-P4
chb15,chb15_09,17,P4-O2,P4-O2
chb15,chb15_09,18,--3,--3
chb15,chb15_09,19,FP2-F8,FP2-F8
chb15,chb15_09,20,F8-T8,F8-T8
chb15,chb15_09,21,T8-P8-0,T8-P8-0
chb15,chb15_09,22,P8-O2,P8-O2
chb15,chb15_09,23,--4,--4
chb15,chb15_09,24,P7-T7,P7-T7
chb15,chb15_09,25,T7-FT9,T7-FT9
chb15,chb15_09,26,FT9-FT10,FT9-FT10
chb15,chb15_09,27,FT10-T8,FT10-T8
chb15,chb15_09,28,T8-P8-1,T8-P8-1
chb15,chb15_09,29,--5,--5
chb15,chb15_09,30,FC1-Ref,FC1
chb15,chb15_09,31,FC2-Ref,FC2
chb15,chb15_09,32,FC5-Ref,FC5
chb15,chb15_09,33,FC6-Ref,FC6
chb15,chb15_09,34,CP1-Ref,CP1
chb15,chb15_09,35,CP2-Ref,CP2
chb15,chb15_09,36,CP5-Ref,CP5
chb15,chb15_09,37,CP6-Ref,CP6
chb15,chb15_10,0,FP1-F7,FP1-F7
chb15,chb15_10,1,F7-T7,F7-T7
chb15,chb15_10,2,T7-P7,T7-P7
chb15,chb15_10,3,P7-O1,P7-O1
chb15,chb15_10,4,--0,--0
chb15,chb15_10,5,FP1-F3,FP1-F3
chb15,chb15_10,6,F3-C3,F3-C3
chb15,chb15_10,7,C3-P3,C3-P3
chb15,chb15_10,8,P3-O1,P3-O1
chb15,chb15_10,9,--1,--1
chb15,chb15_10,10,FZ-CZ,FZ-CZ
chb15,chb15_10,11,CZ-PZ,CZ-PZ
chb15,chb15_10,12,PZ-OZ,PZ-OZ
chb15,chb15_10,13,--2,--2
chb15,chb15_10,14,FP2-F4,FP2-F4
chb15,chb15_10,15,F4-C4,F4-C4
chb15,chb15_10,16,C4-P4,C4-P4
chb15,chb15_10,17,P4-O2,P4-O2
chb15,chb15_10,18,--3,--3
chb15,chb15_10,19,FP2-F8,FP2-F8
chb15,chb15_10,20,F8-T8,F8-T8
chb15,chb15_10,21,T8-P8-0,T8-P8-0
chb15,chb15_10,22,P8-O2,P8-O2
chb15,chb15_10,23,--4,--4
chb15,chb15_10,24,P7-T7,P7-T7
chb15,chb15_10,25,T7-FT9,T7-FT9
chb15,chb15_10,26,FT9-FT10,FT9-FT10
chb15,chb15_10,27,FT10-T8,FT10-T8
chb15,chb15_10,28,T8-P8-1,T8-P8-1
chb15,chb15_10,29,--5,--5
chb15,chb15_10,30,FC1-Ref,FC1
chb15,chb15_10,31,FC2-Ref,FC2
chb15,chb15_10,32,FC5-Ref,FC5
chb15,chb15_10,33,FC6-Ref,FC6
chb15,chb15_10,34,CP1-Ref,CP1
chb15,chb15_10,35,CP2-Ref,CP2
chb15,chb15_10,36,CP5-Ref,CP5
chb15,chb15_10,37,CP6-Ref,CP6
chb15,chb15_11,0,FP1-F7,FP1-F7
chb15,chb15_11,1,F7-T7,F7-T7
chb15,chb15_11,2,T7-P7,T7-P7
chb15,chb15_11,3,P7-O1,P7-O1
chb15,chb15_11,4,--0,--0
chb15,chb15_11,5,FP1-F3,FP1-F3
chb15,chb15_11,6,F3-C3,F3-C3
chb15,chb15_11,7,C3-P3,C3-P3
chb15,chb15_11,8,P3-O1,P3-O1
chb15,chb15_11,9,--1,--1
chb15,chb15_11,10,FZ-CZ,FZ-CZ
chb15,chb15_11,11,CZ-PZ,CZ-PZ
chb15,chb15_11,12,PZ-OZ,PZ-OZ
chb15,chb15_11,13,--2,--2
chb15,chb15_11,14,FP2-F4,FP2-F4
chb15,chb15_11,15,F4-C4,F4-C4
chb15,chb15_11,16,C4-P4,C4-P4
chb15,chb15_11,17,P4-O2,P4-O2
chb15,chb15_11,18,--3,--3
chb15,chb15_11,19,FP2-F8,FP2-F8
chb15,chb15_11,20,F8-T8,F8-T8
chb15,chb15_11,21,T8-P8-0,T8-P8-0
chb15,chb15_11,22,P8-O2,P8-O2
chb15,chb15_11,23,--4,--4
chb15,chb15_11,24,P7-T7,P7-T7
chb15,chb15_11,25,T7-FT9,T7-FT9
chb15,chb15_11,26,FT9-FT10,FT9-FT10
chb15,chb15_11,27,FT10-T8,FT10-T8
chb15,chb15_11,28,T8-P8-1,T8-P8-1
chb15,chb15_11,29,--5,--5
chb15,chb15_11,30,FC1-Ref,FC1
chb15,chb15_11,31,FC2-Ref,FC2
chb15,chb15_11,32,FC5-Ref,FC5
chb15,chb15_11,33,FC6-Ref,FC6
chb15,chb15_11,34,CP1-Ref,CP1
chb15,chb15_11,35,CP2-Ref,CP2
chb15,chb15_11,36,CP5-Ref,CP5
chb15,chb15_11,37,CP6-Ref,CP6
chb15,chb15_12,0,FP1-F7,FP1-F7
chb15,chb15_12,1,F7-T7,F7-T7
chb15,chb15_12,2,T7-P7,T7-P7
chb15,chb15_12,3,P7-O1,P7-O1
chb15,chb15_12,4,--0,--0
chb15,chb15_12,5,FP1-F3,FP1-F3
chb15,chb15_12,6,F3-C3,F3-C3
chb15,chb15_12,7,C3-P3,C3-P3
chb15,chb15_12,8,P3-O1,P3-O1
chb15,chb15_12,9,--1,--1
chb15,chb15_12,10,FZ-CZ,FZ-CZ
chb15,chb15_12,11,CZ-PZ,CZ-PZ
chb15,chb15_12,12,PZ-OZ,PZ-OZ
chb15,chb15_12,13,--2,--2
chb15,chb15_12,14,FP2-F4,FP2-F4
chb15,chb15_12,15,F4-C4,F4-C4
chb15,chb15_12,16,C4-P4,C4-P4
chb15,chb15_12,17,P4-O2,P4-O2
chb15,chb15_12,18,--3,--3
chb15,chb15_12,19,FP2-F8,FP2-F8
chb15,chb15_12,20,F8-T8,F8-T8
chb15,chb15_12,21,T8-P8-0,T8-P8-0
chb15,chb15_12,22,P8-O2,P8-O2
chb15,chb15_12,23,--4,--4
chb15,chb15_12,24,P7-T7,P7-T7
chb15,chb15_12,25,T7-FT9,T7-FT9
chb15,chb15_12,26,FT9-FT10,FT9-FT10
chb15,chb15_12,27,FT10-T8,FT10-T8
chb15,chb15_12,28,T8-P8-1,T8-P8-1
chb15,chb15_12,29,--5,--5
chb15,chb15_12,30,FC1-Ref,FC1
chb15,chb15_12,31,FC2-Ref,FC2
chb15,chb15_12,32,FC5-Ref,FC5
chb15,chb15_12,33,FC6-Ref,FC6
chb15,chb15_12,34,CP1-Ref,CP1
chb15,chb15_12,35,CP2-Ref,CP2
chb15,chb15_12,36,CP5-Ref,CP5
chb15,chb15_12,37,CP6-Ref,CP6
chb15,chb15_13,0,FP1-F7,FP1-F7
chb15,chb15_13,1,F7-T7,F7-T7
chb15,chb15_13,2,T7-P7,T7-P7
chb15,chb15_13,3,P7-O1,P7-O1
chb15,chb15_13,4,--0,--0
chb15,chb15_13,5,FP1-F3,FP1-F3
chb15,chb15_13,6,F3-C3,F3-C3
chb15,chb15_13,7,C3-P3,C3-P3
chb15,chb15_13,8,P3-O1,P3-O1
chb15,chb15_13,9,--1,--1
chb15,chb15_13,10,FZ-CZ,FZ-CZ
chb15,chb15_13,11,CZ-PZ,CZ-PZ
chb15,chb15_13,12,PZ-OZ,PZ-OZ
chb15,chb15_13,13,--2,--2
chb15,chb15_13,14,FP2-F4,FP2-F4
chb15,chb15_13,15,F4-C4,F4-C4
chb15,chb15_13,16,C4-P4,C4-P4
chb15,chb15_13,17,P4-O2,P4-O2
chb15,chb15_13,18,--3,--3
chb15,chb15_13,19,FP2-F8,FP2-F8
chb15,chb15_13,20,F8-T8,F8-T8
chb15,chb15_13,21,T8-P8-0,T8-P8-0
chb15,chb15_13,22,P8-O2,P8-O2
chb15,chb15_13,23,--4,--4
chb15,chb15_13,24,P7-T7,P7-T7
chb15,chb15_13,25,T7-FT9,T7-FT9
chb15,chb15_13,26,FT9-FT10,FT9-FT10
chb15,chb15_13,27,FT10-T8,FT10-T8
chb15,chb15_13,28,T8-P8-1,T8-P8-1
chb15,chb15_13,29,--5,--5
chb15,chb15_13,30,FC1-Ref,FC1
chb15,chb15_13,31,FC2-Ref,FC2
chb15,chb15_13,32,FC5-Ref,FC5
chb15,chb15_13,33,FC6-Ref,FC6
chb15,chb15_13,34,CP1-Ref,CP1
chb15,chb15_13,35,CP2-Ref,CP2
chb15,chb15_13,36,CP5-Ref,CP5
chb15,chb15_13,37,CP6-Ref,CP6
chb15,chb15_14,0,FP1-F7,FP1-F7
chb15,chb15_14,1,F7-T7,F7-T7
chb15,chb15_14,2,T7-P7,T7-P7
chb15,chb15_14,3,P7-O1,P7-O1
chb15,chb15_14,4,--0,--0
chb15,chb15_14,5,FP1-F3,FP1-F3
chb15,chb15_14,6,F3-C3,F3-C3
chb15,chb15_14,7,C3-P3,C3-P3
chb15,chb15_14,8,P3-O1,P3-O1
chb15,chb15_14,9,--1,--1
chb15,chb15_14,10,FZ-CZ,FZ-CZ
chb15,chb15_14,11,CZ-PZ,CZ-PZ
chb15,chb15_14,12,PZ-OZ,PZ-OZ
chb15,chb15_14,13,--2,--2
chb15,chb15_14,14,FP2-F4,FP2-F4
chb15,chb15_14,15,F4-C4,F4-C4
chb15,chb15_14,16,C4-P4,C4-P4
chb15,chb15_14,17,P4-O2,P4-O2
chb15,chb15_14,18,--3,--3
chb15,chb15_14,19,FP2-F8,FP2-F8
chb15,chb15_14,20,F8-T8,F8-T8
chb15,chb15_14,21,T8-P8-0,T8-P8-0
chb15,chb15_14,22,P8-O2,P8-O2
chb15,chb15_14,23,--4,--4
chb15,chb15_14,24,P7-T7,P7-T7
chb15,chb15_14,25,T7-FT9,T7-FT9
chb15,chb15_14,26,FT9-FT10,FT9-FT10
chb15,chb15_14,27,FT10-T8,FT10-T8
chb15,chb15_14,28,T8-P8-1,T8-P8-1
chb15,chb15_14,29,--5,--5
chb15,chb15_14,30,FC1-Ref,FC1
chb15,chb15_14,31,FC2-Ref,FC2
chb15,chb15_14,32,FC5-Ref,FC5
chb15,chb15_14,33,FC6-Ref,FC6
chb15,chb15_14,34,CP1-Ref,CP1
chb15,chb15_14,35,CP2-Ref,CP2
chb15,chb15_14,36,CP5-Ref,CP5
chb15,chb15_14,37,CP6-Ref,CP6
chb15,chb15_15,0,FP1-F7,FP1-F7
chb15,chb15_15,1,F7-T7,F7-T7
chb15,chb15_15,2,T7-P7,T7-P7
chb15,chb15_15,3,P7-O1,P7-O1
chb15,chb15_15,4,--0,--0
chb15,chb15_15,5,FP1-F3,FP1-F3
chb15,chb15_15,6,F3-C3,F3-C3
chb15,chb15_15,7,C3-P3,C3-P3
chb15,chb15_15,8,P3-O1,P3-O1
chb15,chb15_15,9,--1,--1
chb15,chb15_15,10,FZ-CZ,FZ-CZ
chb15,chb15_15,11,CZ-PZ,CZ-PZ
chb15,chb15_15,12,PZ-OZ,PZ-OZ
chb15,chb15_15,13,--2,--2
chb15,chb15_15,14,FP2-F4,FP2-F4
chb15,chb15_15,15,F4-C4,F4-C4
chb15,chb15_15,16,C4-P4,C4-P4
chb15,chb15_15,17,P4-O2,P4-O2
chb15,chb15_15,18,--3,--3
chb15,chb15_15,19,FP2-F8,FP2-F8
chb15,chb15_15,20,F8-T8,F8-T8
chb15,chb15_15,21,T8-P8-0,T8-P8-0
chb15,chb15_15,22,P8-O2,P8-O2
chb15,chb15_15,23,--4,--4
chb15,chb15_15,24,P7-T7,P7-T7
chb15,chb15_15,25,T7-FT9,T7-FT9
chb15,chb15_15,26,FT9-FT10,FT9-FT10
chb15,chb15_15,27,FT10-T8,FT10-T8
chb15,chb15_15,28,T8-P8-1,T8-P8-1
chb15,chb15_15,29,--5,--5
chb15,chb15_15,30,FC1-Ref,FC1
chb15,chb15_15,31,FC2-Ref,FC2
chb15,chb15_15,32,FC5-Ref,FC5
chb15,chb15_15,33,FC6-Ref,FC6
chb15,chb15_15,34,CP1-Ref,CP1
chb15,chb15_15,35,CP2-Ref,CP2
chb15,chb15_15,36,CP5-Ref,CP5
chb15,chb15_15,37,CP6-Ref,CP6
chb15,chb15_16,0,FP1-F7,FP1-F7
chb15,chb15_16,1,F7-T7,F7-T7
chb15,chb15_16,2,T7-P7,T7-P7
chb15,chb15_16,3,P7-O1,P7-O1
chb15,chb15_16,4,--0,--0
chb15,chb15_16,5,FP1-F3,FP1-F3
chb15,chb15_16,6,F3-C3,F3-C3
chb15,chb15_16,7,C3-P3,C3-P3
chb15,chb15_16,8,P3-O1,P3-O1
chb15,chb15_16,9,--1,--1
chb15,chb15_16,10,FZ-CZ,FZ-CZ
chb15,chb15_16,11,CZ-PZ,CZ-PZ
chb15,chb15_16,12,PZ-OZ,PZ-OZ
chb15,chb15_16,13,--2,--2
chb15,chb15_16,14,FP2-F4,FP2-F4
chb15,chb15_16,15,F4-C4,F4-C4
chb15,chb15_16,16,C4-P4,C4-P4
chb15,chb15_16,17,P4-O2,P4-O2
chb15,chb15_16,18,--3,--3
chb15,chb15_16,19,FP2-F8,FP2-F8
chb15,chb15_16,20,F8-T8,F8-T8
chb15,chb15_16,21,T8-P8-0,T8-P8-0
chb15,chb15_16,22,P8-O2,P8-O2
chb15,chb15_16,23,--4,--4
chb15,chb15_16,24,P7-T7,P7-T7
chb15,chb15_16,25,T7-FT9,T7-FT9
chb15,chb15_16,26,FT9-FT10,FT9-FT10
chb15,chb15_16,27,FT10-T8,FT10-T8
chb15,chb15_16,28,T8-P8-1,T8-P8-1
chb15,chb15_16,29,--5,--5
chb15,chb15_16,30,FC1-Ref,FC1
chb15,chb15_16,31,FC2-Ref,FC2
chb15,chb15_16,32,FC5-Ref,FC5
chb15,chb15_16,33,FC6-Ref,FC6
chb15,chb15_16,34,CP1-Ref,CP1
chb15,chb15_16,35,CP2-Ref,CP2
chb15,chb15_16,36,CP5-Ref,CP5
chb15,chb15_16,37,CP6-Ref,CP6
chb15,chb15_17,0,FP1-F7,FP1-F7
chb15,chb15_17,1,F7-T7,F7-T7
chb15,chb15_17,2,T7-P7,T7-P7
chb15,chb15_17,3,P7-O1,P7-O1
chb15,chb15_17,4,--0,--0
chb15,chb15_17,5,FP1-F3,FP1-F3
chb15,chb15_17,6,F3-C3,F3-C3
chb15,chb15_17,7,C3-P3,C3-P3
chb15,chb15_17,8,P3-O1,P3-O1
chb15,chb15_17,9,--1,--1
chb15,chb15_17,10,FZ-CZ,FZ-CZ
chb15,chb15_17,11,CZ-PZ,CZ-PZ
chb15,chb15_17,12,PZ-OZ,PZ-OZ
chb15,chb15_17,13,--2,--2
chb15,chb15_17,14,FP2-F4,FP2-F4
chb15,chb15_17,15,F4-C4,F4-C4
chb15,chb15_17,16,C4-P4,C4-P4
chb15,chb15_17,17,P4-O2,P4-O2
chb15,chb15_17,18,--3,--3
chb15,chb15_17,19,FP2-F8,FP2-F8
chb15,chb15_17,20,F8-T8,F8-T8
chb15,chb15_17,21,T8-P8-0,T8-P8-0
chb15,chb15_17,22,P8-O2,P8-O2
chb15,chb15_17,23,--4,--4
chb15,chb15_17,24,P7-T7,P7-T7
chb15,chb15_17,25,T7-FT9,T7-FT9
chb15,chb15_17,26,FT9-FT10,FT9-FT10
chb15,chb15_17,27,FT10-T8,FT10-T8
chb15,chb15_17,28,T8-P8-1,T8-P8-1
chb15,chb15_17,29,--5,--5
chb15,chb15_17,30,FC1-Ref,FC1
chb15,chb15_17,31,FC2-Ref,FC2
chb15,chb15_17,32,FC5-Ref,FC5
chb15,chb15_17,33,FC6-Ref,FC6
chb15,chb15_17,34,CP1-Ref,CP1
chb15,chb15_17,35,CP2-Ref,CP2
chb15,chb15_17,36,CP5-Ref,CP5
chb15,chb15_17,37,CP6-Ref,CP6
chb15,chb15_19,0,FP1-F7,FP1-F7
chb15,chb15_19,1,F7-T7,F7-T7
chb15,chb15_19,2,T7-P7,T7-P7
chb15,chb15_19,3,P7-O1,P7-O1
chb15,chb15_19,4,--0,--0
chb15,chb15_19,5,FP1-F3,FP1-F3
chb15,chb15_19,6,F3-C3,F3-C3
chb15,chb15_19,7,C3-P3,C3-P3
chb15,chb15_19,8,P3-O1,P3-O1
chb15,chb15_19,9,--1,--1
chb15,chb15_19,10,FZ-CZ,FZ-CZ
chb15,chb15_19,11,CZ-PZ,CZ-PZ
chb15,chb15_19,12,PZ-OZ,PZ-OZ
chb15,chb15_19,13,--2,--2
chb15,chb15_19,14,FP2-F4,FP2-F4
chb15,chb15_19,15,F4-C4,F4-C4
chb15,chb15_19,16,C4-P4,C4-P4
chb15,chb15_19,17,P4-O2,P4-O2
chb15,chb15_19,18,--3,--3
chb15,chb15_19,19,FP2-F8,FP2-F8
chb15,chb15_19,20,F8-T8,F8-T8
chb15,chb15_19,21,T8-P8-0,T8-P8-0
chb15,chb15_19,22,P8-O2,P8-O2
chb15,chb15_19,23,--4,--4
chb15,chb15_19,24,P7-T7,P7-T7
chb15,chb15_19,25,T7-FT9,T7-FT9
chb15,chb15_19,26,FT9-FT10,FT9-FT10
chb15,chb15_19,27,FT10-T8,FT10-T8
chb15,chb15_19,28,T8-P8-1,T8-P8-1
chb15,chb15_19,29,--5,--5
chb15,chb15_19,30,FC1-Ref,FC1
chb15,chb15_19,31,FC2-Ref,FC2
chb15,chb15_19,32,FC5-Ref,FC5
chb15,chb15_19,33,FC6-Ref,FC6
chb15,chb15_19,34,CP1-Ref,CP1
chb15,chb15_19,35,CP2-Ref,CP2
chb15,chb15_19,36,CP5-Ref,CP5
chb15,chb15_19,37,CP6-Ref,CP6
chb15,chb15_20,0,FP1-F7,FP1-F7
chb15,chb15_20,1,F7-T7,F7-T7
chb15,chb15_20,2,T7-P7,T7-P7
chb15,chb15_20,3,P7-O1,P7-O1
chb15,chb15_20,4,--0,--0
chb15,chb15_20,5,FP1-F3,FP1-F3
chb15,chb15_20,6,F3-C3,F3-C3
chb15,chb15_20,7,C3-P3,C3-P3
chb15,chb15_20,8,P3-O1,P3-O1
chb15,chb15_20,9,--1,--1
chb15,chb15_20,10,FZ-CZ,FZ-CZ
chb15,chb15_20,11,CZ-PZ,CZ-PZ
chb15,chb15_20,12,PZ-OZ,PZ-OZ
chb15,chb15_20,13,--2,--2
chb15,chb15_20,14,FP2-F4,FP2-F4
chb15,chb15_20,15,F4-C4,F4-C4
chb15,chb15_20,16,C4-P4,C4-P4
chb15,chb15_20,17,P4-O2,P4-O2
chb15,chb15_20,18,--3,--3
chb15,chb15_20,19,FP2-F8,FP2-F8
chb15,chb15_20,20,F8-T8,F8-T8
chb15,chb15_20,21,T8-P8-0,T8-P8-0
chb15,chb15_20,22,P8-O2,P8-O2
chb15,chb15_20,23,--4,--4
chb15,chb15_20,24,P7-T7,P7-T7
chb15,chb15_20,25,T7-FT9,T7-FT9
chb15,chb15_20,26,FT9-FT10,FT9-FT10
chb15,chb15_20,27,FT10-T8,FT10-T8
chb15,chb15_20,28,T8-P8-1,T8-P8-1
chb15,chb15_20,29,--5,--5
chb15,chb15_20,30,FC1-Ref,FC1
chb15,chb15_20,31,FC2-Ref,FC2
chb15,chb15_20,32,FC5-Ref,FC5
chb15,chb15_20,33,FC6-Ref,FC6
chb15,chb15_20,34,CP1-Ref,CP1
chb15,chb15_20,35,CP2-Ref,CP2
chb15,chb15_20,36,CP5-Ref,CP5
chb15,chb15_20,37,CP6-Ref,CP6
chb15,chb15_22,0,FP1-F7,FP1-F7
chb15,chb15_22,1,F7-T7,F7-T7
chb15,chb15_22,2,T7-P7,T7-P7
chb15,chb15_22,3,P7-O1,P7-O1
chb15,chb15_22,4,--0,--0
chb15,chb15_22,5,FP1-F3,FP1-F3
chb15,chb15_22,6,F3-C3,F3-C3
chb15,chb15_22,7,C3-P3,C3-P3
chb15,chb15_22,8,P3-O1,P3-O1
chb15,chb15_22,9,--1,--1
chb15,chb15_22,10,FZ-CZ,FZ-CZ
chb15,chb15_22,11,CZ-PZ,CZ-PZ
chb15,chb15_22,12,PZ-OZ,PZ-OZ
chb15,chb15_22,13,--2,--2
chb15,chb15_22,14,FP2-F4,FP2-F4
chb15,chb15_22,15,F4-C4,F4-C4
chb15,chb15_22,16,C4-P4,C4-P4
chb15,chb15_22,17,P4-O2,P4-O2
chb15,chb15_22,18,--3,--3
chb15,chb15_22,19,FP2-F8,FP2-F8
chb15,chb15_22,20,F8-T8,F8-T8
chb15,chb15_22,21,T8-P8-0,T8-P8-0
chb15,chb15_22,22,P8-O2,P8-O2
chb15,chb15_22,23,--4,--4
chb15,chb15_22,24,P7-T7,P7-T7
chb15,chb15_22,25,T7-FT9,T7-FT9
chb15,chb15_22,26,FT9-FT10,FT9-FT10
chb15,chb15_22,27,FT10-T8,FT10-T8
chb15,chb15_22,28,T8-P8-1,T8-P8-1
chb15,chb15_22,29,--5,--5
chb15,chb15_22,30,FC1-Ref,FC1
chb15,chb15_22,31,FC2-Ref,FC2
chb15,chb15_22,32,FC5-Ref,FC5
chb15,chb15_22,33,FC6-Ref,FC6
chb15,chb15_22,34,CP1-Ref,CP1
chb15,chb15_22,35,CP2-Ref,CP2
chb15,chb15_22,36,CP5-Ref,CP5
chb15,chb15_22,37,CP6-Ref,CP6
chb15,chb15_26,0,FP1-F7,FP1-F7
chb15,chb15_26,1,F7-T7,F7-T7
chb15,chb15_26,2,T7-P7,T7-P7
chb15,chb15_26,3,P7-O1,P7-O1
chb15,chb15_26,4,--0,--0
chb15,chb15_26,5,FP1-F3,FP1-F3
chb15,chb15_26,6,F3-C3,F3-C3
chb15,chb15_26,7,C3-P3,C3-P3
chb15,chb15_26,8,P3-O1,P3-O1
chb15,chb15_26,9,--1,--1
chb15,chb15_26,10,FZ-CZ,FZ-CZ
chb15,chb15_26,11,CZ-PZ,CZ-PZ
chb15,chb15_26,12,PZ-OZ,PZ-OZ
chb15,chb15_26,13,--2,--2
chb15,chb15_26,14,FP2-F4,FP2-F4
chb15,chb15_26,15,F4-C4,F4-C4
chb15,chb15_26,16,C4-P4,C4-P4
chb15,chb15_26,17,P4-O2,P4-O2
chb15,chb15_26,18,--3,--3
chb15,chb15_26,19,FP2-F8,FP2-F8
chb15,chb15_26,20,F8-T8,F8-T8
chb15,chb15_26,21,T8-P8-0,T8-P8-0
chb15,chb15_26,22,P8-O2,P8-O2
chb15,chb15_26,23,--4,--4
chb15,chb15_26,24,P7-T7,P7-T7
chb15,chb15_26,25,T7-FT9,T7-FT9
chb15,chb15_26,26,FT9-FT10,FT9-FT10
chb15,chb15_26,27,FT10-T8,FT10-T8
chb15,chb15_26,28,T8-P8-1,T8-P8-1
chb15,chb15_26,29,--5,--5
chb15,chb15_26,30,FC1-Ref,FC1
chb15,chb15_26,31,FC2-Ref,FC2
chb15,chb15_26,32,FC5-Ref,FC5
chb15,chb15_26,33,FC6-Ref,FC6
chb15,chb15_26,34,CP1-Ref,CP1
chb15,chb15_26,35,CP2-Ref,CP2
chb15,chb15_26,36,CP5-Ref,CP5
chb15,chb15_26,37,CP6-Ref,CP6
chb15,chb15_28,0,FP1-F7,FP1-F7
chb15,chb15_28,1,F7-T7,F7-T7
chb15,chb15_28,2,T7-P7,T7-P7
chb15,chb15_28,3,P7-O1,P7-O1
chb15,chb15_28,4,--0,--0
chb15,chb15_28,5,FP1-F3,FP1-F3
chb15,chb15_28,6,F3-C3,F3-C3
chb15,chb15_28,7,C3-P3,C3-P3
chb15,chb15_28,8,P3-O1,P3-O1
chb15,chb15_28,9,--1,--1
chb15,chb15_28,10,FZ-CZ,FZ-CZ
chb15,chb15_28,11,CZ-PZ,CZ-PZ
chb15,chb15_28,12,PZ-OZ,PZ-OZ
chb15,chb15_28,13,--2,--2
chb15,chb15_28,14,FP2-F4,FP2-F4
chb15,chb15_28,15,F4-C4,F4-C4
chb15,chb15_28,16,C4-P4,C4-P4
chb15,chb15_28,17,P4-O2,P4-O2
chb15,chb15_28,18,--3,--3
chb15,chb15_28,19,FP2-F8,FP2-F8
chb15,chb15_28,20,F8-T8,F8-T8
chb15,chb15_28,21,T8-P8-0,T8-P8-0
chb15,chb15_28,22,P8-O2,P8-O2
chb15,chb15_28,23,--4,--4
chb15,chb15_28,24,P7-T7,P7-T7
chb15,chb15_28,25,T7-FT9,T7-FT9
chb15,chb15_28,26,FT9-FT10,FT9-FT10
chb15,chb15_28,27,FT10-T8,FT10-T8
chb15,chb15_28,28,T8-P8-1,T8-P8-1
chb15,chb15_28,29,--5,--5
chb15,chb15_28,30,FC1-Ref,FC1
chb15,chb15_28,31,FC2-Ref,FC2
chb15,chb15_28,32,FC5-Ref,FC5
chb15,chb15_28,33,FC6-Ref,FC6
chb15,chb15_28,34,CP1-Ref,CP1
chb15,chb15_28,35,CP2-Ref,CP2
chb15,chb15_28,36,CP5-Ref,CP5
chb15,chb15_28,37,CP6-Ref,CP6
chb15,chb15_29,0,FP1-F7,FP1-F7
chb15,chb15_29,1,F7-T7,F7-T7
chb15,chb15_29,2,T7-P7,T7-P7
chb15,chb15_29,3,P7-O1,P7-O1
chb15,chb15_29,4,--0,--0
chb15,chb15_29,5,FP1-F3,FP1-F3
chb15,chb15_29,6,F3-C3,F3-C3
chb15,chb15_29,7,C3-P3,C3-P3
chb15,chb15_29,8,P3-O1,P3-O1
chb15,chb15_29,9,--1,--1
chb15,chb15_29,10,FZ-CZ,FZ-CZ
chb15,chb15_29,11,CZ-PZ,CZ-PZ
chb15,chb15_29,12,PZ-OZ,PZ-OZ
chb15,chb15_29,13,--2,--2
chb15,chb15_29,14,FP2-F4,FP2-F4
chb15,chb15_29,15,F4-C4,F4-C4
chb15,chb15_29,16,C4-P4,C4-P4
chb15,chb15_29,17,P4-O2,P4-O2
chb15,chb15_29,18,--3,--3
chb15,chb15_29,19,FP2-F8,FP2-F8
chb15,chb15_29,20,F8-T8,F8-T8
chb15,chb15_29,21,T8-P8-0,T8-P8-0
chb15,chb15_29,22,P8-O2,P8-O2
chb15,chb15_29,23,--4,--4
chb15,chb15_29,24,P7-T7,P7-T7
chb15,chb15_29,25,T7-FT9,T7-FT9
chb15,chb15_29,26,FT9-FT10,FT9-FT10
chb15,chb15_29,27,FT10-T8,FT10-T8
chb15,chb15_29,28,T8-P8-1,T8-P8-1
chb15,chb15_29,29,--5,--5
chb15,chb15_29,30,FC1-Ref,FC1
chb15,chb15_29,31,FC2-Ref,FC2
chb15,chb15_29,32,FC5-Ref,FC5
chb15,chb15_29,33,FC6-Ref,FC6
chb15,chb15_29,34,CP1-Ref,CP1
chb15,chb15_29,35,CP2-Ref,CP2
chb15,chb15_29,36,CP5-Ref,CP5
chb15,chb15_29,37,CP6-Ref,CP6
chb15,chb15_30,0,FP1-F7,FP1-F7
chb15,chb15_30,1,F7-T7,F7-T7
chb15,chb15_30,2,T7-P7,T7-P7
chb15,chb15_30,3,P7-O1,P7-O1
chb15,chb15_30,4,--0,--0
chb15,chb15_30,5,FP1-F3,FP1-F3
chb15,chb15_30,6,F3-C3,F3-C3
chb15,chb15_30,7,C3-P3,C3-P3
chb15,chb15_30,8,P3-O1,P3-O1
chb15,chb15_30,9,--1,--1
chb15,chb15_30,10,FZ-CZ,FZ-CZ
chb15,chb15_30,11,CZ-PZ,CZ-PZ
chb15,chb15_30,12,PZ-OZ,PZ-OZ
chb15,chb15_30,13,--2,--2
chb15,chb15_30,14,FP2-F4,FP2-F4
chb15,chb15_30,15,F4-C4,F4-C4
chb15,chb15_30,16,C4-P4,C4-P4
chb15,chb15_30,17,P4-O2,P4-O2
chb15,chb15_30,18,--3,--3
chb15,chb15_30,19,FP2-F8,FP2-F8
chb15,chb15_30,20,F8-T8,F8-T8
chb15,chb15_30,21,T8-P8-0,T8-P8-0
chb15,chb15_30,22,P8-O2,P8-O2
chb15,chb15_30,23,--4,--4
chb15,chb15_30,24,P7-T7,P7-T7
chb15,chb15_30,25,T7-FT9,T7-FT9
chb15,chb15_30,26,FT9-FT10,FT9-FT10
chb15,chb15_30,27,FT10-T8,FT10-T8
chb15,chb15_30,28,T8-P8-1,T8-P8-1
chb15,chb15_30,29,--5,--5
chb15,chb15_30,30,FC1-Ref,FC1
chb15,chb15_30,31,FC2-Ref,FC2
chb15,chb15_30,32,FC5-Ref,FC5
chb15,chb15_30,33,FC6-Ref,FC6
chb15,chb15_30,34,CP1-Ref,CP1
chb15,chb15_30,35,CP2-Ref,CP2
chb15,chb15_30,36,CP5-Ref,CP5
chb15,chb15_30,37,CP6-Ref,CP6
chb15,chb15_31,0,FP1-F7,FP1-F7
chb15,chb15_31,1,F7-T7,F7-T7
chb15,chb15_31,2,T7-P7,T7-P7
chb15,chb15_31,3,P7-O1,P7-O1
chb15,chb15_31,4,--0,--0
chb15,chb15_31,5,FP1-F3,FP1-F3
chb15,chb15_31,6,F3-C3,F3-C3
chb15,chb15_31,7,C3-P3,C3-P3
chb15,chb15_31,8,P3-O1,P3-O1
chb15,chb15_31,9,--1,--1
chb15,chb15_31,10,FZ-CZ,FZ-CZ
chb15,chb15_31,11,CZ-PZ,CZ-PZ
chb15,chb15_31,12,PZ-OZ,PZ-OZ
chb15,chb15_31,13,--2,--2
chb15,chb15_31,14,FP2-F4,FP2-F4
chb15,chb15_31,15,F4-C4,F4-C4
chb15,chb15_31,16,C4-P4,C4-P4
chb15,chb15_31,17,P4-O2,P4-O2
chb15,chb15_31,18,--3,--3
chb15,chb15_31,19,FP2-F8,FP2-F8
chb15,chb15_31,20,F8-T8,F8-T8
chb15,chb15_31,21,T8-P8-0,T8-P8-0
chb15,chb15_31,22,P8-O2,P8-O2
chb15,chb15_31,23,--4,--4
chb15,chb15_31,24,P7-T7,P7-T7
chb15,chb15_31,25,T7-FT9,T7-FT9
chb15,chb15_31,26,FT9-FT10,FT9-FT10
chb15,chb15_31,27,FT10-T8,FT10-T8
chb15,chb15_31,28,T8-P8-1,T8-P8-1
chb15,chb15_31,29,--5,--5
chb15,chb15_31,30,FC1-Ref,FC1
chb15,chb15_31,31,FC2-Ref,FC2
chb15,chb15_31,32,FC5-Ref,FC5
chb15,chb15_31,33,FC6-Ref,FC6
chb15,chb15_31,34,CP1-Ref,CP1
chb15,chb15_31,35,CP2-Ref,CP2
chb15,chb15_31,36,CP5-Ref,CP5
chb15,chb15_31,37,CP6-Ref,CP6
chb15,chb15_32,0,FP1-F7,FP1-F7
chb15,chb15_32,1,F7-T7,F7-T7
chb15,chb15_32,2,T7-P7,T7-P7
chb15,chb15_32,3,P7-O1,P7-O1
chb15,chb15_32,4,--0,--0
chb15,chb15_32,5,FP1-F3,FP1-F3
chb15,chb15_32,6,F3-C3,F3-C3
chb15,chb15_32,7,C3-P3,C3-P3
chb15,chb15_32,8,P3-O1,P3-O1
chb15,chb15_32,9,--1,--1
chb15,chb15_32,10,FZ-CZ,FZ-CZ
chb15,chb15_32,11,CZ-PZ,CZ-PZ
chb15,chb15_32,12,PZ-OZ,PZ-OZ
chb15,chb15_32,13,--2,--2
chb15,chb15_32,14,FP2-F4,FP2-F4
chb15,chb15_32,15,F4-C4,F4-C4
chb15,chb15_32,16,C4-P4,C4-P4
chb15,chb15_32,17,P4-O2,P4-O2
chb15,chb15_32,18,--3,--3
chb15,chb15_32,19,FP2-F8,FP2-F8
chb15,chb15_32,20,F8-T8,F8-T8
chb15,chb15_32,21,T8-P8-0,T8-P8-0
chb15,chb15_32,22,P8-O2,P8-O2
chb15,chb15_32,23,--4,--4
chb15,chb15_32,24,P7-T7,P7-T7
chb15,chb15_32,25,T7-FT9,T7-FT9
chb15,chb15_32,26,FT9-FT10,FT9-FT10
chb15,chb15_32,27,FT10-T8,FT10-T8
chb15,chb15_32,28,T8-P8-1,T8-P8-1
chb15,chb15_32,29,--5,--5
chb15,chb15_32,30,FC1-Ref,FC1
chb15,chb15_32,31,FC2-Ref,FC2
chb15,chb15_32,32,FC5-Ref,FC5
chb15,chb15_32,33,FC6-Ref,FC6
chb15,chb15_32,34,CP1-Ref,CP1
chb15,chb15_32,35,CP2-Ref,CP2
chb15,chb15_32,36,CP5-Ref,CP5
chb15,chb15_32,37,CP6-Ref,CP6
chb15,chb15_33,0,FP1-F7,FP1-F7
chb15,chb15_33,1,F7-T7,F7-T7
chb15,chb15_33,2,T7-P7,T7-P7
chb15,chb15_33,3,P7-O1,P7-O1
chb15,chb15_33,4,--0,--0
chb15,chb15_33,5,FP1-F3,FP1-F3
chb15,chb15_33,6,F3-C3,F3-C3
chb15,chb15_33,7,C3-P3,C3-P3
chb15,chb15_33,8,P3-O1,P3-O1
chb15,chb15_33,9,--1,--1
chb15,chb15_33,10,FZ-CZ,FZ-CZ
chb15,chb15_33,11,CZ-PZ,CZ-PZ
chb15,chb15_33,12,PZ-OZ,PZ-OZ
chb15,chb15_33,13,--2,--2
chb15,chb15_33,14,FP2-F4,FP2-F4
chb15,chb15_33,15,F4-C4,F4-C4
chb15,chb15_33,16,C4-P4,C4-P4
chb15,chb15_33,17,P4-O2,P4-O2
chb15,chb15_33,18,--3,--3
chb15,chb15_33,19,FP2-F8,FP2-F8
chb15,chb15_33,20,F8-T8,F8-T8
chb15,chb15_33,21,T8-P8-0,T8-P8-0
chb15,chb15_33,22,P8-O2,P8-O2
chb15,chb15_33,23,--4,--4
chb15,chb15_33,24,P7-T7,P7-T7
chb15,chb15_33,25,T7-FT9,T7-FT9
chb15,chb15_33,26,FT9-FT10,FT9-FT10
chb15,chb15_33,27,FT10-T8,FT10-T8
chb15,chb15_33,28,T8-P8-1,T8-P8-1
chb15,chb15_33,29,--5,--5
chb15,chb15_33,30,FC1-Ref,FC1
chb15,chb15_33,31,FC2-Ref,FC2
chb15,chb15_33,32,FC5-Ref,FC5
chb15,chb15_33,33,FC6-Ref,FC6
chb15,chb15_33,34,CP1-Ref,CP1
chb15,chb15_33,35,CP2-Ref,CP2
chb15,chb15_33,36,CP5-Ref,CP5
chb15,chb15_33,37,CP6-Ref,CP6
chb15,chb15_35,0,FP1-F7,FP1-F7
chb15,chb15_35,1,F7-T7,F7-T7
chb15,chb15_35,2,T7-P7,T7-P7
chb15,chb15_35,3,P7-O1,P7-O1
chb15,chb15_35,4,--0,--0
chb15,chb15_35,5,FP1-F3,FP1-F3
chb15,chb15_35,6,F3-C3,F3-C3
chb15,chb15_35,7,C3-P3,C3-P3
chb15,chb15_35,8,P3-O1,P3-O1
chb15,chb15_35,9,--1,--1
chb15,chb15_35,10,FZ-CZ,FZ-CZ
chb15,chb15_35,11,CZ-PZ,CZ-PZ
chb15,chb15_35,12,PZ-OZ,PZ-OZ
chb15,chb15_35,13,--2,--2
chb15,chb15_35,14,FP2-F4,FP2-F4
chb15,chb15_35,15,F4-C4,F4-C4
chb15,chb15_35,16,C4-P4,C4-P4
chb15,chb15_35,17,P4-O2,P4-O2
chb15,chb15_35,18,--3,--3
chb15,chb15_35,19,FP2-F8,FP2-F8
chb15,chb15_35,20,F8-T8,F8-T8
chb15,chb15_35,21,T8-P8-0,T8-P8-0
chb15,chb15_35,22,P8-O2,P8-O2
chb15,chb15_35,23,--4,--4
chb15,chb15_35,24,P7-T7,P7-T7
chb15,chb15_35,25,T7-FT9,T7-FT9
chb15,chb15_35,26,FT9-FT10,FT9-FT10
chb15,chb15_35,27,FT10-T8,FT10-T8
chb15,chb15_35,28,T8-P8-1,T8-P8-1
chb15,chb15_35,29,--5,--5
chb15,chb15_35,30,FC1-Ref,FC1
chb15,chb15_35,31,FC2-Ref,FC2
chb15,chb15_35,32,FC5-Ref,FC5
chb15,chb15_35,33,FC6-Ref,FC6
chb15,chb15_35,34,CP1-Ref,CP1
chb15,chb15_35,35,CP2-Ref,CP2
chb15,chb15_35,36,CP5-Ref,CP5
chb15,chb15_35,37,CP6-Ref,CP6
chb15,chb15_37,0,FP1-F7,FP1-F7
chb15,chb15_37,1,F7-T7,F7-T7
chb15,chb15_37,2,T7-P7,T7-P7
chb15,chb15_37,3,P7-O1,P7-O1
chb15,chb15_37,4,--0,--0
chb15,chb15_37,5,FP1-F3,FP1-F3
chb15,chb15_37,6,F3-C3,F3-C3
chb15,chb15_37,7,C3-P3,C3-P3
chb15,chb15_37,8,P3-O1,P3-O1
chb15,chb15_37,9,--1,--1
chb15,chb15_37,10,FZ-CZ,FZ-CZ
chb15,chb15_37,11,CZ-PZ,CZ-PZ
chb15,chb15_37,12,PZ-OZ,PZ-OZ
chb15,chb15_37,13,--2,--2
chb15,chb15_37,14,FP2-F4,FP2-F4
chb15,chb15_37,15,F4-C4,F4-C4
chb15,chb15_37,16,C4-P4,C4-P4
chb15,chb15_37,17,P4-O2,P4-O2
chb15,chb15_37,18,--3,--3
chb15,chb15_37,19,FP2-F8,FP2-F8
chb15,chb15_37,20,F8-T8,F8-T8
chb15,chb15_37,21,T8-P8-0,T8-P8-0
chb15,chb15_37,22,P8-O2,P8-O2
chb15,chb15_37,23,--4,--4
chb15,chb15_37,24,P7-T7,P7-T7
chb15,chb15_37,25,T7-FT9,T7-FT9
chb15,chb15_37,26,FT9-FT10,FT9-FT10
chb15,chb15_37,27,FT10-T8,FT10-T8
chb15,chb15_37,28,T8-P8-1,T8-P8-1
chb15,chb15_37,29,--5,--5
chb15,chb15_37,30,FC1-Ref,FC1
chb15,chb15_37,31,FC2-Ref,FC2
chb15,chb15_37,32,FC5-Ref,FC5
chb15,chb15_37,33,FC6-Ref,FC6
chb15,chb15_37,34,CP1-Ref,CP1
chb15,chb15_37,35,CP2-Ref,CP2
chb15,chb15_37,36,CP5-Ref,CP5
chb15,chb15_37,37,CP6-Ref,CP6
chb15,chb15_40,0,FP1-F7,FP1-F7
chb15,chb15_40,1,F7-T7,F7-T7
chb15,chb15_40,2,T7-P7,T7-P7
chb15,chb15_40,3,P7-O1,P7-O1
chb15,chb15_40,4,--0,--0
chb15,chb15_40,5,FP1-F3,FP1-F3
chb15,chb15_40,6,F3-C3,F3-C3
chb15,chb15_40,7,C3-P3,C3-P3
chb15,chb15_40,8,P3-O1,P3-O1
chb15,chb15_40,9,--1,--1
chb15,chb15_40,10,FZ-CZ,FZ-CZ
chb15,chb15_40,11,CZ-PZ,CZ-PZ
chb15,chb15_40,12,PZ-OZ,PZ-OZ
chb15,chb15_40,13,--2,--2
chb15,chb15_40,14,FP2-F4,FP2-F4
chb15,chb15_40,15,F4-C4,F4-C4
chb15,chb15_40,16,C4-P4,C4-P4
chb15,chb15_40,17,P4-O2,P4-O2
chb15,chb15_40,18,--3,--3
chb15,chb15_40,19,FP2-F8,FP2-F8
chb15,chb15_40,20,F8-T8,F8-T8
chb15,chb15_40,21,T8-P8-0,T8-P8-0
chb15,chb15_40,22,P8-O2,P8-O2
chb15,chb15_40,23,--4,--4
chb15,chb15_40,24,P7-T7,P7-T7
chb15,chb15_40,25,T7-FT9,T7-FT9
chb15,chb15_40,26,FT9-FT10,FT9-FT10
chb15,chb15_40,27,FT10-T8,FT10-T8
chb15,chb15_40,28,T8-P8-1,T8-P8-1
chb15,chb15_40,29,--5,--5
chb15,chb15_40,30,FC1-Ref,FC1
chb15,chb15_40,31,FC2-Ref,FC2
chb15,chb15_40,32,FC5-Ref,FC5
chb15,chb15_40,33,FC6-Ref,FC6
chb15,chb15_40,34,CP1-Ref,CP1
chb15,chb15_40,35,CP2-Ref,CP2
chb15,chb15_40,36,CP5-Ref,CP5
chb15,chb15_40,37,CP6-Ref,CP6
chb15,chb15_45,0,FP1-F7,FP1-F7
chb15,chb15_45,1,F7-T7,F7-T7
chb15,chb15_45,2,T7-P7,T7-P7
chb15,chb15_45,3,P7-O1,P7-O1
chb15,chb15_45,4,--0,--0
chb15,chb15_45,5,FP1-F3,FP1-F3
chb15,chb15_45,6,F3-C3,F3-C3
chb15,chb15_45,7,C3-P3,C3-P3
chb15,chb15_45,8,P3-O1,P3-O1
chb15,chb15_45,9,--1,--1
chb15,chb15_45,10,FZ-CZ,FZ-CZ
chb15,chb15_45,11,CZ-PZ,CZ-PZ
chb15,chb15_45,12,PZ-OZ,PZ-OZ
chb15,chb15_45,13,--2,--2
chb15,chb15_45,14,FP2-F4,FP2-F4
chb15,chb15_45,15,F4-C4,F4-C4
chb15,chb15_45,16,C4-P4,C4-P4
chb15,chb15_45,17,P4-O2,P4-O2
chb15,chb15_45,18,--3,--3
chb15,chb15_45,19,FP2-F8,FP2-F8
chb15,chb15_45,20,F8-T8,F8-T8
chb15,chb15_45,21,T8-P8-0,T8-P8-0
chb15,chb15_45,22,P8-O2,P8-O2
chb15,chb15_45,23,--4,--4
chb15,chb15_45,24,P7-T7,P7-T7
chb15,chb15_45,25,T7-FT9,T7-FT9
chb15,chb15_45,26,FT9-FT10,FT9-FT10
chb15,chb15_45,27,FT10-T8,FT10-T8
chb15,chb15_45,28,T8-P8-1,T8-P8-1
chb15,chb15_45,29,--5,--5
chb15,chb15_45,30,FC1-Ref,FC1
chb15,chb15_45,31,FC2-Ref,FC2
chb15,chb15_45,32,FC5-Ref,FC5
chb15,chb15_45,33,FC6-Ref,FC6
chb15,chb15_45,34,CP1-Ref,CP1
chb15,chb15_45,35,CP2-Ref,CP2
chb15,chb15_45,36,CP5-Ref,CP5
chb15,chb15_45,37,CP6-Ref,CP6
chb15,chb15_46,0,FP1-F7,FP1-F7
chb15,chb15_46,1,F7-T7,F7-T7
chb15,chb15_46,2,T7-P7,T7-P7
chb15,chb15_46,3,P7-O1,P7-O1
chb15,chb15_46,4,--0,--0
chb15,chb15_46,5,FP1-F3,FP1-F3
chb15,chb15_46,6,F3-C3,F3-C3
chb15,chb15_46,7,C3-P3,C3-P3
chb15,chb15_46,8,P3-O1,P3-O1
chb15,chb15_46,9,--1,--1
chb15,chb15_46,10,FZ-CZ,FZ-CZ
chb15,chb15_46,11,CZ-PZ,CZ-PZ
chb15,chb15_46,12,PZ-OZ,PZ-OZ
chb15,chb15_46,13,--2,--2
chb15,chb15_46,14,FP2-F4,FP2-F4
chb15,chb15_46,15,F4-C4,F4-C4
chb15,chb15_46,16,C4-P4,C4-P4
chb15,chb15_46,17,P4-O2,P4-O2
chb15,chb15_46,18,--3,--3
chb15,chb15_46,19,FP2-F8,FP2-F8
chb15,chb15_46,20,F8-T8,F8-T8
chb15,chb15_46,21,T8-P8-0,T8-P8-0
chb15,chb15_46,22,P8-O2,P8-O2
chb15,chb15_46,23,--4,--4
chb15,chb15_46,24,P7-T7,P7-T7
chb15,chb15_46,25,T7-FT9,T7-FT9
chb15,chb15_46,26,FT9-FT10,FT9-FT10
chb15,chb15_46,27,FT10-T8,FT10-T8
chb15,chb15_46,28,T8-P8-1,T8-P8-1
chb15,chb15_46,29,--5,--5
chb15,chb15_46,30,FC1-Ref,FC1
chb15,chb15_46,31,FC2-Ref,FC2
chb15,chb15_46,32,FC5-Ref,FC5
chb15,chb15_46,33,FC6-Ref,FC6
chb15,chb15_46,34,CP1-Ref,CP1
chb15,chb15_46,35,CP2-Ref,CP2
chb15,chb15_46,36,CP5-Ref,CP5
chb15,chb15_46,37,CP6-Ref,CP6
chb15,chb15_49,0,FP1-F7,FP1-F7
chb15,chb15_49,1,F7-T7,F7-T7
chb15,chb15_49,2,T7-P7,T7-P7
chb15,chb15_49,3,P7-O1,P7-O1
chb15,chb15_49,4,--0,--0
chb15,chb15_49,5,FP1-F3,FP1-F3
chb15,chb15_49,6,F3-C3,F3-C3
chb15,chb15_49,7,C3-P3,C3-P3
chb15,chb15_49,8,P3-O1,P3-O1
chb15,chb15_49,9,--1,--1
chb15,chb15_49,10,FZ-CZ,FZ-CZ
chb15,chb15_49,11,CZ-PZ,CZ-PZ
chb15,chb15_49,12,PZ-OZ,PZ-OZ
chb15,chb15_49,13,--2,--2
chb15,chb15_49,14,FP2-F4,FP2-F4
chb15,chb15_49,15,F4-C4,F4-C4
chb15,chb15_49,16,C4-P4,C4-P4
chb15,chb15_49,17,P4-O2,P4-O2
chb15,chb15_49,18,--3,--3
chb15,chb15_49,19,FP2-F8,FP2-F8
chb15,chb15_49,20,F8-T8,F8-T8
chb15,chb15_49,21,T8-P8-0,T8-P8-0
chb15,chb15_49,22,P8-O2,P8-O2
chb15,chb15_49,23,--4,--4
chb15,chb15_49,24,P7-T7,P7-T7
chb15,chb15_49,25,T7-FT9,T7-FT9
chb15,chb15_49,26,FT9-FT10,FT9-FT10
chb15,chb15_49,27,FT10-T8,FT10-T8
chb15,chb15_49,28,T8-P8-1,T8-P8-1
chb15,chb15_49,29,--5,--5
chb15,chb15_49,30,FC1-Ref,FC1
chb15,chb15_49,31,FC2-Ref,FC2
chb15,chb15_49,32,FC5-Ref,FC5
chb15,chb15_49,33,FC6-Ref,FC6
chb15,chb15_49,34,CP1-Ref,CP1
chb15,chb15_49,35,CP2-Ref,CP2
chb15,chb15_49,36,CP5-Ref,CP5
chb15,chb15_49,37,CP6-Ref,CP6
chb15,chb15_50,0,FP1-F7,FP1-F7
chb15,chb15_50,1,F7-T7,F7-T7
chb15,chb15_50,2,T7-P7,T7-P7
chb15,chb15_50,3,P7-O1,P7-O1
chb15,chb15_50,4,--0,--0
chb15,chb15_50,5,FP1-F3,FP1-F3
chb15,chb15_50,6,F3-C3,F3-C3
chb15,chb15_50,7,C3-P3,C3-P3
chb15,chb15_50,8,P3-O1,P3-O1
chb15,chb15_50,9,--1,--1
chb15,chb15_50,10,FZ-CZ,FZ-CZ
chb15,chb15_50,11,CZ-PZ,CZ-PZ
chb15,chb15_50,12,PZ-OZ,PZ-OZ
chb15,chb15_50,13,--2,--2
chb15,chb15_50,14,FP2-F4,FP2-F4
chb15,chb15_50,15,F4-C4,F4-C4
chb15,chb15_50,16,C4-P4,C4-P4
chb15,chb15_50,17,P4-O2,P4-O2
chb15,chb15_50,18,--3,--3
chb15,chb15_50,19,FP2-F8,FP2-F8
chb15,chb15_50,20,F8-T8,F8-T8
chb15,chb15_50,21,T8-P8-0,T8-P8-0
chb15,chb15_50,22,P8-O2,P8-O2
chb15,chb15_50,23,--4,--4
chb15,chb15_50,24,P7-T7,P7-T7
chb15,chb15_50,25,T7-FT9,T7-FT9
chb15,chb15_50,26,FT9-FT10,FT9-FT10
chb15,chb15_50,27,FT10-T8,FT10-T8
chb15,chb15_50,28,T8-P8-1,T8-P8-1
chb15,chb15_50,29,--5,--5
chb15,chb15_50,30,FC1-Ref,FC1
chb15,chb15_50,31,FC2-Ref,FC2
chb15,chb15_50,32,FC5-Ref,FC5
chb15,chb15_50,33,FC6-Ref,FC6
chb15,chb15_50,34,CP1-Ref,CP1
chb15,chb15_50,35,CP2-Ref,CP2
chb15,chb15_50,36,CP5-Ref,CP5
chb15,chb15_50,37,CP6-Ref,CP6
chb15,chb15_51,0,FP1-F7,FP1-F7
chb15,chb15_51,1,F7-T7,F7-T7
chb15,chb15_51,2,T7-P7,T7-P7
chb15,chb15_51,3,P7-O1,P7-O1
chb15,chb15_51,4,--0,--0
chb15,chb15_51,5,FP1-F3,FP1-F3
chb15,chb15_51,6,F3-C3,F3-C3
chb15,chb15_51,7,C3-P3,C3-P3
chb15,chb15_51,8,P3-O1,P3-O1
chb15,chb15_51,9,--1,--1
chb15,chb15_51,10,FZ-CZ,FZ-CZ
chb15,chb15_51,11,CZ-PZ,CZ-PZ
chb15,chb15_51,12,PZ-OZ,PZ-OZ
chb15,chb15_51,13,--2,--2
chb15,chb15_51,14,FP2-F4,FP2-F4
chb15,chb15_51,15,F4-C4,F4-C4
chb15,chb15_51,16,C4-P4,C4-P4
chb15,chb15_51,17,P4-O2,P4-O2
chb15,chb15_51,18,--3,--3
chb15,chb15_51,19,FP2-F8,FP2-F8
chb15,chb15_51,20,F8-T8,F8-T8
chb15,chb15_51,21,T8-P8-0,T8-P8-0
chb15,chb15_51,22,P8-O2,P8-O2
chb15,chb15_51,23,--4,--4
chb15,chb15_51,24,P7-T7,P7-T7
chb15,chb15_51,25,T7-FT9,T7-FT9
chb15,chb15_51,26,FT9-FT10,FT9-FT10
chb15,chb15_51,27,FT10-T8,FT10-T8
chb15,chb15_51,28,T8-P8-1,T8-P8-1
chb15,chb15_51,29,--5,--5
chb15,chb15_51,30,FC1-Ref,FC1
chb15,chb15_51,31,FC2-Ref,FC2
chb15,chb15_51,32,FC5-Ref,FC5
chb15,chb15_51,33,FC6-Ref,FC6
chb15,chb15_51,34,CP1-Ref,CP1
chb15,chb15_51,35,CP2-Ref,CP2
chb15,chb15_51,36,CP5-Ref,CP5
chb15,chb15_51,37,CP6-Ref,CP6
chb15,chb15_52,0,FP1-F7,FP1-F7
chb15,chb15_52,1,F7-T7,F7-T7
chb15,chb15_52,2,T7-P7,T7-P7
chb15,chb15_52,3,P7-O1,P7-O1
chb15,chb15_52,4,--0,--0
chb15,chb15_52,5,FP1-F3,FP1-F3
chb15,chb15_52,6,F3-C3,F3-C3
chb15,chb15_52,7,C3-P3,C3-P3
chb15,chb15_52,8,P3-O1,P3-O1
chb15,chb15_52,9,--1,--1
chb15,chb15_52,10,FZ-CZ,FZ-CZ
chb15,chb15_52,11,CZ-PZ,CZ-PZ
chb15,chb15_52,12,PZ-OZ,PZ-OZ
chb15,chb15_52,13,--2,--2
chb15,chb15_52,14,FP2-F4,FP2-F4
chb15,chb15_52,15,F4-C4,F4-C4
chb15,chb15_52,16,C4-P4,C4-P4
chb15,chb15_52,17,P4-O2,P4-O2
chb15,chb15_52,18,--3,--3
chb15,chb15_52,19,FP2-F8,FP2-F8
chb15,chb15_52,20,F8-T8,F8-T8
chb15,chb15_52,21,T8-P8-0,T8-P8-0
chb15,chb15_52,22,P8-O2,P8-O2
chb15,chb15_52,23,--4,--4
chb15,chb15_52,24,P7-T7,P7-T7
chb15,chb15_52,25,T7-FT9,T7-FT9
chb15,chb15_52,26,FT9-FT10,FT9-FT10
chb15,chb15_52,27,FT10-T8,FT10-T8
chb15,chb15_52,28,T8-P8-1,T8-P8-1
chb15,chb15_52,29,--5,--5
chb15,chb15_52,30,FC1-Ref,FC1
chb15,chb15_52,31,FC2-Ref,FC2
chb15,chb15_52,32,FC5-Ref,FC5
chb15,chb15_52,33,FC6-Ref,FC6
chb15,chb15_52,34,CP1-Ref,CP1
chb15,chb15_52,35,CP2-Ref,CP2
chb15,chb15_52,36,CP5-Ref,CP5
chb15,chb15_52,37,CP6-Ref,CP6
chb15,chb15_54,0,FP1-F7,FP1-F7
chb15,chb15_54,1,F7-T7,F7-T7
chb15,chb15_54,2,T7-P7,T7-P7
chb15,chb15_54,3,P7-O1,P7-O1
chb15,chb15_54,4,--0,--0
chb15,chb15_54,5,FP1-F3,FP1-F3
chb15,chb15_54,6,F3-C3,F3-C3
chb15,chb15_54,7,C3-P3,C3-P3
chb15,chb15_54,8,P3-O1,P3-O1
chb15,chb15_54,9,--1,--1
chb15,chb15_54,10,FZ-CZ,FZ-CZ
chb15,chb15_54,11,CZ-PZ,CZ-PZ
chb15,chb15_54,12,PZ-OZ,PZ-OZ
chb15,chb15_54,13,--2,--2
chb15,chb15_54,14,FP2-F4,FP2-F4
chb15,chb15_54,15,F4-C4,F4-C4
chb15,chb15_54,16,C4-P4,C4-P4
chb15,chb15_54,17,P4-O2,P4-O2
chb15,chb15_54,18,--3,--3
chb15,chb15_54,19,FP2-F8,FP2-F8
chb15,chb15_54,20,F8-T8,F8-T8
chb15,chb15_54,21,T8-P8-0,T8-P8-0
chb15,chb15_54,22,P8-O2,P8-O2
chb15,chb15_54,23,--4,--4
chb15,chb15_54,24,P7-T7,P7-T7
chb15,chb15_54,25,T7-FT9,T7-FT9
chb15,chb15_54,26,FT9-FT10,FT9-FT10
chb15,chb15_54,27,FT10-T8,FT10-T8
chb15,chb15_54,28,T8-P8-1,T8-P8-1
chb15,chb15_54,29,--5,--5
chb15,chb15_54,30,FC1-Ref,FC1
chb15,chb15_54,31,FC2-Ref,FC2
chb15,chb15_54,32,FC5-Ref,FC5
chb15,chb15_54,33,FC6-Ref,FC6
chb15,chb15_54,34,CP1-Ref,CP1
chb15,chb15_54,35,CP2-Ref,CP2
chb15,chb15_54,36,CP5-Ref,CP5
chb15,chb15_54,37,CP6-Ref,CP6
chb15,chb15_61,0,FP1-F7,FP1-F7
chb15,chb15_61,1,F7-T7,F7-T7
chb15,chb15_61,2,T7-P7,T7-P7
chb15,chb15_61,3,P7-O1,P7-O1
chb15,chb15_61,4,--0,--0
chb15,chb15_61,5,FP1-F3,FP1-F3
chb15,chb15_61,6,F3-C3,F3-C3
chb15,chb15_61,7,C3-P3,C3-P3
chb15,chb15_61,8,P3-O1,P3-O1
chb15,chb15_61,9,--1,--1
chb15,chb15_61,10,FZ-CZ,FZ-CZ
chb15,chb15_61,11,CZ-PZ,CZ-PZ
chb15,chb15_61,12,PZ-OZ,PZ-OZ
chb15,chb15_61,13,--2,--2
chb15,chb15_61,14,FP2-F4,FP2-F4
chb15,chb15_61,15,F4-C4,F4-C4
chb15,chb15_61,16,C4-P4,C4-P4
chb15,chb15_61,17,P4-O2,P4-O2
chb15,chb15_61,18,--3,--3
chb15,chb15_61,19,FP2-F8,FP2-F8
chb15,chb15_61,20,F8-T8,F8-T8
chb15,chb15_61,21,T8-P8-0,T8-P8-0
chb15,chb15_61,22,P8-O2,P8-O2
chb15,chb15_61,23,--4,--4
chb15,chb15_61,24,P7-T7,P7-T7
chb15,chb15_61,25,T7-FT9,T7-FT9
chb15,chb15_61,26,FT9-FT10,FT9-FT10
chb15,chb15_61,27,FT10-T8,FT10-T8
chb15,chb15_61,28,T8-P8-1,T8-P8-1
chb15,chb15_61,29,--5,--5
chb15,chb15_61,30,FC1-Ref,FC1
chb15,chb15_61,31,FC2-Ref,FC2
chb15,chb15_61,32,FC5-Ref,FC5
chb15,chb15_61,33,FC6-Ref,FC6
chb15,chb15_61,34,CP1-Ref,CP1
chb15,chb15_61,35,CP2-Ref,CP2
chb15,chb15_61,36,CP5-Ref,CP5
chb15,chb15_61,37,CP6-Ref,CP6
chb15,chb15_62,0,FP1-F7,FP1-F7
chb15,chb15_62,1,F7-T7,F7-T7
chb15,chb15_62,2,T7-P7,T7-P7
chb15,chb15_62,3,P7-O1,P7-O1
chb15,chb15_62,4,--0,--0
chb15,chb15_62,5,FP1-F3,FP1-F3
chb15,chb15_62,6,F3-C3,F3-C3
chb15,chb15_62,7,C3-P3,C3-P3
chb15,chb15_62,8,P3-O1,P3-O1
chb15,chb15_62,9,--1,--1
chb15,chb15_62,10,FZ-CZ,FZ-CZ
chb15,chb15_62,11,CZ-PZ,CZ-PZ
chb15,chb15_62,12,PZ-OZ,PZ-OZ
chb15,chb15_62,13,--2,--2
chb15,chb15_62,14,FP2-F4,FP2-F4
chb15,chb15_62,15,F4-C4,F4-C4
chb15,chb15_62,16,C4-P4,C4-P4
chb15,chb15_62,17,P4-O2,P4-O2
chb15,chb15_62,18,--3,--3
chb15,chb15_62,19,FP2-F8,FP2-F8
chb15,chb15_62,20,F8-T8,F8-T8
chb15,chb15_62,21,T8-P8-0,T8-P8-0
chb15,chb15_62,22,P8-O2,P8-O2
chb15,chb15_62,23,--4,--4
chb15,chb15_62,24,P7-T7,P7-T7
chb15,chb15_62,25,T7-FT9,T7-FT9
chb15,chb15_62,26,FT9-FT10,FT9-FT10
chb15,chb15_62,27,FT10-T8,FT10-T8
chb15,chb15_62,28,T8-P8-1,T8-P8-1
chb15,chb15_62,29,--5,--5
chb15,chb15_62,30,FC1-Ref,FC1
chb15,chb15_62,31,FC2-Ref,FC2
chb15,chb15_62,32,FC5-Ref,FC5
chb15,chb15_62,33,FC6-Ref,FC6
chb15,chb15_62,34,CP1-Ref,CP1
chb15,chb15_62,35,CP2-Ref,CP2
chb15,chb15_62,36,CP5-Ref,CP5
chb15,chb15_62,37,CP6-Ref,CP6
chb15,chb15_63,0,FP1-F7,FP1-F7
chb15,chb15_63,1,F7-T7,F7-T7
chb15,chb15_63,2,T7-P7,T7-P7
chb15,chb15_63,3,P7-O1,P7-O1
chb15,chb15_63,4,--0,--0
chb15,chb15_63,5,FP1-F3,FP1-F3
chb15,chb15_63,6,F3-C3,F3-C3
chb15,chb15_63,7,C3-P3,C3-P3
chb15,chb15_63,8,P3-O1,P3-O1
chb15,chb15_63,9,--1,--1
chb15,chb15_63,10,FZ-CZ,FZ-CZ
chb15,chb15_63,11,CZ-PZ,CZ-PZ
chb15,chb15_63,12,PZ-OZ,PZ-OZ
chb15,chb15_63,13,--2,--2
chb15,chb15_63,14,FP2-F4,FP2-F4
chb15,chb15_63,15,F4-C4,F4-C4
chb15,chb15_63,16,C4-P4,C4-P4
chb15,chb15_63,17,P4-O2,P4-O2
chb15,chb15_63,18,--3,--3
chb15,chb15_63,19,FP2-F8,FP2-F8
chb15,chb15_63,20,F8-T8,F8-T8
chb15,chb15_63,21,T8-P8-0,T8-P8-0
chb15,chb15_63,22,P8-O2,P8-O2
chb15,chb15_63,23,--4,--4
chb15,chb15_63,24,P7-T7,P7-T7
chb15,chb15_63,25,T7-FT9,T7-FT9
chb15,chb15_63,26,FT9-FT10,FT9-FT10
chb15,chb15_63,27,FT10-T8,FT10-T8
chb15,chb15_63,28,T8-P8-1,T8-P8-1
chb15,chb15_63,29,--5,--5
chb15,chb15_63,30,FC1-Ref,FC1
chb15,chb15_63,31,FC2-Ref,FC2
chb15,chb15_63,32,FC5-Ref,FC5
chb15,chb15_63,33,FC6-Ref,FC6
chb15,chb15_63,34,CP1-Ref,CP1
chb15,chb15_63,35,CP2-Ref,CP2
chb15,chb15_63,36,CP5-Ref,CP5
chb15,chb15_63,37,CP6-Ref,CP6
chb16,chb16_01,0,FP1-F7,FP1-F7
chb16,chb16_01,1,F7-T7,F7-T7
chb16,chb16_01,2,T7-P7,T7-P7
chb16,chb16_01,3,P7-O1,P7-O1
chb16,chb16_01,4,--0,--0
chb16,chb16_01,5,FP1-F3,FP1-F3
chb16,chb16_01,6,F3-C3,F3-C3
chb16,chb16_01,7,C3-P3,C3-P3
chb16,chb16_01,8,P3-O1,P3-O1
chb16,chb16_01,9,--1,--1
chb16,chb16_01,10,FZ-CZ,FZ-CZ
chb16,chb16_01,11,CZ-PZ,CZ-PZ
chb16,chb16_01,12,--2,--2
chb16,chb16_01,13,FP2-F4,FP2-F4
chb16,chb16_01,14,F4-C4,F4-C4
chb16,chb16_01,15,C4-P4,C4-P4
chb16,chb16_01,16,P4-O2,P4-O2
chb16,chb16_01,17,--3,--3
chb16,chb16_01,18,FP2-F8,FP2-F8
chb16,chb16_01,19,F8-T8,F8-T8
chb16,chb16_01,20,T8-P8-0,T8-P8-0
chb16,chb16_01,21,P8-O2,P8-O2
chb16,chb16_01,22,--4,--4
chb16,chb16_01,23,P7-T7,P7-T7
chb16,chb16_01,24,T7-FT9,T7-FT9
chb16,chb16_01,25,FT9-FT10,FT9-FT10
chb16,chb16_01,26,FT10-T8,FT10-T8
chb16,chb16_01,27,T8-P8-1,T8-P8-1
chb16,chb16_02,0,FP1-F7,FP1-F7
chb16,chb16_02,1,F7-T7,F7-T7
chb16,chb16_02,2,T7-P7,T7-P7
chb16,chb16_02,3,P7-O1,P7-O1
chb16,chb16_02,4,--0,--0
chb16,chb16_02,5,FP1-F3,FP1-F3
chb16,chb16_02,6,F3-C3,F3-C3
chb16,chb16_02,7,C3-P3,C3-P3
chb16,chb16_02,8,P3-O1,P3-O1
chb16,chb16_02,9,--1,--1
chb16,chb16_02,10,FZ-CZ,FZ-CZ
chb16,chb16_02,11,CZ-PZ,CZ-PZ
chb16,chb16_02,12,--2,--2
chb16,chb16_02,13,FP2-F4,FP2-F4
chb16,chb16_02,14,F4-C4,F4-C4
chb16,chb16_02,15,C4-P4,C4-P4
chb16,chb16_02,16,P4-O2,P4-O2
chb16,chb16_02,17,--3,--3
chb16,chb16_02,18,FP2-F8,FP2-F8
chb16,chb16_02,19,F8-T8,F8-T8
chb16,chb16_02,20,T8-P8-0,T8-P8-0
chb16,chb16_02,21,P8-O2,P8-O2
chb16,chb16_02,22,--4,--4
chb16,chb16_02,23,P7-T7,P7-T7
chb16,chb16_02,24,T7-FT9,T7-FT9
chb16,chb16_02,25,FT9-FT10,FT9-FT10
chb16,chb16_02,26,FT10-T8,FT10-T8
chb16,chb16_02,27,T8-P8-1,T8-P8-1
chb16,chb16_03,0,FP1-F7,FP1-F7
chb16,chb16_03,1,F7-T7,F7-T7
chb16,chb16_03,2,T7-P7,T7-P7
chb16,chb16_03,3,P7-O1,P7-O1
chb16,chb16_03,4,--0,--0
chb16,chb16_03,5,FP1-F3,FP1-F3
chb16,chb16_03,6,F3-C3,F3-C3
chb16,chb16_03,7,C3-P3,C3-P3
chb16,chb16_03,8,P3-O1,P3-O1
chb16,chb16_03,9,--1,--1
chb16,chb16_03,10,FZ-CZ,FZ-CZ
chb16,chb16_03,11,CZ-PZ,CZ-PZ
chb16,chb16_03,12,--2,--2
chb16,chb16_03,13,FP2-F4,FP2-F4
chb16,chb16_03,14,F4-C4,F4-C4
chb16,chb16_03,15,C4-P4,C4-P4
chb16,chb16_03,16,P4-O2,P4-O2
chb16,chb16_03,17,--3,--3
chb16,chb16_03,18,FP2-F8,FP2-F8
chb16,chb16_03,19,F8-T8,F8-T8
chb16,chb16_03,20,T8-P8-0,T8-P8-0
chb16,chb16_03,21,P8-O2,P8-O2
chb16,chb16_03,22,--4,--4
chb16,chb16_03,23,P7-T7,P7-T7
chb16,chb16_03,24,T7-FT9,T7-FT9
chb16,chb16_03,25,FT9-FT10,FT9-FT10
chb16,chb16_03,26,FT10-T8,FT10-T8
chb16,chb16_03,27,T8-P8-1,T8-P8-1
chb16,chb16_04,0,FP1-F7,FP1-F7
chb16,chb16_04,1,F7-T7,F7-T7
chb16,chb16_04,2,T7-P7,T7-P7
chb16,chb16_04,3,P7-O1,P7-O1
chb16,chb16_04,4,--0,--0
chb16,chb16_04,5,FP1-F3,FP1-F3
chb16,chb16_04,6,F3-C3,F3-C3
chb16,chb16_04,7,C3-P3,C3-P3
chb16,chb16_04,8,P3-O1,P3-O1
chb16,chb16_04,9,--1,--1
chb16,chb16_04,10,FZ-CZ,FZ-CZ
chb16,chb16_04,11,CZ-PZ,CZ-PZ
chb16,chb16_04,12,--2,--2
chb16,chb16_04,13,FP2-F4,FP2-F4
chb16,chb16_04,14,F4-C4,F4-C4
chb16,chb16_04,15,C4-P4,C4-P4
chb16,chb16_04,16,P4-O2,P4-O2
chb16,chb16_04,17,--3,--3
chb16,chb16_04,18,FP2-F8,FP2-F8
chb16,chb16_04,19,F8-T8,F8-T8
chb16,chb16_04,20,T8-P8-0,T8-P8-0
chb16,chb16_04,21,P8-O2,P8-O2
chb16,chb16_04,22,--4,--4
chb16,chb16_04,23,P7-T7,P7-T7
chb16,chb16_04,24,T7-FT9,T7-FT9
chb16,chb16_04,25,FT9-FT10,FT9-FT10
chb16,chb16_04,26,FT10-T8,FT10-T8
chb16,chb16_04,27,T8-P8-1,T8-P8-1
chb16,chb16_05,0,FP1-F7,FP1-F7
chb16,chb16_05,1,F7-T7,F7-T7
chb16,chb16_05,2,T7-P7,T7-P7
chb16,chb16_05,3,P7-O1,P7-O1
chb16,chb16_05,4,--0,--0
chb16,chb16_05,5,FP1-F3,FP1-F3
chb16,chb16_05,6,F3-C3,F3-C3
chb16,chb16_05,7,C3-P3,C3-P3
chb16,chb16_05,8,P3-O1,P3-O1
chb16,chb16_05,9,--1,--1
chb16,chb16_05,10,FZ-CZ,FZ-CZ
chb16,chb16_05,11,CZ-PZ,CZ-PZ
chb16,chb16_05,12,--2,--2
chb16,chb16_05,13,FP2-F4,FP2-F4
chb16,chb16_05,14,F4-C4,F4-C4
chb16,chb16_05,15,C4-P4,C4-P4
chb16,chb16_05,16,P4-O2,P4-O2
chb16,chb16_05,17,--3,--3
chb16,chb16_05,18,FP2-F8,FP2-F8
chb16,chb16_05,19,F8-T8,F8-T8
chb16,chb16_05,20,T8-P8-0,T8-P8-0
chb16,chb16_05,21,P8-O2,P8-O2
chb16,chb16_05,22,--4,--4
chb16,chb16_05,23,P7-T7,P7-T7
chb16,chb16_05,24,T7-FT9,T7-FT9
chb16,chb16_05,25,FT9-FT10,FT9-FT10
chb16,chb16_05,26,FT10-T8,FT10-T8
chb16,chb16_05,27,T8-P8-1,T8-P8-1
chb16,chb16_06,0,FP1-F7,FP1-F7
chb16,chb16_06,1,F7-T7,F7-T7
chb16,chb16_06,2,T7-P7,T7-P7
chb16,chb16_06,3,P7-O1,P7-O1
chb16,chb16_06,4,--0,--0
chb16,chb16_06,5,FP1-F3,FP1-F3
chb16,chb16_06,6,F3-C3,F3-C3
chb16,chb16_06,7,C3-P3,C3-P3
chb16,chb16_06,8,P3-O1,P3-O1
chb16,chb16_06,9,--1,--1
chb16,chb16_06,10,FZ-CZ,FZ-CZ
chb16,chb16_06,11,CZ-PZ,CZ-PZ
chb16,chb16_06,12,--2,--2
chb16,chb16_06,13,FP2-F4,FP2-F4
chb16,chb16_06,14,F4-C4,F4-C4
chb16,chb16_06,15,C4-P4,C4-P4
chb16,chb16_06,16,P4-O2,P4-O2
chb16,chb16_06,17,--3,--3
chb16,chb16_06,18,FP2-F8,FP2-F8
chb16,chb16_06,19,F8-T8,F8-T8
chb16,chb16_06,20,T8-P8-0,T8-P8-0
chb16,chb16_06,21,P8-O2,P8-O2
chb16,chb16_06,22,--4,--4
chb16,chb16_06,23,P7-T7,P7-T7
chb16,chb16_06,24,T7-FT9,T7-FT9
chb16,chb16_06,25,FT9-FT10,FT9-FT10
chb16,chb16_06,26,FT10-T8,FT10-T8
chb16,chb16_06,27,T8-P8-1,T8-P8-1
chb16,chb16_07,0,FP1-F7,FP1-F7
chb16,chb16_07,1,F7-T7,F7-T7
chb16,chb16_07,2,T7-P7,T7-P7
chb16,chb16_07,3,P7-O1,P7-O1
chb16,chb16_07,4,--0,--0
chb16,chb16_07,5,FP1-F3,FP1-F3
chb16,chb16_07,6,F3-C3,F3-C3
chb16,chb16_07,7,C3-P3,C3-P3
chb16,chb16_07,8,P3-O1,P3-O1
chb16,chb16_07,9,--1,--1
chb16,chb16_07,10,FZ-CZ,FZ-CZ
chb16,chb16_07,11,CZ-PZ,CZ-PZ
chb16,chb16_07,12,--2,--2
chb16,chb16_07,13,FP2-F4,FP2-F4
chb16,chb16_07,14,F4-C4,F4-C4
chb16,chb16_07,15,C4-P4,C4-P4
chb16,chb16_07,16,P4-O2,P4-O2
chb16,chb16_07,17,--3,--3
chb16,chb16_07,18,FP2-F8,FP2-F8
chb16,chb16_07,19,F8-T8,F8-T8
chb16,chb16_07,20,T8-P8-0,T8-P8-0
chb16,chb16_07,21,P8-O2,P8-O2
chb16,chb16_07,22,--4,--4
chb16,chb16_07,23,P7-T7,P7-T7
chb16,chb16_07,24,T7-FT9,T7-FT9
chb16,chb16_07,25,FT9-FT10,FT9-FT10
chb16,chb16_07,26,FT10-T8,FT10-T8
chb16,chb16_07,27,T8-P8-1,T8-P8-1
chb16,chb16_08,0,FP1-F7,FP1-F7
chb16,chb16_08,1,F7-T7,F7-T7
chb16,chb16_08,2,T7-P7,T7-P7
chb16,chb16_08,3,P7-O1,P7-O1
chb16,chb16_08,4,--0,--0
chb16,chb16_08,5,FP1-F3,FP1-F3
chb16,chb16_08,6,F3-C3,F3-C3
chb16,chb16_08,7,C3-P3,C3-P3
chb16,chb16_08,8,P3-O1,P3-O1
chb16,chb16_08,9,--1,--1
chb16,chb16_08,10,FZ-CZ,FZ-CZ
chb16,chb16_08,11,CZ-PZ,CZ-PZ
chb16,chb16_08,12,--2,--2
chb16,chb16_08,13,FP2-F4,FP2-F4
chb16,chb16_08,14,F4-C4,F4-C4
chb16,chb16_08,15,C4-P4,C4-P4
chb16,chb16_08,16,P4-O2,P4-O2
chb16,chb16_08,17,--3,--3
chb16,chb16_08,18,FP2-F8,FP2-F8
chb16,chb16_08,19,F8-T8,F8-T8
chb16,chb16_08,20,T8-P8-0,T8-P8-0
chb16,chb16_08,21,P8-O2,P8-O2
chb16,chb16_08,22,--4,--4
chb16,chb16_08,23,P7-T7,P7-T7
chb16,chb16_08,24,T7-FT9,T7-FT9
chb16,chb16_08,25,FT9-FT10,FT9-FT10
chb16,chb16_08,26,FT10-T8,FT10-T8
chb16,chb16_08,27,T8-P8-1,T8-P8-1
chb16,chb16_09,0,FP1-F7,FP1-F7
chb16,chb16_09,1,F7-T7,F7-T7
chb16,chb16_09,2,T7-P7,T7-P7
chb16,chb16_09,3,P7-O1,P7-O1
chb16,chb16_09,4,--0,--0
chb16,chb16_09,5,FP1-F3,FP1-F3
chb16,chb16_09,6,F3-C3,F3-C3
chb16,chb16_09,7,C3-P3,C3-P3
chb16,chb16_09,8,P3-O1,P3-O1
chb16,chb16_09,9,--1,--1
chb16,chb16_09,10,FZ-CZ,FZ-CZ
chb16,chb16_09,11,CZ-PZ,CZ-PZ
chb16,chb16_09,12,--2,--2
chb16,chb16_09,13,FP2-F4,FP2-F4
chb16,chb16_09,14,F4-C4,F4-C4
chb16,chb16_09,15,C4-P4,C4-P4
chb16,chb16_09,16,P4-O2,P4-O2
chb16,chb16_09,17,--3,--3
chb16,chb16_09,18,FP2-F8,FP2-F8
chb16,chb16_09,19,F8-T8,F8-T8
chb16,chb16_09,20,T8-P8-0,T8-P8-0
chb16,chb16_09,21,P8-O2,P8-O2
chb16,chb16_09,22,--4,--4
chb16,chb16_09,23,P7-T7,P7-T7
chb16,chb16_09,24,T7-FT9,T7-FT9
chb16,chb16_09,25,FT9-FT10,FT9-FT10
chb16,chb16_09,26,FT10-T8,FT10-T8
chb16,chb16_09,27,T8-P8-1,T8-P8-1
chb16,chb16_10,0,FP1-F7,FP1-F7
chb16,chb16_10,1,F7-T7,F7-T7
chb16,chb16_10,2,T7-P7,T7-P7
chb16,chb16_10,3,P7-O1,P7-O1
chb16,chb16_10,4,--0,--0
chb16,chb16_10,5,FP1-F3,FP1-F3
chb16,chb16_10,6,F3-C3,F3-C3
chb16,chb16_10,7,C3-P3,C3-P3
chb16,chb16_10,8,P3-O1,P3-O1
chb16,chb16_10,9,--1,--1
chb16,chb16_10,10,FZ-CZ,FZ-CZ
chb16,chb16_10,11,CZ-PZ,CZ-PZ
chb16,chb16_10,12,--2,--2
chb16,chb16_10,13,FP2-F4,FP2-F4
chb16,chb16_10,14,F4-C4,F4-C4
chb16,chb16_10,15,C4-P4,C4-P4
chb16,chb16_10,16,P4-O2,P4-O2
chb16,chb16_10,17,--3,--3
chb16,chb16_10,18,FP2-F8,FP2-F8
chb16,chb16_10,19,F8-T8,F8-T8
chb16,chb16_10,20,T8-P8-0,T8-P8-0
chb16,chb16_10,21,P8-O2,P8-O2
chb16,chb16_10,22,--4,--4
chb16,chb16_10,23,P7-T7,P7-T7
chb16,chb16_10,24,T7-FT9,T7-FT9
chb16,chb16_10,25,FT9-FT10,FT9-FT10
chb16,chb16_10,26,FT10-T8,FT10-T8
chb16,chb16_10,27,T8-P8-1,T8-P8-1
chb16,chb16_11,0,FP1-F7,FP1-F7
chb16,chb16_11,1,F7-T7,F7-T7
chb16,chb16_11,2,T7-P7,T7-P7
chb16,chb16_11,3,P7-O1,P7-O1
chb16,chb16_11,4,--0,--0
chb16,chb16_11,5,FP1-F3,FP1-F3
chb16,chb16_11,6,F3-C3,F3-C3
chb16,chb16_11,7,C3-P3,C3-P3
chb16,chb16_11,8,P3-O1,P3-O1
chb16,chb16_11,9,--1,--1
chb16,chb16_11,10,FZ-CZ,FZ-CZ
chb16,chb16_11,11,CZ-PZ,CZ-PZ
chb16,chb16_11,12,--2,--2
chb16,chb16_11,13,FP2-F4,FP2-F4
chb16,chb16_11,14,F4-C4,F4-C4
chb16,chb16_11,15,C4-P4,C4-P4
chb16,chb16_11,16,P4-O2,P4-O2
chb16,chb16_11,17,--3,--3
chb16,chb16_11,18,FP2-F8,FP2-F8
chb16,chb16_11,19,F8-T8,F8-T8
chb16,chb16_11,20,T8-P8-0,T8-P8-0
chb16,chb16_11,21,P8-O2,P8-O2
chb16,chb16_11,22,--4,--4
chb16,chb16_11,23,P7-T7,P7-T7
chb16,chb16_11,24,T7-FT9,T7-FT9
chb16,chb16_11,25,FT9-FT10,FT9-FT10
chb16,chb16_11,26,FT10-T8,FT10-T8
chb16,chb16_11,27,T8-P8-1,T8-P8-1
chb16,chb16_12,0,FP1-F7,FP1-F7
chb16,chb16_12,1,F7-T7,F7-T7
chb16,chb16_12,2,T7-P7,T7-P7
chb16,chb16_12,3,P7-O1,P7-O1
chb16,chb16_12,4,--0,--0
chb16,chb16_12,5,FP1-F3,FP1-F3
chb16,chb16_12,6,F3-C3,F3-C3
chb16,chb16_12,7,C3-P3,C3-P3
chb16,chb16_12,8,P3-O1,P3-O1
chb16,chb16_12,9,--1,--1
chb16,chb16_12,10,FZ-CZ,FZ-CZ
chb16,chb16_12,11,CZ-PZ,CZ-PZ
chb16,chb16_12,12,--2,--2
chb16,chb16_12,13,FP2-F4,FP2-F4
chb16,chb16_12,14,F4-C4,F4-C4
chb16,chb16_12,15,C4-P4,C4-P4
chb16,chb16_12,16,P4-O2,P4-O2
chb16,chb16_12,17,--3,--3
chb16,chb16_12,18,FP2-F8,FP2-F8
chb16,chb16_12,19,F8-T8,F8-T8
chb16,chb16_12,20,T8-P8-0,T8-P8-0
chb16,chb16_12,21,P8-O2,P8-O2
chb16,chb16_12,22,--4,--4
chb16,chb16_12,23,P7-T7,P7-T7
chb16,chb16_12,24,T7-FT9,T7-FT9
chb16,chb16_12,25,FT9-FT10,FT9-FT10
chb16,chb16_12,26,FT10-T8,FT10-T8
chb16,chb16_12,27,T8-P8-1,T8-P8-1
chb16,chb16_13,0,FP1-F7,FP1-F7
chb16,chb16_13,1,F7-T7,F7-T7
chb16,chb16_13,2,T7-P7,T7-P7
chb16,chb16_13,3,P7-O1,P7-O1
chb16,chb16_13,4,--0,--0
chb16,chb16_13,5,FP1-F3,FP1-F3
chb16,chb16_13,6,F3-C3,F3-C3
chb16,chb16_13,7,C3-P3,C3-P3
chb16,chb16_13,8,P3-O1,P3-O1
chb16,chb16_13,9,--1,--1
chb16,chb16_13,10,FZ-CZ,FZ-CZ
chb16,chb16_13,11,CZ-PZ,CZ-PZ
chb16,chb16_13,12,--2,--2
chb16,chb16_13,13,FP2-F4,FP2-F4
chb16,chb16_13,14,F4-C4,F4-C4
chb16,chb16_13,15,C4-P4,C4-P4
chb16,chb16_13,16,P4-O2,P4-O2
chb16,chb16_13,17,--3,--3
chb16,chb16_13,18,FP2-F8,FP2-F8
chb16,chb16_13,19,F8-T8,F8-T8
chb16,chb16_13,20,T8-P8-0,T8-P8-0
chb16,chb16_13,21,P8-O2,P8-O2
chb16,chb16_13,22,--4,--4
chb16,chb16_13,23,P7-T7,P7-T7
chb16,chb16_13,24,T7-FT9,T7-FT9
chb16,chb16_13,25,FT9-FT10,FT9-FT10
chb16,chb16_13,26,FT10-T8,FT10-T8
chb16,chb16_13,27,T8-P8-1,T8-P8-1
chb16,chb16_14,0,FP1-F7,FP1-F7
chb16,chb16_14,1,F7-T7,F7-T7
chb16,chb16_14,2,T7-P7,T7-P7
chb16,chb16_14,3,P7-O1,P7-O1
chb16,chb16_14,4,--0,--0
chb16,chb16_14,5,FP1-F3,FP1-F3
chb16,chb16_14,6,F3-C3,F3-C3
chb16,chb16_14,7,C3-P3,C3-P3
chb16,chb16_14,8,P3-O1,P3-O1
chb16,chb16_14,9,--1,--1
chb16,chb16_14,10,FZ-CZ,FZ-CZ
chb16,chb16_14,11,CZ-PZ,CZ-PZ
chb16,chb16_14,12,--2,--2
chb16,chb16_14,13,FP2-F4,FP2-F4
chb16,chb16_14,14,F4-C4,F4-C4
chb16,chb16_14,15,C4-P4,C4-P4
chb16,chb16_14,16,P4-O2,P4-O2
chb16,chb16_14,17,--3,--3
chb16,chb16_14,18,FP2-F8,FP2-F8
chb16,chb16_14,19,F8-T8,F8-T8
chb16,chb16_14,20,T8-P8-0,T8-P8-0
chb16,chb16_14,21,P8-O2,P8-O2
chb16,chb16_14,22,--4,--4
chb16,chb16_14,23,P7-T7,P7-T7
chb16,chb16_14,24,T7-FT9,T7-FT9
chb16,chb16_14,25,FT9-FT10,FT9-FT10
chb16,chb16_14,26,FT10-T8,FT10-T8
chb16,chb16_14,27,T8-P8-1,T8-P8-1
chb16,chb16_15,0,FP1-F7,FP1-F7
chb16,chb16_15,1,F7-T7,F7-T7
chb16,chb16_15,2,T7-P7,T7-P7
chb16,chb16_15,3,P7-O1,P7-O1
chb16,chb16_15,4,--0,--0
chb16,chb16_15,5,FP1-F3,FP1-F3
chb16,chb16_15,6,F3-C3,F3-C3
chb16,chb16_15,7,C3-P3,C3-P3
chb16,chb16_15,8,P3-O1,P3-O1
chb16,chb16_15,9,--1,--1
chb16,chb16_15,10,FZ-CZ,FZ-CZ
chb16,chb16_15,11,CZ-PZ,CZ-PZ
chb16,chb16_15,12,--2,--2
chb16,chb16_15,13,FP2-F4,FP2-F4
chb16,chb16_15,14,F4-C4,F4-C4
chb16,chb16_15,15,C4-P4,C4-P4
chb16,chb16_15,16,P4-O2,P4-O2
chb16,chb16_15,17,--3,--3
chb16,chb16_15,18,FP2-F8,FP2-F8
chb16,chb16_15,19,F8-T8,F8-T8
chb16,chb16_15,20,T8-P8-0,T8-P8-0
chb16,chb16_15,21,P8-O2,P8-O2
chb16,chb16_15,22,--4,--4
chb16,chb16_15,23,P7-T7,P7-T7
chb16,chb16_15,24,T7-FT9,T7-FT9
chb16,chb16_15,25,FT9-FT10,FT9-FT10
chb16,chb16_15,26,FT10-T8,FT10-T8
chb16,chb16_15,27,T8-P8-1,T8-P8-1
chb16,chb16_16,0,FP1-F7,FP1-F7
chb16,chb16_16,1,F7-T7,F7-T7
chb16,chb16_16,2,T7-P7,T7-P7
chb16,chb16_16,3,P7-O1,P7-O1
chb16,chb16_16,4,--0,--0
chb16,chb16_16,5,FP1-F3,FP1-F3
chb16,chb16_16,6,F3-C3,F3-C3
chb16,chb16_16,7,C3-P3,C3-P3
chb16,chb16_16,8,P3-O1,P3-O1
chb16,chb16_16,9,--1,--1
chb16,chb16_16,10,FZ-CZ,FZ-CZ
chb16,chb16_16,11,CZ-PZ,CZ-PZ
chb16,chb16_16,12,--2,--2
chb16,chb16_16,13,FP2-F4,FP2-F4
chb16,chb16_16,14,F4-C4,F4-C4
chb16,chb16_16,15,C4-P4,C4-P4
chb16,chb16_16,16,P4-O2,P4-O2
chb16,chb16_16,17,--3,--3
chb16,chb16_16,18,FP2-F8,FP2-F8
chb16,chb16_16,19,F8-T8,F8-T8
chb16,chb16_16,20,T8-P8-0,T8-P8-0
chb16,chb16_16,21,P8-O2,P8-O2
chb16,chb16_16,22,--4,--4
chb16,chb16_16,23,P7-T7,P7-T7
chb16,chb16_16,24,T7-FT9,T7-FT9
chb16,chb16_16,25,FT9-FT10,FT9-FT10
chb16,chb16_16,26,FT10-T8,FT10-T8
chb16,chb16_16,27,T8-P8-1,T8-P8-1
chb16,chb16_17,0,FP1-F7,FP1-F7
chb16,chb16_17,1,F7-T7,F7-T7
chb16,chb16_17,2,T7-P7,T7-P7
chb16,chb16_17,3,P7-O1,P7-O1
chb16,chb16_17,4,--0,--0
chb16,chb16_17,5,FP1-F3,FP1-F3
chb16,chb16_17,6,F3-C3,F3-C3
chb16,chb16_17,7,C3-P3,C3-P3
chb16,chb16_17,8,P3-O1,P3-O1
chb16,chb16_17,9,--1,--1
chb16,chb16_17,10,FZ-CZ,FZ-CZ
chb16,chb16_17,11,CZ-PZ,CZ-PZ
chb16,chb16_17,12,--2,--2
chb16,chb16_17,13,FP2-F4,FP2-F4
chb16,chb16_17,14,F4-C4,F4-C4
chb16,chb16_17,15,C4-P4,C4-P4
chb16,chb16_17,16,P4-O2,P4-O2
chb16,chb16_17,17,--3,--3
chb16,chb16_17,18,FP2-F8,FP2-F8
chb16,chb16_17,19,F8-T8,F8-T8
chb16,chb16_17,20,T8-P8-0,T8-P8-0
chb16,chb16_17,21,P8-O2,P8-O2
chb16,chb16_17,22,--4,--4
chb16,chb16_17,23,P7-T7,P7-T7
chb16,chb16_17,24,T7-FT9,T7-FT9
chb16,chb16_17,25,FT9-FT10,FT9-FT10
chb16,chb16_17,26,FT10-T8,FT10-T8
chb16,chb16_17,27,T8-P8-1,T8-P8-1
chb16,chb16_18,0,FP1-F7,FP1-F7
chb16,chb16_18,1,F7-T7,F7-T7
chb16,chb16_18,2,T7-P7,T7-P7
chb16,chb16_18,3,P7-O1,P7-O1
chb16,chb16_18,4,--0,--0
chb16,chb16_18,5,FP1-F3,FP1-F3
chb16,chb16_18,6,F3-C3,F3-C3
chb16,chb16_18,7,C3-P3,C3-P3
chb16,chb16_18,8,P3-O1,P3-O1
chb16,chb16_18,9,--1,--1
chb16,chb16_18,10,FZ-CZ,FZ-CZ
chb16,chb16_18,11,CZ-PZ,CZ-PZ
chb16,chb16_18,12,--2,--2
chb16,chb16_18,13,FP2-F4,FP2-F4
chb16,chb16_18,14,F4-C4,F4-C4
chb16,chb16_18,15,C4-P4,C4-P4
chb16,chb16_18,16,P4-O2,P4-O2
chb16,chb16_18,17,--3,--3
chb16,chb16_18,18,FP2-F8,FP2-F8
chb16,chb16_18,19,F8-T8,F8-T8
chb16,chb16_18,20,T8-P8,T8-P8
chb16,chb16_18,21,P8-O2,P8-O2
chb16,chb16_19,0,FP1-F7,FP1-F7
chb16,chb16_19,1,F7-T7,F7-T7
chb16,chb16_19,2,T7-P7,T7-P7
chb16,chb16_19,3,P7-O1,P7-O1
chb16,chb16_19,4,--0,--0
chb16,chb16_19,5,FP1-F3,FP1-F3
chb16,chb16_19,6,F3-C3,F3-C3
chb16,chb16_19,7,C3-P3,C3-P3
chb16,chb16_19,8,P3-O1,P3-O1
chb16,chb16_19,9,--1,--1
chb16,chb16_19,10,FZ-CZ,FZ-CZ
chb16,chb16_19,11,CZ-PZ,CZ-PZ
chb16,chb16_19,12,--2,--2
chb16,chb16_19,13,FP2-F4,FP2-F4
chb16,chb16_19,14,F4-C4,F4-C4
chb16,chb16_19,15,C4-P4,C4-P4
chb16,chb16_19,16,P4-O2,P4-O2
chb16,chb16_19,17,--3,--3
chb16,chb16_19,18,FP2-F8,FP2-F8
chb16,chb16_19,19,F8-T8,F8-T8
chb16,chb16_19,20,T8-P8,T8-P8
chb16,chb16_19,21,P8-O2,P8-O2
chb17,chb17a_03,0,FP1-F7,FP1-F7
chb17,chb17a_03,1,F7-T7,F7-T7
chb17,chb17a_03,2,T7-P7,T7-P7
chb17,chb17a_03,3,P7-O1,P7-O1
chb17,chb17a_03,4,--0,--0
chb17,chb17a_03,5,FP1-F3,FP1-F3
chb17,chb17a_03,6,F3-C3,F3-C3
chb17,chb17a_03,7,C3-P3,C3-P3
chb17,chb17a_03,8,P3-O1,P3-O1
chb17,chb17a_03,9,--1,--1
chb17,chb17a_03,10,FZ-CZ,FZ-CZ
chb17,chb17a_03,11,CZ-PZ,CZ-PZ
chb17,chb17a_03,12,--2,--2
chb17,chb17a_03,13,FP2-F4,FP2-F4
chb17,chb17a_03,14,F4-C4,F4-C4
chb17,chb17a_03,15,C4-P4,C4-P4
chb17,chb17a_03,16,P4-O2,P4-O2
chb17,chb17a_03,17,--3,--3
chb17,chb17a_03,18,FP2-F8,FP2-F8
chb17,chb17a_03,19,F8-T8,F8-T8
chb17,chb17a_03,20,T8-P8-0,T8-P8-0
chb17,chb17a_03,21,P8-O2,P8-O2
chb17,chb17a_03,22,--4,--4
chb17,chb17a_03,23,P7-T7,P7-T7
chb17,chb17a_03,24,T7-FT9,T7-FT9
chb17,chb17a_03,25,FT9-FT10,FT9-FT10
chb17,chb17a_03,26,FT10-T8,FT10-T8
chb17,chb17a_03,27,T8-P8-1,T8-P8-1
chb17,chb17a_04,0,FP1-F7,FP1-F7
chb17,chb17a_04,1,F7-T7,F7-T7
chb17,chb17a_04,2,T7-P7,T7-P7
chb17,chb17a_04,3,P7-O1,P7-O1
chb17,chb17a_04,4,--0,--0
chb17,chb17a_04,5,FP1-F3,FP1-F3
chb17,chb17a_04,6,F3-C3,F3-C3
chb17,chb17a_04,7,C3-P3,C3-P3
chb17,chb17a_04,8,P3-O1,P3-O1
chb17,chb17a_04,9,--1,--1
chb17,chb17a_04,10,FZ-CZ,FZ-CZ
chb17,chb17a_04,11,CZ-PZ,CZ-PZ
chb17,chb17a_04,12,--2,--2
chb17,chb17a_04,13,FP2-F4,FP2-F4
chb17,chb17a_04,14,F4-C4,F4-C4
chb17,chb17a_04,15,C4-P4,C4-P4
chb17,chb17a_04,16,P4-O2,P4-O2
chb17,chb17a_04,17,--3,--3
chb17,chb17a_04,18,FP2-F8,FP2-F8
chb17,chb17a_04,19,F8-T8,F8-T8
chb17,chb17a_04,20,T8-P8-0,T8-P8-0
chb17,chb17a_04,21,P8-O2,P8-O2
chb17,chb17a_04,22,--4,--4
chb17,chb17a_04,23,P7-T7,P7-T7
chb17,chb17a_04,24,T7-FT9,T7-FT9
chb17,chb17a_04,25,FT9-FT10,FT9-FT10
chb17,chb17a_04,26,FT10-T8,FT10-T8
chb17,chb17a_04,27,T8-P8-1,T8-P8-1
chb17,chb17a_05,0,FP1-F7,FP1-F7
chb17,chb17a_05,1,F7-T7,F7-T7
chb17,chb17a_05,2,T7-P7,T7-P7
chb17,chb17a_05,3,P7-O1,P7-O1
chb17,chb17a_05,4,--0,--0
chb17,chb17a_05,5,FP1-F3,FP1-F3
chb17,chb17a_05,6,F3-C3,F3-C3
chb17,chb17a_05,7,C3-P3,C3-P3
chb17,chb17a_05,8,P3-O1,P3-O1
chb17,chb17a_05,9,--1,--1
chb17,chb17a_05,10,FZ-CZ,FZ-CZ
chb17,chb17a_05,11,CZ-PZ,CZ-PZ
chb17,chb17a_05,12,--2,--2
chb17,chb17a_05,13,FP2-F4,FP2-F4
chb17,chb17a_05,14,F4-C4,F4-C4
chb17,chb17a_05,15,C4-P4,C4-P4
chb17,chb17a_05,16,P4-O2,P4-O2
chb17,chb17a_05,17,--3,--3
chb17,chb17a_05,18,FP2-F8,FP2-F8
chb17,chb17a_05,19,F8-T8,F8-T8
chb17,chb17a_05,20,T8-P8-0,T8-P8-0
chb17,chb17a_05,21,P8-O2,P8-O2
chb17,chb17a_05,22,--4,--4
chb17,chb17a_05,23,P7-T7,P7-T7
chb17,chb17a_05,24,T7-FT9,T7-FT9
chb17,chb17a_05,25,FT9-FT10,FT9-FT10
chb17,chb17a_05,26,FT10-T8,FT10-T8
chb17,chb17a_05,27,T8-P8-1,T8-P8-1
chb17,chb17a_06,0,FP1-F7,FP1-F7
chb17,chb17a_06,1,F7-T7,F7-T7
chb17,chb17a_06,2,T7-P7,T7-P7
chb17,chb17a_06,3,P7-O1,P7-O1
chb17,chb17a_06,4,--0,--0
chb17,chb17a_06,5,FP1-F3,FP1-F3
chb17,chb17a_06,6,F3-C3,F3-C3
chb17,chb17a_06,7,C3-P3,C3-P3
chb17,chb17a_06,8,P3-O1,P3-O1
chb17,chb17a_06,9,--1,--1
chb17,chb17a_06,10,FZ-CZ,FZ-CZ
chb17,chb17a_06,11,CZ-PZ,CZ-PZ
chb17,chb17a_06,12,--2,--2
chb17,chb17a_06,13,FP2-F4,FP2-F4
chb17,chb17a_06,14,F4-C4,F4-C4
chb17,chb17a_06,15,C4-P4,C4-P4
chb17,chb17a_06,16,P4-O2,P4-O2
chb17,chb17a_06,17,--3,--3
chb17,chb17a_06,18,FP2-F8,FP2-F8
chb17,chb17a_06,19,F8-T8,F8-T8
chb17,chb17a_06,20,T8-P8-0,T8-P8-0
chb17,chb17a_06,21,P8-O2,P8-O2
chb17,chb17a_06,22,--4,--4
chb17,chb17a_06,23,P7-T7,P7-T7
chb17,chb17a_06,24,T7-FT9,T7-FT9
chb17,chb17a_06,25,FT9-FT10,FT9-FT10
chb17,chb17a_06,26,FT10-T8,FT10-T8
chb17,chb17a_06,27,T8-P8-1,T8-P8-1
chb17,chb17a_08,0,FP1-F7,FP1-F7
chb17,chb17a_08,1,F7-T7,F7-T7
chb17,chb17a_08,2,T7-P7,T7-P7
chb17,chb17a_08,3,P7-O1,P7-O1
chb17,chb17a_08,4,--0,--0
chb17,chb17a_08,5,FP1-F3,FP1-F3
chb17,chb17a_08,6,F3-C3,F3-C3
chb17,chb17a_08,7,C3-P3,C3-P3
chb17,chb17a_08,8,P3-O1,P3-O1
chb17,chb17a_08,9,--1,--1
chb17,chb17a_08,10,FZ-CZ,FZ-CZ
chb17,chb17a_08,11,CZ-PZ,CZ-PZ
chb17,chb17a_08,12,--2,--2
chb17,chb17a_08,13,FP2-F4,FP2-F4
chb17,chb17a_08,14,F4-C4,F4-C4
chb17,chb17a_08,15,C4-P4,C4-P4
chb17,chb17a_08,16,P4-O2,P4-O2
chb17,chb17a_08,17,--3,--3
chb17,chb17a_08,18,FP2-F8,FP2-F8
chb17,chb17a_08,19,F8-T8,F8-T8
chb17,chb17a_08,20,T8-P8-0,T8-P8-0
chb17,chb17a_08,21,P8-O2,P8-O2
chb17,chb17a_08,22,--4,--4
chb17,chb17a_08,23,P7-T7,P7-T7
chb17,chb17a_08,24,T7-FT9,T7-FT9
chb17,chb17a_08,25,FT9-FT10,FT9-FT10
chb17,chb17a_08,26,FT10-T8,FT10-T8
chb17,chb17a_08,27,T8-P8-1,T8-P8-1
chb17,chb17b_57,0,FP1-F7,FP1-F7
chb17,chb17b_57,1,F7-T7,F7-T7
chb17,chb17b_57,2,T7-P7,T7-P7
chb17,chb17b_57,3,P7-O1,P7-O1
chb17,chb17b_57,4,--0,--0
chb17,chb17b_57,5,FP1-F3,FP1-F3
chb17,chb17b_57,6,F3-C3,F3-C3
chb17,chb17b_57,7,C3-P3,C3-P3
chb17,chb17b_57,8,P3-O1,P3-O1
chb17,chb17b_57,9,--1,--1
chb17,chb17b_57,10,FZ-CZ,FZ-CZ
chb17,chb17b_57,11,CZ-PZ,CZ-PZ
chb17,chb17b_57,12,--2,--2
chb17,chb17b_57,13,FP2-F4,FP2-F4
chb17,chb17b_57,14,F4-C4,F4-C4
chb17,chb17b_57,15,C4-P4,C4-P4
chb17,chb17b_57,16,P4-O2,P4-O2
chb17,chb17b_57,17,--3,--3
chb17,chb17b_57,18,FP2-F8,FP2-F8
chb17,chb17b_57,19,F8-T8,F8-T8
chb17,chb17b_57,20,T8-P8-0,T8-P8-0
chb17,chb17b_57,21,P8-O2,P8-O2
chb17,chb17b_57,22,--4,--4
chb17,chb17b_57,23,P7-T7,P7-T7
chb17,chb17b_57,24,T7-FT9,T7-FT9
chb17,chb17b_57,25,FT9-FT10,FT9-FT10
chb17,chb17b_57,26,FT10-T8,FT10-T8
chb17,chb17b_57,27,T8-P8-1,T8-P8-1
chb17,chb17b_58,0,FP1-F7,FP1-F7
chb17,chb17b_58,1,F7-T7,F7-T7
chb17,chb17b_58,2,T7-P7,T7-P7
chb17,chb17b_58,3,P7-O1,P7-O1
chb17,chb17b_58,4,--0,--0
chb17,chb17b_58,5,FP1-F3,FP1-F3
chb17,chb17b_58,6,F3-C3,F3-C3
chb17,chb17b_58,7,C3-P3,C3-P3
chb17,chb17b_58,8,P3-O1,P3-O1
chb17,chb17b_58,9,--1,--1
chb17,chb17b_58,10,FZ-CZ,FZ-CZ
chb17,chb17b_58,11,CZ-PZ,CZ-PZ
chb17,chb17b_58,12,--2,--2
chb17,chb17b_58,13,FP2-F4,FP2-F4
chb17,chb17b_58,14,F4-C4,F4-C4
chb17,chb17b_58,15,C4-P4,C4-P4
chb17,chb17b_58,16,P4-O2,P4-O2
chb17,chb17b_58,17,--3,--3
chb17,chb17b_58,18,FP2-F8,FP2-F8
chb17,chb17b_58,19,F8-T8,F8-T8
chb17,chb17b_58,20,T8-P8-0,T8-P8-0
chb17,chb17b_58,21,P8-O2,P8-O2
chb17,chb17b_58,22,--4,--4
chb17,chb17b_58,23,P7-T7,P7-T7
chb17,chb17b_58,24,T7-FT9,T7-FT9
chb17,chb17b_58,25,FT9-FT10,FT9-FT10
chb17,chb17b_58,26,FT10-T8,FT10-T8
chb17,chb17b_58,27,T8-P8-1,T8-P8-1
chb17,chb17b_59,0,FP1-F7,FP1-F7
chb17,chb17b_59,1,F7-T7,F7-T7
chb17,chb17b_59,2,T7-P7,T7-P7
chb17,chb17b_59,3,P7-O1,P7-O1
chb17,chb17b_59,4,--0,--0
chb17,chb17b_59,5,FP1-F3,FP1-F3
chb17,chb17b_59,6,F3-C3,F3-C3
chb17,chb17b_59,7,C3-P3,C3-P3
chb17,chb17b_59,8,P3-O1,P3-O1
chb17,chb17b_59,9,--1,--1
chb17,chb17b_59,10,FZ-CZ,FZ-CZ
chb17,chb17b_59,11,CZ-PZ,CZ-PZ
chb17,chb17b_59,12,--2,--2
chb17,chb17b_59,13,FP2-F4,FP2-F4
chb17,chb17b_59,14,F4-C4,F4-C4
chb17,chb17b_59,15,C4-P4,C4-P4
chb17,chb17b_59,16,P4-O2,P4-O2
chb17,chb17b_59,17,--3,--3
chb17,chb17b_59,18,FP2-F8,FP2-F8
chb17,chb17b_59,19,F8-T8,F8-T8
chb17,chb17b_59,20,T8-P8-0,T8-P8-0
chb17,chb17b_59,21,P8-O2,P8-O2
chb17,chb17b_59,22,--4,--4
chb17,chb17b_59,23,P7-T7,P7-T7
chb17,chb17b_59,24,T7-FT9,T7-FT9
chb17,chb17b_59,25,FT9-FT10,FT9-FT10
chb17,chb17b_59,26,FT10-T8,FT10-T8
chb17,chb17b_59,27,T8-P8-1,T8-P8-1
chb17,chb17b_60,0,FP1-F7,FP1-F7
chb17,chb17b_60,1,F7-T7,F7-T7
chb17,chb17b_60,2,T7-P7,T7-P7
chb17,chb17b_60,3,P7-O1,P7-O1
chb17,chb17b_60,4,--0,--0
chb17,chb17b_60,5,FP1-F3,FP1-F3
chb17,chb17b_60,6,F3-C3,F3-C3
chb17,chb17b_60,7,C3-P3,C3-P3
chb17,chb17b_60,8,P3-O1,P3-O1
chb17,chb17b_60,9,--1,--1
chb17,chb17b_60,10,FZ-CZ,FZ-CZ
chb17,chb17b_60,11,CZ-PZ,CZ-PZ
chb17,chb17b_60,12,--2,--2
chb17,chb17b_60,13,FP2-F4,FP2-F4
chb17,chb17b_60,14,F4-C4,F4-C4
chb17,chb17b_60,15,C4-P4,C4-P4
chb17,chb17b_60,16,P4-O2,P4-O2
chb17,chb17b_60,17,--3,--3
chb17,chb17b_60,18,FP2-F8,FP2-F8
chb17,chb17b_60,19,F8-T8,F8-T8
chb17,chb17b_60,20,T8-P8-0,T8-P8-0
chb17,chb17b_60,21,P8-O2,P8-O2
chb17,chb17b_60,22,--4,--4
chb17,chb17b_60,23,P7-T7,P7-T7
chb17,chb17b_60,24,T7-FT9,T7-FT9
chb17,chb17b_60,25,FT9-FT10,FT9-FT10
chb17,chb17b_60,26,FT10-T8,FT10-T8
chb17,chb17b_60,27,T8-P8-1,T8-P8-1
chb17,chb17b_63,0,FP1-F7,FP1-F7
chb17,chb17b_63,1,F7-T7,F7-T7
chb17,chb17b_63,2,T7-P7,T7-P7
chb17,chb17b_63,3,P7-O1,P7-O1
chb17,chb17b_63,4,--0,--0
chb17,chb17b_63,5,FP1-F3,FP1-F3
chb17,chb17b_63,6,F3-C3,F3-C3
chb17,chb17b_63,7,C3-P3,C3-P3
chb17,chb17b_63,8,P3-O1,P3-O1
chb17,chb17b_63,9,--1,--1
chb17,chb17b_63,10,FZ-CZ,FZ-CZ
chb17,chb17b_63,11,CZ-PZ,CZ-PZ
chb17,chb17b_63,12,--2,--2
chb17,chb17b_63,13,FP2-F4,FP2-F4
chb17,chb17b_63,14,F4-C4,F4-C4
chb17,chb17b_63,15,C4-P4,C4-P4
chb17,chb17b_63,16,P4-O2,P4-O2
chb17,chb17b_63,17,--3,--3
chb17,chb17b_63,18,FP2-F8,FP2-F8
chb17,chb17b_63,19,F8-T8,F8-T8
chb17,chb17b_63,20,T8-P8-0,T8-P8-0
chb17,chb17b_63,21,P8-O2,P8-O2
chb17,chb17b_63,22,--4,--4
chb17,chb17b_63,23,P7-T7,P7-T7
chb17,chb17b_63,24,T7-FT9,T7-FT9
chb17,chb17b_63,25,FT9-FT10,FT9-FT10
chb17,chb17b_63,26,FT10-T8,FT10-T8
chb17,chb17b_63,27,T8-P8-1,T8-P8-1
chb17,chb17b_67,0,FP1-F7,FP1-F7
chb17,chb17b_67,1,F7-T7,F7-T7
chb17,chb17b_67,2,T7-P7,T7-P7
chb17,chb17b_67,3,P7-O1,P7-O1
chb17,chb17b_67,4,--0,--0
chb17,chb17b_67,5,FP1-F3,FP1-F3
chb17,chb17b_67,6,F3-C3,F3-C3
chb17,chb17b_67,7,C3-P3,C3-P3
chb17,chb17b_67,8,P3-O1,P3-O1
chb17,chb17b_67,9,--1,--1
chb17,chb17b_67,10,FZ-CZ,FZ-CZ
chb17,chb17b_67,11,CZ-PZ,CZ-PZ
chb17,chb17b_67,12,--2,--2
chb17,chb17b_67,13,FP2-F4,FP2-F4
chb17,chb17b_67,14,F4-C4,F4-C4
chb17,chb17b_67,15,C4-P4,C4-P4
chb17,chb17b_67,16,P4-O2,P4-O2
chb17,chb17b_67,17,--3,--3
chb17,chb17b_67,18,FP2-F8,FP2-F8
chb17,chb17b_67,19,F8-T8,F8-T8
chb17,chb17b_67,20,T8-P8-0,T8-P8-0
chb17,chb17b_67,21,P8-O2,P8-O2
chb17,chb17b_67,22,--4,--4
chb17,chb17b_67,23,P7-T7,P7-T7
chb17,chb17b_67,24,T7-FT9,T7-FT9
chb17,chb17b_67,25,FT9-FT10,FT9-FT10
chb17,chb17b_67,26,FT10-T8,FT10-T8
chb17,chb17b_67,27,T8-P8-1,T8-P8-1
chb17,chb17b_68,0,FP1-F7,FP1-F7
chb17,chb17b_68,1,F7-T7,F7-T7
chb17,chb17b_68,2,T7-P7,T7-P7
chb17,chb17b_68,3,P7-O1,P7-O1
chb17,chb17b_68,4,--0,--0
chb17,chb17b_68,5,FP1-F3,FP1-F3
chb17,chb17b_68,6,F3-C3,F3-C3
chb17,chb17b_68,7,C3-P3,C3-P3
chb17,chb17b_68,8,P3-O1,P3-O1
chb17,chb17b_68,9,--1,--1
chb17,chb17b_68,10,FZ-CZ,FZ-CZ
chb17,chb17b_68,11,CZ-PZ,CZ-PZ
chb17,chb17b_68,12,--2,--2
chb17,chb17b_68,13,FP2-F4,FP2-F4
chb17,chb17b_68,14,F4-C4,F4-C4
chb17,chb17b_68,15,C4-P4,C4-P4
chb17,chb17b_68,16,P4-O2,P4-O2
chb17,chb17b_68,17,--3,--3
chb17,chb17b_68,18,FP2-F8,FP2-F8
chb17,chb17b_68,19,F8-T8,F8-T8
chb17,chb17b_68,20,T8-P8-0,T8-P8-0
chb17,chb17b_68,21,P8-O2,P8-O2
chb17,chb17b_68,22,--4,--4
chb17,chb17b_68,23,P7-T7,P7-T7
chb17,chb17b_68,24,T7-FT9,T7-FT9
chb17,chb17b_68,25,FT9-FT10,FT9-FT10
chb17,chb17b_68,26,FT10-T8,FT10-T8
chb17,chb17b_68,27,T8-P8-1,T8-P8-1
chb17,chb17b_69,0,FP1-F7,FP1-F7
chb17,chb17b_69,1,F7-T7,F7-T7
chb17,chb17b_69,2,T7-P7,T7-P7
chb17,chb17b_69,3,P7-O1,P7-O1
chb17,chb17b_69,4,--0,--0
chb17,chb17b_69,5,FP1-F3,FP1-F3
chb17,chb17b_69,6,F3-C3,F3-C3
chb17,chb17b_69,7,C3-P3,C3-P3
chb17,chb17b_69,8,P3-O1,P3-O1
chb17,chb17b_69,9,--1,--1
chb17,chb17b_69,10,FZ-CZ,FZ-CZ
chb17,chb17b_69,11,CZ-PZ,CZ-PZ
chb17,chb17b_69,12,--2,--2
chb17,chb17b_69,13,FP2-F4,FP2-F4
chb17,chb17b_69,14,F4-C4,F4-C4
chb17,chb17b_69,15,C4-P4,C4-P4
chb17,chb17b_69,16,P4-O2,P4-O2
chb17,chb17b_69,17,--3,--3
chb17,chb17b_69,18,FP2-F8,FP2-F8
chb17,chb17b_69,19,F8-T8,F8-T8
chb17,chb17b_69,20,T8-P8-0,T8-P8-0
chb17,chb17b_69,21,P8-O2,P8-O2
chb17,chb17b_69,22,--4,--4
chb17,chb17b_69,23,P7-T7,P7-T7
chb17,chb17b_69,24,T7-FT9,T7-FT9
chb17,chb17b_69,25,FT9-FT10,FT9-FT10
chb17,chb17b_69,26,FT10-T8,FT10-T8
chb17,chb17b_69,27,T8-P8-1,T8-P8-1
chb17,chb17c_02,0,FP1-F7,FP1-F7
chb17,chb17c_02,1,F7-T7,F7-T7
chb17,chb17c_02,2,T7-P7,T7-P7
chb17,chb17c_02,3,P7-O1,P7-O1
chb17,chb17c_02,4,--0,--0
chb17,chb17c_02,5,FP1-F3,FP1-F3
chb17,chb17c_02,6,F3-C3,F3-C3
chb17,chb17c_02,7,C3-P3,C3-P3
chb17,chb17c_02,8,P3-O1,P3-O1
chb17,chb17c_02,9,--1,--1
chb17,chb17c_02,10,FZ-CZ,FZ-CZ
chb17,chb17c_02,11,CZ-PZ,CZ-PZ
chb17,chb17c_02,12,--2,--2
chb17,chb17c_02,13,FP2-F4,FP2-F4
chb17,chb17c_02,14,F4-C4,F4-C4
chb17,chb17c_02,15,C4-P4,C4-P4
chb17,chb17c_02,16,P4-O2,P4-O2
chb17,chb17c_02,17,--3,--3
chb17,chb17c_02,18,FP2-F8,FP2-F8
chb17,chb17c_02,19,F8-T8,F8-T8
chb17,chb17c_02,20,T8-P8-0,T8-P8-0
chb17,chb17c_02,21,P8-O2,P8-O2
chb17,chb17c_02,22,--4,--4
chb17,chb17c_02,23,P7-T7,P7-T7
chb17,chb17c_02,24,T7-FT9,T7-FT9
chb17,chb17c_02,25,FT9-FT10,FT9-FT10
chb17,chb17c_02,26,FT10-T8,FT10-T8
chb17,chb17c_02,27,T8-P8-1,T8-P8-1
chb17,chb17c_03,0,FP1-F7,FP1-F7
chb17,chb17c_03,1,F7-T7,F7-T7
chb17,chb17c_03,2,T7-P7,T7-P7
chb17,chb17c_03,3,P7-O1,P7-O1
chb17,chb17c_03,4,--0,--0
chb17,chb17c_03,5,FP1-F3,FP1-F3
chb17,chb17c_03,6,F3-C3,F3-C3
chb17,chb17c_03,7,C3-P3,C3-P3
chb17,chb17c_03,8,P3-O1,P3-O1
chb17,chb17c_03,9,--1,--1
chb17,chb17c_03,10,FZ-CZ,FZ-CZ
chb17,chb17c_03,11,CZ-PZ,CZ-PZ
chb17,chb17c_03,12,--2,--2
chb17,chb17c_03,13,FP2-F4,FP2-F4
chb17,chb17c_03,14,F4-C4,F4-C4
chb17,chb17c_03,15,C4-P4,C4-P4
chb17,chb17c_03,16,P4-O2,P4-O2
chb17,chb17c_03,17,--3,--3
chb17,chb17c_03,18,FP2-F8,FP2-F8
chb17,chb17c_03,19,F8-T8,F8-T8
chb17,chb17c_03,20,T8-P8-0,T8-P8-0
chb17,chb17c_03,21,P8-O2,P8-O2
chb17,chb17c_03,22,--4,--4
chb17,chb17c_03,23,P7-T7,P7-T7
chb17,chb17c_03,24,T7-FT9,T7-FT9
chb17,chb17c_03,25,FT9-FT10,FT9-FT10
chb17,chb17c_03,26,FT10-T8,FT10-T8
chb17,chb17c_03,27,T8-P8-1,T8-P8-1
chb17,chb17c_04,0,FP1-F7,FP1-F7
chb17,chb17c_04,1,F7-T7,F7-T7
chb17,chb17c_04,2,T7-P7,T7-P7
chb17,chb17c_04,3,P7-O1,P7-O1
chb17,chb17c_04,4,--0,--0
chb17,chb17c_04,5,FP1-F3,FP1-F3
chb17,chb17c_04,6,F3-C3,F3-C3
chb17,chb17c_04,7,C3-P3,C3-P3
chb17,chb17c_04,8,P3-O1,P3-O1
chb17,chb17c_04,9,--1,--1
chb17,chb17c_04,10,FZ-CZ,FZ-CZ
chb17,chb17c_04,11,CZ-PZ,CZ-PZ
chb17,chb17c_04,12,--2,--2
chb17,chb17c_04,13,FP2-F4,FP2-F4
chb17,chb17c_04,14,F4-C4,F4-C4
chb17,chb17c_04,15,C4-P4,C4-P4
chb17,chb17c_04,16,P4-O2,P4-O2
chb17,chb17c_04,17,--3,--3
chb17,chb17c_04,18,FP2-F8,FP2-F8
chb17,chb17c_04,19,F8-T8,F8-T8
chb17,chb17c_04,20,T8-P8-0,T8-P8-0
chb17,chb17c_04,21,P8-O2,P8-O2
chb17,chb17c_04,22,--4,--4
chb17,chb17c_04,23,P7-T7,P7-T7
chb17,chb17c_04,24,T7-FT9,T7-FT9
chb17,chb17c_04,25,FT9-FT10,FT9-FT10
chb17,chb17c_04,26,FT10-T8,FT10-T8
chb17,chb17c_04,27,T8-P8-1,T8-P8-1
chb17,chb17c_05,0,FP1-F7,FP1-F7
chb17,chb17c_05,1,F7-T7,F7-T7
chb17,chb17c_05,2,T7-P7,T7-P7
chb17,chb17c_05,3,P7-O1,P7-O1
chb17,chb17c_05,4,--0,--0
chb17,chb17c_05,5,FP1-F3,FP1-F3
chb17,chb17c_05,6,F3-C3,F3-C3
chb17,chb17c_05,7,C3-P3,C3-P3
chb17,chb17c_05,8,P3-O1,P3-O1
chb17,chb17c_05,9,--1,--1
chb17,chb17c_05,10,FZ-CZ,FZ-CZ
chb17,chb17c_05,11,CZ-PZ,CZ-PZ
chb17,chb17c_05,12,--2,--2
chb17,chb17c_05,13,FP2-F4,FP2-F4
chb17,chb17c_05,14,F4-C4,F4-C4
chb17,chb17c_05,15,C4-P4,C4-P4
chb17,chb17c_05,16,P4-O2,P4-O2
chb17,chb17c_05,17,--3,--3
chb17,chb17c_05,18,FP2-F8,FP2-F8
chb17,chb17c_05,19,F8-T8,F8-T8
chb17,chb17c_05,20,T8-P8-0,T8-P8-0
chb17,chb17c_05,21,P8-O2,P8-O2
chb17,chb17c_05,22,--4,--4
chb17,chb17c_05,23,P7-T7,P7-T7
chb17,chb17c_05,24,T7-FT9,T7-FT9
chb17,chb17c_05,25,FT9-FT10,FT9-FT10
chb17,chb17c_05,26,FT10-T8,FT10-T8
chb17,chb17c_05,27,T8-P8-1,T8-P8-1
chb17,chb17c_06,0,FP1-F7,FP1-F7
chb17,chb17c_06,1,F7-T7,F7-T7
chb17,chb17c_06,2,T7-P7,T7-P7
chb17,chb17c_06,3,P7-O1,P7-O1
chb17,chb17c_06,4,--0,--0
chb17,chb17c_06,5,FP1-F3,FP1-F3
chb17,chb17c_06,6,F3-C3,F3-C3
chb17,chb17c_06,7,C3-P3,C3-P3
chb17,chb17c_06,8,P3-O1,P3-O1
chb17,chb17c_06,9,--1,--1
chb17,chb17c_06,10,FZ-CZ,FZ-CZ
chb17,chb17c_06,11,CZ-PZ,CZ-PZ
chb17,chb17c_06,12,--2,--2
chb17,chb17c_06,13,FP2-F4,FP2-F4
chb17,chb17c_06,14,F4-C4,F4-C4
chb17,chb17c_06,15,C4-P4,C4-P4
chb17,chb17c_06,16,P4-O2,P4-O2
chb17,chb17c_06,17,--3,--3
chb17,chb17c_06,18,FP2-F8,FP2-F8
chb17,chb17c_06,19,F8-T8,F8-T8
chb17,chb17c_06,20,T8-P8-0,T8-P8-0
chb17,chb17c_06,21,P8-O2,P8-O2
chb17,chb17c_06,22,--4,--4
chb17,chb17c_06,23,P7-T7,P7-T7
chb17,chb17c_06,24,T7-FT9,T7-FT9
chb17,chb17c_06,25,FT9-FT10,FT9-FT10
chb17,chb17c_06,26,FT10-T8,FT10-T8
chb17,chb17c_06,27,T8-P8-1,T8-P8-1
chb17,chb17c_07,0,FP1-F7,FP1-F7
chb17,chb17c_07,1,F7-T7,F7-T7
chb17,chb17c_07,2,T7-P7,T7-P7
chb17,chb17c_07,3,P7-O1,P7-O1
chb17,chb17c_07,4,--0,--0
chb17,chb17c_07,5,FP1-F3,FP1-F3
chb17,chb17c_07,6,F3-C3,F3-C3
chb17,chb17c_07,7,C3-P3,C3-P3
chb17,chb17c_07,8,P3-O1,P3-O1
chb17,chb17c_07,9,--1,--1
chb17,chb17c_07,10,FZ-CZ,FZ-CZ
chb17,chb17c_07,11,CZ-PZ,CZ-PZ
chb17,chb17c_07,12,--2,--2
chb17,chb17c_07,13,FP2-F4,FP2-F4
chb17,chb17c_07,14,F4-C4,F4-C4
chb17,chb17c_07,15,C4-P4,C4-P4
chb17,chb17c_07,16,P4-O2,P4-O2
chb17,chb17c_07,17,--3,--3
chb17,chb17c_07,18,FP2-F8,FP2-F8
chb17,chb17c_07,19,F8-T8,F8-T8
chb17,chb17c_07,20,T8-P8-0,T8-P8-0
chb17,chb17c_07,21,P8-O2,P8-O2
chb17,chb17c_07,22,--4,--4
chb17,chb17c_07,23,P7-T7,P7-T7
chb17,chb17c_07,24,T7-FT9,T7-FT9
chb17,chb17c_07,25,FT9-FT10,FT9-FT10
chb17,chb17c_07,26,FT10-T8,FT10-T8
chb17,chb17c_07,27,T8-P8-1,T8-P8-1
chb17,chb17c_08,0,FP1-F7,FP1-F7
chb17,chb17c_08,1,F7-T7,F7-T7
chb17,chb17c_08,2,T7-P7,T7-P7
chb17,chb17c_08,3,P7-O1,P7-O1
chb17,chb17c_08,4,--0,--0
chb17,chb17c_08,5,FP1-F3,FP1-F3
chb17,chb17c_08,6,F3-C3,F3-C3
chb17,chb17c_08,7,C3-P3,C3-P3
chb17,chb17c_08,8,P3-O1,P3-O1
chb17,chb17c_08,9,--1,--1
chb17,chb17c_08,10,FZ-CZ,FZ-CZ
chb17,chb17c_08,11,CZ-PZ,CZ-PZ
chb17,chb17c_08,12,--2,--2
chb17,chb17c_08,13,FP2-F4,FP2-F4
chb17,chb17c_08,14,F4-C4,F4-C4
chb17,chb17c_08,15,C4-P4,C4-P4
chb17,chb17c_08,16,P4-O2,P4-O2
chb17,chb17c_08,17,--3,--3
chb17,chb17c_08,18,FP2-F8,FP2-F8
chb17,chb17c_08,19,F8-T8,F8-T8
chb17,chb17c_08,20,T8-P8-0,T8-P8-0
chb17,chb17c_08,21,P8-O2,P8-O2
chb17,chb17c_08,22,--4,--4
chb17,chb17c_08,23,P7-T7,P7-T7
chb17,chb17c_08,24,T7-FT9,T7-FT9
chb17,chb17c_08,25,FT9-FT10,FT9-FT10
chb17,chb17c_08,26,FT10-T8,FT10-T8
chb17,chb17c_08,27,T8-P8-1,T8-P8-1
chb17,chb17c_13,0,FP1-F7,FP1-F7
chb17,chb17c_13,1,F7-T7,F7-T7
chb17,chb17c_13,2,T7-P7,T7-P7
chb17,chb17c_13,3,P7-O1,P7-O1
chb17,chb17c_13,4,--0,--0
chb17,chb17c_13,5,FP1-F3,FP1-F3
chb17,chb17c_13,6,F3-C3,F3-C3
chb17,chb17c_13,7,C3-P3,C3-P3
chb17,chb17c_13,8,P3-O1,P3-O1
chb17,chb17c_13,9,--1,--1
chb17,chb17c_13,10,FZ-CZ,FZ-CZ
chb17,chb17c_13,11,CZ-PZ,CZ-PZ
chb17,chb17c_13,12,--2,--2
chb17,chb17c_13,13,FP2-F4,FP2-F4
chb17,chb17c_13,14,F4-C4,F4-C4
chb17,chb17c_13,15,C4-P4,C4-P4
chb17,chb17c_13,16,P4-O2,P4-O2
chb17,chb17c_13,17,--3,--3
chb17,chb17c_13,18,FP2-F8,FP2-F8
chb17,chb17c_13,19,F8-T8,F8-T8
chb17,chb17c_13,20,T8-P8,T8-P8
chb17,chb17c_13,21,P8-O2,P8-O2
chb18,chb18_01,0,FP1-F7,FP1-F7
chb18,chb18_01,1,F7-T7,F7-T7
chb18,chb18_01,2,T7-P7,T7-P7
chb18,chb18_01,3,P7-O1,P7-O1
chb18,chb18_01,4,--0,--0
chb18,chb18_01,5,FP1-F3,FP1-F3
chb18,chb18_01,6,F3-C3,F3-C3
chb18,chb18_01,7,C3-P3,C3-P3
chb18,chb18_01,8,P3-O1,P3-O1
chb18,chb18_01,9,--1,--1
chb18,chb18_01,10,FZ-CZ,FZ-CZ
chb18,chb18_01,11,CZ-PZ,CZ-PZ
chb18,chb18_01,12,--2,--2
chb18,chb18_01,13,FP2-F4,FP2-F4
chb18,chb18_01,14,F4-C4,F4-C4
chb18,chb18_01,15,C4-P4,C4-P4
chb18,chb18_01,16,P4-O2,P4-O2
chb18,chb18_01,17,--3,--3
chb18,chb18_01,18,FP2-F8,FP2-F8
chb18,chb18_01,19,F8-T8,F8-T8
chb18,chb18_01,20,T8-P8,T8-P8
chb18,chb18_01,21,P8-O2,P8-O2
chb18,chb18_02,0,FP1-F7,FP1-F7
chb18,chb18_02,1,F7-T7,F7-T7
chb18,chb18_02,2,T7-P7,T7-P7
chb18,chb18_02,3,P7-O1,P7-O1
chb18,chb18_02,4,.-0,.-0
chb18,chb18_02,5,FP1-F3,FP1-F3
chb18,chb18_02,6,F3-C3,F3-C3
chb18,chb18_02,7,C3-P3,C3-P3
chb18,chb18_02,8,P3-O1,P3-O1
chb18,chb18_02,9,.-1,.-1
chb18,chb18_02,10,FZ-CZ,FZ-CZ
chb18,chb18_02,11,CZ-PZ,CZ-PZ
chb18,chb18_02,12,.-2,.-2
chb18,chb18_02,13,FP2-F4,FP2-F4
chb18,chb18_02,14,F4-C4,F4-C4
chb18,chb18_02,15,C4-P4,C4-P4
chb18,chb18_02,16,P4-O2,P4-O2
chb18,chb18_02,17,.-3,.-3
chb18,chb18_02,18,FP2-F8,FP2-F8
chb18,chb18_02,19,F8-T8,F8-T8
chb18,chb18_02,20,T8-P8-0,T8-P8-0
chb18,chb18_02,21,P8-O2,P8-O2
chb18,chb18_02,22,.-4,.-4
chb18,chb18_02,23,P7-T7,P7-T7
chb18,chb18_02,24,T7-FT9,T7-FT9
chb18,chb18_02,25,FT9-FT10,FT9-FT10
chb18,chb18_02,26,FT10-T8,FT10-T8
chb18,chb18_02,27,T8-P8-1,T8-P8-1
chb18,chb18_03,0,FP1-F7,FP1-F7
chb18,chb18_03,1,F7-T7,F7-T7
chb18,chb18_03,2,T7-P7,T7-P7
chb18,chb18_03,3,P7-O1,P7-O1
chb18,chb18_03,4,.-0,.-0
chb18,chb18_03,5,FP1-F3,FP1-F3
chb18,chb18_03,6,F3-C3,F3-C3
chb18,chb18_03,7,C3-P3,C3-P3
chb18,chb18_03,8,P3-O1,P3-O1
chb18,chb18_03,9,.-1,.-1
chb18,chb18_03,10,FZ-CZ,FZ-CZ
chb18,chb18_03,11,CZ-PZ,CZ-PZ
chb18,chb18_03,12,.-2,.-2
chb18,chb18_03,13,FP2-F4,FP2-F4
chb18,chb18_03,14,F4-C4,F4-C4
chb18,chb18_03,15,C4-P4,C4-P4
chb18,chb18_03,16,P4-O2,P4-O2
chb18,chb18_03,17,.-3,.-3
chb18,chb18_03,18,FP2-F8,FP2-F8
chb18,chb18_03,19,F8-T8,F8-T8
chb18,chb18_03,20,T8-P8-0,T8-P8-0
chb18,chb18_03,21,P8-O2,P8-O2
chb18,chb18_03,22,.-4,.-4
chb18,chb18_03,23,P7-T7,P7-T7
chb18,chb18_03,24,T7-FT9,T7-FT9
chb18,chb18_03,25,FT9-FT10,FT9-FT10
chb18,chb18_03,26,FT10-T8,FT10-T8
chb18,chb18_03,27,T8-P8-1,T8-P8-1
chb18,chb18_04,0,FP1-F7,FP1-F7
chb18,chb18_04,1,F7-T7,F7-T7
chb18,chb18_04,2,T7-P7,T7-P7
chb18,chb18_04,3,P7-O1,P7-O1
chb18,chb18_04,4,.-0,.-0
chb18,chb18_04,5,FP1-F3,FP1-F3
chb18,chb18_04,6,F3-C3,F3-C3
chb18,chb18_04,7,C3-P3,C3-P3
chb18,chb18_04,8,P3-O1,P3-O1
chb18,chb18_04,9,.-1,.-1
chb18,chb18_04,10,FZ-CZ,FZ-CZ
chb18,chb18_04,11,CZ-PZ,CZ-PZ
chb18,chb18_04,12,.-2,.-2
chb18,chb18_04,13,FP2-F4,FP2-F4
chb18,chb18_04,14,F4-C4,F4-C4
chb18,chb18_04,15,C4-P4,C4-P4
chb18,chb18_04,16,P4-O2,P4-O2
chb18,chb18_04,17,.-3,.-3
chb18,chb18_04,18,FP2-F8,FP2-F8
chb18,chb18_04,19,F8-T8,F8-T8
chb18,chb18_04,20,T8-P8-0,T8-P8-0
chb18,chb18_04,21,P8-O2,P8-O2
chb18,chb18_04,22,.-4,.-4
chb18,chb18_04,23,P7-T7,P7-T7
chb18,chb18_04,24,T7-FT9,T7-FT9
chb18,chb18_04,25,FT9-FT10,FT9-FT10
chb18,chb18_04,26,FT10-T8,FT10-T8
chb18,chb18_04,27,T8-P8-1,T8-P8-1
chb18,chb18_05,0,FP1-F7,FP1-F7
chb18,chb18_05,1,F7-T7,F7-T7
chb18,chb18_05,2,T7-P7,T7-P7
chb18,chb18_05,3,P7-O1,P7-O1
chb18,chb18_05,4,.-0,.-0
chb18,chb18_05,5,FP1-F3,FP1-F3
chb18,chb18_05,6,F3-C3,F3-C3
chb18,chb18_05,7,C3-P3,C3-P3
chb18,chb18_05,8,P3-O1,P3-O1
chb18,chb18_05,9,.-1,.-1
chb18,chb18_05,10,FZ-CZ,FZ-CZ
chb18,chb18_05,11,CZ-PZ,CZ-PZ
chb18,chb18_05,12,.-2,.-2
chb18,chb18_05,13,FP2-F4,FP2-F4
chb18,chb18_05,14,F4-C4,F4-C4
chb18,chb18_05,15,C4-P4,C4-P4
chb18,chb18_05,16,P4-O2,P4-O2
chb18,chb18_05,17,.-3,.-3
chb18,chb18_05,18,FP2-F8,FP2-F8
chb18,chb18_05,19,F8-T8,F8-T8
chb18,chb18_05,20,T8-P8-0,T8-P8-0
chb18,chb18_05,21,P8-O2,P8-O2
chb18,chb18_05,22,.-4,.-4
chb18,chb18_05,23,P7-T7,P7-T7
chb18,chb18_05,24,T7-FT9,T7-FT9
chb18,chb18_05,25,FT9-FT10,FT9-FT10
chb18,chb18_05,26,FT10-T8,FT10-T8
chb18,chb18_05,27,T8-P8-1,T8-P8-1
chb18,chb18_06,0,FP1-F7,FP1-F7
chb18,chb18_06,1,F7-T7,F7-T7
chb18,chb18_06,2,T7-P7,T7-P7
chb18,chb18_06,3,P7-O1,P7-O1
chb18,chb18_06,4,.-0,.-0
chb18,chb18_06,5,FP1-F3,FP1-F3
chb18,chb18_06,6,F3-C3,F3-C3
chb18,chb18_06,7,C3-P3,C3-P3
chb18,chb18_06,8,P3-O1,P3-O1
chb18,chb18_06,9,.-1,.-1
chb18,chb18_06,10,FZ-CZ,FZ-CZ
chb18,chb18_06,11,CZ-PZ,CZ-PZ
chb18,chb18_06,12,.-2,.-2
chb18,chb18_06,13,FP2-F4,FP2-F4
chb18,chb18_06,14,F4-C4,F4-C4
chb18,chb18_06,15,C4-P4,C4-P4
chb18,chb18_06,16,P4-O2,P4-O2
chb18,chb18_06,17,.-3,.-3
chb18,chb18_06,18,FP2-F8,FP2-F8
chb18,chb18_06,19,F8-T8,F8-T8
chb18,chb18_06,20,T8-P8-0,T8-P8-0
chb18,chb18_06,21,P8-O2,P8-O2
chb18,chb18_06,22,.-4,.-4
chb18,chb18_06,23,P7-T7,P7-T7
chb18,chb18_06,24,T7-FT9,T7-FT9
chb18,chb18_06,25,FT9-FT10,FT9-FT10
chb18,chb18_06,26,FT10-T8,FT10-T8
chb18,chb18_06,27,T8-P8-1,T8-P8-1
chb18,chb18_07,0,FP1-F7,FP1-F7
chb18,chb18_07,1,F7-T7,F7-T7
chb18,chb18_07,2,T7-P7,T7-P7
chb18,chb18_07,3,P7-O1,P7-O1
chb18,chb18_07,4,.-0,.-0
chb18,chb18_07,5,FP1-F3,FP1-F3
chb18,chb18_07,6,F3-C3,F3-C3
chb18,chb18_07,7,C3-P3,C3-P3
chb18,chb18_07,8,P3-O1,P3-O1
chb18,chb18_07,9,.-1,.-1
chb18,chb18_07,10,FZ-CZ,FZ-CZ
chb18,chb18_07,11,CZ-PZ,CZ-PZ
chb18,chb18_07,12,.-2,.-2
chb18,chb18_07,13,FP2-F4,FP2-F4
chb18,chb18_07,14,F4-C4,F4-C4
chb18,chb18_07,15,C4-P4,C4-P4
chb18,chb18_07,16,P4-O2,P4-O2
chb18,chb18_07,17,.-3,.-3
chb18,chb18_07,18,FP2-F8,FP2-F8
chb18,chb18_07,19,F8-T8,F8-T8
chb18,chb18_07,20,T8-P8-0,T8-P8-0
chb18,chb18_07,21,P8-O2,P8-O2
chb18,chb18_07,22,.-4,.-4
chb18,chb18_07,23,P7-T7,P7-T7
chb18,chb18_07,24,T7-FT9,T7-FT9
chb18,chb18_07,25,FT9-FT10,FT9-FT10
chb18,chb18_07,26,FT10-T8,FT10-T8
chb18,chb18_07,27,T8-P8-1,T8-P8-1
chb18,chb18_08,0,FP1-F7,FP1-F7
chb18,chb18_08,1,F7-T7,F7-T7
chb18,chb18_08,2,T7-P7,T7-P7
chb18,chb18_08,3,P7-O1,P7-O1
chb18,chb18_08,4,.-0,.-0
chb18,chb18_08,5,FP1-F3,FP1-F3
chb18,chb18_08,6,F3-C3,F3-C3
chb18,chb18_08,7,C3-P3,C3-P3
chb18,chb18_08,8,P3-O1,P3-O1
chb18,chb18_08,9,.-1,.-1
chb18,chb18_08,10,FZ-CZ,FZ-CZ
chb18,chb18_08,11,CZ-PZ,CZ-PZ
chb18,chb18_08,12,.-2,.-2
chb18,chb18_08,13,FP2-F4,FP2-F4
chb18,chb18_08,14,F4-C4,F4-C4
chb18,chb18_08,15,C4-P4,C4-P4
chb18,chb18_08,16,P4-O2,P4-O2
chb18,chb18_08,17,.-3,.-3
chb18,chb18_08,18,FP2-F8,FP2-F8
chb18,chb18_08,19,F8-T8,F8-T8
chb18,chb18_08,20,T8-P8-0,T8-P8-0
chb18,chb18_08,21,P8-O2,P8-O2
chb18,chb18_08,22,.-4,.-4
chb18,chb18_08,23,P7-T7,P7-T7
chb18,chb18_08,24,T7-FT9,T7-FT9
chb18,chb18_08,25,FT9-FT10,FT9-FT10
chb18,chb18_08,26,FT10-T8,FT10-T8
chb18,chb18_08,27,T8-P8-1,T8-P8-1
chb18,chb18_09,0,FP1-F7,FP1-F7
chb18,chb18_09,1,F7-T7,F7-T7
chb18,chb18_09,2,T7-P7,T7-P7
chb18,chb18_09,3,P7-O1,P7-O1
chb18,chb18_09,4,.-0,.-0
chb18,chb18_09,5,FP1-F3,FP1-F3
chb18,chb18_09,6,F3-C3,F3-C3
chb18,chb18_09,7,C3-P3,C3-P3
chb18,chb18_09,8,P3-O1,P3-O1
chb18,chb18_09,9,.-1,.-1
chb18,chb18_09,10,FZ-CZ,FZ-CZ
chb18,chb18_09,11,CZ-PZ,CZ-PZ
chb18,chb18_09,12,.-2,.-2
chb18,chb18_09,13,FP2-F4,FP2-F4
chb18,chb18_09,14,F4-C4,F4-C4
chb18,chb18_09,15,C4-P4,C4-P4
chb18,chb18_09,16,P4-O2,P4-O2
chb18,chb18_09,17,.-3,.-3
chb18,chb18_09,18,FP2-F8,FP2-F8
chb18,chb18_09,19,F8-T8,F8-T8
chb18,chb18_09,20,T8-P8-0,T8-P8-0
chb18,chb18_09,21,P8-O2,P8-O2
chb18,chb18_09,22,.-4,.-4
chb18,chb18_09,23,P7-T7,P7-T7
chb18,chb18_09,24,T7-FT9,T7-FT9
chb18,chb18_09,25,FT9-FT10,FT9-FT10
chb18,chb18_09,26,FT10-T8,FT10-T8
chb18,chb18_09,27,T8-P8-1,T8-P8-1
chb18,chb18_10,0,FP1-F7,FP1-F7
chb18,chb18_10,1,F7-T7,F7-T7
chb18,chb18_10,2,T7-P7,T7-P7
chb18,chb18_10,3,P7-O1,P7-O1
chb18,chb18_10,4,.-0,.-0
chb18,chb18_10,5,FP1-F3,FP1-F3
chb18,chb18_10,6,F3-C3,F3-C3
chb18,chb18_10,7,C3-P3,C3-P3
chb18,chb18_10,8,P3-O1,P3-O1
chb18,chb18_10,9,.-1,.-1
chb18,chb18_10,10,FZ-CZ,FZ-CZ
chb18,chb18_10,11,CZ-PZ,CZ-PZ
chb18,chb18_10,12,.-2,.-2
chb18,chb18_10,13,FP2-F4,FP2-F4
chb18,chb18_10,14,F4-C4,F4-C4
chb18,chb18_10,15,C4-P4,C4-P4
chb18,chb18_10,16,P4-O2,P4-O2
chb18,chb18_10,17,.-3,.-3
chb18,chb18_10,18,FP2-F8,FP2-F8
chb18,chb18_10,19,F8-T8,F8-T8
chb18,chb18_10,20,T8-P8-0,T8-P8-0
chb18,chb18_10,21,P8-O2,P8-O2
chb18,chb18_10,22,.-4,.-4
chb18,chb18_10,23,P7-T7,P7-T7
chb18,chb18_10,24,T7-FT9,T7-FT9
chb18,chb18_10,25,FT9-FT10,FT9-FT10
chb18,chb18_10,26,FT10-T8,FT10-T8
chb18,chb18_10,27,T8-P8-1,T8-P8-1
chb18,chb18_11,0,FP1-F7,FP1-F7
chb18,chb18_11,1,F7-T7,F7-T7
chb18,chb18_11,2,T7-P7,T7-P7
chb18,chb18_11,3,P7-O1,P7-O1
chb18,chb18_11,4,.-0,.-0
chb18,chb18_11,5,FP1-F3,FP1-F3
chb18,chb18_11,6,F3-C3,F3-C3
chb18,chb18_11,7,C3-P3,C3-P3
chb18,chb18_11,8,P3-O1,P3-O1
chb18,chb18_11,9,.-1,.-1
chb18,chb18_11,10,FZ-CZ,FZ-CZ
chb18,chb18_11,11,CZ-PZ,CZ-PZ
chb18,chb18_11,12,.-2,.-2
chb18,chb18_11,13,FP2-F4,FP2-F4
chb18,chb18_11,14,F4-C4,F4-C4
chb18,chb18_11,15,C4-P4,C4-P4
chb18,chb18_11,16,P4-O2,P4-O2
chb18,chb18_11,17,.-3,.-3
chb18,chb18_11,18,FP2-F8,FP2-F8
chb18,chb18_11,19,F8-T8,F8-T8
chb18,chb18_11,20,T8-P8-0,T8-P8-0
chb18,chb18_11,21,P8-O2,P8-O2
chb18,chb18_11,22,.-4,.-4
chb18,chb18_11,23,P7-T7,P7-T7
chb18,chb18_11,24,T7-FT9,T7-FT9
chb18,chb18_11,25,FT9-FT10,FT9-FT10
chb18,chb18_11,26,FT10-T8,FT10-T8
chb18,chb18_11,27,T8-P8-1,T8-P8-1
chb18,chb18_12,0,FP1-F7,FP1-F7
chb18,chb18_12,1,F7-T7,F7-T7
chb18,chb18_12,2,T7-P7,T7-P7
chb18,chb18_12,3,P7-O1,P7-O1
chb18,chb18_12,4,.-0,.-0
chb18,chb18_12,5,FP1-F3,FP1-F3
chb18,chb18_12,6,F3-C3,F3-C3
chb18,chb18_12,7,C3-P3,C3-P3
chb18,chb18_12,8,P3-O1,P3-O1
chb18,chb18_12,9,.-1,.-1
chb18,chb18_12,10,FZ-CZ,FZ-CZ
chb18,chb18_12,11,CZ-PZ,CZ-PZ
chb18,chb18_12,12,.-2,.-2
chb18,chb18_12,13,FP2-F4,FP2-F4
chb18,chb18_12,14,F4-C4,F4-C4
chb18,chb18_12,15,C4-P4,C4-P4
chb18,chb18_12,16,P4-O2,P4-O2
chb18,chb18_12,17,.-3,.-3
chb18,chb18_12,18,FP2-F8,FP2-F8
chb18,chb18_12,19,F8-T8,F8-T8
chb18,chb18_12,20,T8-P8-0,T8-P8-0
chb18,chb18_12,21,P8-O2,P8-O2
chb18,chb18_12,22,.-4,.-4
chb18,chb18_12,23,P7-T7,P7-T7
chb18,chb18_12,24,T7-FT9,T7-FT9
chb18,chb18_12,25,FT9-FT10,FT9-FT10
chb18,chb18_12,26,FT10-T8,FT10-T8
chb18,chb18_12,27,T8-P8-1,T8-P8-1
chb18,chb18_13,0,FP1-F7,FP1-F7
chb18,chb18_13,1,F7-T7,F7-T7
chb18,chb18_13,2,T7-P7,T7-P7
chb18,chb18_13,3,P7-O1,P7-O1
chb18,chb18_13,4,.-0,.-0
chb18,chb18_13,5,FP1-F3,FP1-F3
chb18,chb18_13,6,F3-C3,F3-C3
chb18,chb18_13,7,C3-P3,C3-P3
chb18,chb18_13,8,P3-O1,P3-O1
chb18,chb18_13,9,.-1,.-1
chb18,chb18_13,10,FZ-CZ,FZ-CZ
chb18,chb18_13,11,CZ-PZ,CZ-PZ
chb18,chb18_13,12,.-2,.-2
chb18,chb18_13,13,FP2-F4,FP2-F4
chb18,chb18_13,14,F4-C4,F4-C4
chb18,chb18_13,15,C4-P4,C4-P4
chb18,chb18_13,16,P4-O2,P4-O2
chb18,chb18_13,17,.-3,.-3
chb18,chb18_13,18,FP2-F8,FP2-F8
chb18,chb18_13,19,F8-T8,F8-T8
chb18,chb18_13,20,T8-P8-0,T8-P8-0
chb18,chb18_13,21,P8-O2,P8-O2
chb18,chb18_13,22,.-4,.-4
chb18,chb18_13,23,P7-T7,P7-T7
chb18,chb18_13,24,T7-FT9,T7-FT9
chb18,chb18_13,25,FT9-FT10,FT9-FT10
chb18,chb18_13,26,FT10-T8,FT10-T8
chb18,chb18_13,27,T8-P8-1,T8-P8-1
chb18,chb18_14,0,FP1-F7,FP1-F7
chb18,chb18_14,1,F7-T7,F7-T7
chb18,chb18_14,2,T7-P7,T7-P7
chb18,chb18_14,3,P7-O1,P7-O1
chb18,chb18_14,4,.-0,.-0
chb18,chb18_14,5,FP1-F3,FP1-F3
chb18,chb18_14,6,F3-C3,F3-C3
chb18,chb18_14,7,C3-P3,C3-P3
chb18,chb18_14,8,P3-O1,P3-O1
chb18,chb18_14,9,.-1,.-1
chb18,chb18_14,10,FZ-CZ,FZ-CZ
chb18,chb18_14,11,CZ-PZ,CZ-PZ
chb18,chb18_14,12,.-2,.-2
chb18,chb18_14,13,FP2-F4,FP2-F4
chb18,chb18_14,14,F4-C4,F4-C4
chb18,chb18_14,15,C4-P4,C4-P4
chb18,chb18_14,16,P4-O2,P4-O2
chb18,chb18_14,17,.-3,.-3
chb18,chb18_14,18,FP2-F8,FP2-F8
chb18,chb18_14,19,F8-T8,F8-T8
chb18,chb18_14,20,T8-P8-0,T8-P8-0
chb18,chb18_14,21,P8-O2,P8-O2
chb18,chb18_14,22,.-4,.-4
chb18,chb18_14,23,P7-T7,P7-T7
chb18,chb18_14,24,T7-FT9,T7-FT9
chb18,chb18_14,25,FT9-FT10,FT9-FT10
chb18,chb18_14,26,FT10-T8,FT10-T8
chb18,chb18_14,27,T8-P8-1,T8-P8-1
chb18,chb18_15,0,FP1-F7,FP1-F7
chb18,chb18_15,1,F7-T7,F7-T7
chb18,chb18_15,2,T7-P7,T7-P7
chb18,chb18_15,3,P7-O1,P7-O1
chb18,chb18_15,4,.-0,.-0
chb18,chb18_15,5,FP1-F3,FP1-F3
chb18,chb18_15,6,F3-C3,F3-C3
chb18,chb18_15,7,C3-P3,C3-P3
chb18,chb18_15,8,P3-O1,P3-O1
chb18,chb18_15,9,.-1,.-1
chb18,chb18_15,10,FZ-CZ,FZ-CZ
chb18,chb18_15,11,CZ-PZ,CZ-PZ
chb18,chb18_15,12,.-2,.-2
chb18,chb18_15,13,FP2-F4,FP2-F4
chb18,chb18_15,14,F4-C4,F4-C4
chb18,chb18_15,15,C4-P4,C4-P4
chb18,chb18_15,16,P4-O2,P4-O2
chb18,chb18_15,17,.-3,.-3
chb18,chb18_15,18,FP2-F8,FP2-F8
chb18,chb18_15,19,F8-T8,F8-T8
chb18,chb18_15,20,T8-P8-0,T8-P8-0
chb18,chb18_15,21,P8-O2,P8-O2
chb18,chb18_15,22,.-4,.-4
chb18,chb18_15,23,P7-T7,P7-T7
chb18,chb18_15,24,T7-FT9,T7-FT9
chb18,chb18_15,25,FT9-FT10,FT9-FT10
chb18,chb18_15,26,FT10-T8,FT10-T8
chb18,chb18_15,27,T8-P8-1,T8-P8-1
chb18,chb18_16,0,FP1-F7,FP1-F7
chb18,chb18_16,1,F7-T7,F7-T7
chb18,chb18_16,2,T7-P7,T7-P7
chb18,chb18_16,3,P7-O1,P7-O1
chb18,chb18_16,4,.-0,.-0
chb18,chb18_16,5,FP1-F3,FP1-F3
chb18,chb18_16,6,F3-C3,F3-C3
chb18,chb18_16,7,C3-P3,C3-P3
chb18,chb18_16,8,P3-O1,P3-O1
chb18,chb18_16,9,.-1,.-1
chb18,chb18_16,10,FZ-CZ,FZ-CZ
chb18,chb18_16,11,CZ-PZ,CZ-PZ
chb18,chb18_16,12,.-2,.-2
chb18,chb18_16,13,FP2-F4,FP2-F4
chb18,chb18_16,14,F4-C4,F4-C4
chb18,chb18_16,15,C4-P4,C4-P4
chb18,chb18_16,16,P4-O2,P4-O2
chb18,chb18_16,17,.-3,.-3
chb18,chb18_16,18,FP2-F8,FP2-F8
chb18,chb18_16,19,F8-T8,F8-T8
chb18,chb18_16,20,T8-P8-0,T8-P8-0
chb18,chb18_16,21,P8-O2,P8-O2
chb18,chb18_16,22,.-4,.-4
chb18,chb18_16,23,P7-T7,P7-T7
chb18,chb18_16,24,T7-FT9,T7-FT9
chb18,chb18_16,25,FT9-FT10,FT9-FT10
chb18,chb18_16,26,FT10-T8,FT10-T8
chb18,chb18_16,27,T8-P8-1,T8-P8-1
chb18,chb18_17,0,FP1-F7,FP1-F7
chb18,chb18_17,1,F7-T7,F7-T7
chb18,chb18_17,2,T7-P7,T7-P7
chb18,chb18_17,3,P7-O1,P7-O1
chb18,chb18_17,4,.-0,.-0
chb18,chb18_17,5,FP1-F3,FP1-F3
chb18,chb18_17,6,F3-C3,F3-C3
chb18,chb18_17,7,C3-P3,C3-P3
chb18,chb18_17,8,P3-O1,P3-O1
chb18,chb18_17,9,.-1,.-1
chb18,chb18_17,10,FZ-CZ,FZ-CZ
chb18,chb18_17,11,CZ-PZ,CZ-PZ
chb18,chb18_17,12,.-2,.-2
chb18,chb18_17,13,FP2-F4,FP2-F4
chb18,chb18_17,14,F4-C4,F4-C4
chb18,chb18_17,15,C4-P4,C4-P4
chb18,chb18_17,16,P4-O2,P4-O2
chb18,chb18_17,17,.-3,.-3
chb18,chb18_17,18,FP2-F8,FP2-F8
chb18,chb18_17,19,F8-T8,F8-T8
chb18,chb18_17,20,T8-P8-0,T8-P8-0
chb18,chb18_17,21,P8-O2,P8-O2
chb18,chb18_17,22,.-4,.-4
chb18,chb18_17,23,P7-T7,P7-T7
chb18,chb18_17,24,T7-FT9,T7-FT9
chb18,chb18_17,25,FT9-FT10,FT9-FT10
chb18,chb18_17,26,FT10-T8,FT10-T8
chb18,chb18_17,27,T8-P8-1,T8-P8-1
chb18,chb18_18,0,FP1-F7,FP1-F7
chb18,chb18_18,1,F7-T7,F7-T7
chb18,chb18_18,2,T7-P7,T7-P7
chb18,chb18_18,3,P7-O1,P7-O1
chb18,chb18_18,4,.-0,.-0
chb18,chb18_18,5,FP1-F3,FP1-F3
chb18,chb18_18,6,F3-C3,F3-C3
chb18,chb18_18,7,C3-P3,C3-P3
chb18,chb18_18,8,P3-O1,P3-O1
chb18,chb18_18,9,.-1,.-1
chb18,chb18_18,10,FZ-CZ,FZ-CZ
chb18,chb18_18,11,CZ-PZ,CZ-PZ
chb18,chb18_18,12,.-2,.-2
chb18,chb18_18,13,FP2-F4,FP2-F4
chb18,chb18_18,14,F4-C4,F4-C4
chb18,chb18_18,15,C4-P4,C4-P4
chb18,chb18_18,16,P4-O2,P4-O2
chb18,chb18_18,17,.-3,.-3
chb18,chb18_18,18,FP2-F8,FP2-F8
chb18,chb18_18,19,F8-T8,F8-T8
chb18,chb18_18,20,T8-P8-0,T8-P8-0
chb18,chb18_18,21,P8-O2,P8-O2
chb18,chb18_18,22,.-4,.-4
chb18,chb18_18,23,P7-T7,P7-T7
chb18,chb18_18,24,T7-FT9,T7-FT9
chb18,chb18_18,25,FT9-FT10,FT9-FT10
chb18,chb18_18,26,FT10-T8,FT10-T8
chb18,chb18_18,27,T8-P8-1,T8-P8-1
chb18,chb18_19,0,FP1-F7,FP1-F7
chb18,chb18_19,1,F7-T7,F7-T7
chb18,chb18_19,2,T7-P7,T7-P7
chb18,chb18_19,3,P7-O1,P7-O1
chb18,chb18_19,4,.-0,.-0
chb18,chb18_19,5,FP1-F3,FP1-F3
chb18,chb18_19,6,F3-C3,F3-C3
chb18,chb18_19,7,C3-P3,C3-P3
chb18,chb18_19,8,P3-O1,P3-O1
chb18,chb18_19,9,.-1,.-1
chb18,chb18_19,10,FZ-CZ,FZ-CZ
chb18,chb18_19,11,CZ-PZ,CZ-PZ
chb18,chb18_19,12,.-2,.-2
chb18,chb18_19,13,FP2-F4,FP2-F4
chb18,chb18_19,14,F4-C4,F4-C4
chb18,chb18_19,15,C4-P4,C4-P4
chb18,chb18_19,16,P4-O2,P4-O2
chb18,chb18_19,17,.-3,.-3
chb18,chb18_19,18,FP2-F8,FP2-F8
chb18,chb18_19,19,F8-T8,F8-T8
chb18,chb18_19,20,T8-P8-0,T8-P8-0
chb18,chb18_19,21,P8-O2,P8-O2
chb18,chb18_19,22,.-4,.-4
chb18,chb18_19,23,P7-T7,P7-T7
chb18,chb18_19,24,T7-FT9,T7-FT9
chb18,chb18_19,25,FT9-FT10,FT9-FT10
chb18,chb18_19,26,FT10-T8,FT10-T8
chb18,chb18_19,27,T8-P8-1,T8-P8-1
chb18,chb18_20,0,FP1-F7,FP1-F7
chb18,chb18_20,1,F7-T7,F7-T7
chb18,chb18_20,2,T7-P7,T7-P7
chb18,chb18_20,3,P7-O1,P7-O1
chb18,chb18_20,4,.-0,.-0
chb18,chb18_20,5,FP1-F3,FP1-F3
chb18,chb18_20,6,F3-C3,F3-C3
chb18,chb18_20,7,C3-P3,C3-P3
chb18,chb18_20,8,P3-O1,P3-O1
chb18,chb18_20,9,.-1,.-1
chb18,chb18_20,10,FZ-CZ,FZ-CZ
chb18,chb18_20,11,CZ-PZ,CZ-PZ
chb18,chb18_20,12,.-2,.-2
chb18,chb18_20,13,FP2-F4,FP2-F4
chb18,chb18_20,14,F4-C4,F4-C4
chb18,chb18_20,15,C4-P4,C4-P4
chb18,chb18_20,16,P4-O2,P4-O2
chb18,chb18_20,17,.-3,.-3
chb18,chb18_20,18,FP2-F8,FP2-F8
chb18,chb18_20,19,F8-T8,F8-T8
chb18,chb18_20,20,T8-P8-0,T8-P8-0
chb18,chb18_20,21,P8-O2,P8-O2
chb18,chb18_20,22,.-4,.-4
chb18,chb18_20,23,P7-T7,P7-T7
chb18,chb18_20,24,T7-FT9,T7-FT9
chb18,chb18_20,25,FT9-FT10,FT9-FT10
chb18,chb18_20,26,FT10-T8,FT10-T8
chb18,chb18_20,27,T8-P8-1,T8-P8-1
chb18,chb18_21,0,FP1-F7,FP1-F7
chb18,chb18_21,1,F7-T7,F7-T7
chb18,chb18_21,2,T7-P7,T7-P7
chb18,chb18_21,3,P7-O1,P7-O1
chb18,chb18_21,4,.-0,.-0
chb18,chb18_21,5,FP1-F3,FP1-F3
chb18,chb18_21,6,F3-C3,F3-C3
chb18,chb18_21,7,C3-P3,C3-P3
chb18,chb18_21,8,P3-O1,P3-O1
chb18,chb18_21,9,.-1,.-1
chb18,chb18_21,10,FZ-CZ,FZ-CZ
chb18,chb18_21,11,CZ-PZ,CZ-PZ
chb18,chb18_21,12,.-2,.-2
chb18,chb18_21,13,FP2-F4,FP2-F4
chb18,chb18_21,14,F4-C4,F4-C4
chb18,chb18_21,15,C4-P4,C4-P4
chb18,chb18_21,16,P4-O2,P4-O2
chb18,chb18_21,17,.-3,.-3
chb18,chb18_21,18,FP2-F8,FP2-F8
chb18,chb18_21,19,F8-T8,F8-T8
chb18,chb18_21,20,T8-P8-0,T8-P8-0
chb18,chb18_21,21,P8-O2,P8-O2
chb18,chb18_21,22,.-4,.-4
chb18,chb18_21,23,P7-T7,P7-T7
chb18,chb18_21,24,T7-FT9,T7-FT9
chb18,chb18_21,25,FT9-FT10,FT9-FT10
chb18,chb18_21,26,FT10-T8,FT10-T8
chb18,chb18_21,27,T8-P8-1,T8-P8-1
chb18,chb18_22,0,FP1-F7,FP1-F7
chb18,chb18_22,1,F7-T7,F7-T7
chb18,chb18_22,2,T7-P7,T7-P7
chb18,chb18_22,3,P7-O1,P7-O1
chb18,chb18_22,4,.-0,.-0
chb18,chb18_22,5,FP1-F3,FP1-F3
chb18,chb18_22,6,F3-C3,F3-C3
chb18,chb18_22,7,C3-P3,C3-P3
chb18,chb18_22,8,P3-O1,P3-O1
chb18,chb18_22,9,.-1,.-1
chb18,chb18_22,10,FZ-CZ,FZ-CZ
chb18,chb18_22,11,CZ-PZ,CZ-PZ
chb18,chb18_22,12,.-2,.-2
chb18,chb18_22,13,FP2-F4,FP2-F4
chb18,chb18_22,14,F4-C4,F4-C4
chb18,chb18_22,15,C4-P4,C4-P4
chb18,chb18_22,16,P4-O2,P4-O2
chb18,chb18_22,17,.-3,.-3
chb18,chb18_22,18,FP2-F8,FP2-F8
chb18,chb18_22,19,F8-T8,F8-T8
chb18,chb18_22,20,T8-P8-0,T8-P8-0
chb18,chb18_22,21,P8-O2,P8-O2
chb18,chb18_22,22,.-4,.-4
chb18,chb18_22,23,P7-T7,P7-T7
chb18,chb18_22,24,T7-FT9,T7-FT9
chb18,chb18_22,25,FT9-FT10,FT9-FT10
chb18,chb18_22,26,FT10-T8,FT10-T8
chb18,chb18_22,27,T8-P8-1,T8-P8-1
chb18,chb18_23,0,FP1-F7,FP1-F7
chb18,chb18_23,1,F7-T7,F7-T7
chb18,chb18_23,2,T7-P7,T7-P7
chb18,chb18_23,3,P7-O1,P7-O1
chb18,chb18_23,4,.-0,.-0
chb18,chb18_23,5,FP1-F3,FP1-F3
chb18,chb18_23,6,F3-C3,F3-C3
chb18,chb18_23,7,C3-P3,C3-P3
chb18,chb18_23,8,P3-O1,P3-O1
chb18,chb18_23,9,.-1,.-1
chb18,chb18_23,10,FZ-CZ,FZ-CZ
chb18,chb18_23,11,CZ-PZ,CZ-PZ
chb18,chb18_23,12,.-2,.-2
chb18,chb18_23,13,FP2-F4,FP2-F4
chb18,chb18_23,14,F4-C4,F4-C4
chb18,chb18_23,15,C4-P4,C4-P4
chb18,chb18_23,16,P4-O2,P4-O2
chb18,chb18_23,17,.-3,.-3
chb18,chb18_23,18,FP2-F8,FP2-F8
chb18,chb18_23,19,F8-T8,F8-T8
chb18,chb18_23,20,T8-P8-0,T8-P8-0
chb18,chb18_23,21,P8-O2,P8-O2
chb18,chb18_23,22,.-4,.-4
chb18,chb18_23,23,P7-T7,P7-T7
chb18,chb18_23,24,T7-FT9,T7-FT9
chb18,chb18_23,25,FT9-FT10,FT9-FT10
chb18,chb18_23,26,FT10-T8,FT10-T8
chb18,chb18_23,27,T8-P8-1,T8-P8-1
chb18,chb18_24,0,FP1-F7,FP1-F7
chb18,chb18_24,1,F7-T7,F7-T7
chb18,chb18_24,2,T7-P7,T7-P7
chb18,chb18_24,3,P7-O1,P7-O1
chb18,chb18_24,4,.-0,.-0
chb18,chb18_24,5,FP1-F3,FP1-F3
chb18,chb18_24,6,F3-C3,F3-C3
chb18,chb18_24,7,C3-P3,C3-P3
chb18,chb18_24,8,P3-O1,P3-O1
chb18,chb18_24,9,.-1,.-1
chb18,chb18_24,10,FZ-CZ,FZ-CZ
chb18,chb18_24,11,CZ-PZ,CZ-PZ
chb18,chb18_24,12,.-2,.-2
chb18,chb18_24,13,FP2-F4,FP2-F4
chb18,chb18_24,14,F4-C4,F4-C4
chb18,chb18_24,15,C4-P4,C4-P4
chb18,chb18_24,16,P4-O2,P4-O2
chb18,chb18_24,17,.-3,.-3
chb18,chb18_24,18,FP2-F8,FP2-F8
chb18,chb18_24,19,F8-T8,F8-T8
chb18,chb18_24,20,T8-P8-0,T8-P8-0
chb18,chb18_24,21,P8-O2,P8-O2
chb18,chb18_24,22,.-4,.-4
chb18,chb18_24,23,P7-T7,P7-T7
chb18,chb18_24,24,T7-FT9,T7-FT9
chb18,chb18_24,25,FT9-FT10,FT9-FT10
chb18,chb18_24,26,FT10-T8,FT10-T8
chb18,chb18_24,27,T8-P8-1,T8-P8-1
chb18,chb18_25,0,FP1-F7,FP1-F7
chb18,chb18_25,1,F7-T7,F7-T7
chb18,chb18_25,2,T7-P7,T7-P7
chb18,chb18_25,3,P7-O1,P7-O1
chb18,chb18_25,4,.-0,.-0
chb18,chb18_25,5,FP1-F3,FP1-F3
chb18,chb18_25,6,F3-C3,F3-C3
chb18,chb18_25,7,C3-P3,C3-P3
chb18,chb18_25,8,P3-O1,P3-O1
chb18,chb18_25,9,.-1,.-1
chb18,chb18_25,10,FZ-CZ,FZ-CZ
chb18,chb18_25,11,CZ-PZ,CZ-PZ
chb18,chb18_25,12,.-2,.-2
chb18,chb18_25,13,FP2-F4,FP2-F4
chb18,chb18_25,14,F4-C4,F4-C4
chb18,chb18_25,15,C4-P4,C4-P4
chb18,chb18_25,16,P4-O2,P4-O2
chb18,chb18_25,17,.-3,.-3
chb18,chb18_25,18,FP2-F8,FP2-F8
chb18,chb18_25,19,F8-T8,F8-T8
chb18,chb18_25,20,T8-P8-0,T8-P8-0
chb18,chb18_25,21,P8-O2,P8-O2
chb18,chb18_25,22,.-4,.-4
chb18,chb18_25,23,P7-T7,P7-T7
chb18,chb18_25,24,T7-FT9,T7-FT9
chb18,chb18_25,25,FT9-FT10,FT9-FT10
chb18,chb18_25,26,FT10-T8,FT10-T8
chb18,chb18_25,27,T8-P8-1,T8-P8-1
chb18,chb18_26,0,FP1-F7,FP1-F7
chb18,chb18_26,1,F7-T7,F7-T7
chb18,chb18_26,2,T7-P7,T7-P7
chb18,chb18_26,3,P7-O1,P7-O1
chb18,chb18_26,4,.-0,.-0
chb18,chb18_26,5,FP1-F3,FP1-F3
chb18,chb18_26,6,F3-C3,F3-C3
chb18,chb18_26,7,C3-P3,C3-P3
chb18,chb18_26,8,P3-O1,P3-O1
chb18,chb18_26,9,.-1,.-1
chb18,chb18_26,10,FZ-CZ,FZ-CZ
chb18,chb18_26,11,CZ-PZ,CZ-PZ
chb18,chb18_26,12,.-2,.-2
chb18,chb18_26,13,FP2-F4,FP2-F4
chb18,chb18_26,14,F4-C4,F4-C4
chb18,chb18_26,15,C4-P4,C4-P4
chb18,chb18_26,16,P4-O2,P4-O2
chb18,chb18_26,17,.-3,.-3
chb18,chb18_26,18,FP2-F8,FP2-F8
chb18,chb18_26,19,F8-T8,F8-T8
chb18,chb18_26,20,T8-P8-0,T8-P8-0
chb18,chb18_26,21,P8-O2,P8-O2
chb18,chb18_26,22,.-4,.-4
chb18,chb18_26,23,P7-T7,P7-T7
chb18,chb18_26,24,T7-FT9,T7-FT9
chb18,chb18_26,25,FT9-FT10,FT9-FT10
chb18,chb18_26,26,FT10-T8,FT10-T8
chb18,chb18_26,27,T8-P8-1,T8-P8-1
chb18,chb18_27,0,FP1-F7,FP1-F7
chb18,chb18_27,1,F7-T7,F7-T7
chb18,chb18_27,2,T7-P7,T7-P7
chb18,chb18_27,3,P7-O1,P7-O1
chb18,chb18_27,4,.-0,.-0
chb18,chb18_27,5,FP1-F3,FP1-F3
chb18,chb18_27,6,F3-C3,F3-C3
chb18,chb18_27,7,C3-P3,C3-P3
chb18,chb18_27,8,P3-O1,P3-O1
chb18,chb18_27,9,.-1,.-1
chb18,chb18_27,10,FZ-CZ,FZ-CZ
chb18,chb18_27,11,CZ-PZ,CZ-PZ
chb18,chb18_27,12,.-2,.-2
chb18,chb18_27,13,FP2-F4,FP2-F4
chb18,chb18_27,14,F4-C4,F4-C4
chb18,chb18_27,15,C4-P4,C4-P4
chb18,chb18_27,16,P4-O2,P4-O2
chb18,chb18_27,17,.-3,.-3
chb18,chb18_27,18,FP2-F8,FP2-F8
chb18,chb18_27,19,F8-T8,F8-T8
chb18,chb18_27,20,T8-P8-0,T8-P8-0
chb18,chb18_27,21,P8-O2,P8-O2
chb18,chb18_27,22,.-4,.-4
chb18,chb18_27,23,P7-T7,P7-T7
chb18,chb18_27,24,T7-FT9,T7-FT9
chb18,chb18_27,25,FT9-FT10,FT9-FT10
chb18,chb18_27,26,FT10-T8,FT10-T8
chb18,chb18_27,27,T8-P8-1,T8-P8-1
chb18,chb18_28,0,FP1-F7,FP1-F7
chb18,chb18_28,1,F7-T7,F7-T7
chb18,chb18_28,2,T7-P7,T7-P7
chb18,chb18_28,3,P7-O1,P7-O1
chb18,chb18_28,4,.-0,.-0
chb18,chb18_28,5,FP1-F3,FP1-F3
chb18,chb18_28,6,F3-C3,F3-C3
chb18,chb18_28,7,C3-P3,C3-P3
chb18,chb18_28,8,P3-O1,P3-O1
chb18,chb18_28,9,.-1,.-1
chb18,chb18_28,10,FZ-CZ,FZ-CZ
chb18,chb18_28,11,CZ-PZ,CZ-PZ
chb18,chb18_28,12,.-2,.-2
chb18,chb18_28,13,FP2-F4,FP2-F4
chb18,chb18_28,14,F4-C4,F4-C4
chb18,chb18_28,15,C4-P4,C4-P4
chb18,chb18_28,16,P4-O2,P4-O2
chb18,chb18_28,17,.-3,.-3
chb18,chb18_28,18,FP2-F8,FP2-F8
chb18,chb18_28,19,F8-T8,F8-T8
chb18,chb18_28,20,T8-P8-0,T8-P8-0
chb18,chb18_28,21,P8-O2,P8-O2
chb18,chb18_28,22,.-4,.-4
chb18,chb18_28,23,P7-T7,P7-T7
chb18,chb18_28,24,T7-FT9,T7-FT9
chb18,chb18_28,25,FT9-FT10,FT9-FT10
chb18,chb18_28,26,FT10-T8,FT10-T8
chb18,chb18_28,27,T8-P8-1,T8-P8-1
chb18,chb18_29,0,FP1-F7,FP1-F7
chb18,chb18_29,1,F7-T7,F7-T7
chb18,chb18_29,2,T7-P7,T7-P7
chb18,chb18_29,3,P7-O1,P7-O1
chb18,chb18_29,4,.-0,.-0
chb18,chb18_29,5,FP1-F3,FP1-F3
chb18,chb18_29,6,F3-C3,F3-C3
chb18,chb18_29,7,C3-P3,C3-P3
chb18,chb18_29,8,P3-O1,P3-O1
chb18,chb18_29,9,.-1,.-1
chb18,chb18_29,10,FZ-CZ,FZ-CZ
chb18,chb18_29,11,CZ-PZ,CZ-PZ
chb18,chb18_29,12,.-2,.-2
chb18,chb18_29,13,FP2-F4,FP2-F4
chb18,chb18_29,14,F4-C4,F4-C4
chb18,chb18_29,15,C4-P4,C4-P4
chb18,chb18_29,16,P4-O2,P4-O2
chb18,chb18_29,17,.-3,.-3
chb18,chb18_29,18,FP2-F8,FP2-F8
chb18,chb18_29,19,F8-T8,F8-T8
chb18,chb18_29,20,T8-P8-0,T8-P8-0
chb18,chb18_29,21,P8-O2,P8-O2
chb18,chb18_29,22,.-4,.-4
chb18,chb18_29,23,P7-T7,P7-T7
chb18,chb18_29,24,T7-FT9,T7-FT9
chb18,chb18_29,25,FT9-FT10,FT9-FT10
chb18,chb18_29,26,FT10-T8,FT10-T8
chb18,chb18_29,27,T8-P8-1,T8-P8-1
chb18,chb18_30,0,FP1-F7,FP1-F7
chb18,chb18_30,1,F7-T7,F7-T7
chb18,chb18_30,2,T7-P7,T7-P7
chb18,chb18_30,3,P7-O1,P7-O1
chb18,chb18_30,4,.-0,.-0
chb18,chb18_30,5,FP1-F3,FP1-F3
chb18,chb18_30,6,F3-C3,F3-C3
chb18,chb18_30,7,C3-P3,C3-P3
chb18,chb18_30,8,P3-O1,P3-O1
chb18,chb18_30,9,.-1,.-1
chb18,chb18_30,10,FZ-CZ,FZ-CZ
chb18,chb18_30,11,CZ-PZ,CZ-PZ
chb18,chb18_30,12,.-2,.-2
chb18,chb18_30,13,FP2-F4,FP2-F4
chb18,chb18_30,14,F4-C4,F4-C4
chb18,chb18_30,15,C4-P4,C4-P4
chb18,chb18_30,16,P4-O2,P4-O2
chb18,chb18_30,17,.-3,.-3
chb18,chb18_30,18,FP2-F8,FP2-F8
chb18,chb18_30,19,F8-T8,F8-T8
chb18,chb18_30,20,T8-P8-0,T8-P8-0
chb18,chb18_30,21,P8-O2,P8-O2
chb18,chb18_30,22,.-4,.-4
chb18,chb18_30,23,P7-T7,P7-T7
chb18,chb18_30,24,T7-FT9,T7-FT9
chb18,chb18_30,25,FT9-FT10,FT9-FT10
chb18,chb18_30,26,FT10-T8,FT10-T8
chb18,chb18_30,27,T8-P8-1,T8-P8-1
chb18,chb18_31,0,FP1-F7,FP1-F7
chb18,chb18_31,1,F7-T7,F7-T7
chb18,chb18_31,2,T7-P7,T7-P7
chb18,chb18_31,3,P7-O1,P7-O1
chb18,chb18_31,4,.-0,.-0
chb18,chb18_31,5,FP1-F3,FP1-F3
chb18,chb18_31,6,F3-C3,F3-C3
chb18,chb18_31,7,C3-P3,C3-P3
chb18,chb18_31,8,P3-O1,P3-O1
chb18,chb18_31,9,.-1,.-1
chb18,chb18_31,10,FZ-CZ,FZ-CZ
chb18,chb18_31,11,CZ-PZ,CZ-PZ
chb18,chb18_31,12,.-2,.-2
chb18,chb18_31,13,FP2-F4,FP2-F4
chb18,chb18_31,14,F4-C4,F4-C4
chb18,chb18_31,15,C4-P4,C4-P4
chb18,chb18_31,16,P4-O2,P4-O2
chb18,chb18_31,17,.-3,.-3
chb18,chb18_31,18,FP2-F8,FP2-F8
chb18,chb18_31,19,F8-T8,F8-T8
chb18,chb18_31,20,T8-P8-0,T8-P8-0
chb18,chb18_31,21,P8-O2,P8-O2
chb18,chb18_31,22,.-4,.-4
chb18,chb18_31,23,P7-T7,P7-T7
chb18,chb18_31,24,T7-FT9,T7-FT9
chb18,chb18_31,25,FT9-FT10,FT9-FT10
chb18,chb18_31,26,FT10-T8,FT10-T8
chb18,chb18_31,27,T8-P8-1,T8-P8-1
chb18,chb18_32,0,FP1-F7,FP1-F7
chb18,chb18_32,1,F7-T7,F7-T7
chb18,chb18_32,2,T7-P7,T7-P7
chb18,chb18_32,3,P7-O1,P7-O1
chb18,chb18_32,4,.-0,.-0
chb18,chb18_32,5,FP1-F3,FP1-F3
chb18,chb18_32,6,F3-C3,F3-C3
chb18,chb18_32,7,C3-P3,C3-P3
chb18,chb18_32,8,P3-O1,P3-O1
chb18,chb18_32,9,.-1,.-1
chb18,chb18_32,10,FZ-CZ,FZ-CZ
chb18,chb18_32,11,CZ-PZ,CZ-PZ
chb18,chb18_32,12,.-2,.-2
chb18,chb18_32,13,FP2-F4,FP2-F4
chb18,chb18_32,14,F4-C4,F4-C4
chb18,chb18_32,15,C4-P4,C4-P4
chb18,chb18_32,16,P4-O2,P4-O2
chb18,chb18_32,17,.-3,.-3
chb18,chb18_32,18,FP2-F8,FP2-F8
chb18,chb18_32,19,F8-T8,F8-T8
chb18,chb18_32,20,T8-P8-0,T8-P8-0
chb18,chb18_32,21,P8-O2,P8-O2
chb18,chb18_32,22,.-4,.-4
chb18,chb18_32,23,P7-T7,P7-T7
chb18,chb18_32,24,T7-FT9,T7-FT9
chb18,chb18_32,25,FT9-FT10,FT9-FT10
chb18,chb18_32,26,FT10-T8,FT10-T8
chb18,chb18_32,27,T8-P8-1,T8-P8-1
chb18,chb18_33,0,FP1-F7,FP1-F7
chb18,chb18_33,1,F7-T7,F7-T7
chb18,chb18_33,2,T7-P7,T7-P7
chb18,chb18_33,3,P7-O1,P7-O1
chb18,chb18_33,4,.-0,.-0
chb18,chb18_33,5,FP1-F3,FP1-F3
chb18,chb18_33,6,F3-C3,F3-C3
chb18,chb18_33,7,C3-P3,C3-P3
chb18,chb18_33,8,P3-O1,P3-O1
chb18,chb18_33,9,.-1,.-1
chb18,chb18_33,10,FZ-CZ,FZ-CZ
chb18,chb18_33,11,CZ-PZ,CZ-PZ
chb18,chb18_33,12,.-2,.-2
chb18,chb18_33,13,FP2-F4,FP2-F4
chb18,chb18_33,14,F4-C4,F4-C4
chb18,chb18_33,15,C4-P4,C4-P4
chb18,chb18_33,16,P4-O2,P4-O2
chb18,chb18_33,17,.-3,.-3
chb18,chb18_33,18,FP2-F8,FP2-F8
chb18,chb18_33,19,F8-T8,F8-T8
chb18,chb18_33,20,T8-P8-0,T8-P8-0
chb18,chb18_33,21,P8-O2,P8-O2
chb18,chb18_33,22,.-4,.-4
chb18,chb18_33,23,P7-T7,P7-T7
chb18,chb18_33,24,T7-FT9,T7-FT9
chb18,chb18_33,25,FT9-FT10,FT9-FT10
chb18,chb18_33,26,FT10-T8,FT10-T8
chb18,chb18_33,27,T8-P8-1,T8-P8-1
chb18,chb18_34,0,FP1-F7,FP1-F7
chb18,chb18_34,1,F7-T7,F7-T7
chb18,chb18_34,2,T7-P7,T7-P7
chb18,chb18_34,3,P7-O1,P7-O1
chb18,chb18_34,4,.-0,.-0
chb18,chb18_34,5,FP1-F3,FP1-F3
chb18,chb18_34,6,F3-C3,F3-C3
chb18,chb18_34,7,C3-P3,C3-P3
chb18,chb18_34,8,P3-O1,P3-O1
chb18,chb18_34,9,.-1,.-1
chb18,chb18_34,10,FZ-CZ,FZ-CZ
chb18,chb18_34,11,CZ-PZ,CZ-PZ
chb18,chb18_34,12,.-2,.-2
chb18,chb18_34,13,FP2-F4,FP2-F4
chb18,chb18_34,14,F4-C4,F4-C4
chb18,chb18_34,15,C4-P4,C4-P4
chb18,chb18_34,16,P4-O2,P4-O2
chb18,chb18_34,17,.-3,.-3
chb18,chb18_34,18,FP2-F8,FP2-F8
chb18,chb18_34,19,F8-T8,F8-T8
chb18,chb18_34,20,T8-P8-0,T8-P8-0
chb18,chb18_34,21,P8-O2,P8-O2
chb18,chb18_34,22,.-4,.-4
chb18,chb18_34,23,P7-T7,P7-T7
chb18,chb18_34,24,T7-FT9,T7-FT9
chb18,chb18_34,25,FT9-FT10,FT9-FT10
chb18,chb18_34,26,FT10-T8,FT10-T8
chb18,chb18_34,27,T8-P8-1,T8-P8-1
chb18,chb18_35,0,FP1-F7,FP1-F7
chb18,chb18_35,1,F7-T7,F7-T7
chb18,chb18_35,2,T7-P7,T7-P7
chb18,chb18_35,3,P7-O1,P7-O1
chb18,chb18_35,4,.-0,.-0
chb18,chb18_35,5,FP1-F3,FP1-F3
chb18,chb18_35,6,F3-C3,F3-C3
chb18,chb18_35,7,C3-P3,C3-P3
chb18,chb18_35,8,P3-O1,P3-O1
chb18,chb18_35,9,.-1,.-1
chb18,chb18_35,10,FZ-CZ,FZ-CZ
chb18,chb18_35,11,CZ-PZ,CZ-PZ
chb18,chb18_35,12,.-2,.-2
chb18,chb18_35,13,FP2-F4,FP2-F4
chb18,chb18_35,14,F4-C4,F4-C4
chb18,chb18_35,15,C4-P4,C4-P4
chb18,chb18_35,16,P4-O2,P4-O2
chb18,chb18_35,17,.-3,.-3
chb18,chb18_35,18,FP2-F8,FP2-F8
chb18,chb18_35,19,F8-T8,F8-T8
chb18,chb18_35,20,T8-P8-0,T8-P8-0
chb18,chb18_35,21,P8-O2,P8-O2
chb18,chb18_35,22,.-4,.-4
chb18,chb18_35,23,P7-T7,P7-T7
chb18,chb18_35,24,T7-FT9,T7-FT9
chb18,chb18_35,25,FT9-FT10,FT9-FT10
chb18,chb18_35,26,FT10-T8,FT10-T8
chb18,chb18_35,27,T8-P8-1,T8-P8-1
chb18,chb18_36,0,FP1-F7,FP1-F7
chb18,chb18_36,1,F7-T7,F7-T7
chb18,chb18_36,2,T7-P7,T7-P7
chb18,chb18_36,3,P7-O1,P7-O1
chb18,chb18_36,4,.-0,.-0
chb18,chb18_36,5,FP1-F3,FP1-F3
chb18,chb18_36,6,F3-C3,F3-C3
chb18,chb18_36,7,C3-P3,C3-P3
chb18,chb18_36,8,P3-O1,P3-O1
chb18,chb18_36,9,.-1,.-1
chb18,chb18_36,10,FZ-CZ,FZ-CZ
chb18,chb18_36,11,CZ-PZ,CZ-PZ
chb18,chb18_36,12,.-2,.-2
chb18,chb18_36,13,FP2-F4,FP2-F4
chb18,chb18_36,14,F4-C4,F4-C4
chb18,chb18_36,15,C4-P4,C4-P4
chb18,chb18_36,16,P4-O2,P4-O2
chb18,chb18_36,17,.-3,.-3
chb18,chb18_36,18,FP2-F8,FP2-F8
chb18,chb18_36,19,F8-T8,F8-T8
chb18,chb18_36,20,T8-P8-0,T8-P8-0
chb18,chb18_36,21,P8-O2,P8-O2
chb18,chb18_36,22,.-4,.-4
chb18,chb18_36,23,P7-T7,P7-T7
chb18,chb18_36,24,T7-FT9,T7-FT9
chb18,chb18_36,25,FT9-FT10,FT9-FT10
chb18,chb18_36,26,FT10-T8,FT10-T8
chb18,chb18_36,27,T8-P8-1,T8-P8-1
chb19,chb19_01,0,FP1-F7,FP1-F7
chb19,chb19_01,1,F7-T7,F7-T7
chb19,chb19_01,2,T7-P7,T7-P7
chb19,chb19_01,3,P7-O1,P7-O1
chb19,chb19_01,4,--0,--0
chb19,chb19_01,5,FP1-F3,FP1-F3
chb19,chb19_01,6,F3-C3,F3-C3
chb19,chb19_01,7,C3-P3,C3-P3
chb19,chb19_01,8,P3-O1,P3-O1
chb19,chb19_01,9,--1,--1
chb19,chb19_01,10,FZ-CZ,FZ-CZ
chb19,chb19_01,11,CZ-PZ,CZ-PZ
chb19,chb19_01,12,--2,--2
chb19,chb19_01,13,FP2-F4,FP2-F4
chb19,chb19_01,14,F4-C4,F4-C4
chb19,chb19_01,15,C4-P4,C4-P4
chb19,chb19_01,16,P4-O2,P4-O2
chb19,chb19_01,17,--3,--3
chb19,chb19_01,18,FP2-F8,FP2-F8
chb19,chb19_01,19,F8-T8,F8-T8
chb19,chb19_01,20,T8-P8,T8-P8
chb19,chb19_01,21,P8-O2,P8-O2
chb19,chb19_02,0,FP1-F7,FP1-F7
chb19,chb19_02,1,F7-T7,F7-T7
chb19,chb19_02,2,T7-P7,T7-P7
chb19,chb19_02,3,P7-O1,P7-O1
chb19,chb19_02,4,--0,--0
chb19,chb19_02,5,FP1-F3,FP1-F3
chb19,chb19_02,6,F3-C3,F3-C3
chb19,chb19_02,7,C3-P3,C3-P3
chb19,chb19_02,8,P3-O1,P3-O1
chb19,chb19_02,9,--1,--1
chb19,chb19_02,10,FZ-CZ,FZ-CZ
chb19,chb19_02,11,CZ-PZ,CZ-PZ
chb19,chb19_02,12,--2,--2
chb19,chb19_02,13,FP2-F4,FP2-F4
chb19,chb19_02,14,F4-C4,F4-C4
chb19,chb19_02,15,C4-P4,C4-P4
chb19,chb19_02,16,P4-O2,P4-O2
chb19,chb19_02,17,--3,--3
chb19,chb19_02,18,FP2-F8,FP2-F8
chb19,chb19_02,19,F8-T8,F8-T8
chb19,chb19_02,20,T8-P8-0,T8-P8-0
chb19,chb19_02,21,P8-O2,P8-O2
chb19,chb19_02,22,--4,--4
chb19,chb19_02,23,P7-T7,P7-T7
chb19,chb19_02,24,T7-FT9,T7-FT9
chb19,chb19_02,25,FT9-FT10,FT9-FT10
chb19,chb19_02,26,FT10-T8,FT10-T8
chb19,chb19_02,27,T8-P8-1,T8-P8-1
chb19,chb19_03,0,FP1-F7,FP1-F7
chb19,chb19_03,1,F7-T7,F7-T7
chb19,chb19_03,2,T7-P7,T7-P7
chb19,chb19_03,3,P7-O1,P7-O1
chb19,chb19_03,4,--0,--0
chb19,chb19_03,5,FP1-F3,FP1-F3
chb19,chb19_03,6,F3-C3,F3-C3
chb19,chb19_03,7,C3-P3,C3-P3
chb19,chb19_03,8,P3-O1,P3-O1
chb19,chb19_03,9,--1,--1
chb19,chb19_03,10,FZ-CZ,FZ-CZ
chb19,chb19_03,11,CZ-PZ,CZ-PZ
chb19,chb19_03,12,--2,--2
chb19,chb19_03,13,FP2-F4,FP2-F4
chb19,chb19_03,14,F4-C4,F4-C4
chb19,chb19_03,15,C4-P4,C4-P4
chb19,chb19_03,16,P4-O2,P4-O2
chb19,chb19_03,17,--3,--3
chb19,chb19_03,18,FP2-F8,FP2-F8
chb19,chb19_03,19,F8-T8,F8-T8
chb19,chb19_03,20,T8-P8-0,T8-P8-0
chb19,chb19_03,21,P8-O2,P8-O2
chb19,chb19_03,22,--4,--4
chb19,chb19_03,23,P7-T7,P7-T7
chb19,chb19_03,24,T7-FT9,T7-FT9
chb19,chb19_03,25,FT9-FT10,FT9-FT10
chb19,chb19_03,26,FT10-T8,FT10-T8
chb19,chb19_03,27,T8-P8-1,T8-P8-1
chb19,chb19_04,0,FP1-F7,FP1-F7
chb19,chb19_04,1,F7-T7,F7-T7
chb19,chb19_04,2,T7-P7,T7-P7
chb19,chb19_04,3,P7-O1,P7-O1
chb19,chb19_04,4,--0,--0
chb19,chb19_04,5,FP1-F3,FP1-F3
chb19,chb19_04,6,F3-C3,F3-C3
chb19,chb19_04,7,C3-P3,C3-P3
chb19,chb19_04,8,P3-O1,P3-O1
chb19,chb19_04,9,--1,--1
chb19,chb19_04,10,FZ-CZ,FZ-CZ
chb19,chb19_04,11,CZ-PZ,CZ-PZ
chb19,chb19_04,12,--2,--2
chb19,chb19_04,13,FP2-F4,FP2-F4
chb19,chb19_04,14,F4-C4,F4-C4
chb19,chb19_04,15,C4-P4,C4-P4
chb19,chb19_04,16,P4-O2,P4-O2
chb19,chb19_04,17,--3,--3
chb19,chb19_04,18,FP2-F8,FP2-F8
chb19,chb19_04,19,F8-T8,F8-T8
chb19,chb19_04,20,T8-P8-0,T8-P8-0
chb19,chb19_04,21,P8-O2,P8-O2
chb19,chb19_04,22,--4,--4
chb19,chb19_04,23,P7-T7,P7-T7
chb19,chb19_04,24,T7-FT9,T7-FT9
chb19,chb19_04,25,FT9-FT10,FT9-FT10
chb19,chb19_04,26,FT10-T8,FT10-T8
chb19,chb19_04,27,T8-P8-1,T8-P8-1
chb19,chb19_05,0,FP1-F7,FP1-F7
chb19,chb19_05,1,F7-T7,F7-T7
chb19,chb19_05,2,T7-P7,T7-P7
chb19,chb19_05,3,P7-O1,P7-O1
chb19,chb19_05,4,--0,--0
chb19,chb19_05,5,FP1-F3,FP1-F3
chb19,chb19_05,6,F3-C3,F3-C3
chb19,chb19_05,7,C3-P3,C3-P3
chb19,chb19_05,8,P3-O1,P3-O1
chb19,chb19_05,9,--1,--1
chb19,chb19_05,10,FZ-CZ,FZ-CZ
chb19,chb19_05,11,CZ-PZ,CZ-PZ
chb19,chb19_05,12,--2,--2
chb19,chb19_05,13,FP2-F4,FP2-F4
chb19,chb19_05,14,F4-C4,F4-C4
chb19,chb19_05,15,C4-P4,C4-P4
chb19,chb19_05,16,P4-O2,P4-O2
chb19,chb19_05,17,--3,--3
chb19,chb19_05,18,FP2-F8,FP2-F8
chb19,chb19_05,19,F8-T8,F8-T8
chb19,chb19_05,20,T8-P8-0,T8-P8-0
chb19,chb19_05,21,P8-O2,P8-O2
chb19,chb19_05,22,--4,--4
chb19,chb19_05,23,P7-T7,P7-T7
chb19,chb19_05,24,T7-FT9,T7-FT9
chb19,chb19_05,25,FT9-FT10,FT9-FT10
chb19,chb19_05,26,FT10-T8,FT10-T8
chb19,chb19_05,27,T8-P8-1,T8-P8-1
chb19,chb19_06,0,FP1-F7,FP1-F7
chb19,chb19_06,1,F7-T7,F7-T7
chb19,chb19_06,2,T7-P7,T7-P7
chb19,chb19_06,3,P7-O1,P7-O1
chb19,chb19_06,4,--0,--0
chb19,chb19_06,5,FP1-F3,FP1-F3
chb19,chb19_06,6,F3-C3,F3-C3
chb19,chb19_06,7,C3-P3,C3-P3
chb19,chb19_06,8,P3-O1,P3-O1
chb19,chb19_06,9,--1,--1
chb19,chb19_06,10,FZ-CZ,FZ-CZ
chb19,chb19_06,11,CZ-PZ,CZ-PZ
chb19,chb19_06,12,--2,--2
chb19,chb19_06,13,FP2-F4,FP2-F4
chb19,chb19_06,14,F4-C4,F4-C4
chb19,chb19_06,15,C4-P4,C4-P4
chb19,chb19_06,16,P4-O2,P4-O2
chb19,chb19_06,17,--3,--3
chb19,chb19_06,18,FP2-F8,FP2-F8
chb19,chb19_06,19,F8-T8,F8-T8
chb19,chb19_06,20,T8-P8-0,T8-P8-0
chb19,chb19_06,21,P8-O2,P8-O2
chb19,chb19_06,22,--4,--4
chb19,chb19_06,23,P7-T7,P7-T7
chb19,chb19_06,24,T7-FT9,T7-FT9
chb19,chb19_06,25,FT9-FT10,FT9-FT10
chb19,chb19_06,26,FT10-T8,FT10-T8
chb19,chb19_06,27,T8-P8-1,T8-P8-1
chb19,chb19_07,0,FP1-F7,FP1-F7
chb19,chb19_07,1,F7-T7,F7-T7
chb19,chb19_07,2,T7-P7,T7-P7
chb19,chb19_07,3,P7-O1,P7-O1
chb19,chb19_07,4,--0,--0
chb19,chb19_07,5,FP1-F3,FP1-F3
chb19,chb19_07,6,F3-C3,F3-C3
chb19,chb19_07,7,C3-P3,C3-P3
chb19,chb19_07,8,P3-O1,P3-O1
chb19,chb19_07,9,--1,--1
chb19,chb19_07,10,FZ-CZ,FZ-CZ
chb19,chb19_07,11,CZ-PZ,CZ-PZ
chb19,chb19_07,12,--2,--2
chb19,chb19_07,13,FP2-F4,FP2-F4
chb19,chb19_07,14,F4-C4,F4-C4
chb19,chb19_07,15,C4-P4,C4-P4
chb19,chb19_07,16,P4-O2,P4-O2
chb19,chb19_07,17,--3,--3
chb19,chb19_07,18,FP2-F8,FP2-F8
chb19,chb19_07,19,F8-T8,F8-T8
chb19,chb19_07,20,T8-P8-0,T8-P8-0
chb19,chb19_07,21,P8-O2,P8-O2
chb19,chb19_07,22,--4,--4
chb19,chb19_07,23,P7-T7,P7-T7
chb19,chb19_07,24,T7-FT9,T7-FT9
chb19,chb19_07,25,FT9-FT10,FT9-FT10
chb19,chb19_07,26,FT10-T8,FT10-T8
chb19,chb19_07,27,T8-P8-1,T8-P8-1
chb19,chb19_08,0,FP1-F7,FP1-F7
chb19,chb19_08,1,F7-T7,F7-T7
chb19,chb19_08,2,T7-P7,T7-P7
chb19,chb19_08,3,P7-O1,P7-O1
chb19,chb19_08,4,--0,--0
chb19,chb19_08,5,FP1-F3,FP1-F3
chb19,chb19_08,6,F3-C3,F3-C3
chb19,chb19_08,7,C3-P3,C3-P3
chb19,chb19_08,8,P3-O1,P3-O1
chb19,chb19_08,9,--1,--1
chb19,chb19_08,10,FZ-CZ,FZ-CZ
chb19,chb19_08,11,CZ-PZ,CZ-PZ
chb19,chb19_08,12,--2,--2
chb19,chb19_08,13,FP2-F4,FP2-F4
chb19,chb19_08,14,F4-C4,F4-C4
chb19,chb19_08,15,C4-P4,C4-P4
chb19,chb19_08,16,P4-O2,P4-O2
chb19,chb19_08,17,--3,--3
chb19,chb19_08,18,FP2-F8,FP2-F8
chb19,chb19_08,19,F8-T8,F8-T8
chb19,chb19_08,20,T8-P8-0,T8-P8-0
chb19,chb19_08,21,P8-O2,P8-O2
chb19,chb19_08,22,--4,--4
chb19,chb19_08,23,P7-T7,P7-T7
chb19,chb19_08,24,T7-FT9,T7-FT9
chb19,chb19_08,25,FT9-FT10,FT9-FT10
chb19,chb19_08,26,FT10-T8,FT10-T8
chb19,chb19_08,27,T8-P8-1,T8-P8-1
chb19,chb19_09,0,FP1-F7,FP1-F7
chb19,chb19_09,1,F7-T7,F7-T7
chb19,chb19_09,2,T7-P7,T7-P7
chb19,chb19_09,3,P7-O1,P7-O1
chb19,chb19_09,4,--0,--0
chb19,chb19_09,5,FP1-F3,FP1-F3
chb19,chb19_09,6,F3-C3,F3-C3
chb19,chb19_09,7,C3-P3,C3-P3
chb19,chb19_09,8,P3-O1,P3-O1
chb19,chb19_09,9,--1,--1
chb19,chb19_09,10,FZ-CZ,FZ-CZ
chb19,chb19_09,11,CZ-PZ,CZ-PZ
chb19,chb19_09,12,--2,--2
chb19,chb19_09,13,FP2-F4,FP2-F4
chb19,chb19_09,14,F4-C4,F4-C4
chb19,chb19_09,15,C4-P4,C4-P4
chb19,chb19_09,16,P4-O2,P4-O2
chb19,chb19_09,17,--3,--3
chb19,chb19_09,18,FP2-F8,FP2-F8
chb19,chb19_09,19,F8-T8,F8-T8
chb19,chb19_09,20,T8-P8-0,T8-P8-0
chb19,chb19_09,21,P8-O2,P8-O2
chb19,chb19_09,22,--4,--4
chb19,chb19_09,23,P7-T7,P7-T7
chb19,chb19_09,24,T7-FT9,T7-FT9
chb19,chb19_09,25,FT9-FT10,FT9-FT10
chb19,chb19_09,26,FT10-T8,FT10-T8
chb19,chb19_09,27,T8-P8-1,T8-P8-1
chb19,chb19_10,0,FP1-F7,FP1-F7
chb19,chb19_10,1,F7-T7,F7-T7
chb19,chb19_10,2,T7-P7,T7-P7
chb19,chb19_10,3,P7-O1,P7-O1
chb19,chb19_10,4,--0,--0
chb19,chb19_10,5,FP1-F3,FP1-F3
chb19,chb19_10,6,F3-C3,F3-C3
chb19,chb19_10,7,C3-P3,C3-P3
chb19,chb19_10,8,P3-O1,P3-O1
chb19,chb19_10,9,--1,--1
chb19,chb19_10,10,FZ-CZ,FZ-CZ
chb19,chb19_10,11,CZ-PZ,CZ-PZ
chb19,chb19_10,12,--2,--2
chb19,chb19_10,13,FP2-F4,FP2-F4
chb19,chb19_10,14,F4-C4,F4-C4
chb19,chb19_10,15,C4-P4,C4-P4
chb19,chb19_10,16,P4-O2,P4-O2
chb19,chb19_10,17,--3,--3
chb19,chb19_10,18,FP2-F8,FP2-F8
chb19,chb19_10,19,F8-T8,F8-T8
chb19,chb19_10,20,T8-P8-0,T8-P8-0
chb19,chb19_10,21,P8-O2,P8-O2
chb19,chb19_10,22,--4,--4
chb19,chb19_10,23,P7-T7,P7-T7
chb19,chb19_10,24,T7-FT9,T7-FT9
chb19,chb19_10,25,FT9-FT10,FT9-FT10
chb19,chb19_10,26,FT10-T8,FT10-T8
chb19,chb19_10,27,T8-P8-1,T8-P8-1
chb19,chb19_11,0,FP1-F7,FP1-F7
chb19,chb19_11,1,F7-T7,F7-T7
chb19,chb19_11,2,T7-P7,T7-P7
chb19,chb19_11,3,P7-O1,P7-O1
chb19,chb19_11,4,--0,--0
chb19,chb19_11,5,FP1-F3,FP1-F3
chb19,chb19_11,6,F3-C3,F3-C3
chb19,chb19_11,7,C3-P3,C3-P3
chb19,chb19_11,8,P3-O1,P3-O1
chb19,chb19_11,9,--1,--1
chb19,chb19_11,10,FZ-CZ,FZ-CZ
chb19,chb19_11,11,CZ-PZ,CZ-PZ
chb19,chb19_11,12,--2,--2
chb19,chb19_11,13,FP2-F4,FP2-F4
chb19,chb19_11,14,F4-C4,F4-C4
chb19,chb19_11,15,C4-P4,C4-P4
chb19,chb19_11,16,P4-O2,P4-O2
chb19,chb19_11,17,--3,--3
chb19,chb19_11,18,FP2-F8,FP2-F8
chb19,chb19_11,19,F8-T8,F8-T8
chb19,chb19_11,20,T8-P8-0,T8-P8-0
chb19,chb19_11,21,P8-O2,P8-O2
chb19,chb19_11,22,--4,--4
chb19,chb19_11,23,P7-T7,P7-T7
chb19,chb19_11,24,T7-FT9,T7-FT9
chb19,chb19_11,25,FT9-FT10,FT9-FT10
chb19,chb19_11,26,FT10-T8,FT10-T8
chb19,chb19_11,27,T8-P8-1,T8-P8-1
chb19,chb19_12,0,FP1-F7,FP1-F7
chb19,chb19_12,1,F7-T7,F7-T7
chb19,chb19_12,2,T7-P7,T7-P7
chb19,chb19_12,3,P7-O1,P7-O1
chb19,chb19_12,4,--0,--0
chb19,chb19_12,5,FP1-F3,FP1-F3
chb19,chb19_12,6,F3-C3,F3-C3
chb19,chb19_12,7,C3-P3,C3-P3
chb19,chb19_12,8,P3-O1,P3-O1
chb19,chb19_12,9,--1,--1
chb19,chb19_12,10,FZ-CZ,FZ-CZ
chb19,chb19_12,11,CZ-PZ,CZ-PZ
chb19,chb19_12,12,--2,--2
chb19,chb19_12,13,FP2-F4,FP2-F4
chb19,chb19_12,14,F4-C4,F4-C4
chb19,chb19_12,15,C4-P4,C4-P4
chb19,chb19_12,16,P4-O2,P4-O2
chb19,chb19_12,17,--3,--3
chb19,chb19_12,18,FP2-F8,FP2-F8
chb19,chb19_12,19,F8-T8,F8-T8
chb19,chb19_12,20,T8-P8-0,T8-P8-0
chb19,chb19_12,21,P8-O2,P8-O2
chb19,chb19_12,22,--4,--4
chb19,chb19_12,23,P7-T7,P7-T7
chb19,chb19_12,24,T7-FT9,T7-FT9
chb19,chb19_12,25,FT9-FT10,FT9-FT10
chb19,chb19_12,26,FT10-T8,FT10-T8
chb19,chb19_12,27,T8-P8-1,T8-P8-1
chb19,chb19_13,0,FP1-F7,FP1-F7
chb19,chb19_13,1,F7-T7,F7-T7
chb19,chb19_13,2,T7-P7,T7-P7
chb19,chb19_13,3,P7-O1,P7-O1
chb19,chb19_13,4,--0,--0
chb19,chb19_13,5,FP1-F3,FP1-F3
chb19,chb19_13,6,F3-C3,F3-C3
chb19,chb19_13,7,C3-P3,C3-P3
chb19,chb19_13,8,P3-O1,P3-O1
chb19,chb19_13,9,--1,--1
chb19,chb19_13,10,FZ-CZ,FZ-CZ
chb19,chb19_13,11,CZ-PZ,CZ-PZ
chb19,chb19_13,12,--2,--2
chb19,chb19_13,13,FP2-F4,FP2-F4
chb19,chb19_13,14,F4-C4,F4-C4
chb19,chb19_13,15,C4-P4,C4-P4
chb19,chb19_13,16,P4-O2,P4-O2
chb19,chb19_13,17,--3,--3
chb19,chb19_13,18,FP2-F8,FP2-F8
chb19,chb19_13,19,F8-T8,F8-T8
chb19,chb19_13,20,T8-P8-0,T8-P8-0
chb19,chb19_13,21,P8-O2,P8-O2
chb19,chb19_13,22,--4,--4
chb19,chb19_13,23,P7-T7,P7-T7
chb19,chb19_13,24,T7-FT9,T7-FT9
chb19,chb19_13,25,FT9-FT10,FT9-FT10
chb19,chb19_13,26,FT10-T8,FT10-T8
chb19,chb19_13,27,T8-P8-1,T8-P8-1
chb19,chb19_14,0,FP1-F7,FP1-F7
chb19,chb19_14,1,F7-T7,F7-T7
chb19,chb19_14,2,T7-P7,T7-P7
chb19,chb19_14,3,P7-O1,P7-O1
chb19,chb19_14,4,--0,--0
chb19,chb19_14,5,FP1-F3,FP1-F3
chb19,chb19_14,6,F3-C3,F3-C3
chb19,chb19_14,7,C3-P3,C3-P3
chb19,chb19_14,8,P3-O1,P3-O1
chb19,chb19_14,9,--1,--1
chb19,chb19_14,10,FZ-CZ,FZ-CZ
chb19,chb19_14,11,CZ-PZ,CZ-PZ
chb19,chb19_14,12,--2,--2
chb19,chb19_14,13,FP2-F4,FP2-F4
chb19,chb19_14,14,F4-C4,F4-C4
chb19,chb19_14,15,C4-P4,C4-P4
chb19,chb19_14,16,P4-O2,P4-O2
chb19,chb19_14,17,--3,--3
chb19,chb19_14,18,FP2-F8,FP2-F8
chb19,chb19_14,19,F8-T8,F8-T8
chb19,chb19_14,20,T8-P8-0,T8-P8-0
chb19,chb19_14,21,P8-O2,P8-O2
chb19,chb19_14,22,--4,--4
chb19,chb19_14,23,P7-T7,P7-T7
chb19,chb19_14,24,T7-FT9,T7-FT9
chb19,chb19_14,25,FT9-FT10,FT9-FT10
chb19,chb19_14,26,FT10-T8,FT10-T8
chb19,chb19_14,27,T8-P8-1,T8-P8-1
chb19,chb19_15,0,FP1-F7,FP1-F7
chb19,chb19_15,1,F7-T7,F7-T7
chb19,chb19_15,2,T7-P7,T7-P7
chb19,chb19_15,3,P7-O1,P7-O1
chb19,chb19_15,4,--0,--0
chb19,chb19_15,5,FP1-F3,FP1-F3
chb19,chb19_15,6,F3-C3,F3-C3
chb19,chb19_15,7,C3-P3,C3-P3
chb19,chb19_15,8,P3-O1,P3-O1
chb19,chb19_15,9,--1,--1
chb19,chb19_15,10,FZ-CZ,FZ-CZ
chb19,chb19_15,11,CZ-PZ,CZ-PZ
chb19,chb19_15,12,--2,--2
chb19,chb19_15,13,FP2-F4,FP2-F4
chb19,chb19_15,14,F4-C4,F4-C4
chb19,chb19_15,15,C4-P4,C4-P4
chb19,chb19_15,16,P4-O2,P4-O2
chb19,chb19_15,17,--3,--3
chb19,chb19_15,18,FP2-F8,FP2-F8
chb19,chb19_15,19,F8-T8,F8-T8
chb19,chb19_15,20,T8-P8-0,T8-P8-0
chb19,chb19_15,21,P8-O2,P8-O2
chb19,chb19_15,22,--4,--4
chb19,chb19_15,23,P7-T7,P7-T7
chb19,chb19_15,24,T7-FT9,T7-FT9
chb19,chb19_15,25,FT9-FT10,FT9-FT10
chb19,chb19_15,26,FT10-T8,FT10-T8
chb19,chb19_15,27,T8-P8-1,T8-P8-1
chb19,chb19_16,0,FP1-F7,FP1-F7
chb19,chb19_16,1,F7-T7,F7-T7
chb19,chb19_16,2,T7-P7,T7-P7
chb19,chb19_16,3,P7-O1,P7-O1
chb19,chb19_16,4,--0,--0
chb19,chb19_16,5,FP1-F3,FP1-F3
chb19,chb19_16,6,F3-C3,F3-C3
chb19,chb19_16,7,C3-P3,C3-P3
chb19,chb19_16,8,P3-O1,P3-O1
chb19,chb19_16,9,--1,--1
chb19,chb19_16,10,FZ-CZ,FZ-CZ
chb19,chb19_16,11,CZ-PZ,CZ-PZ
chb19,chb19_16,12,--2,--2
chb19,chb19_16,13,FP2-F4,FP2-F4
chb19,chb19_16,14,F4-C4,F4-C4
chb19,chb19_16,15,C4-P4,C4-P4
chb19,chb19_16,16,P4-O2,P4-O2
chb19,chb19_16,17,--3,--3
chb19,chb19_16,18,FP2-F8,FP2-F8
chb19,chb19_16,19,F8-T8,F8-T8
chb19,chb19_16,20,T8-P8-0,T8-P8-0
chb19,chb19_16,21,P8-O2,P8-O2
chb19,chb19_16,22,--4,--4
chb19,chb19_16,23,P7-T7,P7-T7
chb19,chb19_16,24,T7-FT9,T7-FT9
chb19,chb19_16,25,FT9-FT10,FT9-FT10
chb19,chb19_16,26,FT10-T8,FT10-T8
chb19,chb19_16,27,T8-P8-1,T8-P8-1
chb19,chb19_17,0,FP1-F7,FP1-F7
chb19,chb19_17,1,F7-T7,F7-T7
chb19,chb19_17,2,T7-P7,T7-P7
chb19,chb19_17,3,P7-O1,P7-O1
chb19,chb19_17,4,--0,--0
chb19,chb19_17,5,FP1-F3,FP1-F3
chb19,chb19_17,6,F3-C3,F3-C3
chb19,chb19_17,7,C3-P3,C3-P3
chb19,chb19_17,8,P3-O1,P3-O1
chb19,chb19_17,9,--1,--1
chb19,chb19_17,10,FZ-CZ,FZ-CZ
chb19,chb19_17,11,CZ-PZ,CZ-PZ
chb19,chb19_17,12,--2,--2
chb19,chb19_17,13,FP2-F4,FP2-F4
chb19,chb19_17,14,F4-C4,F4-C4
chb19,chb19_17,15,C4-P4,C4-P4
chb19,chb19_17,16,P4-O2,P4-O2
chb19,chb19_17,17,--3,--3
chb19,chb19_17,18,FP2-F8,FP2-F8
chb19,chb19_17,19,F8-T8,F8-T8
chb19,chb19_17,20,T8-P8-0,T8-P8-0
chb19,chb19_17,21,P8-O2,P8-O2
chb19,chb19_17,22,--4,--4
chb19,chb19_17,23,P7-T7,P7-T7
chb19,chb19_17,24,T7-FT9,T7-FT9
chb19,chb19_17,25,FT9-FT10,FT9-FT10
chb19,chb19_17,26,FT10-T8,FT10-T8
chb19,chb19_17,27,T8-P8-1,T8-P8-1
chb19,chb19_18,0,FP1-F7,FP1-F7
chb19,chb19_18,1,F7-T7,F7-T7
chb19,chb19_18,2,T7-P7,T7-P7
chb19,chb19_18,3,P7-O1,P7-O1
chb19,chb19_18,4,--0,--0
chb19,chb19_18,5,FP1-F3,FP1-F3
chb19,chb19_18,6,F3-C3,F3-C3
chb19,chb19_18,7,C3-P3,C3-P3
chb19,chb19_18,8,P3-O1,P3-O1
chb19,chb19_18,9,--1,--1
chb19,chb19_18,10,FZ-CZ,FZ-CZ
chb19,chb19_18,11,CZ-PZ,CZ-PZ
chb19,chb19_18,12,--2,--2
chb19,chb19_18,13,FP2-F4,FP2-F4
chb19,chb19_18,14,F4-C4,F4-C4
chb19,chb19_18,15,C4-P4,C4-P4
chb19,chb19_18,16,P4-O2,P4-O2
chb19,chb19_18,17,--3,--3
chb19,chb19_18,18,FP2-F8,FP2-F8
chb19,chb19_18,19,F8-T8,F8-T8
chb19,chb19_18,20,T8-P8-0,T8-P8-0
chb19,chb19_18,21,P8-O2,P8-O2
chb19,chb19_18,22,--4,--4
chb19,chb19_18,23,P7-T7,P7-T7
chb19,chb19_18,24,T7-FT9,T7-FT9
chb19,chb19_18,25,FT9-FT10,FT9-FT10
chb19,chb19_18,26,FT10-T8,FT10-T8
chb19,chb19_18,27,T8-P8-1,T8-P8-1
chb19,chb19_19,0,FP1-F7,FP1-F7
chb19,chb19_19,1,F7-T7,F7-T7
chb19,chb19_19,2,T7-P7,T7-P7
chb19,chb19_19,3,P7-O1,P7-O1
chb19,chb19_19,4,--0,--0
chb19,chb19_19,5,FP1-F3,FP1-F3
chb19,chb19_19,6,F3-C3,F3-C3
chb19,chb19_19,7,C3-P3,C3-P3
chb19,chb19_19,8,P3-O1,P3-O1
chb19,chb19_19,9,--1,--1
chb19,chb19_19,10,FZ-CZ,FZ-CZ
chb19,chb19_19,11,CZ-PZ,CZ-PZ
chb19,chb19_19,12,--2,--2
chb19,chb19_19,13,FP2-F4,FP2-F4
chb19,chb19_19,14,F4-C4,F4-C4
chb19,chb19_19,15,C4-P4,C4-P4
chb19,chb19_19,16,P4-O2,P4-O2
chb19,chb19_19,17,--3,--3
chb19,chb19_19,18,FP2-F8,FP2-F8
chb19,chb19_19,19,F8-T8,F8-T8
chb19,chb19_19,20,T8-P8-0,T8-P8-0
chb19,chb19_19,21,P8-O2,P8-O2
chb19,chb19_19,22,--4,--4
chb19,chb19_19,23,P7-T7,P7-T7
chb19,chb19_19,24,T7-FT9,T7-FT9
chb19,chb19_19,25,FT9-FT10,FT9-FT10
chb19,chb19_19,26,FT10-T8,FT10-T8
chb19,chb19_19,27,T8-P8-1,T8-P8-1
chb19,chb19_20,0,FP1-F7,FP1-F7
chb19,chb19_20,1,F7-T7,F7-T7
chb19,chb19_20,2,T7-P7,T7-P7
chb19,chb19_20,3,P7-O1,P7-O1
chb19,chb19_20,4,--0,--0
chb19,chb19_20,5,FP1-F3,FP1-F3
chb19,chb19_20,6,F3-C3,F3-C3
chb19,chb19_20,7,C3-P3,C3-P3
chb19,chb19_20,8,P3-O1,P3-O1
chb19,chb19_20,9,--1,--1
chb19,chb19_20,10,FZ-CZ,FZ-CZ
chb19,chb19_20,11,CZ-PZ,CZ-PZ
chb19,chb19_20,12,--2,--2
chb19,chb19_20,13,FP2-F4,FP2-F4
chb19,chb19_20,14,F4-C4,F4-C4
chb19,chb19_20,15,C4-P4,C4-P4
chb19,chb19_20,16,P4-O2,P4-O2
chb19,chb19_20,17,--3,--3
chb19,chb19_20,18,FP2-F8,FP2-F8
chb19,chb19_20,19,F8-T8,F8-T8
chb19,chb19_20,20,T8-P8-0,T8-P8-0
chb19,chb19_20,21,P8-O2,P8-O2
chb19,chb19_20,22,--4,--4
chb19,chb19_20,23,P7-T7,P7-T7
chb19,chb19_20,24,T7-FT9,T7-FT9
chb19,chb19_20,25,FT9-FT10,FT9-FT10
chb19,chb19_20,26,FT10-T8,FT10-T8
chb19,chb19_20,27,T8-P8-1,T8-P8-1
chb19,chb19_21,0,FP1-F7,FP1-F7
chb19,chb19_21,1,F7-T7,F7-T7
chb19,chb19_21,2,T7-P7,T7-P7
chb19,chb19_21,3,P7-O1,P7-O1
chb19,chb19_21,4,--0,--0
chb19,chb19_21,5,FP1-F3,FP1-F3
chb19,chb19_21,6,F3-C3,F3-C3
chb19,chb19_21,7,C3-P3,C3-P3
chb19,chb19_21,8,P3-O1,P3-O1
chb19,chb19_21,9,--1,--1
chb19,chb19_21,10,FZ-CZ,FZ-CZ
chb19,chb19_21,11,CZ-PZ,CZ-PZ
chb19,chb19_21,12,--2,--2
chb19,chb19_21,13,FP2-F4,FP2-F4
chb19,chb19_21,14,F4-C4,F4-C4
chb19,chb19_21,15,C4-P4,C4-P4
chb19,chb19_21,16,P4-O2,P4-O2
chb19,chb19_21,17,--3,--3
chb19,chb19_21,18,FP2-F8,FP2-F8
chb19,chb19_21,19,F8-T8,F8-T8
chb19,chb19_21,20,T8-P8-0,T8-P8-0
chb19,chb19_21,21,P8-O2,P8-O2
chb19,chb19_21,22,--4,--4
chb19,chb19_21,23,P7-T7,P7-T7
chb19,chb19_21,24,T7-FT9,T7-FT9
chb19,chb19_21,25,FT9-FT10,FT9-FT10
chb19,chb19_21,26,FT10-T8,FT10-T8
chb19,chb19_21,27,T8-P8-1,T8-P8-1
chb19,chb19_22,0,FP1-F7,FP1-F7
chb19,chb19_22,1,F7-T7,F7-T7
chb19,chb19_22,2,T7-P7,T7-P7
chb19,chb19_22,3,P7-O1,P7-O1
chb19,chb19_22,4,--0,--0
chb19,chb19_22,5,FP1-F3,FP1-F3
chb19,chb19_22,6,F3-C3,F3-C3
chb19,chb19_22,7,C3-P3,C3-P3
chb19,chb19_22,8,P3-O1,P3-O1
chb19,chb19_22,9,--1,--1
chb19,chb19_22,10,FZ-CZ,FZ-CZ
chb19,chb19_22,11,CZ-PZ,CZ-PZ
chb19,chb19_22,12,--2,--2
chb19,chb19_22,13,FP2-F4,FP2-F4
chb19,chb19_22,14,F4-C4,F4-C4
chb19,chb19_22,15,C4-P4,C4-P4
chb19,chb19_22,16,P4-O2,P4-O2
chb19,chb19_22,17,--3,--3
chb19,chb19_22,18,FP2-F8,FP2-F8
chb19,chb19_22,19,F8-T8,F8-T8
chb19,chb19_22,20,T8-P8-0,T8-P8-0
chb19,chb19_22,21,P8-O2,P8-O2
chb19,chb19_22,22,--4,--4
chb19,chb19_22,23,P7-T7,P7-T7
chb19,chb19_22,24,T7-FT9,T7-FT9
chb19,chb19_22,25,FT9-FT10,FT9-FT10
chb19,chb19_22,26,FT10-T8,FT10-T8
chb19,chb19_22,27,T8-P8-1,T8-P8-1
chb19,chb19_23,0,FP1-F7,FP1-F7
chb19,chb19_23,1,F7-T7,F7-T7
chb19,chb19_23,2,T7-P7,T7-P7
chb19,chb19_23,3,P7-O1,P7-O1
chb19,chb19_23,4,--0,--0
chb19,chb19_23,5,FP1-F3,FP1-F3
chb19,chb19_23,6,F3-C3,F3-C3
chb19,chb19_23,7,C3-P3,C3-P3
chb19,chb19_23,8,P3-O1,P3-O1
chb19,chb19_23,9,--1,--1
chb19,chb19_23,10,FZ-CZ,FZ-CZ
chb19,chb19_23,11,CZ-PZ,CZ-PZ
chb19,chb19_23,12,--2,--2
chb19,chb19_23,13,FP2-F4,FP2-F4
chb19,chb19_23,14,F4-C4,F4-C4
chb19,chb19_23,15,C4-P4,C4-P4
chb19,chb19_23,16,P4-O2,P4-O2
chb19,chb19_23,17,--3,--3
chb19,chb19_23,18,FP2-F8,FP2-F8
chb19,chb19_23,19,F8-T8,F8-T8
chb19,chb19_23,20,T8-P8-0,T8-P8-0
chb19,chb19_23,21,P8-O2,P8-O2
chb19,chb19_23,22,--4,--4
chb19,chb19_23,23,P7-T7,P7-T7
chb19,chb19_23,24,T7-FT9,T7-FT9
chb19,chb19_23,25,FT9-FT10,FT9-FT10
chb19,chb19_23,26,FT10-T8,FT10-T8
chb19,chb19_23,27,T8-P8-1,T8-P8-1
chb19,chb19_24,0,FP1-F7,FP1-F7
chb19,chb19_24,1,F7-T7,F7-T7
chb19,chb19_24,2,T7-P7,T7-P7
chb19,chb19_24,3,P7-O1,P7-O1
chb19,chb19_24,4,--0,--0
chb19,chb19_24,5,FP1-F3,FP1-F3
chb19,chb19_24,6,F3-C3,F3-C3
chb19,chb19_24,7,C3-P3,C3-P3
chb19,chb19_24,8,P3-O1,P3-O1
chb19,chb19_24,9,--1,--1
chb19,chb19_24,10,FZ-CZ,FZ-CZ
chb19,chb19_24,11,CZ-PZ,CZ-PZ
chb19,chb19_24,12,--2,--2
chb19,chb19_24,13,FP2-F4,FP2-F4
chb19,chb19_24,14,F4-C4,F4-C4
chb19,chb19_24,15,C4-P4,C4-P4
chb19,chb19_24,16,P4-O2,P4-O2
chb19,chb19_24,17,--3,--3
chb19,chb19_24,18,FP2-F8,FP2-F8
chb19,chb19_24,19,F8-T8,F8-T8
chb19,chb19_24,20,T8-P8-0,T8-P8-0
chb19,chb19_24,21,P8-O2,P8-O2
chb19,chb19_24,22,--4,--4
chb19,chb19_24,23,P7-T7,P7-T7
chb19,chb19_24,24,T7-FT9,T7-FT9
chb19,chb19_24,25,FT9-FT10,FT9-FT10
chb19,chb19_24,26,FT10-T8,FT10-T8
chb19,chb19_24,27,T8-P8-1,T8-P8-1
chb19,chb19_25,0,FP1-F7,FP1-F7
chb19,chb19_25,1,F7-T7,F7-T7
chb19,chb19_25,2,T7-P7,T7-P7
chb19,chb19_25,3,P7-O1,P7-O1
chb19,chb19_25,4,--0,--0
chb19,chb19_25,5,FP1-F3,FP1-F3
chb19,chb19_25,6,F3-C3,F3-C3
chb19,chb19_25,7,C3-P3,C3-P3
chb19,chb19_25,8,P3-O1,P3-O1
chb19,chb19_25,9,--1,--1
chb19,chb19_25,10,FZ-CZ,FZ-CZ
chb19,chb19_25,11,CZ-PZ,CZ-PZ
chb19,chb19_25,12,--2,--2
chb19,chb19_25,13,FP2-F4,FP2-F4
chb19,chb19_25,14,F4-C4,F4-C4
chb19,chb19_25,15,C4-P4,C4-P4
chb19,chb19_25,16,P4-O2,P4-O2
chb19,chb19_25,17,--3,--3
chb19,chb19_25,18,FP2-F8,FP2-F8
chb19,chb19_25,19,F8-T8,F8-T8
chb19,chb19_25,20,T8-P8-0,T8-P8-0
chb19,chb19_25,21,P8-O2,P8-O2
chb19,chb19_25,22,--4,--4
chb19,chb19_25,23,P7-T7,P7-T7
chb19,chb19_25,24,T7-FT9,T7-FT9
chb19,chb19_25,25,FT9-FT10,FT9-FT10
chb19,chb19_25,26,FT10-T8,FT10-T8
chb19,chb19_25,27,T8-P8-1,T8-P8-1
chb19,chb19_26,0,FP1-F7,FP1-F7
chb19,chb19_26,1,F7-T7,F7-T7
chb19,chb19_26,2,T7-P7,T7-P7
chb19,chb19_26,3,P7-O1,P7-O1
chb19,chb19_26,4,--0,--0
chb19,chb19_26,5,FP1-F3,FP1-F3
chb19,chb19_26,6,F3-C3,F3-C3
chb19,chb19_26,7,C3-P3,C3-P3
chb19,chb19_26,8,P3-O1,P3-O1
chb19,chb19_26,9,--1,--1
chb19,chb19_26,10,FZ-CZ,FZ-CZ
chb19,chb19_26,11,CZ-PZ,CZ-PZ
chb19,chb19_26,12,--2,--2
chb19,chb19_26,13,FP2-F4,FP2-F4
chb19,chb19_26,14,F4-C4,F4-C4
chb19,chb19_26,15,C4-P4,C4-P4
chb19,chb19_26,16,P4-O2,P4-O2
chb19,chb19_26,17,--3,--3
chb19,chb19_26,18,FP2-F8,FP2-F8
chb19,chb19_26,19,F8-T8,F8-T8
chb19,chb19_26,20,T8-P8-0,T8-P8-0
chb19,chb19_26,21,P8-O2,P8-O2
chb19,chb19_26,22,--4,--4
chb19,chb19_26,23,P7-T7,P7-T7
chb19,chb19_26,24,T7-FT9,T7-FT9
chb19,chb19_26,25,FT9-FT10,FT9-FT10
chb19,chb19_26,26,FT10-T8,FT10-T8
chb19,chb19_26,27,T8-P8-1,T8-P8-1
chb19,chb19_27,0,FP1-F7,FP1-F7
chb19,chb19_27,1,F7-T7,F7-T7
chb19,chb19_27,2,T7-P7,T7-P7
chb19,chb19_27,3,P7-O1,P7-O1
chb19,chb19_27,4,--0,--0
chb19,chb19_27,5,FP1-F3,FP1-F3
chb19,chb19_27,6,F3-C3,F3-C3
chb19,chb19_27,7,C3-P3,C3-P3
chb19,chb19_27,8,P3-O1,P3-O1
chb19,chb19_27,9,--1,--1
chb19,chb19_27,10,FZ-CZ,FZ-CZ
chb19,chb19_27,11,CZ-PZ,CZ-PZ
chb19,chb19_27,12,--2,--2
chb19,chb19_27,13,FP2-F4,FP2-F4
chb19,chb19_27,14,F4-C4,F4-C4
chb19,chb19_27,15,C4-P4,C4-P4
chb19,chb19_27,16,P4-O2,P4-O2
chb19,chb19_27,17,--3,--3
chb19,chb19_27,18,FP2-F8,FP2-F8
chb19,chb19_27,19,F8-T8,F8-T8
chb19,chb19_27,20,T8-P8-0,T8-P8-0
chb19,chb19_27,21,P8-O2,P8-O2
chb19,chb19_27,22,--4,--4
chb19,chb19_27,23,P7-T7,P7-T7
chb19,chb19_27,24,T7-FT9,T7-FT9
chb19,chb19_27,25,FT9-FT10,FT9-FT10
chb19,chb19_27,26,FT10-T8,FT10-T8
chb19,chb19_27,27,T8-P8-1,T8-P8-1
chb19,chb19_28,0,FP1-F7,FP1-F7
chb19,chb19_28,1,F7-T7,F7-T7
chb19,chb19_28,2,T7-P7,T7-P7
chb19,chb19_28,3,P7-O1,P7-O1
chb19,chb19_28,4,--0,--0
chb19,chb19_28,5,FP1-F3,FP1-F3
chb19,chb19_28,6,F3-C3,F3-C3
chb19,chb19_28,7,C3-P3,C3-P3
chb19,chb19_28,8,P3-O1,P3-O1
chb19,chb19_28,9,--1,--1
chb19,chb19_28,10,FZ-CZ,FZ-CZ
chb19,chb19_28,11,CZ-PZ,CZ-PZ
chb19,chb19_28,12,--2,--2
chb19,chb19_28,13,FP2-F4,FP2-F4
chb19,chb19_28,14,F4-C4,F4-C4
chb19,chb19_28,15,C4-P4,C4-P4
chb19,chb19_28,16,P4-O2,P4-O2
chb19,chb19_28,17,--3,--3
chb19,chb19_28,18,FP2-F8,FP2-F8
chb19,chb19_28,19,F8-T8,F8-T8
chb19,chb19_28,20,T8-P8-0,T8-P8-0
chb19,chb19_28,21,P8-O2,P8-O2
chb19,chb19_28,22,--4,--4
chb19,chb19_28,23,P7-T7,P7-T7
chb19,chb19_28,24,T7-FT9,T7-FT9
chb19,chb19_28,25,FT9-FT10,FT9-FT10
chb19,chb19_28,26,FT10-T8,FT10-T8
chb19,chb19_28,27,T8-P8-1,T8-P8-1
chb19,chb19_29,0,FP1-F7,FP1-F7
chb19,chb19_29,1,F7-T7,F7-T7
chb19,chb19_29,2,T7-P7,T7-P7
chb19,chb19_29,3,P7-O1,P7-O1
chb19,chb19_29,4,--0,--0
chb19,chb19_29,5,FP1-F3,FP1-F3
chb19,chb19_29,6,F3-C3,F3-C3
chb19,chb19_29,7,C3-P3,C3-P3
chb19,chb19_29,8,P3-O1,P3-O1
chb19,chb19_29,9,--1,--1
chb19,chb19_29,10,FZ-CZ,FZ-CZ
chb19,chb19_29,11,CZ-PZ,CZ-PZ
chb19,chb19_29,12,--2,--2
chb19,chb19_29,13,FP2-F4,FP2-F4
chb19,chb19_29,14,F4-C4,F4-C4
chb19,chb19_29,15,C4-P4,C4-P4
chb19,chb19_29,16,P4-O2,P4-O2
chb19,chb19_29,17,--3,--3
chb19,chb19_29,18,FP2-F8,FP2-F8
chb19,chb19_29,19,F8-T8,F8-T8
chb19,chb19_29,20,T8-P8-0,T8-P8-0
chb19,chb19_29,21,P8-O2,P8-O2
chb19,chb19_29,22,--4,--4
chb19,chb19_29,23,P7-T7,P7-T7
chb19,chb19_29,24,T7-FT9,T7-FT9
chb19,chb19_29,25,FT9-FT10,FT9-FT10
chb19,chb19_29,26,FT10-T8,FT10-T8
chb19,chb19_29,27,T8-P8-1,T8-P8-1
chb19,chb19_30,0,FP1-F7,FP1-F7
chb19,chb19_30,1,F7-T7,F7-T7
chb19,chb19_30,2,T7-P7,T7-P7
chb19,chb19_30,3,P7-O1,P7-O1
chb19,chb19_30,4,--0,--0
chb19,chb19_30,5,FP1-F3,FP1-F3
chb19,chb19_30,6,F3-C3,F3-C3
chb19,chb19_30,7,C3-P3,C3-P3
chb19,chb19_30,8,P3-O1,P3-O1
chb19,chb19_30,9,--1,--1
chb19,chb19_30,10,FZ-CZ,FZ-CZ
chb19,chb19_30,11,CZ-PZ,CZ-PZ
chb19,chb19_30,12,--2,--2
chb19,chb19_30,13,FP2-F4,FP2-F4
chb19,chb19_30,14,F4-C4,F4-C4
chb19,chb19_30,15,C4-P4,C4-P4
chb19,chb19_30,16,P4-O2,P4-O2
chb19,chb19_30,17,--3,--3
chb19,chb19_30,18,FP2-F8,FP2-F8
chb19,chb19_30,19,F8-T8,F8-T8
chb19,chb19_30,20,T8-P8-0,T8-P8-0
chb19,chb19_30,21,P8-O2,P8-O2
chb19,chb19_30,22,--4,--4
chb19,chb19_30,23,P7-T7,P7-T7
chb19,chb19_30,24,T7-FT9,T7-FT9
chb19,chb19_30,25,FT9-FT10,FT9-FT10
chb19,chb19_30,26,FT10-T8,FT10-T8
chb19,chb19_30,27,T8-P8-1,T8-P8-1
chb20,chb20_01,0,FP1-F7,FP1-F7
chb20,chb20_01,1,F7-T7,F7-T7
chb20,chb20_01,2,T7-P7,T7-P7
chb20,chb20_01,3,P7-O1,P7-O1
chb20,chb20_01,4,.-0,.-0
chb20,chb20_01,5,FP1-F3,FP1-F3
chb20,chb20_01,6,F3-C3,F3-C3
chb20,chb20_01,7,C3-P3,C3-P3
chb20,chb20_01,8,P3-O1,P3-O1
chb20,chb20_01,9,.-1,.-1
chb20,chb20_01,10,FZ-CZ,FZ-CZ
chb20,chb20_01,11,CZ-PZ,CZ-PZ
chb20,chb20_01,12,.-2,.-2
chb20,chb20_01,13,FP2-F4,FP2-F4
chb20,chb20_01,14,F4-C4,F4-C4
chb20,chb20_01,15,C4-P4,C4-P4
chb20,chb20_01,16,P4-O2,P4-O2
chb20,chb20_01,17,.-3,.-3
chb20,chb20_01,18,FP2-F8,FP2-F8
chb20,chb20_01,19,F8-T8,F8-T8
chb20,chb20_01,20,T8-P8-0,T8-P8-0
chb20,chb20_01,21,P8-O2,P8-O2
chb20,chb20_01,22,.-4,.-4
chb20,chb20_01,23,P7-T7,P7-T7
chb20,chb20_01,24,T7-FT9,T7-FT9
chb20,chb20_01,25,FT9-FT10,FT9-FT10
chb20,chb20_01,26,FT10-T8,FT10-T8
chb20,chb20_01,27,T8-P8-1,T8-P8-1
chb20,chb20_02,0,FP1-F7,FP1-F7
chb20,chb20_02,1,F7-T7,F7-T7
chb20,chb20_02,2,T7-P7,T7-P7
chb20,chb20_02,3,P7-O1,P7-O1
chb20,chb20_02,4,.-0,.-0
chb20,chb20_02,5,FP1-F3,FP1-F3
chb20,chb20_02,6,F3-C3,F3-C3
chb20,chb20_02,7,C3-P3,C3-P3
chb20,chb20_02,8,P3-O1,P3-O1
chb20,chb20_02,9,.-1,.-1
chb20,chb20_02,10,FZ-CZ,FZ-CZ
chb20,chb20_02,11,CZ-PZ,CZ-PZ
chb20,chb20_02,12,.-2,.-2
chb20,chb20_02,13,FP2-F4,FP2-F4
chb20,chb20_02,14,F4-C4,F4-C4
chb20,chb20_02,15,C4-P4,C4-P4
chb20,chb20_02,16,P4-O2,P4-O2
chb20,chb20_02,17,.-3,.-3
chb20,chb20_02,18,FP2-F8,FP2-F8
chb20,chb20_02,19,F8-T8,F8-T8
chb20,chb20_02,20,T8-P8-0,T8-P8-0
chb20,chb20_02,21,P8-O2,P8-O2
chb20,chb20_02,22,.-4,.-4
chb20,chb20_02,23,P7-T7,P7-T7
chb20,chb20_02,24,T7-FT9,T7-FT9
chb20,chb20_02,25,FT9-FT10,FT9-FT10
chb20,chb20_02,26,FT10-T8,FT10-T8
chb20,chb20_02,27,T8-P8-1,T8-P8-1
chb20,chb20_03,0,FP1-F7,FP1-F7
chb20,chb20_03,1,F7-T7,F7-T7
chb20,chb20_03,2,T7-P7,T7-P7
chb20,chb20_03,3,P7-O1,P7-O1
chb20,chb20_03,4,.-0,.-0
chb20,chb20_03,5,FP1-F3,FP1-F3
chb20,chb20_03,6,F3-C3,F3-C3
chb20,chb20_03,7,C3-P3,C3-P3
chb20,chb20_03,8,P3-O1,P3-O1
chb20,chb20_03,9,.-1,.-1
chb20,chb20_03,10,FZ-CZ,FZ-CZ
chb20,chb20_03,11,CZ-PZ,CZ-PZ
chb20,chb20_03,12,.-2,.-2
chb20,chb20_03,13,FP2-F4,FP2-F4
chb20,chb20_03,14,F4-C4,F4-C4
chb20,chb20_03,15,C4-P4,C4-P4
chb20,chb20_03,16,P4-O2,P4-O2
chb20,chb20_03,17,.-3,.-3
chb20,chb20_03,18,FP2-F8,FP2-F8
chb20,chb20_03,19,F8-T8,F8-T8
chb20,chb20_03,20,T8-P8-0,T8-P8-0
chb20,chb20_03,21,P8-O2,P8-O2
chb20,chb20_03,22,.-4,.-4
chb20,chb20_03,23,P7-T7,P7-T7
chb20,chb20_03,24,T7-FT9,T7-FT9
chb20,chb20_03,25,FT9-FT10,FT9-FT10
chb20,chb20_03,26,FT10-T8,FT10-T8
chb20,chb20_03,27,T8-P8-1,T8-P8-1
chb20,chb20_04,0,FP1-F7,FP1-F7
chb20,chb20_04,1,F7-T7,F7-T7
chb20,chb20_04,2,T7-P7,T7-P7
chb20,chb20_04,3,P7-O1,P7-O1
chb20,chb20_04,4,.-0,.-0
chb20,chb20_04,5,FP1-F3,FP1-F3
chb20,chb20_04,6,F3-C3,F3-C3
chb20,chb20_04,7,C3-P3,C3-P3
chb20,chb20_04,8,P3-O1,P3-O1
chb20,chb20_04,9,.-1,.-1
chb20,chb20_04,10,FZ-CZ,FZ-CZ
chb20,chb20_04,11,CZ-PZ,CZ-PZ
chb20,chb20_04,12,.-2,.-2
chb20,chb20_04,13,FP2-F4,FP2-F4
chb20,chb20_04,14,F4-C4,F4-C4
chb20,chb20_04,15,C4-P4,C4-P4
chb20,chb20_04,16,P4-O2,P4-O2
chb20,chb20_04,17,.-3,.-3
chb20,chb20_04,18,FP2-F8,FP2-F8
chb20,chb20_04,19,F8-T8,F8-T8
chb20,chb20_04,20,T8-P8-0,T8-P8-0
chb20,chb20_04,21,P8-O2,P8-O2
chb20,chb20_04,22,.-4,.-4
chb20,chb20_04,23,P7-T7,P7-T7
chb20,chb20_04,24,T7-FT9,T7-FT9
chb20,chb20_04,25,FT9-FT10,FT9-FT10
chb20,chb20_04,26,FT10-T8,FT10-T8
chb20,chb20_04,27,T8-P8-1,T8-P8-1
chb20,chb20_05,0,FP1-F7,FP1-F7
chb20,chb20_05,1,F7-T7,F7-T7
chb20,chb20_05,2,T7-P7,T7-P7
chb20,chb20_05,3,P7-O1,P7-O1
chb20,chb20_05,4,.-0,.-0
chb20,chb20_05,5,FP1-F3,FP1-F3
chb20,chb20_05,6,F3-C3,F3-C3
chb20,chb20_05,7,C3-P3,C3-P3
chb20,chb20_05,8,P3-O1,P3-O1
chb20,chb20_05,9,.-1,.-1
chb20,chb20_05,10,FZ-CZ,FZ-CZ
chb20,chb20_05,11,CZ-PZ,CZ-PZ
chb20,chb20_05,12,.-2,.-2
chb20,chb20_05,13,FP2-F4,FP2-F4
chb20,chb20_05,14,F4-C4,F4-C4
chb20,chb20_05,15,C4-P4,C4-P4
chb20,chb20_05,16,P4-O2,P4-O2
chb20,chb20_05,17,.-3,.-3
chb20,chb20_05,18,FP2-F8,FP2-F8
chb20,chb20_05,19,F8-T8,F8-T8
chb20,chb20_05,20,T8-P8-0,T8-P8-0
chb20,chb20_05,21,P8-O2,P8-O2
chb20,chb20_05,22,.-4,.-4
chb20,chb20_05,23,P7-T7,P7-T7
chb20,chb20_05,24,T7-FT9,T7-FT9
chb20,chb20_05,25,FT9-FT10,FT9-FT10
chb20,chb20_05,26,FT10-T8,FT10-T8
chb20,chb20_05,27,T8-P8-1,T8-P8-1
chb20,chb20_06,0,FP1-F7,FP1-F7
chb20,chb20_06,1,F7-T7,F7-T7
chb20,chb20_06,2,T7-P7,T7-P7
chb20,chb20_06,3,P7-O1,P7-O1
chb20,chb20_06,4,.-0,.-0
chb20,chb20_06,5,FP1-F3,FP1-F3
chb20,chb20_06,6,F3-C3,F3-C3
chb20,chb20_06,7,C3-P3,C3-P3
chb20,chb20_06,8,P3-O1,P3-O1
chb20,chb20_06,9,.-1,.-1
chb20,chb20_06,10,FZ-CZ,FZ-CZ
chb20,chb20_06,11,CZ-PZ,CZ-PZ
chb20,chb20_06,12,.-2,.-2
chb20,chb20_06,13,FP2-F4,FP2-F4
chb20,chb20_06,14,F4-C4,F4-C4
chb20,chb20_06,15,C4-P4,C4-P4
chb20,chb20_06,16,P4-O2,P4-O2
chb20,chb20_06,17,.-3,.-3
chb20,chb20_06,18,FP2-F8,FP2-F8
chb20,chb20_06,19,F8-T8,F8-T8
chb20,chb20_06,20,T8-P8-0,T8-P8-0
chb20,chb20_06,21,P8-O2,P8-O2
chb20,chb20_06,22,.-4,.-4
chb20,chb20_06,23,P7-T7,P7-T7
chb20,chb20_06,24,T7-FT9,T7-FT9
chb20,chb20_06,25,FT9-FT10,FT9-FT10
chb20,chb20_06,26,FT10-T8,FT10-T8
chb20,chb20_06,27,T8-P8-1,T8-P8-1
chb20,chb20_07,0,FP1-F7,FP1-F7
chb20,chb20_07,1,F7-T7,F7-T7
chb20,chb20_07,2,T7-P7,T7-P7
chb20,chb20_07,3,P7-O1,P7-O1
chb20,chb20_07,4,.-0,.-0
chb20,chb20_07,5,FP1-F3,FP1-F3
chb20,chb20_07,6,F3-C3,F3-C3
chb20,chb20_07,7,C3-P3,C3-P3
chb20,chb20_07,8,P3-O1,P3-O1
chb20,chb20_07,9,.-1,.-1
chb20,chb20_07,10,FZ-CZ,FZ-CZ
chb20,chb20_07,11,CZ-PZ,CZ-PZ
chb20,chb20_07,12,.-2,.-2
chb20,chb20_07,13,FP2-F4,FP2-F4
chb20,chb20_07,14,F4-C4,F4-C4
chb20,chb20_07,15,C4-P4,C4-P4
chb20,chb20_07,16,P4-O2,P4-O2
chb20,chb20_07,17,.-3,.-3
chb20,chb20_07,18,FP2-F8,FP2-F8
chb20,chb20_07,19,F8-T8,F8-T8
chb20,chb20_07,20,T8-P8-0,T8-P8-0
chb20,chb20_07,21,P8-O2,P8-O2
chb20,chb20_07,22,.-4,.-4
chb20,chb20_07,23,P7-T7,P7-T7
chb20,chb20_07,24,T7-FT9,T7-FT9
chb20,chb20_07,25,FT9-FT10,FT9-FT10
chb20,chb20_07,26,FT10-T8,FT10-T8
chb20,chb20_07,27,T8-P8-1,T8-P8-1
chb20,chb20_08,0,FP1-F7,FP1-F7
chb20,chb20_08,1,F7-T7,F7-T7
chb20,chb20_08,2,T7-P7,T7-P7
chb20,chb20_08,3,P7-O1,P7-O1
chb20,chb20_08,4,.-0,.-0
chb20,chb20_08,5,FP1-F3,FP1-F3
chb20,chb20_08,6,F3-C3,F3-C3
chb20,chb20_08,7,C3-P3,C3-P3
chb20,chb20_08,8,P3-O1,P3-O1
chb20,chb20_08,9,.-1,.-1
chb20,chb20_08,10,FZ-CZ,FZ-CZ
chb20,chb20_08,11,CZ-PZ,CZ-PZ
chb20,chb20_08,12,.-2,.-2
chb20,chb20_08,13,FP2-F4,FP2-F4
chb20,chb20_08,14,F4-C4,F4-C4
chb20,chb20_08,15,C4-P4,C4-P4
chb20,chb20_08,16,P4-O2,P4-O2
chb20,chb20_08,17,.-3,.-3
chb20,chb20_08,18,FP2-F8,FP2-F8
chb20,chb20_08,19,F8-T8,F8-T8
chb20,chb20_08,20,T8-P8-0,T8-P8-0
chb20,chb20_08,21,P8-O2,P8-O2
chb20,chb20_08,22,.-4,.-4
chb20,chb20_08,23,P7-T7,P7-T7
chb20,chb20_08,24,T7-FT9,T7-FT9
chb20,chb20_08,25,FT9-FT10,FT9-FT10
chb20,chb20_08,26,FT10-T8,FT10-T8
chb20,chb20_08,27,T8-P8-1,T8-P8-1
chb20,chb20_11,0,FP1-F7,FP1-F7
chb20,chb20_11,1,F7-T7,F7-T7
chb20,chb20_11,2,T7-P7,T7-P7
chb20,chb20_11,3,P7-O1,P7-O1
chb20,chb20_11,4,.-0,.-0
chb20,chb20_11,5,FP1-F3,FP1-F3
chb20,chb20_11,6,F3-C3,F3-C3
chb20,chb20_11,7,C3-P3,C3-P3
chb20,chb20_11,8,P3-O1,P3-O1
chb20,chb20_11,9,.-1,.-1
chb20,chb20_11,10,FZ-CZ,FZ-CZ
chb20,chb20_11,11,CZ-PZ,CZ-PZ
chb20,chb20_11,12,.-2,.-2
chb20,chb20_11,13,FP2-F4,FP2-F4
chb20,chb20_11,14,F4-C4,F4-C4
chb20,chb20_11,15,C4-P4,C4-P4
chb20,chb20_11,16,P4-O2,P4-O2
chb20,chb20_11,17,.-3,.-3
chb20,chb20_11,18,FP2-F8,FP2-F8
chb20,chb20_11,19,F8-T8,F8-T8
chb20,chb20_11,20,T8-P8-0,T8-P8-0
chb20,chb20_11,21,P8-O2,P8-O2
chb20,chb20_11,22,.-4,.-4
chb20,chb20_11,23,P7-T7,P7-T7
chb20,chb20_11,24,T7-FT9,T7-FT9
chb20,chb20_11,25,FT9-FT10,FT9-FT10
chb20,chb20_11,26,FT10-T8,FT10-T8
chb20,chb20_11,27,T8-P8-1,T8-P8-1
chb20,chb20_12,0,FP1-F7,FP1-F7
chb20,chb20_12,1,F7-T7,F7-T7
chb20,chb20_12,2,T7-P7,T7-P7
chb20,chb20_12,3,P7-O1,P7-O1
chb20,chb20_12,4,.-0,.-0
chb20,chb20_12,5,FP1-F3,FP1-F3
chb20,chb20_12,6,F3-C3,F3-C3
chb20,chb20_12,7,C3-P3,C3-P3
chb20,chb20_12,8,P3-O1,P3-O1
chb20,chb20_12,9,.-1,.-1
chb20,chb20_12,10,FZ-CZ,FZ-CZ
chb20,chb20_12,11,CZ-PZ,CZ-PZ
chb20,chb20_12,12,.-2,.-2
chb20,chb20_12,13,FP2-F4,FP2-F4
chb20,chb20_12,14,F4-C4,F4-C4
chb20,chb20_12,15,C4-P4,C4-P4
chb20,chb20_12,16,P4-O2,P4-O2
chb20,chb20_12,17,.-3,.-3
chb20,chb20_12,18,FP2-F8,FP2-F8
chb20,chb20_12,19,F8-T8,F8-T8
chb20,chb20_12,20,T8-P8-0,T8-P8-0
chb20,chb20_12,21,P8-O2,P8-O2
chb20,chb20_12,22,.-4,.-4
chb20,chb20_12,23,P7-T7,P7-T7
chb20,chb20_12,24,T7-FT9,T7-FT9
chb20,chb20_12,25,FT9-FT10,FT9-FT10
chb20,chb20_12,26,FT10-T8,FT10-T8
chb20,chb20_12,27,T8-P8-1,T8-P8-1
chb20,chb20_13,0,FP1-F7,FP1-F7
chb20,chb20_13,1,F7-T7,F7-T7
chb20,chb20_13,2,T7-P7,T7-P7
chb20,chb20_13,3,P7-O1,P7-O1
chb20,chb20_13,4,.-0,.-0
chb20,chb20_13,5,FP1-F3,FP1-F3
chb20,chb20_13,6,F3-C3,F3-C3
chb20,chb20_13,7,C3-P3,C3-P3
chb20,chb20_13,8,P3-O1,P3-O1
chb20,chb20_13,9,.-1,.-1
chb20,chb20_13,10,FZ-CZ,FZ-CZ
chb20,chb20_13,11,CZ-PZ,CZ-PZ
chb20,chb20_13,12,.-2,.-2
chb20,chb20_13,13,FP2-F4,FP2-F4
chb20,chb20_13,14,F4-C4,F4-C4
chb20,chb20_13,15,C4-P4,C4-P4
chb20,chb20_13,16,P4-O2,P4-O2
chb20,chb20_13,17,.-3,.-3
chb20,chb20_13,18,FP2-F8,FP2-F8
chb20,chb20_13,19,F8-T8,F8-T8
chb20,chb20_13,20,T8-P8-0,T8-P8-0
chb20,chb20_13,21,P8-O2,P8-O2
chb20,chb20_13,22,.-4,.-4
chb20,chb20_13,23,P7-T7,P7-T7
chb20,chb20_13,24,T7-FT9,T7-FT9
chb20,chb20_13,25,FT9-FT10,FT9-FT10
chb20,chb20_13,26,FT10-T8,FT10-T8
chb20,chb20_13,27,T8-P8-1,T8-P8-1
chb20,chb20_14,0,FP1-F7,FP1-F7
chb20,chb20_14,1,F7-T7,F7-T7
chb20,chb20_14,2,T7-P7,T7-P7
chb20,chb20_14,3,P7-O1,P7-O1
chb20,chb20_14,4,.-0,.-0
chb20,chb20_14,5,FP1-F3,FP1-F3
chb20,chb20_14,6,F3-C3,F3-C3
chb20,chb20_14,7,C3-P3,C3-P3
chb20,chb20_14,8,P3-O1,P3-O1
chb20,chb20_14,9,.-1,.-1
chb20,chb20_14,10,FZ-CZ,FZ-CZ
chb20,chb20_14,11,CZ-PZ,CZ-PZ
chb20,chb20_14,12,.-2,.-2
chb20,chb20_14,13,FP2-F4,FP2-F4
chb20,chb20_14,14,F4-C4,F4-C4
chb20,chb20_14,15,C4-P4,C4-P4
chb20,chb20_14,16,P4-O2,P4-O2
chb20,chb20_14,17,.-3,.-3
chb20,chb20_14,18,FP2-F8,FP2-F8
chb20,chb20_14,19,F8-T8,F8-T8
chb20,chb20_14,20,T8-P8-0,T8-P8-0
chb20,chb20_14,21,P8-O2,P8-O2
chb20,chb20_14,22,.-4,.-4
chb20,chb20_14,23,P7-T7,P7-T7
chb20,chb20_14,24,T7-FT9,T7-FT9
chb20,chb20_14,25,FT9-FT10,FT9-FT10
chb20,chb20_14,26,FT10-T8,FT10-T8
chb20,chb20_14,27,T8-P8-1,T8-P8-1
chb20,chb20_15,0,FP1-F7,FP1-F7
chb20,chb20_15,1,F7-T7,F7-T7
chb20,chb20_15,2,T7-P7,T7-P7
chb20,chb20_15,3,P7-O1,P7-O1
chb20,chb20_15,4,.-0,.-0
chb20,chb20_15,5,FP1-F3,FP1-F3
chb20,chb20_15,6,F3-C3,F3-C3
chb20,chb20_15,7,C3-P3,C3-P3
chb20,chb20_15,8,P3-O1,P3-O1
chb20,chb20_15,9,.-1,.-1
chb20,chb20_15,10,FZ-CZ,FZ-CZ
chb20,chb20_15,11,CZ-PZ,CZ-PZ
chb20,chb20_15,12,.-2,.-2
chb20,chb20_15,13,FP2-F4,FP2-F4
chb20,chb20_15,14,F4-C4,F4-C4
chb20,chb20_15,15,C4-P4,C4-P4
chb20,chb20_15,16,P4-O2,P4-O2
chb20,chb20_15,17,.-3,.-3
chb20,chb20_15,18,FP2-F8,FP2-F8
chb20,chb20_15,19,F8-T8,F8-T8
chb20,chb20_15,20,T8-P8-0,T8-P8-0
chb20,chb20_15,21,P8-O2,P8-O2
chb20,chb20_15,22,.-4,.-4
chb20,chb20_15,23,P7-T7,P7-T7
chb20,chb20_15,24,T7-FT9,T7-FT9
chb20,chb20_15,25,FT9-FT10,FT9-FT10
chb20,chb20_15,26,FT10-T8,FT10-T8
chb20,chb20_15,27,T8-P8-1,T8-P8-1
chb20,chb20_16,0,FP1-F7,FP1-F7
chb20,chb20_16,1,F7-T7,F7-T7
chb20,chb20_16,2,T7-P7,T7-P7
chb20,chb20_16,3,P7-O1,P7-O1
chb20,chb20_16,4,.-0,.-0
chb20,chb20_16,5,FP1-F3,FP1-F3
chb20,chb20_16,6,F3-C3,F3-C3
chb20,chb20_16,7,C3-P3,C3-P3
chb20,chb20_16,8,P3-O1,P3-O1
chb20,chb20_16,9,.-1,.-1
chb20,chb20_16,10,FZ-CZ,FZ-CZ
chb20,chb20_16,11,CZ-PZ,CZ-PZ
chb20,chb20_16,12,.-2,.-2
chb20,chb20_16,13,FP2-F4,FP2-F4
chb20,chb20_16,14,F4-C4,F4-C4
chb20,chb20_16,15,C4-P4,C4-P4
chb20,chb20_16,16,P4-O2,P4-O2
chb20,chb20_16,17,.-3,.-3
chb20,chb20_16,18,FP2-F8,FP2-F8
chb20,chb20_16,19,F8-T8,F8-T8
chb20,chb20_16,20,T8-P8-0,T8-P8-0
chb20,chb20_16,21,P8-O2,P8-O2
chb20,chb20_16,22,.-4,.-4
chb20,chb20_16,23,P7-T7,P7-T7
chb20,chb20_16,24,T7-FT9,T7-FT9
chb20,chb20_16,25,FT9-FT10,FT9-FT10
chb20,chb20_16,26,FT10-T8,FT10-T8
chb20,chb20_16,27,T8-P8-1,T8-P8-1
chb20,chb20_17,0,FP1-F7,FP1-F7
chb20,chb20_17,1,F7-T7,F7-T7
chb20,chb20_17,2,T7-P7,T7-P7
chb20,chb20_17,3,P7-O1,P7-O1
chb20,chb20_17,4,.-0,.-0
chb20,chb20_17,5,FP1-F3,FP1-F3
chb20,chb20_17,6,F3-C3,F3-C3
chb20,chb20_17,7,C3-P3,C3-P3
chb20,chb20_17,8,P3-O1,P3-O1
chb20,chb20_17,9,.-1,.-1
chb20,chb20_17,10,FZ-CZ,FZ-CZ
chb20,chb20_17,11,CZ-PZ,CZ-PZ
chb20,chb20_17,12,.-2,.-2
chb20,chb20_17,13,FP2-F4,FP2-F4
chb20,chb20_17,14,F4-C4,F4-C4
chb20,chb20_17,15,C4-P4,C4-P4
chb20,chb20_17,16,P4-O2,P4-O2
chb20,chb20_17,17,.-3,.-3
chb20,chb20_17,18,FP2-F8,FP2-F8
chb20,chb20_17,19,F8-T8,F8-T8
chb20,chb20_17,20,T8-P8-0,T8-P8-0
chb20,chb20_17,21,P8-O2,P8-O2
chb20,chb20_17,22,.-4,.-4
chb20,chb20_17,23,P7-T7,P7-T7
chb20,chb20_17,24,T7-FT9,T7-FT9
chb20,chb20_17,25,FT9-FT10,FT9-FT10
chb20,chb20_17,26,FT10-T8,FT10-T8
chb20,chb20_17,27,T8-P8-1,T8-P8-1
chb20,chb20_21,0,FP1-F7,FP1-F7
chb20,chb20_21,1,F7-T7,F7-T7
chb20,chb20_21,2,T7-P7,T7-P7
chb20,chb20_21,3,P7-O1,P7-O1
chb20,chb20_21,4,.-0,.-0
chb20,chb20_21,5,FP1-F3,FP1-F3
chb20,chb20_21,6,F3-C3,F3-C3
chb20,chb20_21,7,C3-P3,C3-P3
chb20,chb20_21,8,P3-O1,P3-O1
chb20,chb20_21,9,.-1,.-1
chb20,chb20_21,10,FZ-CZ,FZ-CZ
chb20,chb20_21,11,CZ-PZ,CZ-PZ
chb20,chb20_21,12,.-2,.-2
chb20,chb20_21,13,FP2-F4,FP2-F4
chb20,chb20_21,14,F4-C4,F4-C4
chb20,chb20_21,15,C4-P4,C4-P4
chb20,chb20_21,16,P4-O2,P4-O2
chb20,chb20_21,17,.-3,.-3
chb20,chb20_21,18,FP2-F8,FP2-F8
chb20,chb20_21,19,F8-T8,F8-T8
chb20,chb20_21,20,T8-P8-0,T8-P8-0
chb20,chb20_21,21,P8-O2,P8-O2
chb20,chb20_21,22,.-4,.-4
chb20,chb20_21,23,P7-T7,P7-T7
chb20,chb20_21,24,T7-FT9,T7-FT9
chb20,chb20_21,25,FT9-FT10,FT9-FT10
chb20,chb20_21,26,FT10-T8,FT10-T8
chb20,chb20_21,27,T8-P8-1,T8-P8-1
chb20,chb20_22,0,FP1-F7,FP1-F7
chb20,chb20_22,1,F7-T7,F7-T7
chb20,chb20_22,2,T7-P7,T7-P7
chb20,chb20_22,3,P7-O1,P7-O1
chb20,chb20_22,4,.-0,.-0
chb20,chb20_22,5,FP1-F3,FP1-F3
chb20,chb20_22,6,F3-C3,F3-C3
chb20,chb20_22,7,C3-P3,C3-P3
chb20,chb20_22,8,P3-O1,P3-O1
chb20,chb20_22,9,.-1,.-1
chb20,chb20_22,10,FZ-CZ,FZ-CZ
chb20,chb20_22,11,CZ-PZ,CZ-PZ
chb20,chb20_22,12,.-2,.-2
chb20,chb20_22,13,FP2-F4,FP2-F4
chb20,chb20_22,14,F4-C4,F4-C4
chb20,chb20_22,15,C4-P4,C4-P4
chb20,chb20_22,16,P4-O2,P4-O2
chb20,chb20_22,17,.-3,.-3
chb20,chb20_22,18,FP2-F8,FP2-F8
chb20,chb20_22,19,F8-T8,F8-T8
chb20,chb20_22,20,T8-P8-0,T8-P8-0
chb20,chb20_22,21,P8-O2,P8-O2
chb20,chb20_22,22,.-4,.-4
chb20,chb20_22,23,P7-T7,P7-T7
chb20,chb20_22,24,T7-FT9,T7-FT9
chb20,chb20_22,25,FT9-FT10,FT9-FT10
chb20,chb20_22,26,FT10-T8,FT10-T8
chb20,chb20_22,27,T8-P8-1,T8-P8-1
chb20,chb20_23,0,FP1-F7,FP1-F7
chb20,chb20_23,1,F7-T7,F7-T7
chb20,chb20_23,2,T7-P7,T7-P7
chb20,chb20_23,3,P7-O1,P7-O1
chb20,chb20_23,4,.-0,.-0
chb20,chb20_23,5,FP1-F3,FP1-F3
chb20,chb20_23,6,F3-C3,F3-C3
chb20,chb20_23,7,C3-P3,C3-P3
chb20,chb20_23,8,P3-O1,P3-O1
chb20,chb20_23,9,.-1,.-1
chb20,chb20_23,10,FZ-CZ,FZ-CZ
chb20,chb20_23,11,CZ-PZ,CZ-PZ
chb20,chb20_23,12,.-2,.-2
chb20,chb20_23,13,FP2-F4,FP2-F4
chb20,chb20_23,14,F4-C4,F4-C4
chb20,chb20_23,15,C4-P4,C4-P4
chb20,chb20_23,16,P4-O2,P4-O2
chb20,chb20_23,17,.-3,.-3
chb20,chb20_23,18,FP2-F8,FP2-F8
chb20,chb20_23,19,F8-T8,F8-T8
chb20,chb20_23,20,T8-P8-0,T8-P8-0
chb20,chb20_23,21,P8-O2,P8-O2
chb20,chb20_23,22,.-4,.-4
chb20,chb20_23,23,P7-T7,P7-T7
chb20,chb20_23,24,T7-FT9,T7-FT9
chb20,chb20_23,25,FT9-FT10,FT9-FT10
chb20,chb20_23,26,FT10-T8,FT10-T8
chb20,chb20_23,27,T8-P8-1,T8-P8-1
chb20,chb20_25,0,FP1-F7,FP1-F7
chb20,chb20_25,1,F7-T7,F7-T7
chb20,chb20_25,2,T7-P7,T7-P7
chb20,chb20_25,3,P7-O1,P7-O1
chb20,chb20_25,4,.-0,.-0
chb20,chb20_25,5,FP1-F3,FP1-F3
chb20,chb20_25,6,F3-C3,F3-C3
chb20,chb20_25,7,C3-P3,C3-P3
chb20,chb20_25,8,P3-O1,P3-O1
chb20,chb20_25,9,.-1,.-1
chb20,chb20_25,10,FZ-CZ,FZ-CZ
chb20,chb20_25,11,CZ-PZ,CZ-PZ
chb20,chb20_25,12,.-2,.-2
chb20,chb20_25,13,FP2-F4,FP2-F4
chb20,chb20_25,14,F4-C4,F4-C4
chb20,chb20_25,15,C4-P4,C4-P4
chb20,chb20_25,16,P4-O2,P4-O2
chb20,chb20_25,17,.-3,.-3
chb20,chb20_25,18,FP2-F8,FP2-F8
chb20,chb20_25,19,F8-T8,F8-T8
chb20,chb20_25,20,T8-P8-0,T8-P8-0
chb20,chb20_25,21,P8-O2,P8-O2
chb20,chb20_25,22,.-4,.-4
chb20,chb20_25,23,P7-T7,P7-T7
chb20,chb20_25,24,T7-FT9,T7-FT9
chb20,chb20_25,25,FT9-FT10,FT9-FT10
chb20,chb20_25,26,FT10-T8,FT10-T8
chb20,chb20_25,27,T8-P8-1,T8-P8-1
chb20,chb20_26,0,FP1-F7,FP1-F7
chb20,chb20_26,1,F7-T7,F7-T7
chb20,chb20_26,2,T7-P7,T7-P7
chb20,chb20_26,3,P7-O1,P7-O1
chb20,chb20_26,4,.-0,.-0
chb20,chb20_26,5,FP1-F3,FP1-F3
chb20,chb20_26,6,F3-C3,F3-C3
chb20,chb20_26,7,C3-P3,C3-P3
chb20,chb20_26,8,P3-O1,P3-O1
chb20,chb20_26,9,.-1,.-1
chb20,chb20_26,10,FZ-CZ,FZ-CZ
chb20,chb20_26,11,CZ-PZ,CZ-PZ
chb20,chb20_26,12,.-2,.-2
chb20,chb20_26,13,FP2-F4,FP2-F4
chb20,chb20_26,14,F4-C4,F4-C4
chb20,chb20_26,15,C4-P4,C4-P4
chb20,chb20_26,16,P4-O2,P4-O2
chb20,chb20_26,17,.-3,.-3
chb20,chb20_26,18,FP2-F8,FP2-F8
chb20,chb20_26,19,F8-T8,F8-T8
chb20,chb20_26,20,T8-P8-0,T8-P8-0
chb20,chb20_26,21,P8-O2,P8-O2
chb20,chb20_26,22,.-4,.-4
chb20,chb20_26,23,P7-T7,P7-T7
chb20,chb20_26,24,T7-FT9,T7-FT9
chb20,chb20_26,25,FT9-FT10,FT9-FT10
chb20,chb20_26,26,FT10-T8,FT10-T8
chb20,chb20_26,27,T8-P8-1,T8-P8-1
chb20,chb20_27,0,FP1-F7,FP1-F7
chb20,chb20_27,1,F7-T7,F7-T7
chb20,chb20_27,2,T7-P7,T7-P7
chb20,chb20_27,3,P7-O1,P7-O1
chb20,chb20_27,4,.-0,.-0
chb20,chb20_27,5,FP1-F3,FP1-F3
chb20,chb20_27,6,F3-C3,F3-C3
chb20,chb20_27,7,C3-P3,C3-P3
chb20,chb20_27,8,P3-O1,P3-O1
chb20,chb20_27,9,.-1,.-1
chb20,chb20_27,10,FZ-CZ,FZ-CZ
chb20,chb20_27,11,CZ-PZ,CZ-PZ
chb20,chb20_27,12,.-2,.-2
chb20,chb20_27,13,FP2-F4,FP2-F4
chb20,chb20_27,14,F4-C4,F4-C4
chb20,chb20_27,15,C4-P4,C4-P4
chb20,chb20_27,16,P4-O2,P4-O2
chb20,chb20_27,17,.-3,.-3
chb20,chb20_27,18,FP2-F8,FP2-F8
chb20,chb20_27,19,F8-T8,F8-T8
chb20,chb20_27,20,T8-P8-0,T8-P8-0
chb20,chb20_27,21,P8-O2,P8-O2
chb20,chb20_27,22,.-4,.-4
chb20,chb20_27,23,P7-T7,P7-T7
chb20,chb20_27,24,T7-FT9,T7-FT9
chb20,chb20_27,25,FT9-FT10,FT9-FT10
chb20,chb20_27,26,FT10-T8,FT10-T8
chb20,chb20_27,27,T8-P8-1,T8-P8-1
chb20,chb20_28,0,FP1-F7,FP1-F7
chb20,chb20_28,1,F7-T7,F7-T7
chb20,chb20_28,2,T7-P7,T7-P7
chb20,chb20_28,3,P7-O1,P7-O1
chb20,chb20_28,4,.-0,.-0
chb20,chb20_28,5,FP1-F3,FP1-F3
chb20,chb20_28,6,F3-C3,F3-C3
chb20,chb20_28,7,C3-P3,C3-P3
chb20,chb20_28,8,P3-O1,P3-O1
chb20,chb20_28,9,.-1,.-1
chb20,chb20_28,10,FZ-CZ,FZ-CZ
chb20,chb20_28,11,CZ-PZ,CZ-PZ
chb20,chb20_28,12,.-2,.-2
chb20,chb20_28,13,FP2-F4,FP2-F4
chb20,chb20_28,14,F4-C4,F4-C4
chb20,chb20_28,15,C4-P4,C4-P4
chb20,chb20_28,16,P4-O2,P4-O2
chb20,chb20_28,17,.-3,.-3
chb20,chb20_28,18,FP2-F8,FP2-F8
chb20,chb20_28,19,F8-T8,F8-T8
chb20,chb20_28,20,T8-P8-0,T8-P8-0
chb20,chb20_28,21,P8-O2,P8-O2
chb20,chb20_28,22,.-4,.-4
chb20,chb20_28,23,P7-T7,P7-T7
chb20,chb20_28,24,T7-FT9,T7-FT9
chb20,chb20_28,25,FT9-FT10,FT9-FT10
chb20,chb20_28,26,FT10-T8,FT10-T8
chb20,chb20_28,27,T8-P8-1,T8-P8-1
chb20,chb20_29,0,FP1-F7,FP1-F7
chb20,chb20_29,1,F7-T7,F7-T7
chb20,chb20_29,2,T7-P7,T7-P7
chb20,chb20_29,3,P7-O1,P7-O1
chb20,chb20_29,4,.-0,.-0
chb20,chb20_29,5,FP1-F3,FP1-F3
chb20,chb20_29,6,F3-C3,F3-C3
chb20,chb20_29,7,C3-P3,C3-P3
chb20,chb20_29,8,P3-O1,P3-O1
chb20,chb20_29,9,.-1,.-1
chb20,chb20_29,10,FZ-CZ,FZ-CZ
chb20,chb20_29,11,CZ-PZ,CZ-PZ
chb20,chb20_29,12,.-2,.-2
chb20,chb20_29,13,FP2-F4,FP2-F4
chb20,chb20_29,14,F4-C4,F4-C4
chb20,chb20_29,15,C4-P4,C4-P4
chb20,chb20_29,16,P4-O2,P4-O2
chb20,chb20_29,17,.-3,.-3
chb20,chb20_29,18,FP2-F8,FP2-F8
chb20,chb20_29,19,F8-T8,F8-T8
chb20,chb20_29,20,T8-P8-0,T8-P8-0
chb20,chb20_29,21,P8-O2,P8-O2
chb20,chb20_29,22,.-4,.-4
chb20,chb20_29,23,P7-T7,P7-T7
chb20,chb20_29,24,T7-FT9,T7-FT9
chb20,chb20_29,25,FT9-FT10,FT9-FT10
chb20,chb20_29,26,FT10-T8,FT10-T8
chb20,chb20_29,27,T8-P8-1,T8-P8-1
chb20,chb20_30,0,FP1-F7,FP1-F7
chb20,chb20_30,1,F7-T7,F7-T7
chb20,chb20_30,2,T7-P7,T7-P7
chb20,chb20_30,3,P7-O1,P7-O1
chb20,chb20_30,4,.-0,.-0
chb20,chb20_30,5,FP1-F3,FP1-F3
chb20,chb20_30,6,F3-C3,F3-C3
chb20,chb20_30,7,C3-P3,C3-P3
chb20,chb20_30,8,P3-O1,P3-O1
chb20,chb20_30,9,.-1,.-1
chb20,chb20_30,10,FZ-CZ,FZ-CZ
chb20,chb20_30,11,CZ-PZ,CZ-PZ
chb20,chb20_30,12,.-2,.-2
chb20,chb20_30,13,FP2-F4,FP2-F4
chb20,chb20_30,14,F4-C4,F4-C4
chb20,chb20_30,15,C4-P4,C4-P4
chb20,chb20_30,16,P4-O2,P4-O2
chb20,chb20_30,17,.-3,.-3
chb20,chb20_30,18,FP2-F8,FP2-F8
chb20,chb20_30,19,F8-T8,F8-T8
chb20,chb20_30,20,T8-P8-0,T8-P8-0
chb20,chb20_30,21,P8-O2,P8-O2
chb20,chb20_30,22,.-4,.-4
chb20,chb20_30,23,P7-T7,P7-T7
chb20,chb20_30,24,T7-FT9,T7-FT9
chb20,chb20_30,25,FT9-FT10,FT9-FT10
chb20,chb20_30,26,FT10-T8,FT10-T8
chb20,chb20_30,27,T8-P8-1,T8-P8-1
chb20,chb20_31,0,FP1-F7,FP1-F7
chb20,chb20_31,1,F7-T7,F7-T7
chb20,chb20_31,2,T7-P7,T7-P7
chb20,chb20_31,3,P7-O1,P7-O1
chb20,chb20_31,4,.-0,.-0
chb20,chb20_31,5,FP1-F3,FP1-F3
chb20,chb20_31,6,F3-C3,F3-C3
chb20,chb20_31,7,C3-P3,C3-P3
chb20,chb20_31,8,P3-O1,P3-O1
chb20,chb20_31,9,.-1,.-1
chb20,chb20_31,10,FZ-CZ,FZ-CZ
chb20,chb20_31,11,CZ-PZ,CZ-PZ
chb20,chb20_31,12,.-2,.-2
chb20,chb20_31,13,FP2-F4,FP2-F4
chb20,chb20_31,14,F4-C4,F4-C4
chb20,chb20_31,15,C4-P4,C4-P4
chb20,chb20_31,16,P4-O2,P4-O2
chb20,chb20_31,17,.-3,.-3
chb20,chb20_31,18,FP2-F8,FP2-F8
chb20,chb20_31,19,F8-T8,F8-T8
chb20,chb20_31,20,T8-P8-0,T8-P8-0
chb20,chb20_31,21,P8-O2,P8-O2
chb20,chb20_31,22,.-4,.-4
chb20,chb20_31,23,P7-T7,P7-T7
chb20,chb20_31,24,T7-FT9,T7-FT9
chb20,chb20_31,25,FT9-FT10,FT9-FT10
chb20,chb20_31,26,FT10-T8,FT10-T8
chb20,chb20_31,27,T8-P8-1,T8-P8-1
chb20,chb20_34,0,FP1-F7,FP1-F7
chb20,chb20_34,1,F7-T7,F7-T7
chb20,chb20_34,2,T7-P7,T7-P7
chb20,chb20_34,3,P7-O1,P7-O1
chb20,chb20_34,4,.-0,.-0
chb20,chb20_34,5,FP1-F3,FP1-F3
chb20,chb20_34,6,F3-C3,F3-C3
chb20,chb20_34,7,C3-P3,C3-P3
chb20,chb20_34,8,P3-O1,P3-O1
chb20,chb20_34,9,.-1,.-1
chb20,chb20_34,10,FZ-CZ,FZ-CZ
chb20,chb20_34,11,CZ-PZ,CZ-PZ
chb20,chb20_34,12,.-2,.-2
chb20,chb20_34,13,FP2-F4,FP2-F4
chb20,chb20_34,14,F4-C4,F4-C4
chb20,chb20_34,15,C4-P4,C4-P4
chb20,chb20_34,16,P4-O2,P4-O2
chb20,chb20_34,17,.-3,.-3
chb20,chb20_34,18,FP2-F8,FP2-F8
chb20,chb20_34,19,F8-T8,F8-T8
chb20,chb20_34,20,T8-P8-0,T8-P8-0
chb20,chb20_34,21,P8-O2,P8-O2
chb20,chb20_34,22,.-4,.-4
chb20,chb20_34,23,P7-T7,P7-T7
chb20,chb20_34,24,T7-FT9,T7-FT9
chb20,chb20_34,25,FT9-FT10,FT9-FT10
chb20,chb20_34,26,FT10-T8,FT10-T8
chb20,chb20_34,27,T8-P8-1,T8-P8-1
chb20,chb20_59,0,FP1-F7,FP1-F7
chb20,chb20_59,1,F7-T7,F7-T7
chb20,chb20_59,2,T7-P7,T7-P7
chb20,chb20_59,3,P7-O1,P7-O1
chb20,chb20_59,4,.-0,.-0
chb20,chb20_59,5,FP1-F3,FP1-F3
chb20,chb20_59,6,F3-C3,F3-C3
chb20,chb20_59,7,C3-P3,C3-P3
chb20,chb20_59,8,P3-O1,P3-O1
chb20,chb20_59,9,.-1,.-1
chb20,chb20_59,10,FZ-CZ,FZ-CZ
chb20,chb20_59,11,CZ-PZ,CZ-PZ
chb20,chb20_59,12,.-2,.-2
chb20,chb20_59,13,FP2-F4,FP2-F4
chb20,chb20_59,14,F4-C4,F4-C4
chb20,chb20_59,15,C4-P4,C4-P4
chb20,chb20_59,16,P4-O2,P4-O2
chb20,chb20_59,17,.-3,.-3
chb20,chb20_59,18,FP2-F8,FP2-F8
chb20,chb20_59,19,F8-T8,F8-T8
chb20,chb20_59,20,T8-P8-0,T8-P8-0
chb20,chb20_59,21,P8-O2,P8-O2
chb20,chb20_59,22,.-4,.-4
chb20,chb20_59,23,P7-T7,P7-T7
chb20,chb20_59,24,T7-FT9,T7-FT9
chb20,chb20_59,25,FT9-FT10,FT9-FT10
chb20,chb20_59,26,FT10-T8,FT10-T8
chb20,chb20_59,27,T8-P8-1,T8-P8-1
chb20,chb20_60,0,FP1-F7,FP1-F7
chb20,chb20_60,1,F7-T7,F7-T7
chb20,chb20_60,2,T7-P7,T7-P7
chb20,chb20_60,3,P7-O1,P7-O1
chb20,chb20_60,4,.-0,.-0
chb20,chb20_60,5,FP1-F3,FP1-F3
chb20,chb20_60,6,F3-C3,F3-C3
chb20,chb20_60,7,C3-P3,C3-P3
chb20,chb20_60,8,P3-O1,P3-O1
chb20,chb20_60,9,.-1,.-1
chb20,chb20_60,10,FZ-CZ,FZ-CZ
chb20,chb20_60,11,CZ-PZ,CZ-PZ
chb20,chb20_60,12,.-2,.-2
chb20,chb20_60,13,FP2-F4,FP2-F4
chb20,chb20_60,14,F4-C4,F4-C4
chb20,chb20_60,15,C4-P4,C4-P4
chb20,chb20_60,16,P4-O2,P4-O2
chb20,chb20_60,17,.-3,.-3
chb20,chb20_60,18,FP2-F8,FP2-F8
chb20,chb20_60,19,F8-T8,F8-T8
chb20,chb20_60,20,T8-P8-0,T8-P8-0
chb20,chb20_60,21,P8-O2,P8-O2
chb20,chb20_60,22,.-4,.-4
chb20,chb20_60,23,P7-T7,P7-T7
chb20,chb20_60,24,T7-FT9,T7-FT9
chb20,chb20_60,25,FT9-FT10,FT9-FT10
chb20,chb20_60,26,FT10-T8,FT10-T8
chb20,chb20_60,27,T8-P8-1,T8-P8-1
chb20,chb20_68,0,FP1-F7,FP1-F7
chb20,chb20_68,1,F7-T7,F7-T7
chb20,chb20_68,2,T7-P7,T7-P7
chb20,chb20_68,3,P7-O1,P7-O1
chb20,chb20_68,4,.-0,.-0
chb20,chb20_68,5,FP1-F3,FP1-F3
chb20,chb20_68,6,F3-C3,F3-C3
chb20,chb20_68,7,C3-P3,C3-P3
chb20,chb20_68,8,P3-O1,P3-O1
chb20,chb20_68,9,.-1,.-1
chb20,chb20_68,10,FZ-CZ,FZ-CZ
chb20,chb20_68,11,CZ-PZ,CZ-PZ
chb20,chb20_68,12,.-2,.-2
chb20,chb20_68,13,FP2-F4,FP2-F4
chb20,chb20_68,14,F4-C4,F4-C4
chb20,chb20_68,15,C4-P4,C4-P4
chb20,chb20_68,16,P4-O2,P4-O2
chb20,chb20_68,17,.-3,.-3
chb20,chb20_68,18,FP2-F8,FP2-F8
chb20,chb20_68,19,F8-T8,F8-T8
chb20,chb20_68,20,T8-P8-0,T8-P8-0
chb20,chb20_68,21,P8-O2,P8-O2
chb20,chb20_68,22,.-4,.-4
chb20,chb20_68,23,P7-T7,P7-T7
chb20,chb20_68,24,T7-FT9,T7-FT9
chb20,chb20_68,25,FT9-FT10,FT9-FT10
chb20,chb20_68,26,FT10-T8,FT10-T8
chb20,chb20_68,27,T8-P8-1,T8-P8-1
chb21,chb21_01,0,FP1-F7,FP1-F7
chb21,chb21_01,1,F7-T7,F7-T7
chb21,chb21_01,2,T7-P7,T7-P7
chb21,chb21_01,3,P7-O1,P7-O1
chb21,chb21_01,4,--0,--0
chb21,chb21_01,5,FP1-F3,FP1-F3
chb21,chb21_01,6,F3-C3,F3-C3
chb21,chb21_01,7,C3-P3,C3-P3
chb21,chb21_01,8,P3-O1,P3-O1
chb21,chb21_01,9,--1,--1
chb21,chb21_01,10,FZ-CZ,FZ-CZ
chb21,chb21_01,11,CZ-PZ,CZ-PZ
chb21,chb21_01,12,--2,--2
chb21,chb21_01,13,FP2-F4,FP2-F4
chb21,chb21_01,14,F4-C4,F4-C4
chb21,chb21_01,15,C4-P4,C4-P4
chb21,chb21_01,16,P4-O2,P4-O2
chb21,chb21_01,17,--3,--3
chb21,chb21_01,18,FP2-F8,FP2-F8
chb21,chb21_01,19,F8-T8,F8-T8
chb21,chb21_01,20,T8-P8-0,T8-P8-0
chb21,chb21_01,21,P8-O2,P8-O2
chb21,chb21_01,22,--4,--4
chb21,chb21_01,23,P7-T7,P7-T7
chb21,chb21_01,24,T7-FT9,T7-FT9
chb21,chb21_01,25,FT9-FT10,FT9-FT10
chb21,chb21_01,26,FT10-T8,FT10-T8
chb21,chb21_01,27,T8-P8-1,T8-P8-1
chb21,chb21_02,0,FP1-F7,FP1-F7
chb21,chb21_02,1,F7-T7,F7-T7
chb21,chb21_02,2,T7-P7,T7-P7
chb21,chb21_02,3,P7-O1,P7-O1
chb21,chb21_02,4,--0,--0
chb21,chb21_02,5,FP1-F3,FP1-F3
chb21,chb21_02,6,F3-C3,F3-C3
chb21,chb21_02,7,C3-P3,C3-P3
chb21,chb21_02,8,P3-O1,P3-O1
chb21,chb21_02,9,--1,--1
chb21,chb21_02,10,FZ-CZ,FZ-CZ
chb21,chb21_02,11,CZ-PZ,CZ-PZ
chb21,chb21_02,12,--2,--2
chb21,chb21_02,13,FP2-F4,FP2-F4
chb21,chb21_02,14,F4-C4,F4-C4
chb21,chb21_02,15,C4-P4,C4-P4
chb21,chb21_02,16,P4-O2,P4-O2
chb21,chb21_02,17,--3,--3
chb21,chb21_02,18,FP2-F8,FP2-F8
chb21,chb21_02,19,F8-T8,F8-T8
chb21,chb21_02,20,T8-P8-0,T8-P8-0
chb21,chb21_02,21,P8-O2,P8-O2
chb21,chb21_02,22,--4,--4
chb21,chb21_02,23,P7-T7,P7-T7
chb21,chb21_02,24,T7-FT9,T7-FT9
chb21,chb21_02,25,FT9-FT10,FT9-FT10
chb21,chb21_02,26,FT10-T8,FT10-T8
chb21,chb21_02,27,T8-P8-1,T8-P8-1
chb21,chb21_03,0,FP1-F7,FP1-F7
chb21,chb21_03,1,F7-T7,F7-T7
chb21,chb21_03,2,T7-P7,T7-P7
chb21,chb21_03,3,P7-O1,P7-O1
chb21,chb21_03,4,--0,--0
chb21,chb21_03,5,FP1-F3,FP1-F3
chb21,chb21_03,6,F3-C3,F3-C3
chb21,chb21_03,7,C3-P3,C3-P3
chb21,chb21_03,8,P3-O1,P3-O1
chb21,chb21_03,9,--1,--1
chb21,chb21_03,10,FZ-CZ,FZ-CZ
chb21,chb21_03,11,CZ-PZ,CZ-PZ
chb21,chb21_03,12,--2,--2
chb21,chb21_03,13,FP2-F4,FP2-F4
chb21,chb21_03,14,F4-C4,F4-C4
chb21,chb21_03,15,C4-P4,C4-P4
chb21,chb21_03,16,P4-O2,P4-O2
chb21,chb21_03,17,--3,--3
chb21,chb21_03,18,FP2-F8,FP2-F8
chb21,chb21_03,19,F8-T8,F8-T8
chb21,chb21_03,20,T8-P8-0,T8-P8-0
chb21,chb21_03,21,P8-O2,P8-O2
chb21,chb21_03,22,--4,--4
chb21,chb21_03,23,P7-T7,P7-T7
chb21,chb21_03,24,T7-FT9,T7-FT9
chb21,chb21_03,25,FT9-FT10,FT9-FT10
chb21,chb21_03,26,FT10-T8,FT10-T8
chb21,chb21_03,27,T8-P8-1,T8-P8-1
chb21,chb21_04,0,FP1-F7,FP1-F7
chb21,chb21_04,1,F7-T7,F7-T7
chb21,chb21_04,2,T7-P7,T7-P7
chb21,chb21_04,3,P7-O1,P7-O1
chb21,chb21_04,4,--0,--0
chb21,chb21_04,5,FP1-F3,FP1-F3
chb21,chb21_04,6,F3-C3,F3-C3
chb21,chb21_04,7,C3-P3,C3-P3
chb21,chb21_04,8,P3-O1,P3-O1
chb21,chb21_04,9,--1,--1
chb21,chb21_04,10,FZ-CZ,FZ-CZ
chb21,chb21_04,11,CZ-PZ,CZ-PZ
chb21,chb21_04,12,--2,--2
chb21,chb21_04,13,FP2-F4,FP2-F4
chb21,chb21_04,14,F4-C4,F4-C4
chb21,chb21_04,15,C4-P4,C4-P4
chb21,chb21_04,16,P4-O2,P4-O2
chb21,chb21_04,17,--3,--3
chb21,chb21_04,18,FP2-F8,FP2-F8
chb21,chb21_04,19,F8-T8,F8-T8
chb21,chb21_04,20,T8-P8-0,T8-P8-0
chb21,chb21_04,21,P8-O2,P8-O2
chb21,chb21_04,22,--4,--4
chb21,chb21_04,23,P7-T7,P7-T7
chb21,chb21_04,24,T7-FT9,T7-FT9
chb21,chb21_04,25,FT9-FT10,FT9-FT10
chb21,chb21_04,26,FT10-T8,FT10-T8
chb21,chb21_04,27,T8-P8-1,T8-P8-1
chb21,chb21_05,0,FP1-F7,FP1-F7
chb21,chb21_05,1,F7-T7,F7-T7
chb21,chb21_05,2,T7-P7,T7-P7
chb21,chb21_05,3,P7-O1,P7-O1
chb21,chb21_05,4,--0,--0
chb21,chb21_05,5,FP1-F3,FP1-F3
chb21,chb21_05,6,F3-C3,F3-C3
chb21,chb21_05,7,C3-P3,C3-P3
chb21,chb21_05,8,P3-O1,P3-O1
chb21,chb21_05,9,--1,--1
chb21,chb21_05,10,FZ-CZ,FZ-CZ
chb21,chb21_05,11,CZ-PZ,CZ-PZ
chb21,chb21_05,12,--2,--2
chb21,chb21_05,13,FP2-F4,FP2-F4
chb21,chb21_05,14,F4-C4,F4-C4
chb21,chb21_05,15,C4-P4,C4-P4
chb21,chb21_05,16,P4-O2,P4-O2
chb21,chb21_05,17,--3,--3
chb21,chb21_05,18,FP2-F8,FP2-F8
chb21,chb21_05,19,F8-T8,F8-T8
chb21,chb21_05,20,T8-P8-0,T8-P8-0
chb21,chb21_05,21,P8-O2,P8-O2
chb21,chb21_05,22,--4,--4
chb21,chb21_05,23,P7-T7,P7-T7
chb21,chb21_05,24,T7-FT9,T7-FT9
chb21,chb21_05,25,FT9-FT10,FT9-FT10
chb21,chb21_05,26,FT10-T8,FT10-T8
chb21,chb21_05,27,T8-P8-1,T8-P8-1
chb21,chb21_06,0,FP1-F7,FP1-F7
chb21,chb21_06,1,F7-T7,F7-T7
chb21,chb21_06,2,T7-P7,T7-P7
chb21,chb21_06,3,P7-O1,P7-O1
chb21,chb21_06,4,--0,--0
chb21,chb21_06,5,FP1-F3,FP1-F3
chb21,chb21_06,6,F3-C3,F3-C3
chb21,chb21_06,7,C3-P3,C3-P3
chb21,chb21_06,8,P3-O1,P3-O1
chb21,chb21_06,9,--1,--1
chb21,chb21_06,10,FZ-CZ,FZ-CZ
chb21,chb21_06,11,CZ-PZ,CZ-PZ
chb21,chb21_06,12,--2,--2
chb21,chb21_06,13,FP2-F4,FP2-F4
chb21,chb21_06,14,F4-C4,F4-C4
chb21,chb21_06,15,C4-P4,C4-P4
chb21,chb21_06,16,P4-O2,P4-O2
chb21,chb21_06,17,--3,--3
chb21,chb21_06,18,FP2-F8,FP2-F8
chb21,chb21_06,19,F8-T8,F8-T8
chb21,chb21_06,20,T8-P8-0,T8-P8-0
chb21,chb21_06,21,P8-O2,P8-O2
chb21,chb21_06,22,--4,--4
chb21,chb21_06,23,P7-T7,P7-T7
chb21,chb21_06,24,T7-FT9,T7-FT9
chb21,chb21_06,25,FT9-FT10,FT9-FT10
chb21,chb21_06,26,FT10-T8,FT10-T8
chb21,chb21_06,27,T8-P8-1,T8-P8-1
chb21,chb21_07,0,FP1-F7,FP1-F7
chb21,chb21_07,1,F7-T7,F7-T7
chb21,chb21_07,2,T7-P7,T7-P7
chb21,chb21_07,3,P7-O1,P7-O1
chb21,chb21_07,4,--0,--0
chb21,chb21_07,5,FP1-F3,FP1-F3
chb21,chb21_07,6,F3-C3,F3-C3
chb21,chb21_07,7,C3-P3,C3-P3
chb21,chb21_07,8,P3-O1,P3-O1
chb21,chb21_07,9,--1,--1
chb21,chb21_07,10,FZ-CZ,FZ-CZ
chb21,chb21_07,11,CZ-PZ,CZ-PZ
chb21,chb21_07,12,--2,--2
chb21,chb21_07,13,FP2-F4,FP2-F4
chb21,chb21_07,14,F4-C4,F4-C4
chb21,chb21_07,15,C4-P4,C4-P4
chb21,chb21_07,16,P4-O2,P4-O2
chb21,chb21_07,17,--3,--3
chb21,chb21_07,18,FP2-F8,FP2-F8
chb21,chb21_07,19,F8-T8,F8-T8
chb21,chb21_07,20,T8-P8-0,T8-P8-0
chb21,chb21_07,21,P8-O2,P8-O2
chb21,chb21_07,22,--4,--4
chb21,chb21_07,23,P7-T7,P7-T7
chb21,chb21_07,24,T7-FT9,T7-FT9
chb21,chb21_07,25,FT9-FT10,FT9-FT10
chb21,chb21_07,26,FT10-T8,FT10-T8
chb21,chb21_07,27,T8-P8-1,T8-P8-1
chb21,chb21_08,0,FP1-F7,FP1-F7
chb21,chb21_08,1,F7-T7,F7-T7
chb21,chb21_08,2,T7-P7,T7-P7
chb21,chb21_08,3,P7-O1,P7-O1
chb21,chb21_08,4,--0,--0
chb21,chb21_08,5,FP1-F3,FP1-F3
chb21,chb21_08,6,F3-C3,F3-C3
chb21,chb21_08,7,C3-P3,C3-P3
chb21,chb21_08,8,P3-O1,P3-O1
chb21,chb21_08,9,--1,--1
chb21,chb21_08,10,FZ-CZ,FZ-CZ
chb21,chb21_08,11,CZ-PZ,CZ-PZ
chb21,chb21_08,12,--2,--2
chb21,chb21_08,13,FP2-F4,FP2-F4
chb21,chb21_08,14,F4-C4,F4-C4
chb21,chb21_08,15,C4-P4,C4-P4
chb21,chb21_08,16,P4-O2,P4-O2
chb21,chb21_08,17,--3,--3
chb21,chb21_08,18,FP2-F8,FP2-F8
chb21,chb21_08,19,F8-T8,F8-T8
chb21,chb21_08,20,T8-P8-0,T8-P8-0
chb21,chb21_08,21,P8-O2,P8-O2
chb21,chb21_08,22,--4,--4
chb21,chb21_08,23,P7-T7,P7-T7
chb21,chb21_08,24,T7-FT9,T7-FT9
chb21,chb21_08,25,FT9-FT10,FT9-FT10
chb21,chb21_08,26,FT10-T8,FT10-T8
chb21,chb21_08,27,T8-P8-1,T8-P8-1
chb21,chb21_09,0,FP1-F7,FP1-F7
chb21,chb21_09,1,F7-T7,F7-T7
chb21,chb21_09,2,T7-P7,T7-P7
chb21,chb21_09,3,P7-O1,P7-O1
chb21,chb21_09,4,--0,--0
chb21,chb21_09,5,FP1-F3,FP1-F3
chb21,chb21_09,6,F3-C3,F3-C3
chb21,chb21_09,7,C3-P3,C3-P3
chb21,chb21_09,8,P3-O1,P3-O1
chb21,chb21_09,9,--1,--1
chb21,chb21_09,10,FZ-CZ,FZ-CZ
chb21,chb21_09,11,CZ-PZ,CZ-PZ
chb21,chb21_09,12,--2,--2
chb21,chb21_09,13,FP2-F4,FP2-F4
chb21,chb21_09,14,F4-C4,F4-C4
chb21,chb21_09,15,C4-P4,C4-P4
chb21,chb21_09,16,P4-O2,P4-O2
chb21,chb21_09,17,--3,--3
chb21,chb21_09,18,FP2-F8,FP2-F8
chb21,chb21_09,19,F8-T8,F8-T8
chb21,chb21_09,20,T8-P8-0,T8-P8-0
chb21,chb21_09,21,P8-O2,P8-O2
chb21,chb21_09,22,--4,--4
chb21,chb21_09,23,P7-T7,P7-T7
chb21,chb21_09,24,T7-FT9,T7-FT9
chb21,chb21_09,25,FT9-FT10,FT9-FT10
chb21,chb21_09,26,FT10-T8,FT10-T8
chb21,chb21_09,27,T8-P8-1,T8-P8-1
chb21,chb21_10,0,FP1-F7,FP1-F7
chb21,chb21_10,1,F7-T7,F7-T7
chb21,chb21_10,2,T7-P7,T7-P7
chb21,chb21_10,3,P7-O1,P7-O1
chb21,chb21_10,4,--0,--0
chb21,chb21_10,5,FP1-F3,FP1-F3
chb21,chb21_10,6,F3-C3,F3-C3
chb21,chb21_10,7,C3-P3,C3-P3
chb21,chb21_10,8,P3-O1,P3-O1
chb21,chb21_10,9,--1,--1
chb21,chb21_10,10,FZ-CZ,FZ-CZ
chb21,chb21_10,11,CZ-PZ,CZ-PZ
chb21,chb21_10,12,--2,--2
chb21,chb21_10,13,FP2-F4,FP2-F4
chb21,chb21_10,14,F4-C4,F4-C4
chb21,chb21_10,15,C4-P4,C4-P4
chb21,chb21_10,16,P4-O2,P4-O2
chb21,chb21_10,17,--3,--3
chb21,chb21_10,18,FP2-F8,FP2-F8
chb21,chb21_10,19,F8-T8,F8-T8
chb21,chb21_10,20,T8-P8-0,T8-P8-0
chb21,chb21_10,21,P8-O2,P8-O2
chb21,chb21_10,22,--4,--4
chb21,chb21_10,23,P7-T7,P7-T7
chb21,chb21_10,24,T7-FT9,T7-FT9
chb21,chb21_10,25,FT9-FT10,FT9-FT10
chb21,chb21_10,26,FT10-T8,FT10-T8
chb21,chb21_10,27,T8-P8-1,T8-P8-1
chb21,chb21_11,0,FP1-F7,FP1-F7
chb21,chb21_11,1,F7-T7,F7-T7
chb21,chb21_11,2,T7-P7,T7-P7
chb21,chb21_11,3,P7-O1,P7-O1
chb21,chb21_11,4,--0,--0
chb21,chb21_11,5,FP1-F3,FP1-F3
chb21,chb21_11,6,F3-C3,F3-C3
chb21,chb21_11,7,C3-P3,C3-P3
chb21,chb21_11,8,P3-O1,P3-O1
chb21,chb21_11,9,--1,--1
chb21,chb21_11,10,FZ-CZ,FZ-CZ
chb21,chb21_11,11,CZ-PZ,CZ-PZ
chb21,chb21_11,12,--2,--2
chb21,chb21_11,13,FP2-F4,FP2-F4
chb21,chb21_11,14,F4-C4,F4-C4
chb21,chb21_11,15,C4-P4,C4-P4
chb21,chb21_11,16,P4-O2,P4-O2
chb21,chb21_11,17,--3,--3
chb21,chb21_11,18,FP2-F8,FP2-F8
chb21,chb21_11,19,F8-T8,F8-T8
chb21,chb21_11,20,T8-P8-0,T8-P8-0
chb21,chb21_11,21,P8-O2,P8-O2
chb21,chb21_11,22,--4,--4
chb21,chb21_11,23,P7-T7,P7-T7
chb21,chb21_11,24,T7-FT9,T7-FT9
chb21,chb21_11,25,FT9-FT10,FT9-FT10
chb21,chb21_11,26,FT10-T8,FT10-T8
chb21,chb21_11,27,T8-P8-1,T8-P8-1
chb21,chb21_12,0,FP1-F7,FP1-F7
chb21,chb21_12,1,F7-T7,F7-T7
chb21,chb21_12,2,T7-P7,T7-P7
chb21,chb21_12,3,P7-O1,P7-O1
chb21,chb21_12,4,--0,--0
chb21,chb21_12,5,FP1-F3,FP1-F3
chb21,chb21_12,6,F3-C3,F3-C3
chb21,chb21_12,7,C3-P3,C3-P3
chb21,chb21_12,8,P3-O1,P3-O1
chb21,chb21_12,9,--1,--1
chb21,chb21_12,10,FZ-CZ,FZ-CZ
chb21,chb21_12,11,CZ-PZ,CZ-PZ
chb21,chb21_12,12,--2,--2
chb21,chb21_12,13,FP2-F4,FP2-F4
chb21,chb21_12,14,F4-C4,F4-C4
chb21,chb21_12,15,C4-P4,C4-P4
chb21,chb21_12,16,P4-O2,P4-O2
chb21,chb21_12,17,--3,--3
chb21,chb21_12,18,FP2-F8,FP2-F8
chb21,chb21_12,19,F8-T8,F8-T8
chb21,chb21_12,20,T8-P8-0,T8-P8-0
chb21,chb21_12,21,P8-O2,P8-O2
chb21,chb21_12,22,--4,--4
chb21,chb21_12,23,P7-T7,P7-T7
chb21,chb21_12,24,T7-FT9,T7-FT9
chb21,chb21_12,25,FT9-FT10,FT9-FT10
chb21,chb21_12,26,FT10-T8,FT10-T8
chb21,chb21_12,27,T8-P8-1,T8-P8-1
chb21,chb21_13,0,FP1-F7,FP1-F7
chb21,chb21_13,1,F7-T7,F7-T7
chb21,chb21_13,2,T7-P7,T7-P7
chb21,chb21_13,3,P7-O1,P7-O1
chb21,chb21_13,4,--0,--0
chb21,chb21_13,5,FP1-F3,FP1-F3
chb21,chb21_13,6,F3-C3,F3-C3
chb21,chb21_13,7,C3-P3,C3-P3
chb21,chb21_13,8,P3-O1,P3-O1
chb21,chb21_13,9,--1,--1
chb21,chb21_13,10,FZ-CZ,FZ-CZ
chb21,chb21_13,11,CZ-PZ,CZ-PZ
chb21,chb21_13,12,--2,--2
chb21,chb21_13,13,FP2-F4,FP2-F4
chb21,chb21_13,14,F4-C4,F4-C4
chb21,chb21_13,15,C4-P4,C4-P4
chb21,chb21_13,16,P4-O2,P4-O2
chb21,chb21_13,17,--3,--3
chb21,chb21_13,18,FP2-F8,FP2-F8
chb21,chb21_13,19,F8-T8,F8-T8
chb21,chb21_13,20,T8-P8-0,T8-P8-0
chb21,chb21_13,21,P8-O2,P8-O2
chb21,chb21_13,22,--4,--4
chb21,chb21_13,23,P7-T7,P7-T7
chb21,chb21_13,24,T7-FT9,T7-FT9
chb21,chb21_13,25,FT9-FT10,FT9-FT10
chb21,chb21_13,26,FT10-T8,FT10-T8
chb21,chb21_13,27,T8-P8-1,T8-P8-1
chb21,chb21_14,0,FP1-F7,FP1-F7
chb21,chb21_14,1,F7-T7,F7-T7
chb21,chb21_14,2,T7-P7,T7-P7
chb21,chb21_14,3,P7-O1,P7-O1
chb21,chb21_14,4,--0,--0
chb21,chb21_14,5,FP1-F3,FP1-F3
chb21,chb21_14,6,F3-C3,F3-C3
chb21,chb21_14,7,C3-P3,C3-P3
chb21,chb21_14,8,P3-O1,P3-O1
chb21,chb21_14,9,--1,--1
chb21,chb21_14,10,FZ-CZ,FZ-CZ
chb21,chb21_14,11,CZ-PZ,CZ-PZ
chb21,chb21_14,12,--2,--2
chb21,chb21_14,13,FP2-F4,FP2-F4
chb21,chb21_14,14,F4-C4,F4-C4
chb21,chb21_14,15,C4-P4,C4-P4
chb21,chb21_14,16,P4-O2,P4-O2
chb21,chb21_14,17,--3,--3
chb21,chb21_14,18,FP2-F8,FP2-F8
chb21,chb21_14,19,F8-T8,F8-T8
chb21,chb21_14,20,T8-P8-0,T8-P8-0
chb21,chb21_14,21,P8-O2,P8-O2
chb21,chb21_14,22,--4,--4
chb21,chb21_14,23,P7-T7,P7-T7
chb21,chb21_14,24,T7-FT9,T7-FT9
chb21,chb21_14,25,FT9-FT10,FT9-FT10
chb21,chb21_14,26,FT10-T8,FT10-T8
chb21,chb21_14,27,T8-P8-1,T8-P8-1
chb21,chb21_15,0,FP1-F7,FP1-F7
chb21,chb21_15,1,F7-T7,F7-T7
chb21,chb21_15,2,T7-P7,T7-P7
chb21,chb21_15,3,P7-O1,P7-O1
chb21,chb21_15,4,--0,--0
chb21,chb21_15,5,FP1-F3,FP1-F3
chb21,chb21_15,6,F3-C3,F3-C3
chb21,chb21_15,7,C3-P3,C3-P3
chb21,chb21_15,8,P3-O1,P3-O1
chb21,chb21_15,9,--1,--1
chb21,chb21_15,10,FZ-CZ,FZ-CZ
chb21,chb21_15,11,CZ-PZ,CZ-PZ
chb21,chb21_15,12,--2,--2
chb21,chb21_15,13,FP2-F4,FP2-F4
chb21,chb21_15,14,F4-C4,F4-C4
chb21,chb21_15,15,C4-P4,C4-P4
chb21,chb21_15,16,P4-O2,P4-O2
chb21,chb21_15,17,--3,--3
chb21,chb21_15,18,FP2-F8,FP2-F8
chb21,chb21_15,19,F8-T8,F8-T8
chb21,chb21_15,20,T8-P8-0,T8-P8-0
chb21,chb21_15,21,P8-O2,P8-O2
chb21,chb21_15,22,--4,--4
chb21,chb21_15,23,P7-T7,P7-T7
chb21,chb21_15,24,T7-FT9,T7-FT9
chb21,chb21_15,25,FT9-FT10,FT9-FT10
chb21,chb21_15,26,FT10-T8,FT10-T8
chb21,chb21_15,27,T8-P8-1,T8-P8-1
chb21,chb21_16,0,FP1-F7,FP1-F7
chb21,chb21_16,1,F7-T7,F7-T7
chb21,chb21_16,2,T7-P7,T7-P7
chb21,chb21_16,3,P7-O1,P7-O1
chb21,chb21_16,4,--0,--0
chb21,chb21_16,5,FP1-F3,FP1-F3
chb21,chb21_16,6,F3-C3,F3-C3
chb21,chb21_16,7,C3-P3,C3-P3
chb21,chb21_16,8,P3-O1,P3-O1
chb21,chb21_16,9,--1,--1
chb21,chb21_16,10,FZ-CZ,FZ-CZ
chb21,chb21_16,11,CZ-PZ,CZ-PZ
chb21,chb21_16,12,--2,--2
chb21,chb21_16,13,FP2-F4,FP2-F4
chb21,chb21_16,14,F4-C4,F4-C4
chb21,chb21_16,15,C4-P4,C4-P4
chb21,chb21_16,16,P4-O2,P4-O2
chb21,chb21_16,17,--3,--3
chb21,chb21_16,18,FP2-F8,FP2-F8
chb21,chb21_16,19,F8-T8,F8-T8
chb21,chb21_16,20,T8-P8-0,T8-P8-0
chb21,chb21_16,21,P8-O2,P8-O2
chb21,chb21_16,22,--4,--4
chb21,chb21_16,23,P7-T7,P7-T7
chb21,chb21_16,24,T7-FT9,T7-FT9
chb21,chb21_16,25,FT9-FT10,FT9-FT10
chb21,chb21_16,26,FT10-T8,FT10-T8
chb21,chb21_16,27,T8-P8-1,T8-P8-1
chb21,chb21_17,0,FP1-F7,FP1-F7
chb21,chb21_17,1,F7-T7,F7-T7
chb21,chb21_17,2,T7-P7,T7-P7
chb21,chb21_17,3,P7-O1,P7-O1
chb21,chb21_17,4,--0,--0
chb21,chb21_17,5,FP1-F3,FP1-F3
chb21,chb21_17,6,F3-C3,F3-C3
chb21,chb21_17,7,C3-P3,C3-P3
chb21,chb21_17,8,P3-O1,P3-O1
chb21,chb21_17,9,--1,--1
chb21,chb21_17,10,FZ-CZ,FZ-CZ
chb21,chb21_17,11,CZ-PZ,CZ-PZ
chb21,chb21_17,12,--2,--2
chb21,chb21_17,13,FP2-F4,FP2-F4
chb21,chb21_17,14,F4-C4,F4-C4
chb21,chb21_17,15,C4-P4,C4-P4
chb21,chb21_17,16,P4-O2,P4-O2
chb21,chb21_17,17,--3,--3
chb21,chb21_17,18,FP2-F8,FP2-F8
chb21,chb21_17,19,F8-T8,F8-T8
chb21,chb21_17,20,T8-P8-0,T8-P8-0
chb21,chb21_17,21,P8-O2,P8-O2
chb21,chb21_17,22,--4,--4
chb21,chb21_17,23,P7-T7,P7-T7
chb21,chb21_17,24,T7-FT9,T7-FT9
chb21,chb21_17,25,FT9-FT10,FT9-FT10
chb21,chb21_17,26,FT10-T8,FT10-T8
chb21,chb21_17,27,T8-P8-1,T8-P8-1
chb21,chb21_18,0,FP1-F7,FP1-F7
chb21,chb21_18,1,F7-T7,F7-T7
chb21,chb21_18,2,T7-P7,T7-P7
chb21,chb21_18,3,P7-O1,P7-O1
chb21,chb21_18,4,--0,--0
chb21,chb21_18,5,FP1-F3,FP1-F3
chb21,chb21_18,6,F3-C3,F3-C3
chb21,chb21_18,7,C3-P3,C3-P3
chb21,chb21_18,8,P3-O1,P3-O1
chb21,chb21_18,9,--1,--1
chb21,chb21_18,10,FZ-CZ,FZ-CZ
chb21,chb21_18,11,CZ-PZ,CZ-PZ
chb21,chb21_18,12,--2,--2
chb21,chb21_18,13,FP2-F4,FP2-F4
chb21,chb21_18,14,F4-C4,F4-C4
chb21,chb21_18,15,C4-P4,C4-P4
chb21,chb21_18,16,P4-O2,P4-O2
chb21,chb21_18,17,--3,--3
chb21,chb21_18,18,FP2-F8,FP2-F8
chb21,chb21_18,19,F8-T8,F8-T8
chb21,chb21_18,20,T8-P8-0,T8-P8-0
chb21,chb21_18,21,P8-O2,P8-O2
chb21,chb21_18,22,--4,--4
chb21,chb21_18,23,P7-T7,P7-T7
chb21,chb21_18,24,T7-FT9,T7-FT9
chb21,chb21_18,25,FT9-FT10,FT9-FT10
chb21,chb21_18,26,FT10-T8,FT10-T8
chb21,chb21_18,27,T8-P8-1,T8-P8-1
chb21,chb21_19,0,FP1-F7,FP1-F7
chb21,chb21_19,1,F7-T7,F7-T7
chb21,chb21_19,2,T7-P7,T7-P7
chb21,chb21_19,3,P7-O1,P7-O1
chb21,chb21_19,4,--0,--0
chb21,chb21_19,5,FP1-F3,FP1-F3
chb21,chb21_19,6,F3-C3,F3-C3
chb21,chb21_19,7,C3-P3,C3-P3
chb21,chb21_19,8,P3-O1,P3-O1
chb21,chb21_19,9,--1,--1
chb21,chb21_19,10,FZ-CZ,FZ-CZ
chb21,chb21_19,11,CZ-PZ,CZ-PZ
chb21,chb21_19,12,--2,--2
chb21,chb21_19,13,FP2-F4,FP2-F4
chb21,chb21_19,14,F4-C4,F4-C4
chb21,chb21_19,15,C4-P4,C4-P4
chb21,chb21_19,16,P4-O2,P4-O2
chb21,chb21_19,17,--3,--3
chb21,chb21_19,18,FP2-F8,FP2-F8
chb21,chb21_19,19,F8-T8,F8-T8
chb21,chb21_19,20,T8-P8-0,T8-P8-0
chb21,chb21_19,21,P8-O2,P8-O2
chb21,chb21_19,22,--4,--4
chb21,chb21_19,23,P7-T7,P7-T7
chb21,chb21_19,24,T7-FT9,T7-FT9
chb21,chb21_19,25,FT9-FT10,FT9-FT10
chb21,chb21_19,26,FT10-T8,FT10-T8
chb21,chb21_19,27,T8-P8-1,T8-P8-1
chb21,chb21_20,0,FP1-F7,FP1-F7
chb21,chb21_20,1,F7-T7,F7-T7
chb21,chb21_20,2,T7-P7,T7-P7
chb21,chb21_20,3,P7-O1,P7-O1
chb21,chb21_20,4,--0,--0
chb21,chb21_20,5,FP1-F3,FP1-F3
chb21,chb21_20,6,F3-C3,F3-C3
chb21,chb21_20,7,C3-P3,C3-P3
chb21,chb21_20,8,P3-O1,P3-O1
chb21,chb21_20,9,--1,--1
chb21,chb21_20,10,FZ-CZ,FZ-CZ
chb21,chb21_20,11,CZ-PZ,CZ-PZ
chb21,chb21_20,12,--2,--2
chb21,chb21_20,13,FP2-F4,FP2-F4
chb21,chb21_20,14,F4-C4,F4-C4
chb21,chb21_20,15,C4-P4,C4-P4
chb21,chb21_20,16,P4-O2,P4-O2
chb21,chb21_20,17,--3,--3
chb21,chb21_20,18,FP2-F8,FP2-F8
chb21,chb21_20,19,F8-T8,F8-T8
chb21,chb21_20,20,T8-P8-0,T8-P8-0
chb21,chb21_20,21,P8-O2,P8-O2
chb21,chb21_20,22,--4,--4
chb21,chb21_20,23,P7-T7,P7-T7
chb21,chb21_20,24,T7-FT9,T7-FT9
chb21,chb21_20,25,FT9-FT10,FT9-FT10
chb21,chb21_20,26,FT10-T8,FT10-T8
chb21,chb21_20,27,T8-P8-1,T8-P8-1
chb21,chb21_21,0,FP1-F7,FP1-F7
chb21,chb21_21,1,F7-T7,F7-T7
chb21,chb21_21,2,T7-P7,T7-P7
chb21,chb21_21,3,P7-O1,P7-O1
chb21,chb21_21,4,--0,--0
chb21,chb21_21,5,FP1-F3,FP1-F3
chb21,chb21_21,6,F3-C3,F3-C3
chb21,chb21_21,7,C3-P3,C3-P3
chb21,chb21_21,8,P3-O1,P3-O1
chb21,chb21_21,9,--1,--1
chb21,chb21_21,10,FZ-CZ,FZ-CZ
chb21,chb21_21,11,CZ-PZ,CZ-PZ
chb21,chb21_21,12,--2,--2
chb21,chb21_21,13,FP2-F4,FP2-F4
chb21,chb21_21,14,F4-C4,F4-C4
chb21,chb21_21,15,C4-P4,C4-P4
chb21,chb21_21,16,P4-O2,P4-O2
chb21,chb21_21,17,--3,--3
chb21,chb21_21,18,FP2-F8,FP2-F8
chb21,chb21_21,19,F8-T8,F8-T8
chb21,chb21_21,20,T8-P8-0,T8-P8-0
chb21,chb21_21,21,P8-O2,P8-O2
chb21,chb21_21,22,--4,--4
chb21,chb21_21,23,P7-T7,P7-T7
chb21,chb21_21,24,T7-FT9,T7-FT9
chb21,chb21_21,25,FT9-FT10,FT9-FT10
chb21,chb21_21,26,FT10-T8,FT10-T8
chb21,chb21_21,27,T8-P8-1,T8-P8-1
chb21,chb21_22,0,FP1-F7,FP1-F7
chb21,chb21_22,1,F7-T7,F7-T7
chb21,chb21_22,2,T7-P7,T7-P7
chb21,chb21_22,3,P7-O1,P7-O1
chb21,chb21_22,4,--0,--0
chb21,chb21_22,5,FP1-F3,FP1-F3
chb21,chb21_22,6,F3-C3,F3-C3
chb21,chb21_22,7,C3-P3,C3-P3
chb21,chb21_22,8,P3-O1,P3-O1
chb21,chb21_22,9,--1,--1
chb21,chb21_22,10,FZ-CZ,FZ-CZ
chb21,chb21_22,11,CZ-PZ,CZ-PZ
chb21,chb21_22,12,--2,--2
chb21,chb21_22,13,FP2-F4,FP2-F4
chb21,chb21_22,14,F4-C4,F4-C4
chb21,chb21_22,15,C4-P4,C4-P4
chb21,chb21_22,16,P4-O2,P4-O2
chb21,chb21_22,17,--3,--3
chb21,chb21_22,18,FP2-F8,FP2-F8
chb21,chb21_22,19,F8-T8,F8-T8
chb21,chb21_22,20,T8-P8-0,T8-P8-0
chb21,chb21_22,21,P8-O2,P8-O2
chb21,chb21_22,22,--4,--4
chb21,chb21_22,23,P7-T7,P7-T7
chb21,chb21_22,24,T7-FT9,T7-FT9
chb21,chb21_22,25,FT9-FT10,FT9-FT10
chb21,chb21_22,26,FT10-T8,FT10-T8
chb21,chb21_22,27,T8-P8-1,T8-P8-1
chb21,chb21_23,0,FP1-F7,FP1-F7
chb21,chb21_23,1,F7-T7,F7-T7
chb21,chb21_23,2,T7-P7,T7-P7
chb21,chb21_23,3,P7-O1,P7-O1
chb21,chb21_23,4,--0,--0
chb21,chb21_23,5,FP1-F3,FP1-F3
chb21,chb21_23,6,F3-C3,F3-C3
chb21,chb21_23,7,C3-P3,C3-P3
chb21,chb21_23,8,P3-O1,P3-O1
chb21,chb21_23,9,--1,--1
chb21,chb21_23,10,FZ-CZ,FZ-CZ
chb21,chb21_23,11,CZ-PZ,CZ-PZ
chb21,chb21_23,12,--2,--2
chb21,chb21_23,13,FP2-F4,FP2-F4
chb21,chb21_23,14,F4-C4,F4-C4
chb21,chb21_23,15,C4-P4,C4-P4
chb21,chb21_23,16,P4-O2,P4-O2
chb21,chb21_23,17,--3,--3
chb21,chb21_23,18,FP2-F8,FP2-F8
chb21,chb21_23,19,F8-T8,F8-T8
chb21,chb21_23,20,T8-P8-0,T8-P8-0
chb21,chb21_23,21,P8-O2,P8-O2
chb21,chb21_23,22,--4,--4
chb21,chb21_23,23,P7-T7,P7-T7
chb21,chb21_23,24,T7-FT9,T7-FT9
chb21,chb21_23,25,FT9-FT10,FT9-FT10
chb21,chb21_23,26,FT10-T8,FT10-T8
chb21,chb21_23,27,T8-P8-1,T8-P8-1
chb21,chb21_24,0,FP1-F7,FP1-F7
chb21,chb21_24,1,F7-T7,F7-T7
chb21,chb21_24,2,T7-P7,T7-P7
chb21,chb21_24,3,P7-O1,P7-O1
chb21,chb21_24,4,--0,--0
chb21,chb21_24,5,FP1-F3,FP1-F3
chb21,chb21_24,6,F3-C3,F3-C3
chb21,chb21_24,7,C3-P3,C3-P3
chb21,chb21_24,8,P3-O1,P3-O1
chb21,chb21_24,9,--1,--1
chb21,chb21_24,10,FZ-CZ,FZ-CZ
chb21,chb21_24,11,CZ-PZ,CZ-PZ
chb21,chb21_24,12,--2,--2
chb21,chb21_24,13,FP2-F4,FP2-F4
chb21,chb21_24,14,F4-C4,F4-C4
chb21,chb21_24,15,C4-P4,C4-P4
chb21,chb21_24,16,P4-O2,P4-O2
chb21,chb21_24,17,--3,--3
chb21,chb21_24,18,FP2-F8,FP2-F8
chb21,chb21_24,19,F8-T8,F8-T8
chb21,chb21_24,20,T8-P8-0,T8-P8-0
chb21,chb21_24,21,P8-O2,P8-O2
chb21,chb21_24,22,--4,--4
chb21,chb21_24,23,P7-T7,P7-T7
chb21,chb21_24,24,T7-FT9,T7-FT9
chb21,chb21_24,25,FT9-FT10,FT9-FT10
chb21,chb21_24,26,FT10-T8,FT10-T8
chb21,chb21_24,27,T8-P8-1,T8-P8-1
chb21,chb21_25,0,FP1-F7,FP1-F7
chb21,chb21_25,1,F7-T7,F7-T7
chb21,chb21_25,2,T7-P7,T7-P7
chb21,chb21_25,3,P7-O1,P7-O1
chb21,chb21_25,4,--0,--0
chb21,chb21_25,5,FP1-F3,FP1-F3
chb21,chb21_25,6,F3-C3,F3-C3
chb21,chb21_25,7,C3-P3,C3-P3
chb21,chb21_25,8,P3-O1,P3-O1
chb21,chb21_25,9,--1,--1
chb21,chb21_25,10,FZ-CZ,FZ-CZ
chb21,chb21_25,11,CZ-PZ,CZ-PZ
chb21,chb21_25,12,--2,--2
chb21,chb21_25,13,FP2-F4,FP2-F4
chb21,chb21_25,14,F4-C4,F4-C4
chb21,chb21_25,15,C4-P4,C4-P4
chb21,chb21_25,16,P4-O2,P4-O2
chb21,chb21_25,17,--3,--3
chb21,chb21_25,18,FP2-F8,FP2-F8
chb21,chb21_25,19,F8-T8,F8-T8
chb21,chb21_25,20,T8-P8-0,T8-P8-0
chb21,chb21_25,21,P8-O2,P8-O2
chb21,chb21_25,22,--4,--4
chb21,chb21_25,23,P7-T7,P7-T7
chb21,chb21_25,24,T7-FT9,T7-FT9
chb21,chb21_25,25,FT9-FT10,FT9-FT10
chb21,chb21_25,26,FT10-T8,FT10-T8
chb21,chb21_25,27,T8-P8-1,T8-P8-1
chb21,chb21_26,0,FP1-F7,FP1-F7
chb21,chb21_26,1,F7-T7,F7-T7
chb21,chb21_26,2,T7-P7,T7-P7
chb21,chb21_26,3,P7-O1,P7-O1
chb21,chb21_26,4,--0,--0
chb21,chb21_26,5,FP1-F3,FP1-F3
chb21,chb21_26,6,F3-C3,F3-C3
chb21,chb21_26,7,C3-P3,C3-P3
chb21,chb21_26,8,P3-O1,P3-O1
chb21,chb21_26,9,--1,--1
chb21,chb21_26,10,FZ-CZ,FZ-CZ
chb21,chb21_26,11,CZ-PZ,CZ-PZ
chb21,chb21_26,12,--2,--2
chb21,chb21_26,13,FP2-F4,FP2-F4
chb21,chb21_26,14,F4-C4,F4-C4
chb21,chb21_26,15,C4-P4,C4-P4
chb21,chb21_26,16,P4-O2,P4-O2
chb21,chb21_26,17,--3,--3
chb21,chb21_26,18,FP2-F8,FP2-F8
chb21,chb21_26,19,F8-T8,F8-T8
chb21,chb21_26,20,T8-P8-0,T8-P8-0
chb21,chb21_26,21,P8-O2,P8-O2
chb21,chb21_26,22,--4,--4
chb21,chb21_26,23,P7-T7,P7-T7
chb21,chb21_26,24,T7-FT9,T7-FT9
chb21,chb21_26,25,FT9-FT10,FT9-FT10
chb21,chb21_26,26,FT10-T8,FT10-T8
chb21,chb21_26,27,T8-P8-1,T8-P8-1
chb21,chb21_27,0,FP1-F7,FP1-F7
chb21,chb21_27,1,F7-T7,F7-T7
chb21,chb21_27,2,T7-P7,T7-P7
chb21,chb21_27,3,P7-O1,P7-O1
chb21,chb21_27,4,--0,--0
chb21,chb21_27,5,FP1-F3,FP1-F3
chb21,chb21_27,6,F3-C3,F3-C3
chb21,chb21_27,7,C3-P3,C3-P3
chb21,chb21_27,8,P3-O1,P3-O1
chb21,chb21_27,9,--1,--1
chb21,chb21_27,10,FZ-CZ,FZ-CZ
chb21,chb21_27,11,CZ-PZ,CZ-PZ
chb21,chb21_27,12,--2,--2
chb21,chb21_27,13,FP2-F4,FP2-F4
chb21,chb21_27,14,F4-C4,F4-C4
chb21,chb21_27,15,C4-P4,C4-P4
chb21,chb21_27,16,P4-O2,P4-O2
chb21,chb21_27,17,--3,--3
chb21,chb21_27,18,FP2-F8,FP2-F8
chb21,chb21_27,19,F8-T8,F8-T8
chb21,chb21_27,20,T8-P8-0,T8-P8-0
chb21,chb21_27,21,P8-O2,P8-O2
chb21,chb21_27,22,--4,--4
chb21,chb21_27,23,P7-T7,P7-T7
chb21,chb21_27,24,T7-FT9,T7-FT9
chb21,chb21_27,25,FT9-FT10,FT9-FT10
chb21,chb21_27,26,FT10-T8,FT10-T8
chb21,chb21_27,27,T8-P8-1,T8-P8-1
chb21,chb21_28,0,FP1-F7,FP1-F7
chb21,chb21_28,1,F7-T7,F7-T7
chb21,chb21_28,2,T7-P7,T7-P7
chb21,chb21_28,3,P7-O1,P7-O1
chb21,chb21_28,4,--0,--0
chb21,chb21_28,5,FP1-F3,FP1-F3
chb21,chb21_28,6,F3-C3,F3-C3
chb21,chb21_28,7,C3-P3,C3-P3
chb21,chb21_28,8,P3-O1,P3-O1
chb21,chb21_28,9,--1,--1
chb21,chb21_28,10,FZ-CZ,FZ-CZ
chb21,chb21_28,11,CZ-PZ,CZ-PZ
chb21,chb21_28,12,--2,--2
chb21,chb21_28,13,FP2-F4,FP2-F4
chb21,chb21_28,14,F4-C4,F4-C4
chb21,chb21_28,15,C4-P4,C4-P4
chb21,chb21_28,16,P4-O2,P4-O2
chb21,chb21_28,17,--3,--3
chb21,chb21_28,18,FP2-F8,FP2-F8
chb21,chb21_28,19,F8-T8,F8-T8
chb21,chb21_28,20,T8-P8-0,T8-P8-0
chb21,chb21_28,21,P8-O2,P8-O2
chb21,chb21_28,22,--4,--4
chb21,chb21_28,23,P7-T7,P7-T7
chb21,chb21_28,24,T7-FT9,T7-FT9
chb21,chb21_28,25,FT9-FT10,FT9-FT10
chb21,chb21_28,26,FT10-T8,FT10-T8
chb21,chb21_28,27,T8-P8-1,T8-P8-1
chb21,chb21_29,0,FP1-F7,FP1-F7
chb21,chb21_29,1,F7-T7,F7-T7
chb21,chb21_29,2,T7-P7,T7-P7
chb21,chb21_29,3,P7-O1,P7-O1
chb21,chb21_29,4,--0,--0
chb21,chb21_29,5,FP1-F3,FP1-F3
chb21,chb21_29,6,F3-C3,F3-C3
chb21,chb21_29,7,C3-P3,C3-P3
chb21,chb21_29,8,P3-O1,P3-O1
chb21,chb21_29,9,--1,--1
chb21,chb21_29,10,FZ-CZ,FZ-CZ
chb21,chb21_29,11,CZ-PZ,CZ-PZ
chb21,chb21_29,12,--2,--2
chb21,chb21_29,13,FP2-F4,FP2-F4
chb21,chb21_29,14,F4-C4,F4-C4
chb21,chb21_29,15,C4-P4,C4-P4
chb21,chb21_29,16,P4-O2,P4-O2
chb21,chb21_29,17,--3,--3
chb21,chb21_29,18,FP2-F8,FP2-F8
chb21,chb21_29,19,F8-T8,F8-T8
chb21,chb21_29,20,T8-P8-0,T8-P8-0
chb21,chb21_29,21,P8-O2,P8-O2
chb21,chb21_29,22,--4,--4
chb21,chb21_29,23,P7-T7,P7-T7
chb21,chb21_29,24,T7-FT9,T7-FT9
chb21,chb21_29,25,FT9-FT10,FT9-FT10
chb21,chb21_29,26,FT10-T8,FT10-T8
chb21,chb21_29,27,T8-P8-1,T8-P8-1
chb21,chb21_30,0,FP1-F7,FP1-F7
chb21,chb21_30,1,F7-T7,F7-T7
chb21,chb21_30,2,T7-P7,T7-P7
chb21,chb21_30,3,P7-O1,P7-O1
chb21,chb21_30,4,--0,--0
chb21,chb21_30,5,FP1-F3,FP1-F3
chb21,chb21_30,6,F3-C3,F3-C3
chb21,chb21_30,7,C3-P3,C3-P3
chb21,chb21_30,8,P3-O1,P3-O1
chb21,chb21_30,9,--1,--1
chb21,chb21_30,10,FZ-CZ,FZ-CZ
chb21,chb21_30,11,CZ-PZ,CZ-PZ
chb21,chb21_30,12,--2,--2
chb21,chb21_30,13,FP2-F4,FP2-F4
chb21,chb21_30,14,F4-C4,F4-C4
chb21,chb21_30,15,C4-P4,C4-P4
chb21,chb21_30,16,P4-O2,P4-O2
chb21,chb21_30,17,--3,--3
chb21,chb21_30,18,FP2-F8,FP2-F8
chb21,chb21_30,19,F8-T8,F8-T8
chb21,chb21_30,20,T8-P8-0,T8-P8-0
chb21,chb21_30,21,P8-O2,P8-O2
chb21,chb21_30,22,--4,--4
chb21,chb21_30,23,P7-T7,P7-T7
chb21,chb21_30,24,T7-FT9,T7-FT9
chb21,chb21_30,25,FT9-FT10,FT9-FT10
chb21,chb21_30,26,FT10-T8,FT10-T8
chb21,chb21_30,27,T8-P8-1,T8-P8-1
chb21,chb21_31,0,FP1-F7,FP1-F7
chb21,chb21_31,1,F7-T7,F7-T7
chb21,chb21_31,2,T7-P7,T7-P7
chb21,chb21_31,3,P7-O1,P7-O1
chb21,chb21_31,4,--0,--0
chb21,chb21_31,5,FP1-F3,FP1-F3
chb21,chb21_31,6,F3-C3,F3-C3
chb21,chb21_31,7,C3-P3,C3-P3
chb21,chb21_31,8,P3-O1,P3-O1
chb21,chb21_31,9,--1,--1
chb21,chb21_31,10,FZ-CZ,FZ-CZ
chb21,chb21_31,11,CZ-PZ,CZ-PZ
chb21,chb21_31,12,--2,--2
chb21,chb21_31,13,FP2-F4,FP2-F4
chb21,chb21_31,14,F4-C4,F4-C4
chb21,chb21_31,15,C4-P4,C4-P4
chb21,chb21_31,16,P4-O2,P4-O2
chb21,chb21_31,17,--3,--3
chb21,chb21_31,18,FP2-F8,FP2-F8
chb21,chb21_31,19,F8-T8,F8-T8
chb21,chb21_31,20,T8-P8-0,T8-P8-0
chb21,chb21_31,21,P8-O2,P8-O2
chb21,chb21_31,22,--4,--4
chb21,chb21_31,23,P7-T7,P7-T7
chb21,chb21_31,24,T7-FT9,T7-FT9
chb21,chb21_31,25,FT9-FT10,FT9-FT10
chb21,chb21_31,26,FT10-T8,FT10-T8
chb21,chb21_31,27,T8-P8-1,T8-P8-1
chb21,chb21_32,0,FP1-F7,FP1-F7
chb21,chb21_32,1,F7-T7,F7-T7
chb21,chb21_32,2,T7-P7,T7-P7
chb21,chb21_32,3,P7-O1,P7-O1
chb21,chb21_32,4,--0,--0
chb21,chb21_32,5,FP1-F3,FP1-F3
chb21,chb21_32,6,F3-C3,F3-C3
chb21,chb21_32,7,C3-P3,C3-P3
chb21,chb21_32,8,P3-O1,P3-O1
chb21,chb21_32,9,--1,--1
chb21,chb21_32,10,FZ-CZ,FZ-CZ
chb21,chb21_32,11,CZ-PZ,CZ-PZ
chb21,chb21_32,12,--2,--2
chb21,chb21_32,13,FP2-F4,FP2-F4
chb21,chb21_32,14,F4-C4,F4-C4
chb21,chb21_32,15,C4-P4,C4-P4
chb21,chb21_32,16,P4-O2,P4-O2
chb21,chb21_32,17,--3,--3
chb21,chb21_32,18,FP2-F8,FP2-F8
chb21,chb21_32,19,F8-T8,F8-T8
chb21,chb21_32,20,T8-P8-0,T8-P8-0
chb21,chb21_32,21,P8-O2,P8-O2
chb21,chb21_32,22,--4,--4
chb21,chb21_32,23,P7-T7,P7-T7
chb21,chb21_32,24,T7-FT9,T7-FT9
chb21,chb21_32,25,FT9-FT10,FT9-FT10
chb21,chb21_32,26,FT10-T8,FT10-T8
chb21,chb21_32,27,T8-P8-1,T8-P8-1
chb21,chb21_33,0,FP1-F7,FP1-F7
chb21,chb21_33,1,F7-T7,F7-T7
chb21,chb21_33,2,T7-P7,T7-P7
chb21,chb21_33,3,P7-O1,P7-O1
chb21,chb21_33,4,--0,--0
chb21,chb21_33,5,FP1-F3,FP1-F3
chb21,chb21_33,6,F3-C3,F3-C3
chb21,chb21_33,7,C3-P3,C3-P3
chb21,chb21_33,8,P3-O1,P3-O1
chb21,chb21_33,9,--1,--1
chb21,chb21_33,10,FZ-CZ,FZ-CZ
chb21,chb21_33,11,CZ-PZ,CZ-PZ
chb21,chb21_33,12,--2,--2
chb21,chb21_33,13,FP2-F4,FP2-F4
chb21,chb21_33,14,F4-C4,F4-C4
chb21,chb21_33,15,C4-P4,C4-P4
chb21,chb21_33,16,P4-O2,P4-O2
chb21,chb21_33,17,--3,--3
chb21,chb21_33,18,FP2-F8,FP2-F8
chb21,chb21_33,19,F8-T8,F8-T8
chb21,chb21_33,20,T8-P8-0,T8-P8-0
chb21,chb21_33,21,P8-O2,P8-O2
chb21,chb21_33,22,--4,--4
chb21,chb21_33,23,P7-T7,P7-T7
chb21,chb21_33,24,T7-FT9,T7-FT9
chb21,chb21_33,25,FT9-FT10,FT9-FT10
chb21,chb21_33,26,FT10-T8,FT10-T8
chb21,chb21_33,27,T8-P8-1,T8-P8-1
chb22,chb22_01,0,FP1-F7,FP1-F7
chb22,chb22_01,1,F7-T7,F7-T7
chb22,chb22_01,2,T7-P7,T7-P7
chb22,chb22_01,3,P7-O1,P7-O1
chb22,chb22_01,4,--0,--0
chb22,chb22_01,5,FP1-F3,FP1-F3
chb22,chb22_01,6,F3-C3,F3-C3
chb22,chb22_01,7,C3-P3,C3-P3
chb22,chb22_01,8,P3-O1,P3-O1
chb22,chb22_01,9,--1,--1
chb22,chb22_01,10,FZ-CZ,FZ-CZ
chb22,chb22_01,11,CZ-PZ,CZ-PZ
chb22,chb22_01,12,--2,--2
chb22,chb22_01,13,FP2-F4,FP2-F4
chb22,chb22_01,14,F4-C4,F4-C4
chb22,chb22_01,15,C4-P4,C4-P4
chb22,chb22_01,16,P4-O2,P4-O2
chb22,chb22_01,17,--3,--3
chb22,chb22_01,18,FP2-F8,FP2-F8
chb22,chb22_01,19,F8-T8,F8-T8
chb22,chb22_01,20,T8-P8-0,T8-P8-0
chb22,chb22_01,21,P8-O2,P8-O2
chb22,chb22_01,22,--4,--4
chb22,chb22_01,23,P7-T7,P7-T7
chb22,chb22_01,24,T7-FT9,T7-FT9
chb22,chb22_01,25,FT9-FT10,FT9-FT10
chb22,chb22_01,26,FT10-T8,FT10-T8
chb22,chb22_01,27,T8-P8-1,T8-P8-1
chb22,chb22_02,0,FP1-F7,FP1-F7
chb22,chb22_02,1,F7-T7,F7-T7
chb22,chb22_02,2,T7-P7,T7-P7
chb22,chb22_02,3,P7-O1,P7-O1
chb22,chb22_02,4,--0,--0
chb22,chb22_02,5,FP1-F3,FP1-F3
chb22,chb22_02,6,F3-C3,F3-C3
chb22,chb22_02,7,C3-P3,C3-P3
chb22,chb22_02,8,P3-O1,P3-O1
chb22,chb22_02,9,--1,--1
chb22,chb22_02,10,FZ-CZ,FZ-CZ
chb22,chb22_02,11,CZ-PZ,CZ-PZ
chb22,chb22_02,12,--2,--2
chb22,chb22_02,13,FP2-F4,FP2-F4
chb22,chb22_02,14,F4-C4,F4-C4
chb22,chb22_02,15,C4-P4,C4-P4
chb22,chb22_02,16,P4-O2,P4-O2
chb22,chb22_02,17,--3,--3
chb22,chb22_02,18,FP2-F8,FP2-F8
chb22,chb22_02,19,F8-T8,F8-T8
chb22,chb22_02,20,T8-P8-0,T8-P8-0
chb22,chb22_02,21,P8-O2,P8-O2
chb22,chb22_02,22,--4,--4
chb22,chb22_02,23,P7-T7,P7-T7
chb22,chb22_02,24,T7-FT9,T7-FT9
chb22,chb22_02,25,FT9-FT10,FT9-FT10
chb22,chb22_02,26,FT10-T8,FT10-T8
chb22,chb22_02,27,T8-P8-1,T8-P8-1
chb22,chb22_03,0,FP1-F7,FP1-F7
chb22,chb22_03,1,F7-T7,F7-T7
chb22,chb22_03,2,T7-P7,T7-P7
chb22,chb22_03,3,P7-O1,P7-O1
chb22,chb22_03,4,--0,--0
chb22,chb22_03,5,FP1-F3,FP1-F3
chb22,chb22_03,6,F3-C3,F3-C3
chb22,chb22_03,7,C3-P3,C3-P3
chb22,chb22_03,8,P3-O1,P3-O1
chb22,chb22_03,9,--1,--1
chb22,chb22_03,10,FZ-CZ,FZ-CZ
chb22,chb22_03,11,CZ-PZ,CZ-PZ
chb22,chb22_03,12,--2,--2
chb22,chb22_03,13,FP2-F4,FP2-F4
chb22,chb22_03,14,F4-C4,F4-C4
chb22,chb22_03,15,C4-P4,C4-P4
chb22,chb22_03,16,P4-O2,P4-O2
chb22,chb22_03,17,--3,--3
chb22,chb22_03,18,FP2-F8,FP2-F8
chb22,chb22_03,19,F8-T8,F8-T8
chb22,chb22_03,20,T8-P8-0,T8-P8-0
chb22,chb22_03,21,P8-O2,P8-O2
chb22,chb22_03,22,--4,--4
chb22,chb22_03,23,P7-T7,P7-T7
chb22,chb22_03,24,T7-FT9,T7-FT9
chb22,chb22_03,25,FT9-FT10,FT9-FT10
chb22,chb22_03,26,FT10-T8,FT10-T8
chb22,chb22_03,27,T8-P8-1,T8-P8-1
chb22,chb22_04,0,FP1-F7,FP1-F7
chb22,chb22_04,1,F7-T7,F7-T7
chb22,chb22_04,2,T7-P7,T7-P7
chb22,chb22_04,3,P7-O1,P7-O1
chb22,chb22_04,4,--0,--0
chb22,chb22_04,5,FP1-F3,FP1-F3
chb22,chb22_04,6,F3-C3,F3-C3
chb22,chb22_04,7,C3-P3,C3-P3
chb22,chb22_04,8,P3-O1,P3-O1
chb22,chb22_04,9,--1,--1
chb22,chb22_04,10,FZ-CZ,FZ-CZ
chb22,chb22_04,11,CZ-PZ,CZ-PZ
chb22,chb22_04,12,--2,--2
chb22,chb22_04,13,FP2-F4,FP2-F4
chb22,chb22_04,14,F4-C4,F4-C4
chb22,chb22_04,15,C4-P4,C4-P4
chb22,chb22_04,16,P4-O2,P4-O2
chb22,chb22_04,17,--3,--3
chb22,chb22_04,18,FP2-F8,FP2-F8
chb22,chb22_04,19,F8-T8,F8-T8
chb22,chb22_04,20,T8-P8-0,T8-P8-0
chb22,chb22_04,21,P8-O2,P8-O2
chb22,chb22_04,22,--4,--4
chb22,chb22_04,23,P7-T7,P7-T7
chb22,chb22_04,24,T7-FT9,T7-FT9
chb22,chb22_04,25,FT9-FT10,FT9-FT10
chb22,chb22_04,26,FT10-T8,FT10-T8
chb22,chb22_04,27,T8-P8-1,T8-P8-1
chb22,chb22_05,0,FP1-F7,FP1-F7
chb22,chb22_05,1,F7-T7,F7-T7
chb22,chb22_05,2,T7-P7,T7-P7
chb22,chb22_05,3,P7-O1,P7-O1
chb22,chb22_05,4,--0,--0
chb22,chb22_05,5,FP1-F3,FP1-F3
chb22,chb22_05,6,F3-C3,F3-C3
chb22,chb22_05,7,C3-P3,C3-P3
chb22,chb22_05,8,P3-O1,P3-O1
chb22,chb22_05,9,--1,--1
chb22,chb22_05,10,FZ-CZ,FZ-CZ
chb22,chb22_05,11,CZ-PZ,CZ-PZ
chb22,chb22_05,12,--2,--2
chb22,chb22_05,13,FP2-F4,FP2-F4
chb22,chb22_05,14,F4-C4,F4-C4
chb22,chb22_05,15,C4-P4,C4-P4
chb22,chb22_05,16,P4-O2,P4-O2
chb22,chb22_05,17,--3,--3
chb22,chb22_05,18,FP2-F8,FP2-F8
chb22,chb22_05,19,F8-T8,F8-T8
chb22,chb22_05,20,T8-P8-0,T8-P8-0
chb22,chb22_05,21,P8-O2,P8-O2
chb22,chb22_05,22,--4,--4
chb22,chb22_05,23,P7-T7,P7-T7
chb22,chb22_05,24,T7-FT9,T7-FT9
chb22,chb22_05,25,FT9-FT10,FT9-FT10
chb22,chb22_05,26,FT10-T8,FT10-T8
chb22,chb22_05,27,T8-P8-1,T8-P8-1
chb22,chb22_06,0,FP1-F7,FP1-F7
chb22,chb22_06,1,F7-T7,F7-T7
chb22,chb22_06,2,T7-P7,T7-P7
chb22,chb22_06,3,P7-O1,P7-O1
chb22,chb22_06,4,--0,--0
chb22,chb22_06,5,FP1-F3,FP1-F3
chb22,chb22_06,6,F3-C3,F3-C3
chb22,chb22_06,7,C3-P3,C3-P3
chb22,chb22_06,8,P3-O1,P3-O1
chb22,chb22_06,9,--1,--1
chb22,chb22_06,10,FZ-CZ,FZ-CZ
chb22,chb22_06,11,CZ-PZ,CZ-PZ
chb22,chb22_06,12,--2,--2
chb22,chb22_06,13,FP2-F4,FP2-F4
chb22,chb22_06,14,F4-C4,F4-C4
chb22,chb22_06,15,C4-P4,C4-P4
chb22,chb22_06,16,P4-O2,P4-O2
chb22,chb22_06,17,--3,--3
chb22,chb22_06,18,FP2-F8,FP2-F8
chb22,chb22_06,19,F8-T8,F8-T8
chb22,chb22_06,20,T8-P8-0,T8-P8-0
chb22,chb22_06,21,P8-O2,P8-O2
chb22,chb22_06,22,--4,--4
chb22,chb22_06,23,P7-T7,P7-T7
chb22,chb22_06,24,T7-FT9,T7-FT9
chb22,chb22_06,25,FT9-FT10,FT9-FT10
chb22,chb22_06,26,FT10-T8,FT10-T8
chb22,chb22_06,27,T8-P8-1,T8-P8-1
chb22,chb22_07,0,FP1-F7,FP1-F7
chb22,chb22_07,1,F7-T7,F7-T7
chb22,chb22_07,2,T7-P7,T7-P7
chb22,chb22_07,3,P7-O1,P7-O1
chb22,chb22_07,4,--0,--0
chb22,chb22_07,5,FP1-F3,FP1-F3
chb22,chb22_07,6,F3-C3,F3-C3
chb22,chb22_07,7,C3-P3,C3-P3
chb22,chb22_07,8,P3-O1,P3-O1
chb22,chb22_07,9,--1,--1
chb22,chb22_07,10,FZ-CZ,FZ-CZ
chb22,chb22_07,11,CZ-PZ,CZ-PZ
chb22,chb22_07,12,--2,--2
chb22,chb22_07,13,FP2-F4,FP2-F4
chb22,chb22_07,14,F4-C4,F4-C4
chb22,chb22_07,15,C4-P4,C4-P4
chb22,chb22_07,16,P4-O2,P4-O2
chb22,chb22_07,17,--3,--3
chb22,chb22_07,18,FP2-F8,FP2-F8
chb22,chb22_07,19,F8-T8,F8-T8
chb22,chb22_07,20,T8-P8-0,T8-P8-0
chb22,chb22_07,21,P8-O2,P8-O2
chb22,chb22_07,22,--4,--4
chb22,chb22_07,23,P7-T7,P7-T7
chb22,chb22_07,24,T7-FT9,T7-FT9
chb22,chb22_07,25,FT9-FT10,FT9-FT10
chb22,chb22_07,26,FT10-T8,FT10-T8
chb22,chb22_07,27,T8-P8-1,T8-P8-1
chb22,chb22_08,0,FP1-F7,FP1-F7
chb22,chb22_08,1,F7-T7,F7-T7
chb22,chb22_08,2,T7-P7,T7-P7
chb22,chb22_08,3,P7-O1,P7-O1
chb22,chb22_08,4,--0,--0
chb22,chb22_08,5,FP1-F3,FP1-F3
chb22,chb22_08,6,F3-C3,F3-C3
chb22,chb22_08,7,C3-P3,C3-P3
chb22,chb22_08,8,P3-O1,P3-O1
chb22,chb22_08,9,--1,--1
chb22,chb22_08,10,FZ-CZ,FZ-CZ
chb22,chb22_08,11,CZ-PZ,CZ-PZ
chb22,chb22_08,12,--2,--2
chb22,chb22_08,13,FP2-F4,FP2-F4
chb22,chb22_08,14,F4-C4,F4-C4
chb22,chb22_08,15,C4-P4,C4-P4
chb22,chb22_08,16,P4-O2,P4-O2
chb22,chb22_08,17,--3,--3
chb22,chb22_08,18,FP2-F8,FP2-F8
chb22,chb22_08,19,F8-T8,F8-T8
chb22,chb22_08,20,T8-P8-0,T8-P8-0
chb22,chb22_08,21,P8-O2,P8-O2
chb22,chb22_08,22,--4,--4
chb22,chb22_08,23,P7-T7,P7-T7
chb22,chb22_08,24,T7-FT9,T7-FT9
chb22,chb22_08,25,FT9-FT10,FT9-FT10
chb22,chb22_08,26,FT10-T8,FT10-T8
chb22,chb22_08,27,T8-P8-1,T8-P8-1
chb22,chb22_09,0,FP1-F7,FP1-F7
chb22,chb22_09,1,F7-T7,F7-T7
chb22,chb22_09,2,T7-P7,T7-P7
chb22,chb22_09,3,P7-O1,P7-O1
chb22,chb22_09,4,--0,--0
chb22,chb22_09,5,FP1-F3,FP1-F3
chb22,chb22_09,6,F3-C3,F3-C3
chb22,chb22_09,7,C3-P3,C3-P3
chb22,chb22_09,8,P3-O1,P3-O1
chb22,chb22_09,9,--1,--1
chb22,chb22_09,10,FZ-CZ,FZ-CZ
chb22,chb22_09,11,CZ-PZ,CZ-PZ
chb22,chb22_09,12,--2,--2
chb22,chb22_09,13,FP2-F4,FP2-F4
chb22,chb22_09,14,F4-C4,F4-C4
chb22,chb22_09,15,C4-P4,C4-P4
chb22,chb22_09,16,P4-O2,P4-O2
chb22,chb22_09,17,--3,--3
chb22,chb22_09,18,FP2-F8,FP2-F8
chb22,chb22_09,19,F8-T8,F8-T8
chb22,chb22_09,20,T8-P8-0,T8-P8-0
chb22,chb22_09,21,P8-O2,P8-O2
chb22,chb22_09,22,--4,--4
chb22,chb22_09,23,P7-T7,P7-T7
chb22,chb22_09,24,T7-FT9,T7-FT9
chb22,chb22_09,25,FT9-FT10,FT9-FT10
chb22,chb22_09,26,FT10-T8,FT10-T8
chb22,chb22_09,27,T8-P8-1,T8-P8-1
chb22,chb22_10,0,FP1-F7,FP1-F7
chb22,chb22_10,1,F7-T7,F7-T7
chb22,chb22_10,2,T7-P7,T7-P7
chb22,chb22_10,3,P7-O1,P7-O1
chb22,chb22_10,4,--0,--0
chb22,chb22_10,5,FP1-F3,FP1-F3
chb22,chb22_10,6,F3-C3,F3-C3
chb22,chb22_10,7,C3-P3,C3-P3
chb22,chb22_10,8,P3-O1,P3-O1
chb22,chb22_10,9,--1,--1
chb22,chb22_10,10,FZ-CZ,FZ-CZ
chb22,chb22_10,11,CZ-PZ,CZ-PZ
chb22,chb22_10,12,--2,--2
chb22,chb22_10,13,FP2-F4,FP2-F4
chb22,chb22_10,14,F4-C4,F4-C4
chb22,chb22_10,15,C4-P4,C4-P4
chb22,chb22_10,16,P4-O2,P4-O2
chb22,chb22_10,17,--3,--3
chb22,chb22_10,18,FP2-F8,FP2-F8
chb22,chb22_10,19,F8-T8,F8-T8
chb22,chb22_10,20,T8-P8-0,T8-P8-0
chb22,chb22_10,21,P8-O2,P8-O2
chb22,chb22_10,22,--4,--4
chb22,chb22_10,23,P7-T7,P7-T7
chb22,chb22_10,24,T7-FT9,T7-FT9
chb22,chb22_10,25,FT9-FT10,FT9-FT10
chb22,chb22_10,26,FT10-T8,FT10-T8
chb22,chb22_10,27,T8-P8-1,T8-P8-1
chb22,chb22_11,0,FP1-F7,FP1-F7
chb22,chb22_11,1,F7-T7,F7-T7
chb22,chb22_11,2,T7-P7,T7-P7
chb22,chb22_11,3,P7-O1,P7-O1
chb22,chb22_11,4,--0,--0
chb22,chb22_11,5,FP1-F3,FP1-F3
chb22,chb22_11,6,F3-C3,F3-C3
chb22,chb22_11,7,C3-P3,C3-P3
chb22,chb22_11,8,P3-O1,P3-O1
chb22,chb22_11,9,--1,--1
chb22,chb22_11,10,FZ-CZ,FZ-CZ
chb22,chb22_11,11,CZ-PZ,CZ-PZ
chb22,chb22_11,12,--2,--2
chb22,chb22_11,13,FP2-F4,FP2-F4
chb22,chb22_11,14,F4-C4,F4-C4
chb22,chb22_11,15,C4-P4,C4-P4
chb22,chb22_11,16,P4-O2,P4-O2
chb22,chb22_11,17,--3,--3
chb22,chb22_11,18,FP2-F8,FP2-F8
chb22,chb22_11,19,F8-T8,F8-T8
chb22,chb22_11,20,T8-P8-0,T8-P8-0
chb22,chb22_11,21,P8-O2,P8-O2
chb22,chb22_11,22,--4,--4
chb22,chb22_11,23,P7-T7,P7-T7
chb22,chb22_11,24,T7-FT9,T7-FT9
chb22,chb22_11,25,FT9-FT10,FT9-FT10
chb22,chb22_11,26,FT10-T8,FT10-T8
chb22,chb22_11,27,T8-P8-1,T8-P8-1
chb22,chb22_15,0,FP1-F7,FP1-F7
chb22,chb22_15,1,F7-T7,F7-T7
chb22,chb22_15,2,T7-P7,T7-P7
chb22,chb22_15,3,P7-O1,P7-O1
chb22,chb22_15,4,--0,--0
chb22,chb22_15,5,FP1-F3,FP1-F3
chb22,chb22_15,6,F3-C3,F3-C3
chb22,chb22_15,7,C3-P3,C3-P3
chb22,chb22_15,8,P3-O1,P3-O1
chb22,chb22_15,9,--1,--1
chb22,chb22_15,10,FZ-CZ,FZ-CZ
chb22,chb22_15,11,CZ-PZ,CZ-PZ
chb22,chb22_15,12,--2,--2
chb22,chb22_15,13,FP2-F4,FP2-F4
chb22,chb22_15,14,F4-C4,F4-C4
chb22,chb22_15,15,C4-P4,C4-P4
chb22,chb22_15,16,P4-O2,P4-O2
chb22,chb22_15,17,--3,--3
chb22,chb22_15,18,FP2-F8,FP2-F8
chb22,chb22_15,19,F8-T8,F8-T8
chb22,chb22_15,20,T8-P8-0,T8-P8-0
chb22,chb22_15,21,P8-O2,P8-O2
chb22,chb22_15,22,--4,--4
chb22,chb22_15,23,P7-T7,P7-T7
chb22,chb22_15,24,T7-FT9,T7-FT9
chb22,chb22_15,25,FT9-FT10,FT9-FT10
chb22,chb22_15,26,FT10-T8,FT10-T8
chb22,chb22_15,27,T8-P8-1,T8-P8-1
chb22,chb22_16,0,FP1-F7,FP1-F7
chb22,chb22_16,1,F7-T7,F7-T7
chb22,chb22_16,2,T7-P7,T7-P7
chb22,chb22_16,3,P7-O1,P7-O1
chb22,chb22_16,4,--0,--0
chb22,chb22_16,5,FP1-F3,FP1-F3
chb22,chb22_16,6,F3-C3,F3-C3
chb22,chb22_16,7,C3-P3,C3-P3
chb22,chb22_16,8,P3-O1,P3-O1
chb22,chb22_16,9,--1,--1
chb22,chb22_16,10,FZ-CZ,FZ-CZ
chb22,chb22_16,11,CZ-PZ,CZ-PZ
chb22,chb22_16,12,--2,--2
chb22,chb22_16,13,FP2-F4,FP2-F4
chb22,chb22_16,14,F4-C4,F4-C4
chb22,chb22_16,15,C4-P4,C4-P4
chb22,chb22_16,16,P4-O2,P4-O2
chb22,chb22_16,17,--3,--3
chb22,chb22_16,18,FP2-F8,FP2-F8
chb22,chb22_16,19,F8-T8,F8-T8
chb22,chb22_16,20,T8-P8-0,T8-P8-0
chb22,chb22_16,21,P8-O2,P8-O2
chb22,chb22_16,22,--4,--4
chb22,chb22_16,23,P7-T7,P7-T7
chb22,chb22_16,24,T7-FT9,T7-FT9
chb22,chb22_16,25,FT9-FT10,FT9-FT10
chb22,chb22_16,26,FT10-T8,FT10-T8
chb22,chb22_16,27,T8-P8-1,T8-P8-1
chb22,chb22_17,0,FP1-F7,FP1-F7
chb22,chb22_17,1,F7-T7,F7-T7
chb22,chb22_17,2,T7-P7,T7-P7
chb22,chb22_17,3,P7-O1,P7-O1
chb22,chb22_17,4,--0,--0
chb22,chb22_17,5,FP1-F3,FP1-F3
chb22,chb22_17,6,F3-C3,F3-C3
chb22,chb22_17,7,C3-P3,C3-P3
chb22,chb22_17,8,P3-O1,P3-O1
chb22,chb22_17,9,--1,--1
chb22,chb22_17,10,FZ-CZ,FZ-CZ
chb22,chb22_17,11,CZ-PZ,CZ-PZ
chb22,chb22_17,12,--2,--2
chb22,chb22_17,13,FP2-F4,FP2-F4
chb22,chb22_17,14,F4-C4,F4-C4
chb22,chb22_17,15,C4-P4,C4-P4
chb22,chb22_17,16,P4-O2,P4-O2
chb22,chb22_17,17,--3,--3
chb22,chb22_17,18,FP2-F8,FP2-F8
chb22,chb22_17,19,F8-T8,F8-T8
chb22,chb22_17,20,T8-P8-0,T8-P8-0
chb22,chb22_17,21,P8-O2,P8-O2
chb22,chb22_17,22,--4,--4
chb22,chb22_17,23,P7-T7,P7-T7
chb22,chb22_17,24,T7-FT9,T7-FT9
chb22,chb22_17,25,FT9-FT10,FT9-FT10
chb22,chb22_17,26,FT10-T8,FT10-T8
chb22,chb22_17,27,T8-P8-1,T8-P8-1
chb22,chb22_18,0,FP1-F7,FP1-F7
chb22,chb22_18,1,F7-T7,F7-T7
chb22,chb22_18,2,T7-P7,T7-P7
chb22,chb22_18,3,P7-O1,P7-O1
chb22,chb22_18,4,--0,--0
chb22,chb22_18,5,FP1-F3,FP1-F3
chb22,chb22_18,6,F3-C3,F3-C3
chb22,chb22_18,7,C3-P3,C3-P3
chb22,chb22_18,8,P3-O1,P3-O1
chb22,chb22_18,9,--1,--1
chb22,chb22_18,10,FZ-CZ,FZ-CZ
chb22,chb22_18,11,CZ-PZ,CZ-PZ
chb22,chb22_18,12,--2,--2
chb22,chb22_18,13,FP2-F4,FP2-F4
chb22,chb22_18,14,F4-C4,F4-C4
chb22,chb22_18,15,C4-P4,C4-P4
chb22,chb22_18,16,P4-O2,P4-O2
chb22,chb22_18,17,--3,--3
chb22,chb22_18,18,FP2-F8,FP2-F8
chb22,chb22_18,19,F8-T8,F8-T8
chb22,chb22_18,20,T8-P8-0,T8-P8-0
chb22,chb22_18,21,P8-O2,P8-O2
chb22,chb22_18,22,--4,--4
chb22,chb22_18,23,P7-T7,P7-T7
chb22,chb22_18,24,T7-FT9,T7-FT9
chb22,chb22_18,25,FT9-FT10,FT9-FT10
chb22,chb22_18,26,FT10-T8,FT10-T8
chb22,chb22_18,27,T8-P8-1,T8-P8-1
chb22,chb22_19,0,FP1-F7,FP1-F7
chb22,chb22_19,1,F7-T7,F7-T7
chb22,chb22_19,2,T7-P7,T7-P7
chb22,chb22_19,3,P7-O1,P7-O1
chb22,chb22_19,4,--0,--0
chb22,chb22_19,5,FP1-F3,FP1-F3
chb22,chb22_19,6,F3-C3,F3-C3
chb22,chb22_19,7,C3-P3,C3-P3
chb22,chb22_19,8,P3-O1,P3-O1
chb22,chb22_19,9,--1,--1
chb22,chb22_19,10,FZ-CZ,FZ-CZ
chb22,chb22_19,11,CZ-PZ,CZ-PZ
chb22,chb22_19,12,--2,--2
chb22,chb22_19,13,FP2-F4,FP2-F4
chb22,chb22_19,14,F4-C4,F4-C4
chb22,chb22_19,15,C4-P4,C4-P4
chb22,chb22_19,16,P4-O2,P4-O2
chb22,chb22_19,17,--3,--3
chb22,chb22_19,18,FP2-F8,FP2-F8
chb22,chb22_19,19,F8-T8,F8-T8
chb22,chb22_19,20,T8-P8-0,T8-P8-0
chb22,chb22_19,21,P8-O2,P8-O2
chb22,chb22_19,22,--4,--4
chb22,chb22_19,23,P7-T7,P7-T7
chb22,chb22_19,24,T7-FT9,T7-FT9
chb22,chb22_19,25,FT9-FT10,FT9-FT10
chb22,chb22_19,26,FT10-T8,FT10-T8
chb22,chb22_19,27,T8-P8-1,T8-P8-1
chb22,chb22_20,0,FP1-F7,FP1-F7
chb22,chb22_20,1,F7-T7,F7-T7
chb22,chb22_20,2,T7-P7,T7-P7
chb22,chb22_20,3,P7-O1,P7-O1
chb22,chb22_20,4,--0,--0
chb22,chb22_20,5,FP1-F3,FP1-F3
chb22,chb22_20,6,F3-C3,F3-C3
chb22,chb22_20,7,C3-P3,C3-P3
chb22,chb22_20,8,P3-O1,P3-O1
chb22,chb22_20,9,--1,--1
chb22,chb22_20,10,FZ-CZ,FZ-CZ
chb22,chb22_20,11,CZ-PZ,CZ-PZ
chb22,chb22_20,12,--2,--2
chb22,chb22_20,13,FP2-F4,FP2-F4
chb22,chb22_20,14,F4-C4,F4-C4
chb22,chb22_20,15,C4-P4,C4-P4
chb22,chb22_20,16,P4-O2,P4-O2
chb22,chb22_20,17,--3,--3
chb22,chb22_20,18,FP2-F8,FP2-F8
chb22,chb22_20,19,F8-T8,F8-T8
chb22,chb22_20,20,T8-P8-0,T8-P8-0
chb22,chb22_20,21,P8-O2,P8-O2
chb22,chb22_20,22,--4,--4
chb22,chb22_20,23,P7-T7,P7-T7
chb22,chb22_20,24,T7-FT9,T7-FT9
chb22,chb22_20,25,FT9-FT10,FT9-FT10
chb22,chb22_20,26,FT10-T8,FT10-T8
chb22,chb22_20,27,T8-P8-1,T8-P8-1
chb22,chb22_21,0,FP1-F7,FP1-F7
chb22,chb22_21,1,F7-T7,F7-T7
chb22,chb22_21,2,T7-P7,T7-P7
chb22,chb22_21,3,P7-O1,P7-O1
chb22,chb22_21,4,--0,--0
chb22,chb22_21,5,FP1-F3,FP1-F3
chb22,chb22_21,6,F3-C3,F3-C3
chb22,chb22_21,7,C3-P3,C3-P3
chb22,chb22_21,8,P3-O1,P3-O1
chb22,chb22_21,9,--1,--1
chb22,chb22_21,10,FZ-CZ,FZ-CZ
chb22,chb22_21,11,CZ-PZ,CZ-PZ
chb22,chb22_21,12,--2,--2
chb22,chb22_21,13,FP2-F4,FP2-F4
chb22,chb22_21,14,F4-C4,F4-C4
chb22,chb22_21,15,C4-P4,C4-P4
chb22,chb22_21,16,P4-O2,P4-O2
chb22,chb22_21,17,--3,--3
chb22,chb22_21,18,FP2-F8,FP2-F8
chb22,chb22_21,19,F8-T8,F8-T8
chb22,chb22_21,20,T8-P8-0,T8-P8-0
chb22,chb22_21,21,P8-O2,P8-O2
chb22,chb22_21,22,--4,--4
chb22,chb22_21,23,P7-T7,P7-T7
chb22,chb22_21,24,T7-FT9,T7-FT9
chb22,chb22_21,25,FT9-FT10,FT9-FT10
chb22,chb22_21,26,FT10-T8,FT10-T8
chb22,chb22_21,27,T8-P8-1,T8-P8-1
chb22,chb22_22,0,FP1-F7,FP1-F7
chb22,chb22_22,1,F7-T7,F7-T7
chb22,chb22_22,2,T7-P7,T7-P7
chb22,chb22_22,3,P7-O1,P7-O1
chb22,chb22_22,4,--0,--0
chb22,chb22_22,5,FP1-F3,FP1-F3
chb22,chb22_22,6,F3-C3,F3-C3
chb22,chb22_22,7,C3-P3,C3-P3
chb22,chb22_22,8,P3-O1,P3-O1
chb22,chb22_22,9,--1,--1
chb22,chb22_22,10,FZ-CZ,FZ-CZ
chb22,chb22_22,11,CZ-PZ,CZ-PZ
chb22,chb22_22,12,--2,--2
chb22,chb22_22,13,FP2-F4,FP2-F4
chb22,chb22_22,14,F4-C4,F4-C4
chb22,chb22_22,15,C4-P4,C4-P4
chb22,chb22_22,16,P4-O2,P4-O2
chb22,chb22_22,17,--3,--3
chb22,chb22_22,18,FP2-F8,FP2-F8
chb22,chb22_22,19,F8-T8,F8-T8
chb22,chb22_22,20,T8-P8-0,T8-P8-0
chb22,chb22_22,21,P8-O2,P8-O2
chb22,chb22_22,22,--4,--4
chb22,chb22_22,23,P7-T7,P7-T7
chb22,chb22_22,24,T7-FT9,T7-FT9
chb22,chb22_22,25,FT9-FT10,FT9-FT10
chb22,chb22_22,26,FT10-T8,FT10-T8
chb22,chb22_22,27,T8-P8-1,T8-P8-1
chb22,chb22_23,0,FP1-F7,FP1-F7
chb22,chb22_23,1,F7-T7,F7-T7
chb22,chb22_23,2,T7-P7,T7-P7
chb22,chb22_23,3,P7-O1,P7-O1
chb22,chb22_23,4,--0,--0
chb22,chb22_23,5,FP1-F3,FP1-F3
chb22,chb22_23,6,F3-C3,F3-C3
chb22,chb22_23,7,C3-P3,C3-P3
chb22,chb22_23,8,P3-O1,P3-O1
chb22,chb22_23,9,--1,--1
chb22,chb22_23,10,FZ-CZ,FZ-CZ
chb22,chb22_23,11,CZ-PZ,CZ-PZ
chb22,chb22_23,12,--2,--2
chb22,chb22_23,13,FP2-F4,FP2-F4
chb22,chb22_23,14,F4-C4,F4-C4
chb22,chb22_23,15,C4-P4,C4-P4
chb22,chb22_23,16,P4-O2,P4-O2
chb22,chb22_23,17,--3,--3
chb22,chb22_23,18,FP2-F8,FP2-F8
chb22,chb22_23,19,F8-T8,F8-T8
chb22,chb22_23,20,T8-P8-0,T8-P8-0
chb22,chb22_23,21,P8-O2,P8-O2
chb22,chb22_23,22,--4,--4
chb22,chb22_23,23,P7-T7,P7-T7
chb22,chb22_23,24,T7-FT9,T7-FT9
chb22,chb22_23,25,FT9-FT10,FT9-FT10
chb22,chb22_23,26,FT10-T8,FT10-T8
chb22,chb22_23,27,T8-P8-1,T8-P8-1
chb22,chb22_24,0,FP1-F7,FP1-F7
chb22,chb22_24,1,F7-T7,F7-T7
chb22,chb22_24,2,T7-P7,T7-P7
chb22,chb22_24,3,P7-O1,P7-O1
chb22,chb22_24,4,--0,--0
chb22,chb22_24,5,FP1-F3,FP1-F3
chb22,chb22_24,6,F3-C3,F3-C3
chb22,chb22_24,7,C3-P3,C3-P3
chb22,chb22_24,8,P3-O1,P3-O1
chb22,chb22_24,9,--1,--1
chb22,chb22_24,10,FZ-CZ,FZ-CZ
chb22,chb22_24,11,CZ-PZ,CZ-PZ
chb22,chb22_24,12,--2,--2
chb22,chb22_24,13,FP2-F4,FP2-F4
chb22,chb22_24,14,F4-C4,F4-C4
chb22,chb22_24,15,C4-P4,C4-P4
chb22,chb22_24,16,P4-O2,P4-O2
chb22,chb22_24,17,--3,--3
chb22,chb22_24,18,FP2-F8,FP2-F8
chb22,chb22_24,19,F8-T8,F8-T8
chb22,chb22_24,20,T8-P8-0,T8-P8-0
chb22,chb22_24,21,P8-O2,P8-O2
chb22,chb22_24,22,--4,--4
chb22,chb22_24,23,P7-T7,P7-T7
chb22,chb22_24,24,T7-FT9,T7-FT9
chb22,chb22_24,25,FT9-FT10,FT9-FT10
chb22,chb22_24,26,FT10-T8,FT10-T8
chb22,chb22_24,27,T8-P8-1,T8-P8-1
chb22,chb22_25,0,FP1-F7,FP1-F7
chb22,chb22_25,1,F7-T7,F7-T7
chb22,chb22_25,2,T7-P7,T7-P7
chb22,chb22_25,3,P7-O1,P7-O1
chb22,chb22_25,4,--0,--0
chb22,chb22_25,5,FP1-F3,FP1-F3
chb22,chb22_25,6,F3-C3,F3-C3
chb22,chb22_25,7,C3-P3,C3-P3
chb22,chb22_25,8,P3-O1,P3-O1
chb22,chb22_25,9,--1,--1
chb22,chb22_25,10,FZ-CZ,FZ-CZ
chb22,chb22_25,11,CZ-PZ,CZ-PZ
chb22,chb22_25,12,--2,--2
chb22,chb22_25,13,FP2-F4,FP2-F4
chb22,chb22_25,14,F4-C4,F4-C4
chb22,chb22_25,15,C4-P4,C4-P4
chb22,chb22_25,16,P4-O2,P4-O2
chb22,chb22_25,17,--3,--3
chb22,chb22_25,18,FP2-F8,FP2-F8
chb22,chb22_25,19,F8-T8,F8-T8
chb22,chb22_25,20,T8-P8-0,T8-P8-0
chb22,chb22_25,21,P8-O2,P8-O2
chb22,chb22_25,22,--4,--4
chb22,chb22_25,23,P7-T7,P7-T7
chb22,chb22_25,24,T7-FT9,T7-FT9
chb22,chb22_25,25,FT9-FT10,FT9-FT10
chb22,chb22_25,26,FT10-T8,FT10-T8
chb22,chb22_25,27,T8-P8-1,T8-P8-1
chb22,chb22_26,0,FP1-F7,FP1-F7
chb22,chb22_26,1,F7-T7,F7-T7
chb22,chb22_26,2,T7-P7,T7-P7
chb22,chb22_26,3,P7-O1,P7-O1
chb22,chb22_26,4,--0,--0
chb22,chb22_26,5,FP1-F3,FP1-F3
chb22,chb22_26,6,F3-C3,F3-C3
chb22,chb22_26,7,C3-P3,C3-P3
chb22,chb22_26,8,P3-O1,P3-O1
chb22,chb22_26,9,--1,--1
chb22,chb22_26,10,FZ-CZ,FZ-CZ
chb22,chb22_26,11,CZ-PZ,CZ-PZ
chb22,chb22_26,12,--2,--2
chb22,chb22_26,13,FP2-F4,FP2-F4
chb22,chb22_26,14,F4-C4,F4-C4
chb22,chb22_26,15,C4-P4,C4-P4
chb22,chb22_26,16,P4-O2,P4-O2
chb22,chb22_26,17,--3,--3
chb22,chb22_26,18,FP2-F8,FP2-F8
chb22,chb22_26,19,F8-T8,F8-T8
chb22,chb22_26,20,T8-P8-0,T8-P8-0
chb22,chb22_26,21,P8-O2,P8-O2
chb22,chb22_26,22,--4,--4
chb22,chb22_26,23,P7-T7,P7-T7
chb22,chb22_26,24,T7-FT9,T7-FT9
chb22,chb22_26,25,FT9-FT10,FT9-FT10
chb22,chb22_26,26,FT10-T8,FT10-T8
chb22,chb22_26,27,T8-P8-1,T8-P8-1
chb22,chb22_27,0,FP1-F7,FP1-F7
chb22,chb22_27,1,F7-T7,F7-T7
chb22,chb22_27,2,T7-P7,T7-P7
chb22,chb22_27,3,P7-O1,P7-O1
chb22,chb22_27,4,--0,--0
chb22,chb22_27,5,FP1-F3,FP1-F3
chb22,chb22_27,6,F3-C3,F3-C3
chb22,chb22_27,7,C3-P3,C3-P3
chb22,chb22_27,8,P3-O1,P3-O1
chb22,chb22_27,9,--1,--1
chb22,chb22_27,10,FZ-CZ,FZ-CZ
chb22,chb22_27,11,CZ-PZ,CZ-PZ
chb22,chb22_27,12,--2,--2
chb22,chb22_27,13,FP2-F4,FP2-F4
chb22,chb22_27,14,F4-C4,F4-C4
chb22,chb22_27,15,C4-P4,C4-P4
chb22,chb22_27,16,P4-O2,P4-O2
chb22,chb22_27,17,--3,--3
chb22,chb22_27,18,FP2-F8,FP2-F8
chb22,chb22_27,19,F8-T8,F8-T8
chb22,chb22_27,20,T8-P8-0,T8-P8-0
chb22,chb22_27,21,P8-O2,P8-O2
chb22,chb22_27,22,--4,--4
chb22,chb22_27,23,P7-T7,P7-T7
chb22,chb22_27,24,T7-FT9,T7-FT9
chb22,chb22_27,25,FT9-FT10,FT9-FT10
chb22,chb22_27,26,FT10-T8,FT10-T8
chb22,chb22_27,27,T8-P8-1,T8-P8-1
chb22,chb22_28,0,FP1-F7,FP1-F7
chb22,chb22_28,1,F7-T7,F7-T7
chb22,chb22_28,2,T7-P7,T7-P7
chb22,chb22_28,3,P7-O1,P7-O1
chb22,chb22_28,4,--0,--0
chb22,chb22_28,5,FP1-F3,FP1-F3
chb22,chb22_28,6,F3-C3,F3-C3
chb22,chb22_28,7,C3-P3,C3-P3
chb22,chb22_28,8,P3-O1,P3-O1
chb22,chb22_28,9,--1,--1
chb22,chb22_28,10,FZ-CZ,FZ-CZ
chb22,chb22_28,11,CZ-PZ,CZ-PZ
chb22,chb22_28,12,--2,--2
chb22,chb22_28,13,FP2-F4,FP2-F4
chb22,chb22_28,14,F4-C4,F4-C4
chb22,chb22_28,15,C4-P4,C4-P4
chb22,chb22_28,16,P4-O2,P4-O2
chb22,chb22_28,17,--3,--3
chb22,chb22_28,18,FP2-F8,FP2-F8
chb22,chb22_28,19,F8-T8,F8-T8
chb22,chb22_28,20,T8-P8-0,T8-P8-0
chb22,chb22_28,21,P8-O2,P8-O2
chb22,chb22_28,22,--4,--4
chb22,chb22_28,23,P7-T7,P7-T7
chb22,chb22_28,24,T7-FT9,T7-FT9
chb22,chb22_28,25,FT9-FT10,FT9-FT10
chb22,chb22_28,26,FT10-T8,FT10-T8
chb22,chb22_28,27,T8-P8-1,T8-P8-1
chb22,chb22_29,0,FP1-F7,FP1-F7
chb22,chb22_29,1,F7-T7,F7-T7
chb22,chb22_29,2,T7-P7,T7-P7
chb22,chb22_29,3,P7-O1,P7-O1
chb22,chb22_29,4,--0,--0
chb22,chb22_29,5,FP1-F3,FP1-F3
chb22,chb22_29,6,F3-C3,F3-C3
chb22,chb22_29,7,C3-P3,C3-P3
chb22,chb22_29,8,P3-O1,P3-O1
chb22,chb22_29,9,--1,--1
chb22,chb22_29,10,FZ-CZ,FZ-CZ
chb22,chb22_29,11,CZ-PZ,CZ-PZ
chb22,chb22_29,12,--2,--2
chb22,chb22_29,13,FP2-F4,FP2-F4
chb22,chb22_29,14,F4-C4,F4-C4
chb22,chb22_29,15,C4-P4,C4-P4
chb22,chb22_29,16,P4-O2,P4-O2
chb22,chb22_29,17,--3,--3
chb22,chb22_29,18,FP2-F8,FP2-F8
chb22,chb22_29,19,F8-T8,F8-T8
chb22,chb22_29,20,T8-P8-0,T8-P8-0
chb22,chb22_29,21,P8-O2,P8-O2
chb22,chb22_29,22,--4,--4
chb22,chb22_29,23,P7-T7,P7-T7
chb22,chb22_29,24,T7-FT9,T7-FT9
chb22,chb22_29,25,FT9-FT10,FT9-FT10
chb22,chb22_29,26,FT10-T8,FT10-T8
chb22,chb22_29,27,T8-P8-1,T8-P8-1
chb22,chb22_30,0,FP1-F7,FP1-F7
chb22,chb22_30,1,F7-T7,F7-T7
chb22,chb22_30,2,T7-P7,T7-P7
chb22,chb22_30,3,P7-O1,P7-O1
chb22,chb22_30,4,--0,--0
chb22,chb22_30,5,FP1-F3,FP1-F3
chb22,chb22_30,6,F3-C3,F3-C3
chb22,chb22_30,7,C3-P3,C3-P3
chb22,chb22_30,8,P3-O1,P3-O1
chb22,chb22_30,9,--1,--1
chb22,chb22_30,10,FZ-CZ,FZ-CZ
chb22,chb22_30,11,CZ-PZ,CZ-PZ
chb22,chb22_30,12,--2,--2
chb22,chb22_30,13,FP2-F4,FP2-F4
chb22,chb22_30,14,F4-C4,F4-C4
chb22,chb22_30,15,C4-P4,C4-P4
chb22,chb22_30,16,P4-O2,P4-O2
chb22,chb22_30,17,--3,--3
chb22,chb22_30,18,FP2-F8,FP2-F8
chb22,chb22_30,19,F8-T8,F8-T8
chb22,chb22_30,20,T8-P8-0,T8-P8-0
chb22,chb22_30,21,P8-O2,P8-O2
chb22,chb22_30,22,--4,--4
chb22,chb22_30,23,P7-T7,P7-T7
chb22,chb22_30,24,T7-FT9,T7-FT9
chb22,chb22_30,25,FT9-FT10,FT9-FT10
chb22,chb22_30,26,FT10-T8,FT10-T8
chb22,chb22_30,27,T8-P8-1,T8-P8-1
chb22,chb22_38,0,FP1-F7,FP1-F7
chb22,chb22_38,1,F7-T7,F7-T7
chb22,chb22_38,2,T7-P7,T7-P7
chb22,chb22_38,3,P7-O1,P7-O1
chb22,chb22_38,4,--0,--0
chb22,chb22_38,5,FP1-F3,FP1-F3
chb22,chb22_38,6,F3-C3,F3-C3
chb22,chb22_38,7,C3-P3,C3-P3
chb22,chb22_38,8,P3-O1,P3-O1
chb22,chb22_38,9,--1,--1
chb22,chb22_38,10,FZ-CZ,FZ-CZ
chb22,chb22_38,11,CZ-PZ,CZ-PZ
chb22,chb22_38,12,--2,--2
chb22,chb22_38,13,FP2-F4,FP2-F4
chb22,chb22_38,14,F4-C4,F4-C4
chb22,chb22_38,15,C4-P4,C4-P4
chb22,chb22_38,16,P4-O2,P4-O2
chb22,chb22_38,17,--3,--3
chb22,chb22_38,18,FP2-F8,FP2-F8
chb22,chb22_38,19,F8-T8,F8-T8
chb22,chb22_38,20,T8-P8-0,T8-P8-0
chb22,chb22_38,21,P8-O2,P8-O2
chb22,chb22_38,22,--4,--4
chb22,chb22_38,23,P7-T7,P7-T7
chb22,chb22_38,24,T7-FT9,T7-FT9
chb22,chb22_38,25,FT9-FT10,FT9-FT10
chb22,chb22_38,26,FT10-T8,FT10-T8
chb22,chb22_38,27,T8-P8-1,T8-P8-1
chb22,chb22_51,0,FP1-F7,FP1-F7
chb22,chb22_51,1,F7-T7,F7-T7
chb22,chb22_51,2,T7-P7,T7-P7
chb22,chb22_51,3,P7-O1,P7-O1
chb22,chb22_51,4,--0,--0
chb22,chb22_51,5,FP1-F3,FP1-F3
chb22,chb22_51,6,F3-C3,F3-C3
chb22,chb22_51,7,C3-P3,C3-P3
chb22,chb22_51,8,P3-O1,P3-O1
chb22,chb22_51,9,--1,--1
chb22,chb22_51,10,FZ-CZ,FZ-CZ
chb22,chb22_51,11,CZ-PZ,CZ-PZ
chb22,chb22_51,12,--2,--2
chb22,chb22_51,13,FP2-F4,FP2-F4
chb22,chb22_51,14,F4-C4,F4-C4
chb22,chb22_51,15,C4-P4,C4-P4
chb22,chb22_51,16,P4-O2,P4-O2
chb22,chb22_51,17,--3,--3
chb22,chb22_51,18,FP2-F8,FP2-F8
chb22,chb22_51,19,F8-T8,F8-T8
chb22,chb22_51,20,T8-P8-0,T8-P8-0
chb22,chb22_51,21,P8-O2,P8-O2
chb22,chb22_51,22,--4,--4
chb22,chb22_51,23,P7-T7,P7-T7
chb22,chb22_51,24,T7-FT9,T7-FT9
chb22,chb22_51,25,FT9-FT10,FT9-FT10
chb22,chb22_51,26,FT10-T8,FT10-T8
chb22,chb22_51,27,T8-P8-1,T8-P8-1
chb22,chb22_54,0,FP1-F7,FP1-F7
chb22,chb22_54,1,F7-T7,F7-T7
chb22,chb22_54,2,T7-P7,T7-P7
chb22,chb22_54,3,P7-O1,P7-O1
chb22,chb22_54,4,--0,--0
chb22,chb22_54,5,FP1-F3,FP1-F3
chb22,chb22_54,6,F3-C3,F3-C3
chb22,chb22_54,7,C3-P3,C3-P3
chb22,chb22_54,8,P3-O1,P3-O1
chb22,chb22_54,9,--1,--1
chb22,chb22_54,10,FZ-CZ,FZ-CZ
chb22,chb22_54,11,CZ-PZ,CZ-PZ
chb22,chb22_54,12,--2,--2
chb22,chb22_54,13,FP2-F4,FP2-F4
chb22,chb22_54,14,F4-C4,F4-C4
chb22,chb22_54,15,C4-P4,C4-P4
chb22,chb22_54,16,P4-O2,P4-O2
chb22,chb22_54,17,--3,--3
chb22,chb22_54,18,FP2-F8,FP2-F8
chb22,chb22_54,19,F8-T8,F8-T8
chb22,chb22_54,20,T8-P8-0,T8-P8-0
chb22,chb22_54,21,P8-O2,P8-O2
chb22,chb22_54,22,--4,--4
chb22,chb22_54,23,P7-T7,P7-T7
chb22,chb22_54,24,T7-FT9,T7-FT9
chb22,chb22_54,25,FT9-FT10,FT9-FT10
chb22,chb22_54,26,FT10-T8,FT10-T8
chb22,chb22_54,27,T8-P8-1,T8-P8-1
chb22,chb22_77,0,FP1-F7,FP1-F7
chb22,chb22_77,1,F7-T7,F7-T7
chb22,chb22_77,2,T7-P7,T7-P7
chb22,chb22_77,3,P7-O1,P7-O1
chb22,chb22_77,4,--0,--0
chb22,chb22_77,5,FP1-F3,FP1-F3
chb22,chb22_77,6,F3-C3,F3-C3
chb22,chb22_77,7,C3-P3,C3-P3
chb22,chb22_77,8,P3-O1,P3-O1
chb22,chb22_77,9,--1,--1
chb22,chb22_77,10,FZ-CZ,FZ-CZ
chb22,chb22_77,11,CZ-PZ,CZ-PZ
chb22,chb22_77,12,--2,--2
chb22,chb22_77,13,FP2-F4,FP2-F4
chb22,chb22_77,14,F4-C4,F4-C4
chb22,chb22_77,15,C4-P4,C4-P4
chb22,chb22_77,16,P4-O2,P4-O2
chb22,chb22_77,17,--3,--3
chb22,chb22_77,18,FP2-F8,FP2-F8
chb22,chb22_77,19,F8-T8,F8-T8
chb22,chb22_77,20,T8-P8-0,T8-P8-0
chb22,chb22_77,21,P8-O2,P8-O2
chb22,chb22_77,22,--4,--4
chb22,chb22_77,23,P7-T7,P7-T7
chb22,chb22_77,24,T7-FT9,T7-FT9
chb22,chb22_77,25,FT9-FT10,FT9-FT10
chb22,chb22_77,26,FT10-T8,FT10-T8
chb22,chb22_77,27,T8-P8-1,T8-P8-1
chb23,chb23_06,0,FP1-F7,FP1-F7
chb23,chb23_06,1,F7-T7,F7-T7
chb23,chb23_06,2,T7-P7,T7-P7
chb23,chb23_06,3,P7-O1,P7-O1
chb23,chb23_06,4,FP1-F3,FP1-F3
chb23,chb23_06,5,F3-C3,F3-C3
chb23,chb23_06,6,C3-P3,C3-P3
chb23,chb23_06,7,P3-O1,P3-O1
chb23,chb23_06,8,FP2-F4,FP2-F4
chb23,chb23_06,9,F4-C4,F4-C4
chb23,chb23_06,10,C4-P4,C4-P4
chb23,chb23_06,11,P4-O2,P4-O2
chb23,chb23_06,12,FP2-F8,FP2-F8
chb23,chb23_06,13,F8-T8,F8-T8
chb23,chb23_06,14,T8-P8-0,T8-P8-0
chb23,chb23_06,15,P8-O2,P8-O2
chb23,chb23_06,16,FZ-CZ,FZ-CZ
chb23,chb23_06,17,CZ-PZ,CZ-PZ
chb23,chb23_06,18,P7-T7,P7-T7
chb23,chb23_06,19,T7-FT9,T7-FT9
chb23,chb23_06,20,FT9-FT10,FT9-FT10
chb23,chb23_06,21,FT10-T8,FT10-T8
chb23,chb23_06,22,T8-P8-1,T8-P8-1
chb23,chb23_07,0,FP1-F7,FP1-F7
chb23,chb23_07,1,F7-T7,F7-T7
chb23,chb23_07,2,T7-P7,T7-P7
chb23,chb23_07,3,P7-O1,P7-O1
chb23,chb23_07,4,FP1-F3,FP1-F3
chb23,chb23_07,5,F3-C3,F3-C3
chb23,chb23_07,6,C3-P3,C3-P3
chb23,chb23_07,7,P3-O1,P3-O1
chb23,chb23_07,8,FP2-F4,FP2-F4
chb23,chb23_07,9,F4-C4,F4-C4
chb23,chb23_07,10,C4-P4,C4-P4
chb23,chb23_07,11,P4-O2,P4-O2
chb23,chb23_07,12,FP2-F8,FP2-F8
chb23,chb23_07,13,F8-T8,F8-T8
chb23,chb23_07,14,T8-P8-0,T8-P8-0
chb23,chb23_07,15,P8-O2,P8-O2
chb23,chb23_07,16,FZ-CZ,FZ-CZ
chb23,chb23_07,17,CZ-PZ,CZ-PZ
chb23,chb23_07,18,P7-T7,P7-T7
chb23,chb23_07,19,T7-FT9,T7-FT9
chb23,chb23_07,20,FT9-FT10,FT9-FT10
chb23,chb23_07,21,FT10-T8,FT10-T8
chb23,chb23_07,22,T8-P8-1,T8-P8-1
chb23,chb23_08,0,FP1-F7,FP1-F7
chb23,chb23_08,1,F7-T7,F7-T7
chb23,chb23_08,2,T7-P7,T7-P7
chb23,chb23_08,3,P7-O1,P7-O1
chb23,chb23_08,4,FP1-F3,FP1-F3
chb23,chb23_08,5,F3-C3,F3-C3
chb23,chb23_08,6,C3-P3,C3-P3
chb23,chb23_08,7,P3-O1,P3-O1
chb23,chb23_08,8,FP2-F4,FP2-F4
chb23,chb23_08,9,F4-C4,F4-C4
chb23,chb23_08,10,C4-P4,C4-P4
chb23,chb23_08,11,P4-O2,P4-O2
chb23,chb23_08,12,FP2-F8,FP2-F8
chb23,chb23_08,13,F8-T8,F8-T8
chb23,chb23_08,14,T8-P8-0,T8-P8-0
chb23,chb23_08,15,P8-O2,P8-O2
chb23,chb23_08,16,FZ-CZ,FZ-CZ
chb23,chb23_08,17,CZ-PZ,CZ-PZ
chb23,chb23_08,18,P7-T7,P7-T7
chb23,chb23_08,19,T7-FT9,T7-FT9
chb23,chb23_08,20,FT9-FT10,FT9-FT10
chb23,chb23_08,21,FT10-T8,FT10-T8
chb23,chb23_08,22,T8-P8-1,T8-P8-1
chb23,chb23_09,0,FP1-F7,FP1-F7
chb23,chb23_09,1,F7-T7,F7-T7
chb23,chb23_09,2,T7-P7,T7-P7
chb23,chb23_09,3,P7-O1,P7-O1
chb23,chb23_09,4,FP1-F3,FP1-F3
chb23,chb23_09,5,F3-C3,F3-C3
chb23,chb23_09,6,C3-P3,C3-P3
chb23,chb23_09,7,P3-O1,P3-O1
chb23,chb23_09,8,FP2-F4,FP2-F4
chb23,chb23_09,9,F4-C4,F4-C4
chb23,chb23_09,10,C4-P4,C4-P4
chb23,chb23_09,11,P4-O2,P4-O2
chb23,chb23_09,12,FP2-F8,FP2-F8
chb23,chb23_09,13,F8-T8,F8-T8
chb23,chb23_09,14,T8-P8-0,T8-P8-0
chb23,chb23_09,15,P8-O2,P8-O2
chb23,chb23_09,16,FZ-CZ,FZ-CZ
chb23,chb23_09,17,CZ-PZ,CZ-PZ
chb23,chb23_09,18,P7-T7,P7-T7
chb23,chb23_09,19,T7-FT9,T7-FT9
chb23,chb23_09,20,FT9-FT10,FT9-FT10
chb23,chb23_09,21,FT10-T8,FT10-T8
chb23,chb23_09,22,T8-P8-1,T8-P8-1
chb23,chb23_10,0,FP1-F7,FP1-F7
chb23,chb23_10,1,F7-T7,F7-T7
chb23,chb23_10,2,T7-P7,T7-P7
chb23,chb23_10,3,P7-O1,P7-O1
chb23,chb23_10,4,FP1-F3,FP1-F3
chb23,chb23_10,5,F3-C3,F3-C3
chb23,chb23_10,6,C3-P3,C3-P3
chb23,chb23_10,7,P3-O1,P3-O1
chb23,chb23_10,8,FP2-F4,FP2-F4
chb23,chb23_10,9,F4-C4,F4-C4
chb23,chb23_10,10,C4-P4,C4-P4
chb23,chb23_10,11,P4-O2,P4-O2
chb23,chb23_10,12,FP2-F8,FP2-F8
chb23,chb23_10,13,F8-T8,F8-T8
chb23,chb23_10,14,T8-P8-0,T8-P8-0
chb23,chb23_10,15,P8-O2,P8-O2
chb23,chb23_10,16,FZ-CZ,FZ-CZ
chb23,chb23_10,17,CZ-PZ,CZ-PZ
chb23,chb23_10,18,P7-T7,P7-T7
chb23,chb23_10,19,T7-FT9,T7-FT9
chb23,chb23_10,20,FT9-FT10,FT9-FT10
chb23,chb23_10,21,FT10-T8,FT10-T8
chb23,chb23_10,22,T8-P8-1,T8-P8-1
chb23,chb23_16,0,FP1-F7,FP1-F7
chb23,chb23_16,1,F7-T7,F7-T7
chb23,chb23_16,2,T7-P7,T7-P7
chb23,chb23_16,3,P7-O1,P7-O1
chb23,chb23_16,4,FP1-F3,FP1-F3
chb23,chb23_16,5,F3-C3,F3-C3
chb23,chb23_16,6,C3-P3,C3-P3
chb23,chb23_16,7,P3-O1,P3-O1
chb23,chb23_16,8,FP2-F4,FP2-F4
chb23,chb23_16,9,F4-C4,F4-C4
chb23,chb23_16,10,C4-P4,C4-P4
chb23,chb23_16,11,P4-O2,P4-O2
chb23,chb23_16,12,FP2-F8,FP2-F8
chb23,chb23_16,13,F8-T8,F8-T8
chb23,chb23_16,14,T8-P8-0,T8-P8-0
chb23,chb23_16,15,P8-O2,P8-O2
chb23,chb23_16,16,FZ-CZ,FZ-CZ
chb23,chb23_16,17,CZ-PZ,CZ-PZ
chb23,chb23_16,18,P7-T7,P7-T7
chb23,chb23_16,19,T7-FT9,T7-FT9
chb23,chb23_16,20,FT9-FT10,FT9-FT10
chb23,chb23_16,21,FT10-T8,FT10-T8
chb23,chb23_16,22,T8-P8-1,T8-P8-1
chb23,chb23_17,0,FP1-F7,FP1-F7
chb23,chb23_17,1,F7-T7,F7-T7
chb23,chb23_17,2,T7-P7,T7-P7
chb23,chb23_17,3,P7-O1,P7-O1
chb23,chb23_17,4,FP1-F3,FP1-F3
chb23,chb23_17,5,F3-C3,F3-C3
chb23,chb23_17,6,C3-P3,C3-P3
chb23,chb23_17,7,P3-O1,P3-O1
chb23,chb23_17,8,FP2-F4,FP2-F4
chb23,chb23_17,9,F4-C4,F4-C4
chb23,chb23_17,10,C4-P4,C4-P4
chb23,chb23_17,11,P4-O2,P4-O2
chb23,chb23_17,12,FP2-F8,FP2-F8
chb23,chb23_17,13,F8-T8,F8-T8
chb23,chb23_17,14,T8-P8-0,T8-P8-0
chb23,chb23_17,15,P8-O2,P8-O2
chb23,chb23_17,16,FZ-CZ,FZ-CZ
chb23,chb23_17,17,CZ-PZ,CZ-PZ
chb23,chb23_17,18,P7-T7,P7-T7
chb23,chb23_17,19,T7-FT9,T7-FT9
chb23,chb23_17,20,FT9-FT10,FT9-FT10
chb23,chb23_17,21,FT10-T8,FT10-T8
chb23,chb23_17,22,T8-P8-1,T8-P8-1
chb23,chb23_19,0,FP1-F7,FP1-F7
chb23,chb23_19,1,F7-T7,F7-T7
chb23,chb23_19,2,T7-P7,T7-P7
chb23,chb23_19,3,P7-O1,P7-O1
chb23,chb23_19,4,FP1-F3,FP1-F3
chb23,chb23_19,5,F3-C3,F3-C3
chb23,chb23_19,6,C3-P3,C3-P3
chb23,chb23_19,7,P3-O1,P3-O1
chb23,chb23_19,8,FP2-F4,FP2-F4
chb23,chb23_19,9,F4-C4,F4-C4
chb23,chb23_19,10,C4-P4,C4-P4
chb23,chb23_19,11,P4-O2,P4-O2
chb23,chb23_19,12,FP2-F8,FP2-F8
chb23,chb23_19,13,F8-T8,F8-T8
chb23,chb23_19,14,T8-P8-0,T8-P8-0
chb23,chb23_19,15,P8-O2,P8-O2
chb23,chb23_19,16,FZ-CZ,FZ-CZ
chb23,chb23_19,17,CZ-PZ,CZ-PZ
chb23,chb23_19,18,P7-T7,P7-T7
chb23,chb23_19,19,T7-FT9,T7-FT9
chb23,chb23_19,20,FT9-FT10,FT9-FT10
chb23,chb23_19,21,FT10-T8,FT10-T8
chb23,chb23_19,22,T8-P8-1,T8-P8-1
chb23,chb23_20,0,FP1-F7,FP1-F7
chb23,chb23_20,1,F7-T7,F7-T7
chb23,chb23_20,2,T7-P7,T7-P7
chb23,chb23_20,3,P7-O1,P7-O1
chb23,chb23_20,4,FP1-F3,FP1-F3
chb23,chb23_20,5,F3-C3,F3-C3
chb23,chb23_20,6,C3-P3,C3-P3
chb23,chb23_20,7,P3-O1,P3-O1
chb23,chb23_20,8,FP2-F4,FP2-F4
chb23,chb23_20,9,F4-C4,F4-C4
chb23,chb23_20,10,C4-P4,C4-P4
chb23,chb23_20,11,P4-O2,P4-O2
chb23,chb23_20,12,FP2-F8,FP2-F8
chb23,chb23_20,13,F8-T8,F8-T8
chb23,chb23_20,14,T8-P8-0,T8-P8-0
chb23,chb23_20,15,P8-O2,P8-O2
chb23,chb23_20,16,FZ-CZ,FZ-CZ
chb23,chb23_20,17,CZ-PZ,CZ-PZ
chb23,chb23_20,18,P7-T7,P7-T7
chb23,chb23_20,19,T7-FT9,T7-FT9
chb23,chb23_20,20,FT9-FT10,FT9-FT10
chb23,chb23_20,21,FT10-T8,FT10-T8
chb23,chb23_20,22,T8-P8-1,T8-P8-1
chb24,chb24_01,0,FP1-F7,FP1-F7
chb24,chb24_01,1,F7-T7,F7-T7
chb24,chb24_01,2,T7-P7,T7-P7
chb24,chb24_01,3,P7-O1,P7-O1
chb24,chb24_01,4,FP1-F3,FP1-F3
chb24,chb24_01,5,F3-C3,F3-C3
chb24,chb24_01,6,C3-P3,C3-P3
chb24,chb24_01,7,P3-O1,P3-O1
chb24,chb24_01,8,FP2-F4,FP2-F4
chb24,chb24_01,9,F4-C4,F4-C4
chb24,chb24_01,10,C4-P4,C4-P4
chb24,chb24_01,11,P4-O2,P4-O2
chb24,chb24_01,12,FP2-F8,FP2-F8
chb24,chb24_01,13,F8-T8,F8-T8
chb24,chb24_01,14,T8-P8-0,T8-P8-0
chb24,chb24_01,15,P8-O2,P8-O2
chb24,chb24_01,16,FZ-CZ,FZ-CZ
chb24,chb24_01,17,CZ-PZ,CZ-PZ
chb24,chb24_01,18,P7-T7,P7-T7
chb24,chb24_01,19,T7-FT9,T7-FT9
chb24,chb24_01,20,FT9-FT10,FT9-FT10
chb24,chb24_01,21,FT10-T8,FT10-T8
chb24,chb24_01,22,T8-P8-1,T8-P8-1
chb24,chb24_02,0,FP1-F7,FP1-F7
chb24,chb24_02,1,F7-T7,F7-T7
chb24,chb24_02,2,T7-P7,T7-P7
chb24,chb24_02,3,P7-O1,P7-O1
chb24,chb24_02,4,FP1-F3,FP1-F3
chb24,chb24_02,5,F3-C3,F3-C3
chb24,chb24_02,6,C3-P3,C3-P3
chb24,chb24_02,7,P3-O1,P3-O1
chb24,chb24_02,8,FP2-F4,FP2-F4
chb24,chb24_02,9,F4-C4,F4-C4
chb24,chb24_02,10,C4-P4,C4-P4
chb24,chb24_02,11,P4-O2,P4-O2
chb24,chb24_02,12,FP2-F8,FP2-F8
chb24,chb24_02,13,F8-T8,F8-T8
chb24,chb24_02,14,T8-P8-0,T8-P8-0
chb24,chb24_02,15,P8-O2,P8-O2
chb24,chb24_02,16,FZ-CZ,FZ-CZ
chb24,chb24_02,17,CZ-PZ,CZ-PZ
chb24,chb24_02,18,P7-T7,P7-T7
chb24,chb24_02,19,T7-FT9,T7-FT9
chb24,chb24_02,20,FT9-FT10,FT9-FT10
chb24,chb24_02,21,FT10-T8,FT10-T8
chb24,chb24_02,22,T8-P8-1,T8-P8-1
chb24,chb24_03,0,FP1-F7,FP1-F7
chb24,chb24_03,1,F7-T7,F7-T7
chb24,chb24_03,2,T7-P7,T7-P7
chb24,chb24_03,3,P7-O1,P7-O1
chb24,chb24_03,4,FP1-F3,FP1-F3
chb24,chb24_03,5,F3-C3,F3-C3
chb24,chb24_03,6,C3-P3,C3-P3
chb24,chb24_03,7,P3-O1,P3-O1
chb24,chb24_03,8,FP2-F4,FP2-F4
chb24,chb24_03,9,F4-C4,F4-C4
chb24,chb24_03,10,C4-P4,C4-P4
chb24,chb24_03,11,P4-O2,P4-O2
chb24,chb24_03,12,FP2-F8,FP2-F8
chb24,chb24_03,13,F8-T8,F8-T8
chb24,chb24_03,14,T8-P8-0,T8-P8-0
chb24,chb24_03,15,P8-O2,P8-O2
chb24,chb24_03,16,FZ-CZ,FZ-CZ
chb24,chb24_03,17,CZ-PZ,CZ-PZ
chb24,chb24_03,18,P7-T7,P7-T7
chb24,chb24_03,19,T7-FT9,T7-FT9
chb24,chb24_03,20,FT9-FT10,FT9-FT10
chb24,chb24_03,21,FT10-T8,FT10-T8
chb24,chb24_03,22,T8-P8-1,T8-P8-1
chb24,chb24_04,0,FP1-F7,FP1-F7
chb24,chb24_04,1,F7-T7,F7-T7
chb24,chb24_04,2,T7-P7,T7-P7
chb24,chb24_04,3,P7-O1,P7-O1
chb24,chb24_04,4,FP1-F3,FP1-F3
chb24,chb24_04,5,F3-C3,F3-C3
chb24,chb24_04,6,C3-P3,C3-P3
chb24,chb24_04,7,P3-O1,P3-O1
chb24,chb24_04,8,FP2-F4,FP2-F4
chb24,chb24_04,9,F4-C4,F4-C4
chb24,chb24_04,10,C4-P4,C4-P4
chb24,chb24_04,11,P4-O2,P4-O2
chb24,chb24_04,12,FP2-F8,FP2-F8
chb24,chb24_04,13,F8-T8,F8-T8
chb24,chb24_04,14,T8-P8-0,T8-P8-0
chb24,chb24_04,15,P8-O2,P8-O2
chb24,chb24_04,16,FZ-CZ,FZ-CZ
chb24,chb24_04,17,CZ-PZ,CZ-PZ
chb24,chb24_04,18,P7-T7,P7-T7
chb24,chb24_04,19,T7-FT9,T7-FT9
chb24,chb24_04,20,FT9-FT10,FT9-FT10
chb24,chb24_04,21,FT10-T8,FT10-T8
chb24,chb24_04,22,T8-P8-1,T8-P8-1
chb24,chb24_05,0,FP1-F7,FP1-F7
chb24,chb24_05,1,F7-T7,F7-T7
chb24,chb24_05,2,T7-P7,T7-P7
chb24,chb24_05,3,P7-O1,P7-O1
chb24,chb24_05,4,FP1-F3,FP1-F3
chb24,chb24_05,5,F3-C3,F3-C3
chb24,chb24_05,6,C3-P3,C3-P3
chb24,chb24_05,7,P3-O1,P3-O1
chb24,chb24_05,8,FP2-F4,FP2-F4
chb24,chb24_05,9,F4-C4,F4-C4
chb24,chb24_05,10,C4-P4,C4-P4
chb24,chb24_05,11,P4-O2,P4-O2
chb24,chb24_05,12,FP2-F8,FP2-F8
chb24,chb24_05,13,F8-T8,F8-T8
chb24,chb24_05,14,T8-P8-0,T8-P8-0
chb24,chb24_05,15,P8-O2,P8-O2
chb24,chb24_05,16,FZ-CZ,FZ-CZ
chb24,chb24_05,17,CZ-PZ,CZ-PZ
chb24,chb24_05,18,P7-T7,P7-T7
chb24,chb24_05,19,T7-FT9,T7-FT9
chb24,chb24_05,20,FT9-FT10,FT9-FT10
chb24,chb24_05,21,FT10-T8,FT10-T8
chb24,chb24_05,22,T8-P8-1,T8-P8-1
chb24,chb24_06,0,FP1-F7,FP1-F7
chb24,chb24_06,1,F7-T7,F7-T7
chb24,chb24_06,2,T7-P7,T7-P7
chb24,chb24_06,3,P7-O1,P7-O1
chb24,chb24_06,4,FP1-F3,FP1-F3
chb24,chb24_06,5,F3-C3,F3-C3
chb24,chb24_06,6,C3-P3,C3-P3
chb24,chb24_06,7,P3-O1,P3-O1
chb24,chb24_06,8,FP2-F4,FP2-F4
chb24,chb24_06,9,F4-C4,F4-C4
chb24,chb24_06,10,C4-P4,C4-P4
chb24,chb24_06,11,P4-O2,P4-O2
chb24,chb24_06,12,FP2-F8,FP2-F8
chb24,chb24_06,13,F8-T8,F8-T8
chb24,chb24_06,14,T8-P8-0,T8-P8-0
chb24,chb24_06,15,P8-O2,P8-O2
chb24,chb24_06,16,FZ-CZ,FZ-CZ
chb24,chb24_06,17,CZ-PZ,CZ-PZ
chb24,chb24_06,18,P7-T7,P7-T7
chb24,chb24_06,19,T7-FT9,T7-FT9
chb24,chb24_06,20,FT9-FT10,FT9-FT10
chb24,chb24_06,21,FT10-T8,FT10-T8
chb24,chb24_06,22,T8-P8-1,T8-P8-1
chb24,chb24_07,0,FP1-F7,FP1-F7
chb24,chb24_07,1,F7-T7,F7-T7
chb24,chb24_07,2,T7-P7,T7-P7
chb24,chb24_07,3,P7-O1,P7-O1
chb24,chb24_07,4,FP1-F3,FP1-F3
chb24,chb24_07,5,F3-C3,F3-C3
chb24,chb24_07,6,C3-P3,C3-P3
chb24,chb24_07,7,P3-O1,P3-O1
chb24,chb24_07,8,FP2-F4,FP2-F4
chb24,chb24_07,9,F4-C4,F4-C4
chb24,chb24_07,10,C4-P4,C4-P4
chb24,chb24_07,11,P4-O2,P4-O2
chb24,chb24_07,12,FP2-F8,FP2-F8
chb24,chb24_07,13,F8-T8,F8-T8
chb24,chb24_07,14,T8-P8-0,T8-P8-0
chb24,chb24_07,15,P8-O2,P8-O2
chb24,chb24_07,16,FZ-CZ,FZ-CZ
chb24,chb24_07,17,CZ-PZ,CZ-PZ
chb24,chb24_07,18,P7-T7,P7-T7
chb24,chb24_07,19,T7-FT9,T7-FT9
chb24,chb24_07,20,FT9-FT10,FT9-FT10
chb24,chb24_07,21,FT10-T8,FT10-T8
chb24,chb24_07,22,T8-P8-1,T8-P8-1
chb24,chb24_08,0,FP1-F7,FP1-F7
chb24,chb24_08,1,F7-T7,F7-T7
chb24,chb24_08,2,T7-P7,T7-P7
chb24,chb24_08,3,P7-O1,P7-O1
chb24,chb24_08,4,FP1-F3,FP1-F3
chb24,chb24_08,5,F3-C3,F3-C3
chb24,chb24_08,6,C3-P3,C3-P3
chb24,chb24_08,7,P3-O1,P3-O1
chb24,chb24_08,8,FP2-F4,FP2-F4
chb24,chb24_08,9,F4-C4,F4-C4
chb24,chb24_08,10,C4-P4,C4-P4
chb24,chb24_08,11,P4-O2,P4-O2
chb24,chb24_08,12,FP2-F8,FP2-F8
chb24,chb24_08,13,F8-T8,F8-T8
chb24,chb24_08,14,T8-P8-0,T8-P8-0
chb24,chb24_08,15,P8-O2,P8-O2
chb24,chb24_08,16,FZ-CZ,FZ-CZ
chb24,chb24_08,17,CZ-PZ,CZ-PZ
chb24,chb24_08,18,P7-T7,P7-T7
chb24,chb24_08,19,T7-FT9,T7-FT9
chb24,chb24_08,20,FT9-FT10,FT9-FT10
chb24,chb24_08,21,FT10-T8,FT10-T8
chb24,chb24_08,22,T8-P8-1,T8-P8-1
chb24,chb24_09,0,FP1-F7,FP1-F7
chb24,chb24_09,1,F7-T7,F7-T7
chb24,chb24_09,2,T7-P7,T7-P7
chb24,chb24_09,3,P7-O1,P7-O1
chb24,chb24_09,4,FP1-F3,FP1-F3
chb24,chb24_09,5,F3-C3,F3-C3
chb24,chb24_09,6,C3-P3,C3-P3
chb24,chb24_09,7,P3-O1,P3-O1
chb24,chb24_09,8,FP2-F4,FP2-F4
chb24,chb24_09,9,F4-C4,F4-C4
chb24,chb24_09,10,C4-P4,C4-P4
chb24,chb24_09,11,P4-O2,P4-O2
chb24,chb24_09,12,FP2-F8,FP2-F8
chb24,chb24_09,13,F8-T8,F8-T8
chb24,chb24_09,14,T8-P8-0,T8-P8-0
chb24,chb24_09,15,P8-O2,P8-O2
chb24,chb24_09,16,FZ-CZ,FZ-CZ
chb24,chb24_09,17,CZ-PZ,CZ-PZ
chb24,chb24_09,18,P7-T7,P7-T7
chb24,chb24_09,19,T7-FT9,T7-FT9
chb24,chb24_09,20,FT9-FT10,FT9-FT10
chb24,chb24_09,21,FT10-T8,FT10-T8
chb24,chb24_09,22,T8-P8-1,T8-P8-1
chb24,chb24_10,0,FP1-F7,FP1-F7
chb24,chb24_10,1,F7-T7,F7-T7
chb24,chb24_10,2,T7-P7,T7-P7
chb24,chb24_10,3,P7-O1,P7-O1
chb24,chb24_10,4,FP1-F3,FP1-F3
chb24,chb24_10,5,F3-C3,F3-C3
chb24,chb24_10,6,C3-P3,C3-P3
chb24,chb24_10,7,P3-O1,P3-O1
chb24,chb24_10,8,FP2-F4,FP2-F4
chb24,chb24_10,9,F4-C4,F4-C4
chb24,chb24_10,10,C4-P4,C4-P4
chb24,chb24_10,11,P4-O2,P4-O2
chb24,chb24_10,12,FP2-F8,FP2-F8
chb24,chb24_10,13,F8-T8,F8-T8
chb24,chb24_10,14,T8-P8-0,T8-P8-0
chb24,chb24_10,15,P8-O2,P8-O2
chb24,chb24_10,16,FZ-CZ,FZ-CZ
chb24,chb24_10,17,CZ-PZ,CZ-PZ
chb24,chb24_10,18,P7-T7,P7-T7
chb24,chb24_10,19,T7-FT9,T7-FT9
chb24,chb24_10,20,FT9-FT10,FT9-FT10
chb24,chb24_10,21,FT10-T8,FT10-T8
chb24,chb24_10,22,T8-P8-1,T8-P8-1
chb24,chb24_11,0,FP1-F7,FP1-F7
chb24,chb24_11,1,F7-T7,F7-T7
chb24,chb24_11,2,T7-P7,T7-P7
chb24,chb24_11,3,P7-O1,P7-O1
chb24,chb24_11,4,FP1-F3,FP1-F3
chb24,chb24_11,5,F3-C3,F3-C3
chb24,chb24_11,6,C3-P3,C3-P3
chb24,chb24_11,7,P3-O1,P3-O1
chb24,chb24_11,8,FP2-F4,FP2-F4
chb24,chb24_11,9,F4-C4,F4-C4
chb24,chb24_11,10,C4-P4,C4-P4
chb24,chb24_11,11,P4-O2,P4-O2
chb24,chb24_11,12,FP2-F8,FP2-F8
chb24,chb24_11,13,F8-T8,F8-T8
chb24,chb24_11,14,T8-P8-0,T8-P8-0
chb24,chb24_11,15,P8-O2,P8-O2
chb24,chb24_11,16,FZ-CZ,FZ-CZ
chb24,chb24_11,17,CZ-PZ,CZ-PZ
chb24,chb24_11,18,P7-T7,P7-T7
chb24,chb24_11,19,T7-FT9,T7-FT9
chb24,chb24_11,20,FT9-FT10,FT9-FT10
chb24,chb24_11,21,FT10-T8,FT10-T8
chb24,chb24_11,22,T8-P8-1,T8-P8-1
chb24,chb24_12,0,FP1-F7,FP1-F7
chb24,chb24_12,1,F7-T7,F7-T7
chb24,chb24_12,2,T7-P7,T7-P7
chb24,chb24_12,3,P7-O1,P7-O1
chb24,chb24_12,4,FP1-F3,FP1-F3
chb24,chb24_12,5,F3-C3,F3-C3
chb24,chb24_12,6,C3-P3,C3-P3
chb24,chb24_12,7,P3-O1,P3-O1
chb24,chb24_12,8,FP2-F4,FP2-F4
chb24,chb24_12,9,F4-C4,F4-C4
chb24,chb24_12,10,C4-P4,C4-P4
chb24,chb24_12,11,P4-O2,P4-O2
chb24,chb24_12,12,FP2-F8,FP2-F8
chb24,chb24_12,13,F8-T8,F8-T8
chb24,chb24_12,14,T8-P8-0,T8-P8-0
chb24,chb24_12,15,P8-O2,P8-O2
chb24,chb24_12,16,FZ-CZ,FZ-CZ
chb24,chb24_12,17,CZ-PZ,CZ-PZ
chb24,chb24_12,18,P7-T7,P7-T7
chb24,chb24_12,19,T7-FT9,T7-FT9
chb24,chb24_12,20,FT9-FT10,FT9-FT10
chb24,chb24_12,21,FT10-T8,FT10-T8
chb24,chb24_12,22,T8-P8-1,T8-P8-1
chb24,chb24_13,0,FP1-F7,FP1-F7
chb24,chb24_13,1,F7-T7,F7-T7
chb24,chb24_13,2,T7-P7,T7-P7
chb24,chb24_13,3,P7-O1,P7-O1
chb24,chb24_13,4,FP1-F3,FP1-F3
chb24,chb24_13,5,F3-C3,F3-C3
chb24,chb24_13,6,C3-P3,C3-P3
chb24,chb24_13,7,P3-O1,P3-O1
chb24,chb24_13,8,FP2-F4,FP2-F4
chb24,chb24_13,9,F4-C4,F4-C4
chb24,chb24_13,10,C4-P4,C4-P4
chb24,chb24_13,11,P4-O2,P4-O2
chb24,chb24_13,12,FP2-F8,FP2-F8
chb24,chb24_13,13,F8-T8,F8-T8
chb24,chb24_13,14,T8-P8-0,T8-P8-0
chb24,chb24_13,15,P8-O2,P8-O2
chb24,chb24_13,16,FZ-CZ,FZ-CZ
chb24,chb24_13,17,CZ-PZ,CZ-PZ
chb24,chb24_13,18,P7-T7,P7-T7
chb24,chb24_13,19,T7-FT9,T7-FT9
chb24,chb24_13,20,FT9-FT10,FT9-FT10
chb24,chb24_13,21,FT10-T8,FT10-T8
chb24,chb24_13,22,T8-P8-1,T8-P8-1
chb24,chb24_14,0,FP1-F7,FP1-F7
chb24,chb24_14,1,F7-T7,F7-T7
chb24,chb24_14,2,T7-P7,T7-P7
chb24,chb24_14,3,P7-O1,P7-O1
chb24,chb24_14,4,FP1-F3,FP1-F3
chb24,chb24_14,5,F3-C3,F3-C3
chb24,chb24_14,6,C3-P3,C3-P3
chb24,chb24_14,7,P3-O1,P3-O1
chb24,chb24_14,8,FP2-F4,FP2-F4
chb24,chb24_14,9,F4-C4,F4-C4
chb24,chb24_14,10,C4-P4,C4-P4
chb24,chb24_14,11,P4-O2,P4-O2
chb24,chb24_14,12,FP2-F8,FP2-F8
chb24,chb24_14,13,F8-T8,F8-T8
chb24,chb24_14,14,T8-P8-0,T8-P8-0
chb24,chb24_14,15,P8-O2,P8-O2
chb24,chb24_14,16,FZ-CZ,FZ-CZ
chb24,chb24_14,17,CZ-PZ,CZ-PZ
chb24,chb24_14,18,P7-T7,P7-T7
chb24,chb24_14,19,T7-FT9,T7-FT9
chb24,chb24_14,20,FT9-FT10,FT9-FT10
chb24,chb24_14,21,FT10-T8,FT10-T8
chb24,chb24_14,22,T8-P8-1,T8-P8-1
chb24,chb24_15,0,FP1-F7,FP1-F7
chb24,chb24_15,1,F7-T7,F7-T7
chb24,chb24_15,2,T7-P7,T7-P7
chb24,chb24_15,3,P7-O1,P7-O1
chb24,chb24_15,4,FP1-F3,FP1-F3
chb24,chb24_15,5,F3-C3,F3-C3
chb24,chb24_15,6,C3-P3,C3-P3
chb24,chb24_15,7,P3-O1,P3-O1
chb24,chb24_15,8,FP2-F4,FP2-F4
chb24,chb24_15,9,F4-C4,F4-C4
chb24,chb24_15,10,C4-P4,C4-P4
chb24,chb24_15,11,P4-O2,P4-O2
chb24,chb24_15,12,FP2-F8,FP2-F8
chb24,chb24_15,13,F8-T8,F8-T8
chb24,chb24_15,14,T8-P8-0,T8-P8-0
chb24,chb24_15,15,P8-O2,P8-O2
chb24,chb24_15,16,FZ-CZ,FZ-CZ
chb24,chb24_15,17,CZ-PZ,CZ-PZ
chb24,chb24_15,18,P7-T7,P7-T7
chb24,chb24_15,19,T7-FT9,T7-FT9
chb24,chb24_15,20,FT9-FT10,FT9-FT10
chb24,chb24_15,21,FT10-T8,FT10-T8
chb24,chb24_15,22,T8-P8-1,T8-P8-1
chb24,chb24_16,0,FP1-F7,FP1-F7
chb24,chb24_16,1,F7-T7,F7-T7
chb24,chb24_16,2,T7-P7,T7-P7
chb24,chb24_16,3,P7-O1,P7-O1
chb24,chb24_16,4,FP1-F3,FP1-F3
chb24,chb24_16,5,F3-C3,F3-C3
chb24,chb24_16,6,C3-P3,C3-P3
chb24,chb24_16,7,P3-O1,P3-O1
chb24,chb24_16,8,FP2-F4,FP2-F4
chb24,chb24_16,9,F4-C4,F4-C4
chb24,chb24_16,10,C4-P4,C4-P4
chb24,chb24_16,11,P4-O2,P4-O2
chb24,chb24_16,12,FP2-F8,FP2-F8
chb24,chb24_16,13,F8-T8,F8-T8
chb24,chb24_16,14,T8-P8-0,T8-P8-0
chb24,chb24_16,15,P8-O2,P8-O2
chb24,chb24_16,16,FZ-CZ,FZ-CZ
chb24,chb24_16,17,CZ-PZ,CZ-PZ
chb24,chb24_16,18,P7-T7,P7-T7
chb24,chb24_16,19,T7-FT9,T7-FT9
chb24,chb24_16,20,FT9-FT10,FT9-FT10
chb24,chb24_16,21,FT10-T8,FT10-T8
chb24,chb24_16,22,T8-P8-1,T8-P8-1
chb24,chb24_17,0,FP1-F7,FP1-F7
chb24,chb24_17,1,F7-T7,F7-T7
chb24,chb24_17,2,T7-P7,T7-P7
chb24,chb24_17,3,P7-O1,P7-O1
chb24,chb24_17,4,FP1-F3,FP1-F3
chb24,chb24_17,5,F3-C3,F3-C3
chb24,chb24_17,6,C3-P3,C3-P3
chb24,chb24_17,7,P3-O1,P3-O1
chb24,chb24_17,8,FP2-F4,FP2-F4
chb24,chb24_17,9,F4-C4,F4-C4
chb24,chb24_17,10,C4-P4,C4-P4
chb24,chb24_17,11,P4-O2,P4-O2
chb24,chb24_17,12,FP2-F8,FP2-F8
chb24,chb24_17,13,F8-T8,F8-T8
chb24,chb24_17,14,T8-P8-0,T8-P8-0
chb24,chb24_17,15,P8-O2,P8-O2
chb24,chb24_17,16,FZ-CZ,FZ-CZ
chb24,chb24_17,17,CZ-PZ,CZ-PZ
chb24,chb24_17,18,P7-T7,P7-T7
chb24,chb24_17,19,T7-FT9,T7-FT9
chb24,chb24_17,20,FT9-FT10,FT9-FT10
chb24,chb24_17,21,FT10-T8,FT10-T8
chb24,chb24_17,22,T8-P8-1,T8-P8-1
chb24,chb24_18,0,FP1-F7,FP1-F7
chb24,chb24_18,1,F7-T7,F7-T7
chb24,chb24_18,2,T7-P7,T7-P7
chb24,chb24_18,3,P7-O1,P7-O1
chb24,chb24_18,4,FP1-F3,FP1-F3
chb24,chb24_18,5,F3-C3,F3-C3
chb24,chb24_18,6,C3-P3,C3-P3
chb24,chb24_18,7,P3-O1,P3-O1
chb24,chb24_18,8,FP2-F4,FP2-F4
chb24,chb24_18,9,F4-C4,F4-C4
chb24,chb24_18,10,C4-P4,C4-P4
chb24,chb24_18,11,P4-O2,P4-O2
chb24,chb24_18,12,FP2-F8,FP2-F8
chb24,chb24_18,13,F8-T8,F8-T8
chb24,chb24_18,14,T8-P8-0,T8-P8-0
chb24,chb24_18,15,P8-O2,P8-O2
chb24,chb24_18,16,FZ-CZ,FZ-CZ
chb24,chb24_18,17,CZ-PZ,CZ-PZ
chb24,chb24_18,18,P7-T7,P7-T7
chb24,chb24_18,19,T7-FT9,T7-FT9
chb24,chb24_18,20,FT9-FT10,FT9-FT10
chb24,chb24_18,21,FT10-T8,FT10-T8
chb24,chb24_18,22,T8-P8-1,T8-P8-1
chb24,chb24_19,0,FP1-F7,FP1-F7
chb24,chb24_19,1,F7-T7,F7-T7
chb24,chb24_19,2,T7-P7,T7-P7
chb24,chb24_19,3,P7-O1,P7-O1
chb24,chb24_19,4,FP1-F3,FP1-F3
chb24,chb24_19,5,F3-C3,F3-C3
chb24,chb24_19,6,C3-P3,C3-P3
chb24,chb24_19,7,P3-O1,P3-O1
chb24,chb24_19,8,FP2-F4,FP2-F4
chb24,chb24_19,9,F4-C4,F4-C4
chb24,chb24_19,10,C4-P4,C4-P4
chb24,chb24_19,11,P4-O2,P4-O2
chb24,chb24_19,12,FP2-F8,FP2-F8
chb24,chb24_19,13,F8-T8,F8-T8
chb24,chb24_19,14,T8-P8-0,T8-P8-0
chb24,chb24_19,15,P8-O2,P8-O2
chb24,chb24_19,16,FZ-CZ,FZ-CZ
chb24,chb24_19,17,CZ-PZ,CZ-PZ
chb24,chb24_19,18,P7-T7,P7-T7
chb24,chb24_19,19,T7-FT9,T7-FT9
chb24,chb24_19,20,FT9-FT10,FT9-FT10
chb24,chb24_19,21,FT10-T8,FT10-T8
chb24,chb24_19,22,T8-P8-1,T8-P8-1
chb24,chb24_20,0,FP1-F7,FP1-F7
chb24,chb24_20,1,F7-T7,F7-T7
chb24,chb24_20,2,T7-P7,T7-P7
chb24,chb24_20,3,P7-O1,P7-O1
chb24,chb24_20,4,FP1-F3,FP1-F3
chb24,chb24_20,5,F3-C3,F3-C3
chb24,chb24_20,6,C3-P3,C3-P3
chb24,chb24_20,7,P3-O1,P3-O1
chb24,chb24_20,8,FP2-F4,FP2-F4
chb24,chb24_20,9,F4-C4,F4-C4
chb24,chb24_20,10,C4-P4,C4-P4
chb24,chb24_20,11,P4-O2,P4-O2
chb24,chb24_20,12,FP2-F8,FP2-F8
chb24,chb24_20,13,F8-T8,F8-T8
chb24,chb24_20,14,T8-P8-0,T8-P8-0
chb24,chb24_20,15,P8-O2,P8-O2
chb24,chb24_20,16,FZ-CZ,FZ-CZ
chb24,chb24_20,17,CZ-PZ,CZ-PZ
chb24,chb24_20,18,P7-T7,P7-T7
chb24,chb24_20,19,T7-FT9,T7-FT9
chb24,chb24_20,20,FT9-FT10,FT9-FT10
chb24,chb24_20,21,FT10-T8,FT10-T8
chb24,chb24_20,22,T8-P8-1,T8-P8-1
chb24,chb24_21,0,FP1-F7,FP1-F7
chb24,chb24_21,1,F7-T7,F7-T7
chb24,chb24_21,2,T7-P7,T7-P7
chb24,chb24_21,3,P7-O1,P7-O1
chb24,chb24_21,4,FP1-F3,FP1-F3
chb24,chb24_21,5,F3-C3,F3-C3
chb24,chb24_21,6,C3-P3,C3-P3
chb24,chb24_21,7,P3-O1,P3-O1
chb24,chb24_21,8,FP2-F4,FP2-F4
chb24,chb24_21,9,F4-C4,F4-C4
chb24,chb24_21,10,C4-P4,C4-P4
chb24,chb24_21,11,P4-O2,P4-O2
chb24,chb24_21,12,FP2-F8,FP2-F8
chb24,chb24_21,13,F8-T8,F8-T8
chb24,chb24_21,14,T8-P8-0,T8-P8-0
chb24,chb24_21,15,P8-O2,P8-O2
chb24,chb24_21,16,FZ-CZ,FZ-CZ
chb24,chb24_21,17,CZ-PZ,CZ-PZ
chb24,chb24_21,18,P7-T7,P7-T7
chb24,chb24_21,19,T7-FT9,T7-FT9
chb24,chb24_21,20,FT9-FT10,FT9-FT10
chb24,chb24_21,21,FT10-T8,FT10-T8
chb24,chb24_21,22,T8-P8-1,T8-P8-1
chb24,chb24_22,0,FP1-F7,FP1-F7
chb24,chb24_22,1,F7-T7,F7-T7
chb24,chb24_22,2,T7-P7,T7-P7
chb24,chb24_22,3,P7-O1,P7-O1
chb24,chb24_22,4,FP1-F3,FP1-F3
chb24,chb24_22,5,F3-C3,F3-C3
chb24,chb24_22,6,C3-P3,C3-P3
chb24,chb24_22,7,P3-O1,P3-O1
chb24,chb24_22,8,FP2-F4,FP2-F4
chb24,chb24_22,9,F4-C4,F4-C4
chb24,chb24_22,10,C4-P4,C4-P4
chb24,chb24_22,11,P4-O2,P4-O2
chb24,chb24_22,12,FP2-F8,FP2-F8
chb24,chb24_22,13,F8-T8,F8-T8
chb24,chb24_22,14,T8-P8-0,T8-P8-0
chb24,chb24_22,15,P8-O2,P8-O2
chb24,chb24_22,16,FZ-CZ,FZ-CZ
chb24,chb24_22,17,CZ-PZ,CZ-PZ
chb24,chb24_22,18,P7-T7,P7-T7
chb24,chb24_22,19,T7-FT9,T7-FT9
chb24,chb24_22,20,FT9-FT10,FT9-FT10
chb24,chb24_22,21,FT10-T8,FT10-T8
chb24,chb24_22,22,T8-P8-1,T8-P8-1
